"station_id","stationname","date","daytype","rides"
"41710","Damen-Lake","2026-07-31T00:00:00.000","W","938"
"40010","Austin-Forest Park","2026-07-31T00:00:00.000","W","750"
"40020","Harlem-Lake","2026-07-31T00:00:00.000","W","2797"
"40030","Pulaski-Lake","2026-07-31T00:00:00.000","W","1001"
"40040","Quincy/Wells","2026-07-31T00:00:00.000","W","4224"
"40050","Davis","2026-07-31T00:00:00.000","W","2399"
"40060","Belmont-O'Hare","2026-07-31T00:00:00.000","W","3884"
"40070","Jackson/Dearborn","2026-07-31T00:00:00.000","W","8173"
"40080","Sheridan","2026-07-31T00:00:00.000","W","4004"
"40090","Damen-Brown","2026-07-31T00:00:00.000","W","1726"
"40100","Morse","2026-07-31T00:00:00.000","W","3041"
"40120","35th/Archer","2026-07-31T00:00:00.000","W","1795"
"40130","51st","2026-07-31T00:00:00.000","W","748"
"40140","Dempster-Skokie","2026-07-31T00:00:00.000","W","1571"
"40150","Pulaski-Cermak","2026-07-31T00:00:00.000","W","700"
"40160","LaSalle/Van Buren","2026-07-31T00:00:00.000","W","3166"
"40170","Ashland-Lake","2026-07-31T00:00:00.000","W","1967"
"40180","Oak Park-Forest Park","2026-07-31T00:00:00.000","W","678"
"40190","Sox-35th-Dan Ryan","2026-07-31T00:00:00.000","W","2954"
"40210","Damen-Cermak","2026-07-31T00:00:00.000","W","1282"
"40220","Western-Forest Park","2026-07-31T00:00:00.000","W","683"
"40230","Cumberland","2026-07-31T00:00:00.000","W","3222"
"40240","79th","2026-07-31T00:00:00.000","W","4167"
"40250","Kedzie-Homan-Forest Park","2026-07-31T00:00:00.000","W","894"
"40260","State/Lake","2026-07-31T00:00:00.000","W","0"
"40270","Main","2026-07-31T00:00:00.000","W","772"
"40280","Central-Lake","2026-07-31T00:00:00.000","W","1323"
"40290","Ashland/63rd","2026-07-31T00:00:00.000","W","739"
"40300","Indiana","2026-07-31T00:00:00.000","W","641"
"40310","Western-Orange","2026-07-31T00:00:00.000","W","2614"
"40320","Division/Milwaukee","2026-07-31T00:00:00.000","W","5028"
"40330","Grand/State","2026-07-31T00:00:00.000","W","13208"
"40340","Berwyn","2026-07-31T00:00:00.000","W","2264"
"40350","UIC-Halsted","2026-07-31T00:00:00.000","W","2309"
"40360","Southport","2026-07-31T00:00:00.000","W","2989"
"40370","Washington/Dearborn","2026-07-31T00:00:00.000","W","8976"
"40380","Clark/Lake","2026-07-31T00:00:00.000","W","12085"
"40390","Forest Park","2026-07-31T00:00:00.000","W","1495"
"40400","Noyes","2026-07-31T00:00:00.000","W","651"
"40420","Cicero-Cermak","2026-07-31T00:00:00.000","W","817"
"40430","Clinton-Forest Park","2026-07-31T00:00:00.000","W","2256"
"40440","California-Cermak","2026-07-31T00:00:00.000","W","1007"
"40450","95th/Dan Ryan","2026-07-31T00:00:00.000","W","6119"
"40460","Merchandise Mart","2026-07-31T00:00:00.000","W","4390"
"40470","Racine","2026-07-31T00:00:00.000","W","773"
"40480","Cicero-Lake","2026-07-31T00:00:00.000","W","816"
"40490","Grand/Milwaukee","2026-07-31T00:00:00.000","W","3085"
"40510","Garfield-South Elevated","2026-07-31T00:00:00.000","W","920"
"40520","Foster","2026-07-31T00:00:00.000","W","582"
"40530","Diversey","2026-07-31T00:00:00.000","W","3578"
"40540","Wilson","2026-07-31T00:00:00.000","W","4942"
"40550","Irving Park-O'Hare","2026-07-31T00:00:00.000","W","3095"
"40560","Jackson/State","2026-07-31T00:00:00.000","W","8842"
"40570","California/Milwaukee","2026-07-31T00:00:00.000","W","4014"
"40580","54th/Cermak","2026-07-31T00:00:00.000","W","1793"
"40590","Damen/Milwaukee","2026-07-31T00:00:00.000","W","5862"
"40600","Kostner","2026-07-31T00:00:00.000","W","274"
"40610","Ridgeland","2026-07-31T00:00:00.000","W","1019"
"40630","Clark/Division","2026-07-31T00:00:00.000","W","7686"
"40650","North/Clybourn","2026-07-31T00:00:00.000","W","4485"
"40660","Armitage","2026-07-31T00:00:00.000","W","3508"
"40670","Western/Milwaukee","2026-07-31T00:00:00.000","W","4348"
"40680","Adams/Wabash","2026-07-31T00:00:00.000","W","6743"
"40690","Dempster","2026-07-31T00:00:00.000","W","723"
"40700","Laramie","2026-07-31T00:00:00.000","W","682"
"40710","Chicago/Franklin","2026-07-31T00:00:00.000","W","4623"
"40720","East 63rd-Cottage Grove","2026-07-31T00:00:00.000","W","835"
"40730","Washington/Wells","2026-07-31T00:00:00.000","W","4315"
"40740","Western-Cermak","2026-07-31T00:00:00.000","W","944"
"40750","Harlem-O'Hare","2026-07-31T00:00:00.000","W","1780"
"40760","Granville","2026-07-31T00:00:00.000","W","2469"
"40770","Lawrence","2026-07-31T00:00:00.000","W","3527"
"40780","Central Park","2026-07-31T00:00:00.000","W","795"
"40790","Monroe/Dearborn","2026-07-31T00:00:00.000","W","3736"
"40800","Sedgwick","2026-07-31T00:00:00.000","W","3100"
"40810","Medical Center","2026-07-31T00:00:00.000","W","1634"
"40820","Rosemont","2026-07-31T00:00:00.000","W","5716"
"40830","18th","2026-07-31T00:00:00.000","W","1476"
"40840","South Boulevard","2026-07-31T00:00:00.000","W","499"
"40850","Library","2026-07-31T00:00:00.000","W","5319"
"40870","Francisco","2026-07-31T00:00:00.000","W","1043"
"40880","Thorndale","2026-07-31T00:00:00.000","W","1913"
"40890","O'Hare Airport","2026-07-31T00:00:00.000","W","12792"
"40900","Howard","2026-07-31T00:00:00.000","W","3825"
"40910","63rd-Dan Ryan","2026-07-31T00:00:00.000","W","1709"
"40920","Pulaski-Forest Park","2026-07-31T00:00:00.000","W","584"
"40930","Midway Airport","2026-07-31T00:00:00.000","W","6732"
"40940","Halsted/63rd","2026-07-31T00:00:00.000","W","366"
"40960","Pulaski-Orange","2026-07-31T00:00:00.000","W","3144"
"40970","Cicero-Forest Park","2026-07-31T00:00:00.000","W","557"
"40980","Harlem-Forest Park","2026-07-31T00:00:00.000","W","443"
"40990","69th","2026-07-31T00:00:00.000","W","3116"
"41000","Cermak-Chinatown","2026-07-31T00:00:00.000","W","8416"
"41010","Rockwell","2026-07-31T00:00:00.000","W","1083"
"41020","Logan Square","2026-07-31T00:00:00.000","W","5580"
"41030","Polk","2026-07-31T00:00:00.000","W","2187"
"41040","Kedzie-Cermak","2026-07-31T00:00:00.000","W","837"
"41050","Linden","2026-07-31T00:00:00.000","W","1157"
"41060","Ashland-Orange","2026-07-31T00:00:00.000","W","1251"
"41070","Kedzie-Lake","2026-07-31T00:00:00.000","W","793"
"41080","47th-South Elevated","2026-07-31T00:00:00.000","W","902"
"41090","Monroe/State","2026-07-31T00:00:00.000","W","5971"
"41120","35-Bronzeville-IIT","2026-07-31T00:00:00.000","W","953"
"41130","Halsted-Orange","2026-07-31T00:00:00.000","W","1653"
"41140","King Drive","2026-07-31T00:00:00.000","W","400"
"41150","Kedzie-Midway","2026-07-31T00:00:00.000","W","2326"
"41160","Clinton-Lake","2026-07-31T00:00:00.000","W","2996"
"41170","Garfield-Dan Ryan","2026-07-31T00:00:00.000","W","2609"
"41180","Kedzie-Brown","2026-07-31T00:00:00.000","W","1532"
"41190","Jarvis","2026-07-31T00:00:00.000","W","1396"
"41200","Argyle","2026-07-31T00:00:00.000","W","2521"
"41210","Wellington","2026-07-31T00:00:00.000","W","1990"
"41220","Fullerton","2026-07-31T00:00:00.000","W","7952"
"41230","47th-Dan Ryan","2026-07-31T00:00:00.000","W","2350"
"41240","Addison-O'Hare","2026-07-31T00:00:00.000","W","2135"
"41250","Central-Evanston","2026-07-31T00:00:00.000","W","717"
"41260","Austin-Lake","2026-07-31T00:00:00.000","W","958"
"41270","43rd","2026-07-31T00:00:00.000","W","501"
"41280","Jefferson Park","2026-07-31T00:00:00.000","W","5012"
"41290","Kimball","2026-07-31T00:00:00.000","W","2501"
"41300","Loyola","2026-07-31T00:00:00.000","W","3557"
"41310","Paulina","2026-07-31T00:00:00.000","W","1767"
"41320","Belmont-North Main","2026-07-31T00:00:00.000","W","10133"
"41330","Montrose-O'Hare","2026-07-31T00:00:00.000","W","1715"
"41340","LaSalle","2026-07-31T00:00:00.000","W","3392"
"41350","Oak Park-Lake","2026-07-31T00:00:00.000","W","988"
"41360","California-Lake","2026-07-31T00:00:00.000","W","790"
"41380","Bryn Mawr","2026-07-31T00:00:00.000","W","3192"
"41400","Roosevelt","2026-07-31T00:00:00.000","W","13481"
"41410","Chicago/Milwaukee","2026-07-31T00:00:00.000","W","2589"
"41420","Addison-North Main","2026-07-31T00:00:00.000","W","12830"
"41430","87th","2026-07-31T00:00:00.000","W","2264"
"41440","Addison-Brown","2026-07-31T00:00:00.000","W","1457"
"41450","Chicago/State","2026-07-31T00:00:00.000","W","11257"
"41460","Irving Park-Brown","2026-07-31T00:00:00.000","W","2046"
"41480","Western-Brown","2026-07-31T00:00:00.000","W","2294"
"41490","Harrison","2026-07-31T00:00:00.000","W","7466"
"41500","Montrose-Brown","2026-07-31T00:00:00.000","W","1655"
"41510","Morgan-Lake","2026-07-31T00:00:00.000","W","5011"
"41660","Lake/State","2026-07-31T00:00:00.000","W","14198"
"41670","Conservatory","2026-07-31T00:00:00.000","W","613"
"41680","Oakton-Skokie","2026-07-31T00:00:00.000","W","490"
"41690","Cermak-McCormick Place","2026-07-31T00:00:00.000","W","2608"
"41700","Washington/Wabash","2026-07-31T00:00:00.000","W","12084"
"41710","Damen-Lake","2026-07-30T00:00:00.000","W","1188"
"40010","Austin-Forest Park","2026-07-30T00:00:00.000","W","867"
"40020","Harlem-Lake","2026-07-30T00:00:00.000","W","3323"
"40030","Pulaski-Lake","2026-07-30T00:00:00.000","W","1102"
"40040","Quincy/Wells","2026-07-30T00:00:00.000","W","5993"
"40050","Davis","2026-07-30T00:00:00.000","W","2595"
"40060","Belmont-O'Hare","2026-07-30T00:00:00.000","W","4322"
"40070","Jackson/Dearborn","2026-07-30T00:00:00.000","W","9065"
"40080","Sheridan","2026-07-30T00:00:00.000","W","3579"
"40090","Damen-Brown","2026-07-30T00:00:00.000","W","1886"
"40100","Morse","2026-07-30T00:00:00.000","W","3190"
"40120","35th/Archer","2026-07-30T00:00:00.000","W","2050"
"40130","51st","2026-07-30T00:00:00.000","W","722"
"40140","Dempster-Skokie","2026-07-30T00:00:00.000","W","1131"
"40150","Pulaski-Cermak","2026-07-30T00:00:00.000","W","781"
"40160","LaSalle/Van Buren","2026-07-30T00:00:00.000","W","3208"
"40170","Ashland-Lake","2026-07-30T00:00:00.000","W","2237"
"40180","Oak Park-Forest Park","2026-07-30T00:00:00.000","W","817"
"40190","Sox-35th-Dan Ryan","2026-07-30T00:00:00.000","W","9889"
"40210","Damen-Cermak","2026-07-30T00:00:00.000","W","1434"
"40220","Western-Forest Park","2026-07-30T00:00:00.000","W","745"
"40230","Cumberland","2026-07-30T00:00:00.000","W","3514"
"40240","79th","2026-07-30T00:00:00.000","W","4060"
"40250","Kedzie-Homan-Forest Park","2026-07-30T00:00:00.000","W","930"
"40260","State/Lake","2026-07-30T00:00:00.000","W","0"
"40270","Main","2026-07-30T00:00:00.000","W","863"
"40280","Central-Lake","2026-07-30T00:00:00.000","W","1360"
"40290","Ashland/63rd","2026-07-30T00:00:00.000","W","845"
"40300","Indiana","2026-07-30T00:00:00.000","W","691"
"40310","Western-Orange","2026-07-30T00:00:00.000","W","2765"
"40320","Division/Milwaukee","2026-07-30T00:00:00.000","W","5623"
"40330","Grand/State","2026-07-30T00:00:00.000","W","11233"
"40340","Berwyn","2026-07-30T00:00:00.000","W","2294"
"40350","UIC-Halsted","2026-07-30T00:00:00.000","W","2800"
"40360","Southport","2026-07-30T00:00:00.000","W","3047"
"40370","Washington/Dearborn","2026-07-30T00:00:00.000","W","10479"
"40380","Clark/Lake","2026-07-30T00:00:00.000","W","16488"
"40390","Forest Park","2026-07-30T00:00:00.000","W","1433"
"40400","Noyes","2026-07-30T00:00:00.000","W","676"
"40420","Cicero-Cermak","2026-07-30T00:00:00.000","W","799"
"40430","Clinton-Forest Park","2026-07-30T00:00:00.000","W","2787"
"40440","California-Cermak","2026-07-30T00:00:00.000","W","1087"
"40450","95th/Dan Ryan","2026-07-30T00:00:00.000","W","6826"
"40460","Merchandise Mart","2026-07-30T00:00:00.000","W","6786"
"40470","Racine","2026-07-30T00:00:00.000","W","820"
"40480","Cicero-Lake","2026-07-30T00:00:00.000","W","919"
"40490","Grand/Milwaukee","2026-07-30T00:00:00.000","W","3590"
"40510","Garfield-South Elevated","2026-07-30T00:00:00.000","W","1009"
"40520","Foster","2026-07-30T00:00:00.000","W","641"
"40530","Diversey","2026-07-30T00:00:00.000","W","4279"
"40540","Wilson","2026-07-30T00:00:00.000","W","5218"
"40550","Irving Park-O'Hare","2026-07-30T00:00:00.000","W","3391"
"40560","Jackson/State","2026-07-30T00:00:00.000","W","9295"
"40570","California/Milwaukee","2026-07-30T00:00:00.000","W","4632"
"40580","54th/Cermak","2026-07-30T00:00:00.000","W","2082"
"40590","Damen/Milwaukee","2026-07-30T00:00:00.000","W","6329"
"40600","Kostner","2026-07-30T00:00:00.000","W","320"
"40610","Ridgeland","2026-07-30T00:00:00.000","W","1400"
"40630","Clark/Division","2026-07-30T00:00:00.000","W","8024"
"40650","North/Clybourn","2026-07-30T00:00:00.000","W","4230"
"40660","Armitage","2026-07-30T00:00:00.000","W","3691"
"40670","Western/Milwaukee","2026-07-30T00:00:00.000","W","5008"
"40680","Adams/Wabash","2026-07-30T00:00:00.000","W","9506"
"40690","Dempster","2026-07-30T00:00:00.000","W","802"
"40700","Laramie","2026-07-30T00:00:00.000","W","687"
"40710","Chicago/Franklin","2026-07-30T00:00:00.000","W","5457"
"40720","East 63rd-Cottage Grove","2026-07-30T00:00:00.000","W","925"
"40730","Washington/Wells","2026-07-30T00:00:00.000","W","6468"
"40740","Western-Cermak","2026-07-30T00:00:00.000","W","995"
"40750","Harlem-O'Hare","2026-07-30T00:00:00.000","W","2098"
"40760","Granville","2026-07-30T00:00:00.000","W","2659"
"40770","Lawrence","2026-07-30T00:00:00.000","W","2582"
"40780","Central Park","2026-07-30T00:00:00.000","W","835"
"40790","Monroe/Dearborn","2026-07-30T00:00:00.000","W","5445"
"40800","Sedgwick","2026-07-30T00:00:00.000","W","3767"
"40810","Medical Center","2026-07-30T00:00:00.000","W","1704"
"40820","Rosemont","2026-07-30T00:00:00.000","W","5899"
"40830","18th","2026-07-30T00:00:00.000","W","1500"
"40840","South Boulevard","2026-07-30T00:00:00.000","W","735"
"40850","Library","2026-07-30T00:00:00.000","W","5562"
"40870","Francisco","2026-07-30T00:00:00.000","W","1167"
"40880","Thorndale","2026-07-30T00:00:00.000","W","2035"
"40890","O'Hare Airport","2026-07-30T00:00:00.000","W","15037"
"40900","Howard","2026-07-30T00:00:00.000","W","3765"
"40910","63rd-Dan Ryan","2026-07-30T00:00:00.000","W","1792"
"40920","Pulaski-Forest Park","2026-07-30T00:00:00.000","W","677"
"40930","Midway Airport","2026-07-30T00:00:00.000","W","8239"
"40940","Halsted/63rd","2026-07-30T00:00:00.000","W","416"
"40960","Pulaski-Orange","2026-07-30T00:00:00.000","W","3442"
"40970","Cicero-Forest Park","2026-07-30T00:00:00.000","W","614"
"40980","Harlem-Forest Park","2026-07-30T00:00:00.000","W","540"
"40990","69th","2026-07-30T00:00:00.000","W","3112"
"41000","Cermak-Chinatown","2026-07-30T00:00:00.000","W","7870"
"41010","Rockwell","2026-07-30T00:00:00.000","W","1341"
"41020","Logan Square","2026-07-30T00:00:00.000","W","6302"
"41030","Polk","2026-07-30T00:00:00.000","W","2505"
"41040","Kedzie-Cermak","2026-07-30T00:00:00.000","W","860"
"41050","Linden","2026-07-30T00:00:00.000","W","794"
"41060","Ashland-Orange","2026-07-30T00:00:00.000","W","1316"
"41070","Kedzie-Lake","2026-07-30T00:00:00.000","W","859"
"41080","47th-South Elevated","2026-07-30T00:00:00.000","W","897"
"41090","Monroe/State","2026-07-30T00:00:00.000","W","7688"
"41120","35-Bronzeville-IIT","2026-07-30T00:00:00.000","W","2047"
"41130","Halsted-Orange","2026-07-30T00:00:00.000","W","1804"
"41140","King Drive","2026-07-30T00:00:00.000","W","377"
"41150","Kedzie-Midway","2026-07-30T00:00:00.000","W","2453"
"41160","Clinton-Lake","2026-07-30T00:00:00.000","W","3705"
"41170","Garfield-Dan Ryan","2026-07-30T00:00:00.000","W","2627"
"41180","Kedzie-Brown","2026-07-30T00:00:00.000","W","1649"
"41190","Jarvis","2026-07-30T00:00:00.000","W","1342"
"41200","Argyle","2026-07-30T00:00:00.000","W","3131"
"41210","Wellington","2026-07-30T00:00:00.000","W","2591"
"41220","Fullerton","2026-07-30T00:00:00.000","W","8835"
"41230","47th-Dan Ryan","2026-07-30T00:00:00.000","W","2355"
"41240","Addison-O'Hare","2026-07-30T00:00:00.000","W","2349"
"41250","Central-Evanston","2026-07-30T00:00:00.000","W","674"
"41260","Austin-Lake","2026-07-30T00:00:00.000","W","1111"
"41270","43rd","2026-07-30T00:00:00.000","W","633"
"41280","Jefferson Park","2026-07-30T00:00:00.000","W","5544"
"41290","Kimball","2026-07-30T00:00:00.000","W","2624"
"41300","Loyola","2026-07-30T00:00:00.000","W","3627"
"41310","Paulina","2026-07-30T00:00:00.000","W","2305"
"41320","Belmont-North Main","2026-07-30T00:00:00.000","W","9829"
"41330","Montrose-O'Hare","2026-07-30T00:00:00.000","W","1985"
"41340","LaSalle","2026-07-30T00:00:00.000","W","3042"
"41350","Oak Park-Lake","2026-07-30T00:00:00.000","W","1111"
"41360","California-Lake","2026-07-30T00:00:00.000","W","933"
"41380","Bryn Mawr","2026-07-30T00:00:00.000","W","3393"
"41400","Roosevelt","2026-07-30T00:00:00.000","W","12164"
"41410","Chicago/Milwaukee","2026-07-30T00:00:00.000","W","2721"
"41420","Addison-North Main","2026-07-30T00:00:00.000","W","6545"
"41430","87th","2026-07-30T00:00:00.000","W","2233"
"41440","Addison-Brown","2026-07-30T00:00:00.000","W","1842"
"41450","Chicago/State","2026-07-30T00:00:00.000","W","10501"
"41460","Irving Park-Brown","2026-07-30T00:00:00.000","W","2301"
"41480","Western-Brown","2026-07-30T00:00:00.000","W","2379"
"41490","Harrison","2026-07-30T00:00:00.000","W","5594"
"41500","Montrose-Brown","2026-07-30T00:00:00.000","W","1981"
"41510","Morgan-Lake","2026-07-30T00:00:00.000","W","5633"
"41660","Lake/State","2026-07-30T00:00:00.000","W","15256"
"41670","Conservatory","2026-07-30T00:00:00.000","W","729"
"41680","Oakton-Skokie","2026-07-30T00:00:00.000","W","589"
"41690","Cermak-McCormick Place","2026-07-30T00:00:00.000","W","2566"
"41700","Washington/Wabash","2026-07-30T00:00:00.000","W","14698"
"41710","Damen-Lake","2026-07-29T00:00:00.000","W","1005"
"40010","Austin-Forest Park","2026-07-29T00:00:00.000","W","802"
"40020","Harlem-Lake","2026-07-29T00:00:00.000","W","2598"
"40030","Pulaski-Lake","2026-07-29T00:00:00.000","W","1003"
"40040","Quincy/Wells","2026-07-29T00:00:00.000","W","6499"
"40050","Davis","2026-07-29T00:00:00.000","W","2486"
"40060","Belmont-O'Hare","2026-07-29T00:00:00.000","W","3907"
"40070","Jackson/Dearborn","2026-07-29T00:00:00.000","W","5090"
"40080","Sheridan","2026-07-29T00:00:00.000","W","3066"
"40090","Damen-Brown","2026-07-29T00:00:00.000","W","1710"
"40100","Morse","2026-07-29T00:00:00.000","W","2994"
"40120","35th/Archer","2026-07-29T00:00:00.000","W","1941"
"40130","51st","2026-07-29T00:00:00.000","W","706"
"40140","Dempster-Skokie","2026-07-29T00:00:00.000","W","897"
"40150","Pulaski-Cermak","2026-07-29T00:00:00.000","W","728"
"40160","LaSalle/Van Buren","2026-07-29T00:00:00.000","W","2332"
"40170","Ashland-Lake","2026-07-29T00:00:00.000","W","2093"
"40180","Oak Park-Forest Park","2026-07-29T00:00:00.000","W","754"
"40190","Sox-35th-Dan Ryan","2026-07-29T00:00:00.000","W","9164"
"40210","Damen-Cermak","2026-07-29T00:00:00.000","W","1334"
"40220","Western-Forest Park","2026-07-29T00:00:00.000","W","640"
"40230","Cumberland","2026-07-29T00:00:00.000","W","2929"
"40240","79th","2026-07-29T00:00:00.000","W","4137"
"40250","Kedzie-Homan-Forest Park","2026-07-29T00:00:00.000","W","917"
"40260","State/Lake","2026-07-29T00:00:00.000","W","0"
"40270","Main","2026-07-29T00:00:00.000","W","724"
"40280","Central-Lake","2026-07-29T00:00:00.000","W","1270"
"40290","Ashland/63rd","2026-07-29T00:00:00.000","W","739"
"40300","Indiana","2026-07-29T00:00:00.000","W","640"
"40310","Western-Orange","2026-07-29T00:00:00.000","W","2630"
"40320","Division/Milwaukee","2026-07-29T00:00:00.000","W","4935"
"40330","Grand/State","2026-07-29T00:00:00.000","W","9932"
"40340","Berwyn","2026-07-29T00:00:00.000","W","2161"
"40350","UIC-Halsted","2026-07-29T00:00:00.000","W","2779"
"40360","Southport","2026-07-29T00:00:00.000","W","2682"
"40370","Washington/Dearborn","2026-07-29T00:00:00.000","W","10775"
"40380","Clark/Lake","2026-07-29T00:00:00.000","W","16502"
"40390","Forest Park","2026-07-29T00:00:00.000","W","1302"
"40400","Noyes","2026-07-29T00:00:00.000","W","629"
"40420","Cicero-Cermak","2026-07-29T00:00:00.000","W","795"
"40430","Clinton-Forest Park","2026-07-29T00:00:00.000","W","2724"
"40440","California-Cermak","2026-07-29T00:00:00.000","W","1066"
"40450","95th/Dan Ryan","2026-07-29T00:00:00.000","W","6616"
"40460","Merchandise Mart","2026-07-29T00:00:00.000","W","6968"
"40470","Racine","2026-07-29T00:00:00.000","W","827"
"40480","Cicero-Lake","2026-07-29T00:00:00.000","W","802"
"40490","Grand/Milwaukee","2026-07-29T00:00:00.000","W","3395"
"40510","Garfield-South Elevated","2026-07-29T00:00:00.000","W","1056"
"40520","Foster","2026-07-29T00:00:00.000","W","607"
"40530","Diversey","2026-07-29T00:00:00.000","W","4026"
"40540","Wilson","2026-07-29T00:00:00.000","W","5116"
"40550","Irving Park-O'Hare","2026-07-29T00:00:00.000","W","3219"
"40560","Jackson/State","2026-07-29T00:00:00.000","W","5191"
"40570","California/Milwaukee","2026-07-29T00:00:00.000","W","4176"
"40580","54th/Cermak","2026-07-29T00:00:00.000","W","1916"
"40590","Damen/Milwaukee","2026-07-29T00:00:00.000","W","5489"
"40600","Kostner","2026-07-29T00:00:00.000","W","301"
"40610","Ridgeland","2026-07-29T00:00:00.000","W","1030"
"40630","Clark/Division","2026-07-29T00:00:00.000","W","6431"
"40650","North/Clybourn","2026-07-29T00:00:00.000","W","4024"
"40660","Armitage","2026-07-29T00:00:00.000","W","3385"
"40670","Western/Milwaukee","2026-07-29T00:00:00.000","W","4338"
"40680","Adams/Wabash","2026-07-29T00:00:00.000","W","4852"
"40690","Dempster","2026-07-29T00:00:00.000","W","633"
"40700","Laramie","2026-07-29T00:00:00.000","W","712"
"40710","Chicago/Franklin","2026-07-29T00:00:00.000","W","5036"
"40720","East 63rd-Cottage Grove","2026-07-29T00:00:00.000","W","901"
"40730","Washington/Wells","2026-07-29T00:00:00.000","W","6899"
"40740","Western-Cermak","2026-07-29T00:00:00.000","W","942"
"40750","Harlem-O'Hare","2026-07-29T00:00:00.000","W","1763"
"40760","Granville","2026-07-29T00:00:00.000","W","2389"
"40770","Lawrence","2026-07-29T00:00:00.000","W","2458"
"40780","Central Park","2026-07-29T00:00:00.000","W","878"
"40790","Monroe/Dearborn","2026-07-29T00:00:00.000","W","4331"
"40800","Sedgwick","2026-07-29T00:00:00.000","W","3222"
"40810","Medical Center","2026-07-29T00:00:00.000","W","1660"
"40820","Rosemont","2026-07-29T00:00:00.000","W","4977"
"40830","18th","2026-07-29T00:00:00.000","W","1379"
"40840","South Boulevard","2026-07-29T00:00:00.000","W","533"
"40850","Library","2026-07-29T00:00:00.000","W","2853"
"40870","Francisco","2026-07-29T00:00:00.000","W","1077"
"40880","Thorndale","2026-07-29T00:00:00.000","W","1804"
"40890","O'Hare Airport","2026-07-29T00:00:00.000","W","15343"
"40900","Howard","2026-07-29T00:00:00.000","W","3707"
"40910","63rd-Dan Ryan","2026-07-29T00:00:00.000","W","1824"
"40920","Pulaski-Forest Park","2026-07-29T00:00:00.000","W","626"
"40930","Midway Airport","2026-07-29T00:00:00.000","W","7695"
"40940","Halsted/63rd","2026-07-29T00:00:00.000","W","417"
"40960","Pulaski-Orange","2026-07-29T00:00:00.000","W","3246"
"40970","Cicero-Forest Park","2026-07-29T00:00:00.000","W","603"
"40980","Harlem-Forest Park","2026-07-29T00:00:00.000","W","532"
"40990","69th","2026-07-29T00:00:00.000","W","3064"
"41000","Cermak-Chinatown","2026-07-29T00:00:00.000","W","7174"
"41010","Rockwell","2026-07-29T00:00:00.000","W","1246"
"41020","Logan Square","2026-07-29T00:00:00.000","W","5722"
"41030","Polk","2026-07-29T00:00:00.000","W","2532"
"41040","Kedzie-Cermak","2026-07-29T00:00:00.000","W","862"
"41050","Linden","2026-07-29T00:00:00.000","W","696"
"41060","Ashland-Orange","2026-07-29T00:00:00.000","W","1258"
"41070","Kedzie-Lake","2026-07-29T00:00:00.000","W","799"
"41080","47th-South Elevated","2026-07-29T00:00:00.000","W","893"
"41090","Monroe/State","2026-07-29T00:00:00.000","W","5716"
"41120","35-Bronzeville-IIT","2026-07-29T00:00:00.000","W","1721"
"41130","Halsted-Orange","2026-07-29T00:00:00.000","W","1621"
"41140","King Drive","2026-07-29T00:00:00.000","W","347"
"41150","Kedzie-Midway","2026-07-29T00:00:00.000","W","2362"
"41160","Clinton-Lake","2026-07-29T00:00:00.000","W","3479"
"41170","Garfield-Dan Ryan","2026-07-29T00:00:00.000","W","2740"
"41180","Kedzie-Brown","2026-07-29T00:00:00.000","W","1553"
"41190","Jarvis","2026-07-29T00:00:00.000","W","1282"
"41200","Argyle","2026-07-29T00:00:00.000","W","2454"
"41210","Wellington","2026-07-29T00:00:00.000","W","2466"
"41220","Fullerton","2026-07-29T00:00:00.000","W","7695"
"41230","47th-Dan Ryan","2026-07-29T00:00:00.000","W","2202"
"41240","Addison-O'Hare","2026-07-29T00:00:00.000","W","2076"
"41250","Central-Evanston","2026-07-29T00:00:00.000","W","594"
"41260","Austin-Lake","2026-07-29T00:00:00.000","W","1080"
"41270","43rd","2026-07-29T00:00:00.000","W","591"
"41280","Jefferson Park","2026-07-29T00:00:00.000","W","5214"
"41290","Kimball","2026-07-29T00:00:00.000","W","2517"
"41300","Loyola","2026-07-29T00:00:00.000","W","3147"
"41310","Paulina","2026-07-29T00:00:00.000","W","2041"
"41320","Belmont-North Main","2026-07-29T00:00:00.000","W","8750"
"41330","Montrose-O'Hare","2026-07-29T00:00:00.000","W","1837"
"41340","LaSalle","2026-07-29T00:00:00.000","W","1741"
"41350","Oak Park-Lake","2026-07-29T00:00:00.000","W","879"
"41360","California-Lake","2026-07-29T00:00:00.000","W","831"
"41380","Bryn Mawr","2026-07-29T00:00:00.000","W","3120"
"41400","Roosevelt","2026-07-29T00:00:00.000","W","9211"
"41410","Chicago/Milwaukee","2026-07-29T00:00:00.000","W","2469"
"41420","Addison-North Main","2026-07-29T00:00:00.000","W","5391"
"41430","87th","2026-07-29T00:00:00.000","W","2338"
"41440","Addison-Brown","2026-07-29T00:00:00.000","W","1444"
"41450","Chicago/State","2026-07-29T00:00:00.000","W","9821"
"41460","Irving Park-Brown","2026-07-29T00:00:00.000","W","2040"
"41480","Western-Brown","2026-07-29T00:00:00.000","W","2129"
"41490","Harrison","2026-07-29T00:00:00.000","W","2891"
"41500","Montrose-Brown","2026-07-29T00:00:00.000","W","1727"
"41510","Morgan-Lake","2026-07-29T00:00:00.000","W","5559"
"41660","Lake/State","2026-07-29T00:00:00.000","W","14063"
"41670","Conservatory","2026-07-29T00:00:00.000","W","724"
"41680","Oakton-Skokie","2026-07-29T00:00:00.000","W","545"
"41690","Cermak-McCormick Place","2026-07-29T00:00:00.000","W","2191"
"41700","Washington/Wabash","2026-07-29T00:00:00.000","W","13217"
"41710","Damen-Lake","2026-07-28T00:00:00.000","W","967"
"40010","Austin-Forest Park","2026-07-28T00:00:00.000","W","765"
"40020","Harlem-Lake","2026-07-28T00:00:00.000","W","2611"
"40030","Pulaski-Lake","2026-07-28T00:00:00.000","W","1043"
"40040","Quincy/Wells","2026-07-28T00:00:00.000","W","6592"
"40050","Davis","2026-07-28T00:00:00.000","W","2180"
"40060","Belmont-O'Hare","2026-07-28T00:00:00.000","W","3866"
"40070","Jackson/Dearborn","2026-07-28T00:00:00.000","W","4427"
"40080","Sheridan","2026-07-28T00:00:00.000","W","2871"
"40090","Damen-Brown","2026-07-28T00:00:00.000","W","1608"
"40100","Morse","2026-07-28T00:00:00.000","W","2855"
"40120","35th/Archer","2026-07-28T00:00:00.000","W","1868"
"40130","51st","2026-07-28T00:00:00.000","W","657"
"40140","Dempster-Skokie","2026-07-28T00:00:00.000","W","842"
"40150","Pulaski-Cermak","2026-07-28T00:00:00.000","W","724"
"40160","LaSalle/Van Buren","2026-07-28T00:00:00.000","W","2352"
"40170","Ashland-Lake","2026-07-28T00:00:00.000","W","2098"
"40180","Oak Park-Forest Park","2026-07-28T00:00:00.000","W","716"
"40190","Sox-35th-Dan Ryan","2026-07-28T00:00:00.000","W","9310"
"40210","Damen-Cermak","2026-07-28T00:00:00.000","W","1143"
"40220","Western-Forest Park","2026-07-28T00:00:00.000","W","692"
"40230","Cumberland","2026-07-28T00:00:00.000","W","2789"
"40240","79th","2026-07-28T00:00:00.000","W","3866"
"40250","Kedzie-Homan-Forest Park","2026-07-28T00:00:00.000","W","863"
"40260","State/Lake","2026-07-28T00:00:00.000","W","0"
"40270","Main","2026-07-28T00:00:00.000","W","681"
"40280","Central-Lake","2026-07-28T00:00:00.000","W","1314"
"40290","Ashland/63rd","2026-07-28T00:00:00.000","W","719"
"40300","Indiana","2026-07-28T00:00:00.000","W","671"
"40310","Western-Orange","2026-07-28T00:00:00.000","W","2546"
"40320","Division/Milwaukee","2026-07-28T00:00:00.000","W","4552"
"40330","Grand/State","2026-07-28T00:00:00.000","W","8625"
"40340","Berwyn","2026-07-28T00:00:00.000","W","2084"
"40350","UIC-Halsted","2026-07-28T00:00:00.000","W","2635"
"40360","Southport","2026-07-28T00:00:00.000","W","2619"
"40370","Washington/Dearborn","2026-07-28T00:00:00.000","W","10108"
"40380","Clark/Lake","2026-07-28T00:00:00.000","W","15686"
"40390","Forest Park","2026-07-28T00:00:00.000","W","1309"
"40400","Noyes","2026-07-28T00:00:00.000","W","624"
"40420","Cicero-Cermak","2026-07-28T00:00:00.000","W","748"
"40430","Clinton-Forest Park","2026-07-28T00:00:00.000","W","2583"
"40440","California-Cermak","2026-07-28T00:00:00.000","W","1038"
"40450","95th/Dan Ryan","2026-07-28T00:00:00.000","W","6490"
"40460","Merchandise Mart","2026-07-28T00:00:00.000","W","6703"
"40470","Racine","2026-07-28T00:00:00.000","W","723"
"40480","Cicero-Lake","2026-07-28T00:00:00.000","W","806"
"40490","Grand/Milwaukee","2026-07-28T00:00:00.000","W","3365"
"40510","Garfield-South Elevated","2026-07-28T00:00:00.000","W","934"
"40520","Foster","2026-07-28T00:00:00.000","W","574"
"40530","Diversey","2026-07-28T00:00:00.000","W","3845"
"40540","Wilson","2026-07-28T00:00:00.000","W","4779"
"40550","Irving Park-O'Hare","2026-07-28T00:00:00.000","W","2957"
"40560","Jackson/State","2026-07-28T00:00:00.000","W","4898"
"40570","California/Milwaukee","2026-07-28T00:00:00.000","W","3887"
"40580","54th/Cermak","2026-07-28T00:00:00.000","W","1919"
"40590","Damen/Milwaukee","2026-07-28T00:00:00.000","W","4992"
"40600","Kostner","2026-07-28T00:00:00.000","W","286"
"40610","Ridgeland","2026-07-28T00:00:00.000","W","918"
"40630","Clark/Division","2026-07-28T00:00:00.000","W","6038"
"40650","North/Clybourn","2026-07-28T00:00:00.000","W","3703"
"40660","Armitage","2026-07-28T00:00:00.000","W","3195"
"40670","Western/Milwaukee","2026-07-28T00:00:00.000","W","4208"
"40680","Adams/Wabash","2026-07-28T00:00:00.000","W","4227"
"40690","Dempster","2026-07-28T00:00:00.000","W","617"
"40700","Laramie","2026-07-28T00:00:00.000","W","704"
"40710","Chicago/Franklin","2026-07-28T00:00:00.000","W","4760"
"40720","East 63rd-Cottage Grove","2026-07-28T00:00:00.000","W","817"
"40730","Washington/Wells","2026-07-28T00:00:00.000","W","7178"
"40740","Western-Cermak","2026-07-28T00:00:00.000","W","875"
"40750","Harlem-O'Hare","2026-07-28T00:00:00.000","W","1715"
"40760","Granville","2026-07-28T00:00:00.000","W","2334"
"40770","Lawrence","2026-07-28T00:00:00.000","W","2119"
"40780","Central Park","2026-07-28T00:00:00.000","W","822"
"40790","Monroe/Dearborn","2026-07-28T00:00:00.000","W","4245"
"40800","Sedgwick","2026-07-28T00:00:00.000","W","3133"
"40810","Medical Center","2026-07-28T00:00:00.000","W","1591"
"40820","Rosemont","2026-07-28T00:00:00.000","W","4535"
"40830","18th","2026-07-28T00:00:00.000","W","1422"
"40840","South Boulevard","2026-07-28T00:00:00.000","W","467"
"40850","Library","2026-07-28T00:00:00.000","W","2670"
"40870","Francisco","2026-07-28T00:00:00.000","W","1008"
"40880","Thorndale","2026-07-28T00:00:00.000","W","1724"
"40890","O'Hare Airport","2026-07-28T00:00:00.000","W","11272"
"40900","Howard","2026-07-28T00:00:00.000","W","3417"
"40910","63rd-Dan Ryan","2026-07-28T00:00:00.000","W","1738"
"40920","Pulaski-Forest Park","2026-07-28T00:00:00.000","W","655"
"40930","Midway Airport","2026-07-28T00:00:00.000","W","5734"
"40940","Halsted/63rd","2026-07-28T00:00:00.000","W","392"
"40960","Pulaski-Orange","2026-07-28T00:00:00.000","W","3038"
"40970","Cicero-Forest Park","2026-07-28T00:00:00.000","W","584"
"40980","Harlem-Forest Park","2026-07-28T00:00:00.000","W","482"
"40990","69th","2026-07-28T00:00:00.000","W","2965"
"41000","Cermak-Chinatown","2026-07-28T00:00:00.000","W","6455"
"41010","Rockwell","2026-07-28T00:00:00.000","W","1252"
"41020","Logan Square","2026-07-28T00:00:00.000","W","5384"
"41030","Polk","2026-07-28T00:00:00.000","W","2501"
"41040","Kedzie-Cermak","2026-07-28T00:00:00.000","W","758"
"41050","Linden","2026-07-28T00:00:00.000","W","667"
"41060","Ashland-Orange","2026-07-28T00:00:00.000","W","1208"
"41070","Kedzie-Lake","2026-07-28T00:00:00.000","W","771"
"41080","47th-South Elevated","2026-07-28T00:00:00.000","W","783"
"41090","Monroe/State","2026-07-28T00:00:00.000","W","5230"
"41120","35-Bronzeville-IIT","2026-07-28T00:00:00.000","W","1985"
"41130","Halsted-Orange","2026-07-28T00:00:00.000","W","1600"
"41140","King Drive","2026-07-28T00:00:00.000","W","335"
"41150","Kedzie-Midway","2026-07-28T00:00:00.000","W","2278"
"41160","Clinton-Lake","2026-07-28T00:00:00.000","W","3442"
"41170","Garfield-Dan Ryan","2026-07-28T00:00:00.000","W","2571"
"41180","Kedzie-Brown","2026-07-28T00:00:00.000","W","1490"
"41190","Jarvis","2026-07-28T00:00:00.000","W","1210"
"41200","Argyle","2026-07-28T00:00:00.000","W","2200"
"41210","Wellington","2026-07-28T00:00:00.000","W","2354"
"41220","Fullerton","2026-07-28T00:00:00.000","W","7428"
"41230","47th-Dan Ryan","2026-07-28T00:00:00.000","W","2195"
"41240","Addison-O'Hare","2026-07-28T00:00:00.000","W","2032"
"41250","Central-Evanston","2026-07-28T00:00:00.000","W","632"
"41260","Austin-Lake","2026-07-28T00:00:00.000","W","1003"
"41270","43rd","2026-07-28T00:00:00.000","W","550"
"41280","Jefferson Park","2026-07-28T00:00:00.000","W","4827"
"41290","Kimball","2026-07-28T00:00:00.000","W","2388"
"41300","Loyola","2026-07-28T00:00:00.000","W","3000"
"41310","Paulina","2026-07-28T00:00:00.000","W","2078"
"41320","Belmont-North Main","2026-07-28T00:00:00.000","W","8226"
"41330","Montrose-O'Hare","2026-07-28T00:00:00.000","W","1765"
"41340","LaSalle","2026-07-28T00:00:00.000","W","1671"
"41350","Oak Park-Lake","2026-07-28T00:00:00.000","W","865"
"41360","California-Lake","2026-07-28T00:00:00.000","W","738"
"41380","Bryn Mawr","2026-07-28T00:00:00.000","W","2948"
"41400","Roosevelt","2026-07-28T00:00:00.000","W","8357"
"41410","Chicago/Milwaukee","2026-07-28T00:00:00.000","W","2283"
"41420","Addison-North Main","2026-07-28T00:00:00.000","W","5147"
"41430","87th","2026-07-28T00:00:00.000","W","2111"
"41440","Addison-Brown","2026-07-28T00:00:00.000","W","1471"
"41450","Chicago/State","2026-07-28T00:00:00.000","W","9199"
"41460","Irving Park-Brown","2026-07-28T00:00:00.000","W","2009"
"41480","Western-Brown","2026-07-28T00:00:00.000","W","2022"
"41490","Harrison","2026-07-28T00:00:00.000","W","2538"
"41500","Montrose-Brown","2026-07-28T00:00:00.000","W","1771"
"41510","Morgan-Lake","2026-07-28T00:00:00.000","W","5008"
"41660","Lake/State","2026-07-28T00:00:00.000","W","13506"
"41670","Conservatory","2026-07-28T00:00:00.000","W","570"
"41680","Oakton-Skokie","2026-07-28T00:00:00.000","W","499"
"41690","Cermak-McCormick Place","2026-07-28T00:00:00.000","W","1820"
"41700","Washington/Wabash","2026-07-28T00:00:00.000","W","12152"
"41710","Damen-Lake","2026-07-27T00:00:00.000","W","748"
"40010","Austin-Forest Park","2026-07-27T00:00:00.000","W","519"
"40020","Harlem-Lake","2026-07-27T00:00:00.000","W","1934"
"40030","Pulaski-Lake","2026-07-27T00:00:00.000","W","800"
"40040","Quincy/Wells","2026-07-27T00:00:00.000","W","4908"
"40050","Davis","2026-07-27T00:00:00.000","W","1142"
"40060","Belmont-O'Hare","2026-07-27T00:00:00.000","W","3043"
"40070","Jackson/Dearborn","2026-07-27T00:00:00.000","W","3682"
"40080","Sheridan","2026-07-27T00:00:00.000","W","2095"
"40090","Damen-Brown","2026-07-27T00:00:00.000","W","1202"
"40100","Morse","2026-07-27T00:00:00.000","W","2306"
"40120","35th/Archer","2026-07-27T00:00:00.000","W","1441"
"40130","51st","2026-07-27T00:00:00.000","W","547"
"40140","Dempster-Skokie","2026-07-27T00:00:00.000","W","603"
"40150","Pulaski-Cermak","2026-07-27T00:00:00.000","W","622"
"40160","LaSalle/Van Buren","2026-07-27T00:00:00.000","W","1897"
"40170","Ashland-Lake","2026-07-27T00:00:00.000","W","1434"
"40180","Oak Park-Forest Park","2026-07-27T00:00:00.000","W","459"
"40190","Sox-35th-Dan Ryan","2026-07-27T00:00:00.000","W","5688"
"40210","Damen-Cermak","2026-07-27T00:00:00.000","W","1009"
"40220","Western-Forest Park","2026-07-27T00:00:00.000","W","487"
"40230","Cumberland","2026-07-27T00:00:00.000","W","2088"
"40240","79th","2026-07-27T00:00:00.000","W","3236"
"40250","Kedzie-Homan-Forest Park","2026-07-27T00:00:00.000","W","733"
"40260","State/Lake","2026-07-27T00:00:00.000","W","0"
"40270","Main","2026-07-27T00:00:00.000","W","428"
"40280","Central-Lake","2026-07-27T00:00:00.000","W","1117"
"40290","Ashland/63rd","2026-07-27T00:00:00.000","W","592"
"40300","Indiana","2026-07-27T00:00:00.000","W","522"
"40310","Western-Orange","2026-07-27T00:00:00.000","W","1984"
"40320","Division/Milwaukee","2026-07-27T00:00:00.000","W","3367"
"40330","Grand/State","2026-07-27T00:00:00.000","W","6687"
"40340","Berwyn","2026-07-27T00:00:00.000","W","1580"
"40350","UIC-Halsted","2026-07-27T00:00:00.000","W","1987"
"40360","Southport","2026-07-27T00:00:00.000","W","1861"
"40370","Washington/Dearborn","2026-07-27T00:00:00.000","W","7689"
"40380","Clark/Lake","2026-07-27T00:00:00.000","W","10985"
"40390","Forest Park","2026-07-27T00:00:00.000","W","1003"
"40400","Noyes","2026-07-27T00:00:00.000","W","251"
"40420","Cicero-Cermak","2026-07-27T00:00:00.000","W","632"
"40430","Clinton-Forest Park","2026-07-27T00:00:00.000","W","2066"
"40440","California-Cermak","2026-07-27T00:00:00.000","W","823"
"40450","95th/Dan Ryan","2026-07-27T00:00:00.000","W","5290"
"40460","Merchandise Mart","2026-07-27T00:00:00.000","W","4620"
"40470","Racine","2026-07-27T00:00:00.000","W","511"
"40480","Cicero-Lake","2026-07-27T00:00:00.000","W","657"
"40490","Grand/Milwaukee","2026-07-27T00:00:00.000","W","2458"
"40510","Garfield-South Elevated","2026-07-27T00:00:00.000","W","747"
"40520","Foster","2026-07-27T00:00:00.000","W","242"
"40530","Diversey","2026-07-27T00:00:00.000","W","2778"
"40540","Wilson","2026-07-27T00:00:00.000","W","3702"
"40550","Irving Park-O'Hare","2026-07-27T00:00:00.000","W","2437"
"40560","Jackson/State","2026-07-27T00:00:00.000","W","3346"
"40570","California/Milwaukee","2026-07-27T00:00:00.000","W","2792"
"40580","54th/Cermak","2026-07-27T00:00:00.000","W","1418"
"40590","Damen/Milwaukee","2026-07-27T00:00:00.000","W","3371"
"40600","Kostner","2026-07-27T00:00:00.000","W","231"
"40610","Ridgeland","2026-07-27T00:00:00.000","W","684"
"40630","Clark/Division","2026-07-27T00:00:00.000","W","4371"
"40650","North/Clybourn","2026-07-27T00:00:00.000","W","2900"
"40660","Armitage","2026-07-27T00:00:00.000","W","2265"
"40670","Western/Milwaukee","2026-07-27T00:00:00.000","W","2936"
"40680","Adams/Wabash","2026-07-27T00:00:00.000","W","3478"
"40690","Dempster","2026-07-27T00:00:00.000","W","324"
"40700","Laramie","2026-07-27T00:00:00.000","W","548"
"40710","Chicago/Franklin","2026-07-27T00:00:00.000","W","3461"
"40720","East 63rd-Cottage Grove","2026-07-27T00:00:00.000","W","717"
"40730","Washington/Wells","2026-07-27T00:00:00.000","W","5482"
"40740","Western-Cermak","2026-07-27T00:00:00.000","W","754"
"40750","Harlem-O'Hare","2026-07-27T00:00:00.000","W","1328"
"40760","Granville","2026-07-27T00:00:00.000","W","1826"
"40770","Lawrence","2026-07-27T00:00:00.000","W","1776"
"40780","Central Park","2026-07-27T00:00:00.000","W","680"
"40790","Monroe/Dearborn","2026-07-27T00:00:00.000","W","3398"
"40800","Sedgwick","2026-07-27T00:00:00.000","W","2103"
"40810","Medical Center","2026-07-27T00:00:00.000","W","1390"
"40820","Rosemont","2026-07-27T00:00:00.000","W","3587"
"40830","18th","2026-07-27T00:00:00.000","W","1004"
"40840","South Boulevard","2026-07-27T00:00:00.000","W","314"
"40850","Library","2026-07-27T00:00:00.000","W","2173"
"40870","Francisco","2026-07-27T00:00:00.000","W","774"
"40880","Thorndale","2026-07-27T00:00:00.000","W","1403"
"40890","O'Hare Airport","2026-07-27T00:00:00.000","W","8643"
"40900","Howard","2026-07-27T00:00:00.000","W","3531"
"40910","63rd-Dan Ryan","2026-07-27T00:00:00.000","W","1598"
"40920","Pulaski-Forest Park","2026-07-27T00:00:00.000","W","528"
"40930","Midway Airport","2026-07-27T00:00:00.000","W","4302"
"40940","Halsted/63rd","2026-07-27T00:00:00.000","W","315"
"40960","Pulaski-Orange","2026-07-27T00:00:00.000","W","2462"
"40970","Cicero-Forest Park","2026-07-27T00:00:00.000","W","447"
"40980","Harlem-Forest Park","2026-07-27T00:00:00.000","W","347"
"40990","69th","2026-07-27T00:00:00.000","W","2506"
"41000","Cermak-Chinatown","2026-07-27T00:00:00.000","W","4291"
"41010","Rockwell","2026-07-27T00:00:00.000","W","880"
"41020","Logan Square","2026-07-27T00:00:00.000","W","3952"
"41030","Polk","2026-07-27T00:00:00.000","W","2082"
"41040","Kedzie-Cermak","2026-07-27T00:00:00.000","W","641"
"41050","Linden","2026-07-27T00:00:00.000","W","295"
"41060","Ashland-Orange","2026-07-27T00:00:00.000","W","982"
"41070","Kedzie-Lake","2026-07-27T00:00:00.000","W","609"
"41080","47th-South Elevated","2026-07-27T00:00:00.000","W","611"
"41090","Monroe/State","2026-07-27T00:00:00.000","W","3962"
"41120","35-Bronzeville-IIT","2026-07-27T00:00:00.000","W","984"
"41130","Halsted-Orange","2026-07-27T00:00:00.000","W","1282"
"41140","King Drive","2026-07-27T00:00:00.000","W","282"
"41150","Kedzie-Midway","2026-07-27T00:00:00.000","W","1833"
"41160","Clinton-Lake","2026-07-27T00:00:00.000","W","2574"
"41170","Garfield-Dan Ryan","2026-07-27T00:00:00.000","W","2080"
"41180","Kedzie-Brown","2026-07-27T00:00:00.000","W","1178"
"41190","Jarvis","2026-07-27T00:00:00.000","W","942"
"41200","Argyle","2026-07-27T00:00:00.000","W","1685"
"41210","Wellington","2026-07-27T00:00:00.000","W","1682"
"41220","Fullerton","2026-07-27T00:00:00.000","W","5287"
"41230","47th-Dan Ryan","2026-07-27T00:00:00.000","W","1754"
"41240","Addison-O'Hare","2026-07-27T00:00:00.000","W","1473"
"41250","Central-Evanston","2026-07-27T00:00:00.000","W","236"
"41260","Austin-Lake","2026-07-27T00:00:00.000","W","822"
"41270","43rd","2026-07-27T00:00:00.000","W","382"
"41280","Jefferson Park","2026-07-27T00:00:00.000","W","4064"
"41290","Kimball","2026-07-27T00:00:00.000","W","1956"
"41300","Loyola","2026-07-27T00:00:00.000","W","2436"
"41310","Paulina","2026-07-27T00:00:00.000","W","1401"
"41320","Belmont-North Main","2026-07-27T00:00:00.000","W","5892"
"41330","Montrose-O'Hare","2026-07-27T00:00:00.000","W","1335"
"41340","LaSalle","2026-07-27T00:00:00.000","W","1309"
"41350","Oak Park-Lake","2026-07-27T00:00:00.000","W","683"
"41360","California-Lake","2026-07-27T00:00:00.000","W","663"
"41380","Bryn Mawr","2026-07-27T00:00:00.000","W","2342"
"41400","Roosevelt","2026-07-27T00:00:00.000","W","6543"
"41410","Chicago/Milwaukee","2026-07-27T00:00:00.000","W","1656"
"41420","Addison-North Main","2026-07-27T00:00:00.000","W","3584"
"41430","87th","2026-07-27T00:00:00.000","W","1603"
"41440","Addison-Brown","2026-07-27T00:00:00.000","W","1011"
"41450","Chicago/State","2026-07-27T00:00:00.000","W","7079"
"41460","Irving Park-Brown","2026-07-27T00:00:00.000","W","1408"
"41480","Western-Brown","2026-07-27T00:00:00.000","W","1581"
"41490","Harrison","2026-07-27T00:00:00.000","W","1978"
"41500","Montrose-Brown","2026-07-27T00:00:00.000","W","1191"
"41510","Morgan-Lake","2026-07-27T00:00:00.000","W","3391"
"41660","Lake/State","2026-07-27T00:00:00.000","W","10058"
"41670","Conservatory","2026-07-27T00:00:00.000","W","464"
"41680","Oakton-Skokie","2026-07-27T00:00:00.000","W","349"
"41690","Cermak-McCormick Place","2026-07-27T00:00:00.000","W","1606"
"41700","Washington/Wabash","2026-07-27T00:00:00.000","W","8577"
"41710","Damen-Lake","2026-07-26T00:00:00.000","U","851"
"40010","Austin-Forest Park","2026-07-26T00:00:00.000","U","338"
"40020","Harlem-Lake","2026-07-26T00:00:00.000","U","1351"
"40030","Pulaski-Lake","2026-07-26T00:00:00.000","U","626"
"40040","Quincy/Wells","2026-07-26T00:00:00.000","U","1597"
"40050","Davis","2026-07-26T00:00:00.000","U","1293"
"40060","Belmont-O'Hare","2026-07-26T00:00:00.000","U","2334"
"40070","Jackson/Dearborn","2026-07-26T00:00:00.000","U","3258"
"40080","Sheridan","2026-07-26T00:00:00.000","U","2303"
"40090","Damen-Brown","2026-07-26T00:00:00.000","U","833"
"40100","Morse","2026-07-26T00:00:00.000","U","2229"
"40120","35th/Archer","2026-07-26T00:00:00.000","U","912"
"40130","51st","2026-07-26T00:00:00.000","U","455"
"40140","Dempster-Skokie","2026-07-26T00:00:00.000","U","1572"
"40150","Pulaski-Cermak","2026-07-26T00:00:00.000","U","411"
"40160","LaSalle/Van Buren","2026-07-26T00:00:00.000","U","651"
"40170","Ashland-Lake","2026-07-26T00:00:00.000","U","1245"
"40180","Oak Park-Forest Park","2026-07-26T00:00:00.000","U","292"
"40190","Sox-35th-Dan Ryan","2026-07-26T00:00:00.000","U","6993"
"40210","Damen-Cermak","2026-07-26T00:00:00.000","U","620"
"40220","Western-Forest Park","2026-07-26T00:00:00.000","U","429"
"40230","Cumberland","2026-07-26T00:00:00.000","U","1771"
"40240","79th","2026-07-26T00:00:00.000","U","2710"
"40250","Kedzie-Homan-Forest Park","2026-07-26T00:00:00.000","U","566"
"40260","State/Lake","2026-07-26T00:00:00.000","U","0"
"40270","Main","2026-07-26T00:00:00.000","U","480"
"40280","Central-Lake","2026-07-26T00:00:00.000","U","653"
"40290","Ashland/63rd","2026-07-26T00:00:00.000","U","402"
"40300","Indiana","2026-07-26T00:00:00.000","U","361"
"40310","Western-Orange","2026-07-26T00:00:00.000","U","1149"
"40320","Division/Milwaukee","2026-07-26T00:00:00.000","U","3392"
"40330","Grand/State","2026-07-26T00:00:00.000","U","8578"
"40340","Berwyn","2026-07-26T00:00:00.000","U","1519"
"40350","UIC-Halsted","2026-07-26T00:00:00.000","U","1462"
"40360","Southport","2026-07-26T00:00:00.000","U","1872"
"40370","Washington/Dearborn","2026-07-26T00:00:00.000","U","6759"
"40380","Clark/Lake","2026-07-26T00:00:00.000","U","5201"
"40390","Forest Park","2026-07-26T00:00:00.000","U","709"
"40400","Noyes","2026-07-26T00:00:00.000","U","281"
"40420","Cicero-Cermak","2026-07-26T00:00:00.000","U","496"
"40430","Clinton-Forest Park","2026-07-26T00:00:00.000","U","1323"
"40440","California-Cermak","2026-07-26T00:00:00.000","U","548"
"40450","95th/Dan Ryan","2026-07-26T00:00:00.000","U","4068"
"40460","Merchandise Mart","2026-07-26T00:00:00.000","U","2038"
"40470","Racine","2026-07-26T00:00:00.000","U","448"
"40480","Cicero-Lake","2026-07-26T00:00:00.000","U","421"
"40490","Grand/Milwaukee","2026-07-26T00:00:00.000","U","2559"
"40510","Garfield-South Elevated","2026-07-26T00:00:00.000","U","532"
"40520","Foster","2026-07-26T00:00:00.000","U","365"
"40530","Diversey","2026-07-26T00:00:00.000","U","1752"
"40540","Wilson","2026-07-26T00:00:00.000","U","3238"
"40550","Irving Park-O'Hare","2026-07-26T00:00:00.000","U","1837"
"40560","Jackson/State","2026-07-26T00:00:00.000","U","4023"
"40570","California/Milwaukee","2026-07-26T00:00:00.000","U","2670"
"40580","54th/Cermak","2026-07-26T00:00:00.000","U","1171"
"40590","Damen/Milwaukee","2026-07-26T00:00:00.000","U","5881"
"40600","Kostner","2026-07-26T00:00:00.000","U","130"
"40610","Ridgeland","2026-07-26T00:00:00.000","U","313"
"40630","Clark/Division","2026-07-26T00:00:00.000","U","5208"
"40650","North/Clybourn","2026-07-26T00:00:00.000","U","3242"
"40660","Armitage","2026-07-26T00:00:00.000","U","1886"
"40670","Western/Milwaukee","2026-07-26T00:00:00.000","U","2437"
"40680","Adams/Wabash","2026-07-26T00:00:00.000","U","56"
"40690","Dempster","2026-07-26T00:00:00.000","U","471"
"40700","Laramie","2026-07-26T00:00:00.000","U","370"
"40710","Chicago/Franklin","2026-07-26T00:00:00.000","U","2343"
"40720","East 63rd-Cottage Grove","2026-07-26T00:00:00.000","U","439"
"40730","Washington/Wells","2026-07-26T00:00:00.000","U","3923"
"40740","Western-Cermak","2026-07-26T00:00:00.000","U","454"
"40750","Harlem-O'Hare","2026-07-26T00:00:00.000","U","991"
"40760","Granville","2026-07-26T00:00:00.000","U","1642"
"40770","Lawrence","2026-07-26T00:00:00.000","U","1882"
"40780","Central Park","2026-07-26T00:00:00.000","U","469"
"40790","Monroe/Dearborn","2026-07-26T00:00:00.000","U","1417"
"40800","Sedgwick","2026-07-26T00:00:00.000","U","1751"
"40810","Medical Center","2026-07-26T00:00:00.000","U","857"
"40820","Rosemont","2026-07-26T00:00:00.000","U","3457"
"40830","18th","2026-07-26T00:00:00.000","U","807"
"40840","South Boulevard","2026-07-26T00:00:00.000","U","234"
"40850","Library","2026-07-26T00:00:00.000","U","3226"
"40870","Francisco","2026-07-26T00:00:00.000","U","519"
"40880","Thorndale","2026-07-26T00:00:00.000","U","1316"
"40890","O'Hare Airport","2026-07-26T00:00:00.000","U","10848"
"40900","Howard","2026-07-26T00:00:00.000","U","2678"
"40910","63rd-Dan Ryan","2026-07-26T00:00:00.000","U","1406"
"40920","Pulaski-Forest Park","2026-07-26T00:00:00.000","U","476"
"40930","Midway Airport","2026-07-26T00:00:00.000","U","3047"
"40940","Halsted/63rd","2026-07-26T00:00:00.000","U","207"
"40960","Pulaski-Orange","2026-07-26T00:00:00.000","U","1538"
"40970","Cicero-Forest Park","2026-07-26T00:00:00.000","U","382"
"40980","Harlem-Forest Park","2026-07-26T00:00:00.000","U","214"
"40990","69th","2026-07-26T00:00:00.000","U","1991"
"41000","Cermak-Chinatown","2026-07-26T00:00:00.000","U","10911"
"41010","Rockwell","2026-07-26T00:00:00.000","U","587"
"41020","Logan Square","2026-07-26T00:00:00.000","U","4108"
"41030","Polk","2026-07-26T00:00:00.000","U","484"
"41040","Kedzie-Cermak","2026-07-26T00:00:00.000","U","424"
"41050","Linden","2026-07-26T00:00:00.000","U","722"
"41060","Ashland-Orange","2026-07-26T00:00:00.000","U","659"
"41070","Kedzie-Lake","2026-07-26T00:00:00.000","U","362"
"41080","47th-South Elevated","2026-07-26T00:00:00.000","U","413"
"41090","Monroe/State","2026-07-26T00:00:00.000","U","3357"
"41120","35-Bronzeville-IIT","2026-07-26T00:00:00.000","U","940"
"41130","Halsted-Orange","2026-07-26T00:00:00.000","U","959"
"41140","King Drive","2026-07-26T00:00:00.000","U","236"
"41150","Kedzie-Midway","2026-07-26T00:00:00.000","U","1104"
"41160","Clinton-Lake","2026-07-26T00:00:00.000","U","1803"
"41170","Garfield-Dan Ryan","2026-07-26T00:00:00.000","U","1624"
"41180","Kedzie-Brown","2026-07-26T00:00:00.000","U","984"
"41190","Jarvis","2026-07-26T00:00:00.000","U","966"
"41200","Argyle","2026-07-26T00:00:00.000","U","1882"
"41210","Wellington","2026-07-26T00:00:00.000","U","802"
"41220","Fullerton","2026-07-26T00:00:00.000","U","6038"
"41230","47th-Dan Ryan","2026-07-26T00:00:00.000","U","1483"
"41240","Addison-O'Hare","2026-07-26T00:00:00.000","U","1303"
"41250","Central-Evanston","2026-07-26T00:00:00.000","U","277"
"41260","Austin-Lake","2026-07-26T00:00:00.000","U","460"
"41270","43rd","2026-07-26T00:00:00.000","U","254"
"41280","Jefferson Park","2026-07-26T00:00:00.000","U","2775"
"41290","Kimball","2026-07-26T00:00:00.000","U","1496"
"41300","Loyola","2026-07-26T00:00:00.000","U","2266"
"41310","Paulina","2026-07-26T00:00:00.000","U","966"
"41320","Belmont-North Main","2026-07-26T00:00:00.000","U","6279"
"41330","Montrose-O'Hare","2026-07-26T00:00:00.000","U","984"
"41340","LaSalle","2026-07-26T00:00:00.000","U","1064"
"41350","Oak Park-Lake","2026-07-26T00:00:00.000","U","460"
"41360","California-Lake","2026-07-26T00:00:00.000","U","357"
"41380","Bryn Mawr","2026-07-26T00:00:00.000","U","2607"
"41400","Roosevelt","2026-07-26T00:00:00.000","U","8084"
"41410","Chicago/Milwaukee","2026-07-26T00:00:00.000","U","1350"
"41420","Addison-North Main","2026-07-26T00:00:00.000","U","7240"
"41430","87th","2026-07-26T00:00:00.000","U","1483"
"41440","Addison-Brown","2026-07-26T00:00:00.000","U","615"
"41450","Chicago/State","2026-07-26T00:00:00.000","U","6891"
"41460","Irving Park-Brown","2026-07-26T00:00:00.000","U","878"
"41480","Western-Brown","2026-07-26T00:00:00.000","U","1254"
"41490","Harrison","2026-07-26T00:00:00.000","U","2648"
"41500","Montrose-Brown","2026-07-26T00:00:00.000","U","823"
"41510","Morgan-Lake","2026-07-26T00:00:00.000","U","3007"
"41660","Lake/State","2026-07-26T00:00:00.000","U","9815"
"41670","Conservatory","2026-07-26T00:00:00.000","U","390"
"41680","Oakton-Skokie","2026-07-26T00:00:00.000","U","284"
"41690","Cermak-McCormick Place","2026-07-26T00:00:00.000","U","1643"
"41700","Washington/Wabash","2026-07-26T00:00:00.000","U","73"
"41710","Damen-Lake","2026-07-25T00:00:00.000","A","1358"
"40010","Austin-Forest Park","2026-07-25T00:00:00.000","A","443"
"40020","Harlem-Lake","2026-07-25T00:00:00.000","A","1934"
"40030","Pulaski-Lake","2026-07-25T00:00:00.000","A","827"
"40040","Quincy/Wells","2026-07-25T00:00:00.000","A","2244"
"40050","Davis","2026-07-25T00:00:00.000","A","1897"
"40060","Belmont-O'Hare","2026-07-25T00:00:00.000","A","2994"
"40070","Jackson/Dearborn","2026-07-25T00:00:00.000","A","3825"
"40080","Sheridan","2026-07-25T00:00:00.000","A","3090"
"40090","Damen-Brown","2026-07-25T00:00:00.000","A","1410"
"40100","Morse","2026-07-25T00:00:00.000","A","2793"
"40120","35th/Archer","2026-07-25T00:00:00.000","A","1341"
"40130","51st","2026-07-25T00:00:00.000","A","580"
"40140","Dempster-Skokie","2026-07-25T00:00:00.000","A","1959"
"40150","Pulaski-Cermak","2026-07-25T00:00:00.000","A","542"
"40160","LaSalle/Van Buren","2026-07-25T00:00:00.000","A","1025"
"40170","Ashland-Lake","2026-07-25T00:00:00.000","A","1926"
"40180","Oak Park-Forest Park","2026-07-25T00:00:00.000","A","343"
"40190","Sox-35th-Dan Ryan","2026-07-25T00:00:00.000","A","8466"
"40210","Damen-Cermak","2026-07-25T00:00:00.000","A","844"
"40220","Western-Forest Park","2026-07-25T00:00:00.000","A","581"
"40230","Cumberland","2026-07-25T00:00:00.000","A","2490"
"40240","79th","2026-07-25T00:00:00.000","A","3189"
"40250","Kedzie-Homan-Forest Park","2026-07-25T00:00:00.000","A","726"
"40260","State/Lake","2026-07-25T00:00:00.000","A","0"
"40270","Main","2026-07-25T00:00:00.000","A","667"
"40280","Central-Lake","2026-07-25T00:00:00.000","A","955"
"40290","Ashland/63rd","2026-07-25T00:00:00.000","A","516"
"40300","Indiana","2026-07-25T00:00:00.000","A","456"
"40310","Western-Orange","2026-07-25T00:00:00.000","A","1726"
"40320","Division/Milwaukee","2026-07-25T00:00:00.000","A","4900"
"40330","Grand/State","2026-07-25T00:00:00.000","A","12042"
"40340","Berwyn","2026-07-25T00:00:00.000","A","2312"
"40350","UIC-Halsted","2026-07-25T00:00:00.000","A","1868"
"40360","Southport","2026-07-25T00:00:00.000","A","2568"
"40370","Washington/Dearborn","2026-07-25T00:00:00.000","A","8931"
"40380","Clark/Lake","2026-07-25T00:00:00.000","A","6711"
"40390","Forest Park","2026-07-25T00:00:00.000","A","900"
"40400","Noyes","2026-07-25T00:00:00.000","A","420"
"40420","Cicero-Cermak","2026-07-25T00:00:00.000","A","649"
"40430","Clinton-Forest Park","2026-07-25T00:00:00.000","A","1530"
"40440","California-Cermak","2026-07-25T00:00:00.000","A","715"
"40450","95th/Dan Ryan","2026-07-25T00:00:00.000","A","4759"
"40460","Merchandise Mart","2026-07-25T00:00:00.000","A","3224"
"40470","Racine","2026-07-25T00:00:00.000","A","554"
"40480","Cicero-Lake","2026-07-25T00:00:00.000","A","567"
"40490","Grand/Milwaukee","2026-07-25T00:00:00.000","A","3064"
"40510","Garfield-South Elevated","2026-07-25T00:00:00.000","A","800"
"40520","Foster","2026-07-25T00:00:00.000","A","517"
"40530","Diversey","2026-07-25T00:00:00.000","A","2697"
"40540","Wilson","2026-07-25T00:00:00.000","A","4324"
"40550","Irving Park-O'Hare","2026-07-25T00:00:00.000","A","2358"
"40560","Jackson/State","2026-07-25T00:00:00.000","A","6159"
"40570","California/Milwaukee","2026-07-25T00:00:00.000","A","3723"
"40580","54th/Cermak","2026-07-25T00:00:00.000","A","1552"
"40590","Damen/Milwaukee","2026-07-25T00:00:00.000","A","7809"
"40600","Kostner","2026-07-25T00:00:00.000","A","176"
"40610","Ridgeland","2026-07-25T00:00:00.000","A","563"
"40630","Clark/Division","2026-07-25T00:00:00.000","A","7220"
"40650","North/Clybourn","2026-07-25T00:00:00.000","A","4110"
"40660","Armitage","2026-07-25T00:00:00.000","A","3057"
"40670","Western/Milwaukee","2026-07-25T00:00:00.000","A","3258"
"40680","Adams/Wabash","2026-07-25T00:00:00.000","A","213"
"40690","Dempster","2026-07-25T00:00:00.000","A","631"
"40700","Laramie","2026-07-25T00:00:00.000","A","550"
"40710","Chicago/Franklin","2026-07-25T00:00:00.000","A","3452"
"40720","East 63rd-Cottage Grove","2026-07-25T00:00:00.000","A","584"
"40730","Washington/Wells","2026-07-25T00:00:00.000","A","5803"
"40740","Western-Cermak","2026-07-25T00:00:00.000","A","608"
"40750","Harlem-O'Hare","2026-07-25T00:00:00.000","A","1285"
"40760","Granville","2026-07-25T00:00:00.000","A","2260"
"40770","Lawrence","2026-07-25T00:00:00.000","A","2129"
"40780","Central Park","2026-07-25T00:00:00.000","A","547"
"40790","Monroe/Dearborn","2026-07-25T00:00:00.000","A","1572"
"40800","Sedgwick","2026-07-25T00:00:00.000","A","2635"
"40810","Medical Center","2026-07-25T00:00:00.000","A","982"
"40820","Rosemont","2026-07-25T00:00:00.000","A","4634"
"40830","18th","2026-07-25T00:00:00.000","A","1263"
"40840","South Boulevard","2026-07-25T00:00:00.000","A","323"
"40850","Library","2026-07-25T00:00:00.000","A","4483"
"40870","Francisco","2026-07-25T00:00:00.000","A","765"
"40880","Thorndale","2026-07-25T00:00:00.000","A","1653"
"40890","O'Hare Airport","2026-07-25T00:00:00.000","A","9676"
"40900","Howard","2026-07-25T00:00:00.000","A","3302"
"40910","63rd-Dan Ryan","2026-07-25T00:00:00.000","A","1439"
"40920","Pulaski-Forest Park","2026-07-25T00:00:00.000","A","514"
"40930","Midway Airport","2026-07-25T00:00:00.000","A","4311"
"40940","Halsted/63rd","2026-07-25T00:00:00.000","A","277"
"40960","Pulaski-Orange","2026-07-25T00:00:00.000","A","2029"
"40970","Cicero-Forest Park","2026-07-25T00:00:00.000","A","453"
"40980","Harlem-Forest Park","2026-07-25T00:00:00.000","A","288"
"40990","69th","2026-07-25T00:00:00.000","A","2616"
"41000","Cermak-Chinatown","2026-07-25T00:00:00.000","A","15416"
"41010","Rockwell","2026-07-25T00:00:00.000","A","904"
"41020","Logan Square","2026-07-25T00:00:00.000","A","4589"
"41030","Polk","2026-07-25T00:00:00.000","A","652"
"41040","Kedzie-Cermak","2026-07-25T00:00:00.000","A","562"
"41050","Linden","2026-07-25T00:00:00.000","A","1055"
"41060","Ashland-Orange","2026-07-25T00:00:00.000","A","937"
"41070","Kedzie-Lake","2026-07-25T00:00:00.000","A","528"
"41080","47th-South Elevated","2026-07-25T00:00:00.000","A","525"
"41090","Monroe/State","2026-07-25T00:00:00.000","A","5022"
"41120","35-Bronzeville-IIT","2026-07-25T00:00:00.000","A","1124"
"41130","Halsted-Orange","2026-07-25T00:00:00.000","A","1249"
"41140","King Drive","2026-07-25T00:00:00.000","A","291"
"41150","Kedzie-Midway","2026-07-25T00:00:00.000","A","1604"
"41160","Clinton-Lake","2026-07-25T00:00:00.000","A","2264"
"41170","Garfield-Dan Ryan","2026-07-25T00:00:00.000","A","2290"
"41180","Kedzie-Brown","2026-07-25T00:00:00.000","A","1244"
"41190","Jarvis","2026-07-25T00:00:00.000","A","1286"
"41200","Argyle","2026-07-25T00:00:00.000","A","2396"
"41210","Wellington","2026-07-25T00:00:00.000","A","1323"
"41220","Fullerton","2026-07-25T00:00:00.000","A","8432"
"41230","47th-Dan Ryan","2026-07-25T00:00:00.000","A","1856"
"41240","Addison-O'Hare","2026-07-25T00:00:00.000","A","1632"
"41250","Central-Evanston","2026-07-25T00:00:00.000","A","364"
"41260","Austin-Lake","2026-07-25T00:00:00.000","A","711"
"41270","43rd","2026-07-25T00:00:00.000","A","339"
"41280","Jefferson Park","2026-07-25T00:00:00.000","A","3671"
"41290","Kimball","2026-07-25T00:00:00.000","A","1969"
"41300","Loyola","2026-07-25T00:00:00.000","A","3185"
"41310","Paulina","2026-07-25T00:00:00.000","A","1556"
"41320","Belmont-North Main","2026-07-25T00:00:00.000","A","8932"
"41330","Montrose-O'Hare","2026-07-25T00:00:00.000","A","1249"
"41340","LaSalle","2026-07-25T00:00:00.000","A","1351"
"41350","Oak Park-Lake","2026-07-25T00:00:00.000","A","772"
"41360","California-Lake","2026-07-25T00:00:00.000","A","490"
"41380","Bryn Mawr","2026-07-25T00:00:00.000","A","3176"
"41400","Roosevelt","2026-07-25T00:00:00.000","A","12478"
"41410","Chicago/Milwaukee","2026-07-25T00:00:00.000","A","1852"
"41420","Addison-North Main","2026-07-25T00:00:00.000","A","11863"
"41430","87th","2026-07-25T00:00:00.000","A","1832"
"41440","Addison-Brown","2026-07-25T00:00:00.000","A","971"
"41450","Chicago/State","2026-07-25T00:00:00.000","A","9593"
"41460","Irving Park-Brown","2026-07-25T00:00:00.000","A","1397"
"41480","Western-Brown","2026-07-25T00:00:00.000","A","1659"
"41490","Harrison","2026-07-25T00:00:00.000","A","4031"
"41500","Montrose-Brown","2026-07-25T00:00:00.000","A","1300"
"41510","Morgan-Lake","2026-07-25T00:00:00.000","A","4297"
"41660","Lake/State","2026-07-25T00:00:00.000","A","15005"
"41670","Conservatory","2026-07-25T00:00:00.000","A","483"
"41680","Oakton-Skokie","2026-07-25T00:00:00.000","A","404"
"41690","Cermak-McCormick Place","2026-07-25T00:00:00.000","A","2426"
"41700","Washington/Wabash","2026-07-25T00:00:00.000","A","350"
"41710","Damen-Lake","2026-07-24T00:00:00.000","W","823"
"40010","Austin-Forest Park","2026-07-24T00:00:00.000","W","680"
"40020","Harlem-Lake","2026-07-24T00:00:00.000","W","2403"
"40030","Pulaski-Lake","2026-07-24T00:00:00.000","W","1005"
"40040","Quincy/Wells","2026-07-24T00:00:00.000","W","3911"
"40050","Davis","2026-07-24T00:00:00.000","W","2271"
"40060","Belmont-O'Hare","2026-07-24T00:00:00.000","W","3680"
"40070","Jackson/Dearborn","2026-07-24T00:00:00.000","W","3941"
"40080","Sheridan","2026-07-24T00:00:00.000","W","3033"
"40090","Damen-Brown","2026-07-24T00:00:00.000","W","1572"
"40100","Morse","2026-07-24T00:00:00.000","W","3015"
"40120","35th/Archer","2026-07-24T00:00:00.000","W","1825"
"40130","51st","2026-07-24T00:00:00.000","W","692"
"40140","Dempster-Skokie","2026-07-24T00:00:00.000","W","1781"
"40150","Pulaski-Cermak","2026-07-24T00:00:00.000","W","805"
"40160","LaSalle/Van Buren","2026-07-24T00:00:00.000","W","1645"
"40170","Ashland-Lake","2026-07-24T00:00:00.000","W","1790"
"40180","Oak Park-Forest Park","2026-07-24T00:00:00.000","W","552"
"40190","Sox-35th-Dan Ryan","2026-07-24T00:00:00.000","W","9061"
"40210","Damen-Cermak","2026-07-24T00:00:00.000","W","1208"
"40220","Western-Forest Park","2026-07-24T00:00:00.000","W","649"
"40230","Cumberland","2026-07-24T00:00:00.000","W","2927"
"40240","79th","2026-07-24T00:00:00.000","W","3837"
"40250","Kedzie-Homan-Forest Park","2026-07-24T00:00:00.000","W","872"
"40260","State/Lake","2026-07-24T00:00:00.000","W","0"
"40270","Main","2026-07-24T00:00:00.000","W","710"
"40280","Central-Lake","2026-07-24T00:00:00.000","W","1269"
"40290","Ashland/63rd","2026-07-24T00:00:00.000","W","736"
"40300","Indiana","2026-07-24T00:00:00.000","W","561"
"40310","Western-Orange","2026-07-24T00:00:00.000","W","2558"
"40320","Division/Milwaukee","2026-07-24T00:00:00.000","W","4754"
"40330","Grand/State","2026-07-24T00:00:00.000","W","10112"
"40340","Berwyn","2026-07-24T00:00:00.000","W","2074"
"40350","UIC-Halsted","2026-07-24T00:00:00.000","W","2220"
"40360","Southport","2026-07-24T00:00:00.000","W","2594"
"40370","Washington/Dearborn","2026-07-24T00:00:00.000","W","9049"
"40380","Clark/Lake","2026-07-24T00:00:00.000","W","12230"
"40390","Forest Park","2026-07-24T00:00:00.000","W","1307"
"40400","Noyes","2026-07-24T00:00:00.000","W","629"
"40420","Cicero-Cermak","2026-07-24T00:00:00.000","W","870"
"40430","Clinton-Forest Park","2026-07-24T00:00:00.000","W","1805"
"40440","California-Cermak","2026-07-24T00:00:00.000","W","1038"
"40450","95th/Dan Ryan","2026-07-24T00:00:00.000","W","6386"
"40460","Merchandise Mart","2026-07-24T00:00:00.000","W","4251"
"40470","Racine","2026-07-24T00:00:00.000","W","748"
"40480","Cicero-Lake","2026-07-24T00:00:00.000","W","841"
"40490","Grand/Milwaukee","2026-07-24T00:00:00.000","W","3057"
"40510","Garfield-South Elevated","2026-07-24T00:00:00.000","W","988"
"40520","Foster","2026-07-24T00:00:00.000","W","576"
"40530","Diversey","2026-07-24T00:00:00.000","W","3199"
"40540","Wilson","2026-07-24T00:00:00.000","W","4795"
"40550","Irving Park-O'Hare","2026-07-24T00:00:00.000","W","2837"
"40560","Jackson/State","2026-07-24T00:00:00.000","W","4667"
"40570","California/Milwaukee","2026-07-24T00:00:00.000","W","3699"
"40580","54th/Cermak","2026-07-24T00:00:00.000","W","1647"
"40590","Damen/Milwaukee","2026-07-24T00:00:00.000","W","5901"
"40600","Kostner","2026-07-24T00:00:00.000","W","298"
"40610","Ridgeland","2026-07-24T00:00:00.000","W","789"
"40630","Clark/Division","2026-07-24T00:00:00.000","W","6363"
"40650","North/Clybourn","2026-07-24T00:00:00.000","W","4125"
"40660","Armitage","2026-07-24T00:00:00.000","W","3056"
"40670","Western/Milwaukee","2026-07-24T00:00:00.000","W","3483"
"40680","Adams/Wabash","2026-07-24T00:00:00.000","W","4098"
"40690","Dempster","2026-07-24T00:00:00.000","W","612"
"40700","Laramie","2026-07-24T00:00:00.000","W","711"
"40710","Chicago/Franklin","2026-07-24T00:00:00.000","W","4274"
"40720","East 63rd-Cottage Grove","2026-07-24T00:00:00.000","W","812"
"40730","Washington/Wells","2026-07-24T00:00:00.000","W","4239"
"40740","Western-Cermak","2026-07-24T00:00:00.000","W","966"
"40750","Harlem-O'Hare","2026-07-24T00:00:00.000","W","1587"
"40760","Granville","2026-07-24T00:00:00.000","W","2392"
"40770","Lawrence","2026-07-24T00:00:00.000","W","3145"
"40780","Central Park","2026-07-24T00:00:00.000","W","752"
"40790","Monroe/Dearborn","2026-07-24T00:00:00.000","W","2881"
"40800","Sedgwick","2026-07-24T00:00:00.000","W","2765"
"40810","Medical Center","2026-07-24T00:00:00.000","W","1434"
"40820","Rosemont","2026-07-24T00:00:00.000","W","5179"
"40830","18th","2026-07-24T00:00:00.000","W","1491"
"40840","South Boulevard","2026-07-24T00:00:00.000","W","458"
"40850","Library","2026-07-24T00:00:00.000","W","2594"
"40870","Francisco","2026-07-24T00:00:00.000","W","929"
"40880","Thorndale","2026-07-24T00:00:00.000","W","1861"
"40890","O'Hare Airport","2026-07-24T00:00:00.000","W","12452"
"40900","Howard","2026-07-24T00:00:00.000","W","3645"
"40910","63rd-Dan Ryan","2026-07-24T00:00:00.000","W","1847"
"40920","Pulaski-Forest Park","2026-07-24T00:00:00.000","W","643"
"40930","Midway Airport","2026-07-24T00:00:00.000","W","6630"
"40940","Halsted/63rd","2026-07-24T00:00:00.000","W","370"
"40960","Pulaski-Orange","2026-07-24T00:00:00.000","W","3342"
"40970","Cicero-Forest Park","2026-07-24T00:00:00.000","W","541"
"40980","Harlem-Forest Park","2026-07-24T00:00:00.000","W","469"
"40990","69th","2026-07-24T00:00:00.000","W","3318"
"41000","Cermak-Chinatown","2026-07-24T00:00:00.000","W","7830"
"41010","Rockwell","2026-07-24T00:00:00.000","W","1045"
"41020","Logan Square","2026-07-24T00:00:00.000","W","5182"
"41030","Polk","2026-07-24T00:00:00.000","W","2159"
"41040","Kedzie-Cermak","2026-07-24T00:00:00.000","W","806"
"41050","Linden","2026-07-24T00:00:00.000","W","942"
"41060","Ashland-Orange","2026-07-24T00:00:00.000","W","1297"
"41070","Kedzie-Lake","2026-07-24T00:00:00.000","W","737"
"41080","47th-South Elevated","2026-07-24T00:00:00.000","W","773"
"41090","Monroe/State","2026-07-24T00:00:00.000","W","4746"
"41120","35-Bronzeville-IIT","2026-07-24T00:00:00.000","W","1337"
"41130","Halsted-Orange","2026-07-24T00:00:00.000","W","1588"
"41140","King Drive","2026-07-24T00:00:00.000","W","330"
"41150","Kedzie-Midway","2026-07-24T00:00:00.000","W","2376"
"41160","Clinton-Lake","2026-07-24T00:00:00.000","W","2636"
"41170","Garfield-Dan Ryan","2026-07-24T00:00:00.000","W","2629"
"41180","Kedzie-Brown","2026-07-24T00:00:00.000","W","1470"
"41190","Jarvis","2026-07-24T00:00:00.000","W","1255"
"41200","Argyle","2026-07-24T00:00:00.000","W","2308"
"41210","Wellington","2026-07-24T00:00:00.000","W","1903"
"41220","Fullerton","2026-07-24T00:00:00.000","W","7702"
"41230","47th-Dan Ryan","2026-07-24T00:00:00.000","W","2292"
"41240","Addison-O'Hare","2026-07-24T00:00:00.000","W","2114"
"41250","Central-Evanston","2026-07-24T00:00:00.000","W","621"
"41260","Austin-Lake","2026-07-24T00:00:00.000","W","997"
"41270","43rd","2026-07-24T00:00:00.000","W","450"
"41280","Jefferson Park","2026-07-24T00:00:00.000","W","4812"
"41290","Kimball","2026-07-24T00:00:00.000","W","2461"
"41300","Loyola","2026-07-24T00:00:00.000","W","3309"
"41310","Paulina","2026-07-24T00:00:00.000","W","1713"
"41320","Belmont-North Main","2026-07-24T00:00:00.000","W","8122"
"41330","Montrose-O'Hare","2026-07-24T00:00:00.000","W","1636"
"41340","LaSalle","2026-07-24T00:00:00.000","W","1672"
"41350","Oak Park-Lake","2026-07-24T00:00:00.000","W","801"
"41360","California-Lake","2026-07-24T00:00:00.000","W","804"
"41380","Bryn Mawr","2026-07-24T00:00:00.000","W","3063"
"41400","Roosevelt","2026-07-24T00:00:00.000","W","9280"
"41410","Chicago/Milwaukee","2026-07-24T00:00:00.000","W","2038"
"41420","Addison-North Main","2026-07-24T00:00:00.000","W","8126"
"41430","87th","2026-07-24T00:00:00.000","W","2287"
"41440","Addison-Brown","2026-07-24T00:00:00.000","W","1193"
"41450","Chicago/State","2026-07-24T00:00:00.000","W","9546"
"41460","Irving Park-Brown","2026-07-24T00:00:00.000","W","1719"
"41480","Western-Brown","2026-07-24T00:00:00.000","W","1991"
"41490","Harrison","2026-07-24T00:00:00.000","W","2956"
"41500","Montrose-Brown","2026-07-24T00:00:00.000","W","1528"
"41510","Morgan-Lake","2026-07-24T00:00:00.000","W","4803"
"41660","Lake/State","2026-07-24T00:00:00.000","W","13112"
"41670","Conservatory","2026-07-24T00:00:00.000","W","663"
"41680","Oakton-Skokie","2026-07-24T00:00:00.000","W","532"
"41690","Cermak-McCormick Place","2026-07-24T00:00:00.000","W","2676"
"41700","Washington/Wabash","2026-07-24T00:00:00.000","W","11662"
"40010","Austin-Forest Park","2026-07-23T00:00:00.000","W","726"
"40020","Harlem-Lake","2026-07-23T00:00:00.000","W","2557"
"40030","Pulaski-Lake","2026-07-23T00:00:00.000","W","1027"
"40040","Quincy/Wells","2026-07-23T00:00:00.000","W","6246"
"40050","Davis","2026-07-23T00:00:00.000","W","2284"
"40060","Belmont-O'Hare","2026-07-23T00:00:00.000","W","3846"
"40070","Jackson/Dearborn","2026-07-23T00:00:00.000","W","4509"
"40080","Sheridan","2026-07-23T00:00:00.000","W","2837"
"40090","Damen-Brown","2026-07-23T00:00:00.000","W","1587"
"40100","Morse","2026-07-23T00:00:00.000","W","2797"
"40120","35th/Archer","2026-07-23T00:00:00.000","W","1877"
"40130","51st","2026-07-23T00:00:00.000","W","679"
"40140","Dempster-Skokie","2026-07-23T00:00:00.000","W","816"
"40150","Pulaski-Cermak","2026-07-23T00:00:00.000","W","796"
"40160","LaSalle/Van Buren","2026-07-23T00:00:00.000","W","2279"
"40170","Ashland-Lake","2026-07-23T00:00:00.000","W","2180"
"40180","Oak Park-Forest Park","2026-07-23T00:00:00.000","W","655"
"40190","Sox-35th-Dan Ryan","2026-07-23T00:00:00.000","W","2773"
"40210","Damen-Cermak","2026-07-23T00:00:00.000","W","1355"
"40220","Western-Forest Park","2026-07-23T00:00:00.000","W","685"
"40230","Cumberland","2026-07-23T00:00:00.000","W","2756"
"40240","79th","2026-07-23T00:00:00.000","W","3804"
"40250","Kedzie-Homan-Forest Park","2026-07-23T00:00:00.000","W","926"
"40260","State/Lake","2026-07-23T00:00:00.000","W","0"
"40270","Main","2026-07-23T00:00:00.000","W","730"
"40280","Central-Lake","2026-07-23T00:00:00.000","W","1211"
"40290","Ashland/63rd","2026-07-23T00:00:00.000","W","733"
"40300","Indiana","2026-07-23T00:00:00.000","W","631"
"40310","Western-Orange","2026-07-23T00:00:00.000","W","2618"
"40320","Division/Milwaukee","2026-07-23T00:00:00.000","W","4610"
"40330","Grand/State","2026-07-23T00:00:00.000","W","8103"
"40340","Berwyn","2026-07-23T00:00:00.000","W","2012"
"40350","UIC-Halsted","2026-07-23T00:00:00.000","W","2515"
"40360","Southport","2026-07-23T00:00:00.000","W","2683"
"40370","Washington/Dearborn","2026-07-23T00:00:00.000","W","9790"
"40380","Clark/Lake","2026-07-23T00:00:00.000","W","16184"
"40390","Forest Park","2026-07-23T00:00:00.000","W","1272"
"40400","Noyes","2026-07-23T00:00:00.000","W","627"
"40420","Cicero-Cermak","2026-07-23T00:00:00.000","W","809"
"40430","Clinton-Forest Park","2026-07-23T00:00:00.000","W","2578"
"40440","California-Cermak","2026-07-23T00:00:00.000","W","1065"
"40450","95th/Dan Ryan","2026-07-23T00:00:00.000","W","6446"
"40460","Merchandise Mart","2026-07-23T00:00:00.000","W","6694"
"40470","Racine","2026-07-23T00:00:00.000","W","739"
"40480","Cicero-Lake","2026-07-23T00:00:00.000","W","799"
"40490","Grand/Milwaukee","2026-07-23T00:00:00.000","W","3443"
"40510","Garfield-South Elevated","2026-07-23T00:00:00.000","W","996"
"40520","Foster","2026-07-23T00:00:00.000","W","520"
"40530","Diversey","2026-07-23T00:00:00.000","W","3707"
"40540","Wilson","2026-07-23T00:00:00.000","W","5013"
"40550","Irving Park-O'Hare","2026-07-23T00:00:00.000","W","3149"
"40560","Jackson/State","2026-07-23T00:00:00.000","W","4345"
"40570","California/Milwaukee","2026-07-23T00:00:00.000","W","3978"
"40580","54th/Cermak","2026-07-23T00:00:00.000","W","1816"
"40590","Damen/Milwaukee","2026-07-23T00:00:00.000","W","5129"
"40600","Kostner","2026-07-23T00:00:00.000","W","292"
"40610","Ridgeland","2026-07-23T00:00:00.000","W","996"
"40630","Clark/Division","2026-07-23T00:00:00.000","W","5824"
"40650","North/Clybourn","2026-07-23T00:00:00.000","W","3569"
"40660","Armitage","2026-07-23T00:00:00.000","W","3487"
"40670","Western/Milwaukee","2026-07-23T00:00:00.000","W","3784"
"40680","Adams/Wabash","2026-07-23T00:00:00.000","W","4982"
"40690","Dempster","2026-07-23T00:00:00.000","W","636"
"40700","Laramie","2026-07-23T00:00:00.000","W","803"
"40710","Chicago/Franklin","2026-07-23T00:00:00.000","W","4923"
"40720","East 63rd-Cottage Grove","2026-07-23T00:00:00.000","W","810"
"40730","Washington/Wells","2026-07-23T00:00:00.000","W","6701"
"40740","Western-Cermak","2026-07-23T00:00:00.000","W","945"
"40750","Harlem-O'Hare","2026-07-23T00:00:00.000","W","1674"
"40760","Granville","2026-07-23T00:00:00.000","W","2343"
"40770","Lawrence","2026-07-23T00:00:00.000","W","2191"
"40780","Central Park","2026-07-23T00:00:00.000","W","838"
"40790","Monroe/Dearborn","2026-07-23T00:00:00.000","W","4109"
"40800","Sedgwick","2026-07-23T00:00:00.000","W","3347"
"40810","Medical Center","2026-07-23T00:00:00.000","W","1664"
"40820","Rosemont","2026-07-23T00:00:00.000","W","4876"
"40830","18th","2026-07-23T00:00:00.000","W","1540"
"40840","South Boulevard","2026-07-23T00:00:00.000","W","502"
"40850","Library","2026-07-23T00:00:00.000","W","2503"
"40870","Francisco","2026-07-23T00:00:00.000","W","1020"
"40880","Thorndale","2026-07-23T00:00:00.000","W","1811"
"40890","O'Hare Airport","2026-07-23T00:00:00.000","W","13067"
"40900","Howard","2026-07-23T00:00:00.000","W","3529"
"40910","63rd-Dan Ryan","2026-07-23T00:00:00.000","W","1932"
"40920","Pulaski-Forest Park","2026-07-23T00:00:00.000","W","659"
"40930","Midway Airport","2026-07-23T00:00:00.000","W","6209"
"40940","Halsted/63rd","2026-07-23T00:00:00.000","W","457"
"40960","Pulaski-Orange","2026-07-23T00:00:00.000","W","3197"
"40970","Cicero-Forest Park","2026-07-23T00:00:00.000","W","599"
"40980","Harlem-Forest Park","2026-07-23T00:00:00.000","W","480"
"40990","69th","2026-07-23T00:00:00.000","W","2949"
"41000","Cermak-Chinatown","2026-07-23T00:00:00.000","W","6410"
"41010","Rockwell","2026-07-23T00:00:00.000","W","1211"
"41020","Logan Square","2026-07-23T00:00:00.000","W","5388"
"41030","Polk","2026-07-23T00:00:00.000","W","2551"
"41040","Kedzie-Cermak","2026-07-23T00:00:00.000","W","818"
"41050","Linden","2026-07-23T00:00:00.000","W","640"
"41060","Ashland-Orange","2026-07-23T00:00:00.000","W","1311"
"41070","Kedzie-Lake","2026-07-23T00:00:00.000","W","738"
"41080","47th-South Elevated","2026-07-23T00:00:00.000","W","797"
"41090","Monroe/State","2026-07-23T00:00:00.000","W","4604"
"41120","35-Bronzeville-IIT","2026-07-23T00:00:00.000","W","945"
"41130","Halsted-Orange","2026-07-23T00:00:00.000","W","1750"
"41140","King Drive","2026-07-23T00:00:00.000","W","369"
"41150","Kedzie-Midway","2026-07-23T00:00:00.000","W","2346"
"41160","Clinton-Lake","2026-07-23T00:00:00.000","W","3443"
"41170","Garfield-Dan Ryan","2026-07-23T00:00:00.000","W","2537"
"41180","Kedzie-Brown","2026-07-23T00:00:00.000","W","1533"
"41190","Jarvis","2026-07-23T00:00:00.000","W","1217"
"41200","Argyle","2026-07-23T00:00:00.000","W","2987"
"41210","Wellington","2026-07-23T00:00:00.000","W","2355"
"41220","Fullerton","2026-07-23T00:00:00.000","W","7294"
"41230","47th-Dan Ryan","2026-07-23T00:00:00.000","W","2126"
"41240","Addison-O'Hare","2026-07-23T00:00:00.000","W","2089"
"41250","Central-Evanston","2026-07-23T00:00:00.000","W","575"
"41260","Austin-Lake","2026-07-23T00:00:00.000","W","1012"
"41270","43rd","2026-07-23T00:00:00.000","W","516"
"41280","Jefferson Park","2026-07-23T00:00:00.000","W","5004"
"41290","Kimball","2026-07-23T00:00:00.000","W","2509"
"41300","Loyola","2026-07-23T00:00:00.000","W","3193"
"41310","Paulina","2026-07-23T00:00:00.000","W","2079"
"41320","Belmont-North Main","2026-07-23T00:00:00.000","W","8181"
"41330","Montrose-O'Hare","2026-07-23T00:00:00.000","W","1908"
"41340","LaSalle","2026-07-23T00:00:00.000","W","1718"
"41350","Oak Park-Lake","2026-07-23T00:00:00.000","W","903"
"41360","California-Lake","2026-07-23T00:00:00.000","W","884"
"41380","Bryn Mawr","2026-07-23T00:00:00.000","W","2955"
"41400","Roosevelt","2026-07-23T00:00:00.000","W","8275"
"41410","Chicago/Milwaukee","2026-07-23T00:00:00.000","W","2230"
"41420","Addison-North Main","2026-07-23T00:00:00.000","W","5436"
"41430","87th","2026-07-23T00:00:00.000","W","2160"
"41440","Addison-Brown","2026-07-23T00:00:00.000","W","1405"
"41450","Chicago/State","2026-07-23T00:00:00.000","W","8778"
"41460","Irving Park-Brown","2026-07-23T00:00:00.000","W","1998"
"41480","Western-Brown","2026-07-23T00:00:00.000","W","2217"
"41490","Harrison","2026-07-23T00:00:00.000","W","2448"
"41500","Montrose-Brown","2026-07-23T00:00:00.000","W","1711"
"41510","Morgan-Lake","2026-07-23T00:00:00.000","W","5296"
"41660","Lake/State","2026-07-23T00:00:00.000","W","12307"
"41670","Conservatory","2026-07-23T00:00:00.000","W","639"
"41680","Oakton-Skokie","2026-07-23T00:00:00.000","W","543"
"41690","Cermak-McCormick Place","2026-07-23T00:00:00.000","W","1811"
"41700","Washington/Wabash","2026-07-23T00:00:00.000","W","12464"
"41710","Damen-Lake","2026-07-23T00:00:00.000","W","1008"
"41710","Damen-Lake","2026-07-22T00:00:00.000","W","1452"
"41700","Washington/Wabash","2026-07-22T00:00:00.000","W","12725"
"40010","Austin-Forest Park","2026-07-22T00:00:00.000","W","810"
"40020","Harlem-Lake","2026-07-22T00:00:00.000","W","2671"
"40030","Pulaski-Lake","2026-07-22T00:00:00.000","W","1092"
"40040","Quincy/Wells","2026-07-22T00:00:00.000","W","6891"
"40050","Davis","2026-07-22T00:00:00.000","W","2534"
"40060","Belmont-O'Hare","2026-07-22T00:00:00.000","W","3955"
"40070","Jackson/Dearborn","2026-07-22T00:00:00.000","W","4781"
"40080","Sheridan","2026-07-22T00:00:00.000","W","3286"
"40090","Damen-Brown","2026-07-22T00:00:00.000","W","1663"
"40100","Morse","2026-07-22T00:00:00.000","W","2894"
"40120","35th/Archer","2026-07-22T00:00:00.000","W","1995"
"40130","51st","2026-07-22T00:00:00.000","W","670"
"40140","Dempster-Skokie","2026-07-22T00:00:00.000","W","1326"
"40150","Pulaski-Cermak","2026-07-22T00:00:00.000","W","811"
"40160","LaSalle/Van Buren","2026-07-22T00:00:00.000","W","2417"
"40170","Ashland-Lake","2026-07-22T00:00:00.000","W","2145"
"40180","Oak Park-Forest Park","2026-07-22T00:00:00.000","W","726"
"40190","Sox-35th-Dan Ryan","2026-07-22T00:00:00.000","W","2937"
"40210","Damen-Cermak","2026-07-22T00:00:00.000","W","1307"
"40220","Western-Forest Park","2026-07-22T00:00:00.000","W","641"
"40230","Cumberland","2026-07-22T00:00:00.000","W","2888"
"40240","79th","2026-07-22T00:00:00.000","W","4024"
"40250","Kedzie-Homan-Forest Park","2026-07-22T00:00:00.000","W","983"
"40260","State/Lake","2026-07-22T00:00:00.000","W","0"
"40270","Main","2026-07-22T00:00:00.000","W","830"
"40280","Central-Lake","2026-07-22T00:00:00.000","W","1419"
"40290","Ashland/63rd","2026-07-22T00:00:00.000","W","786"
"40300","Indiana","2026-07-22T00:00:00.000","W","635"
"40310","Western-Orange","2026-07-22T00:00:00.000","W","2669"
"40320","Division/Milwaukee","2026-07-22T00:00:00.000","W","4690"
"40330","Grand/State","2026-07-22T00:00:00.000","W","10003"
"40340","Berwyn","2026-07-22T00:00:00.000","W","2027"
"40350","UIC-Halsted","2026-07-22T00:00:00.000","W","2627"
"40360","Southport","2026-07-22T00:00:00.000","W","2993"
"40370","Washington/Dearborn","2026-07-22T00:00:00.000","W","10020"
"40380","Clark/Lake","2026-07-22T00:00:00.000","W","16161"
"40390","Forest Park","2026-07-22T00:00:00.000","W","1280"
"40400","Noyes","2026-07-22T00:00:00.000","W","634"
"40420","Cicero-Cermak","2026-07-22T00:00:00.000","W","828"
"40430","Clinton-Forest Park","2026-07-22T00:00:00.000","W","2721"
"40440","California-Cermak","2026-07-22T00:00:00.000","W","1044"
"40450","95th/Dan Ryan","2026-07-22T00:00:00.000","W","6397"
"40460","Merchandise Mart","2026-07-22T00:00:00.000","W","7154"
"40470","Racine","2026-07-22T00:00:00.000","W","727"
"40480","Cicero-Lake","2026-07-22T00:00:00.000","W","816"
"40490","Grand/Milwaukee","2026-07-22T00:00:00.000","W","3294"
"40510","Garfield-South Elevated","2026-07-22T00:00:00.000","W","1069"
"40520","Foster","2026-07-22T00:00:00.000","W","629"
"40530","Diversey","2026-07-22T00:00:00.000","W","3860"
"40540","Wilson","2026-07-22T00:00:00.000","W","5066"
"40550","Irving Park-O'Hare","2026-07-22T00:00:00.000","W","3136"
"40560","Jackson/State","2026-07-22T00:00:00.000","W","4967"
"40570","California/Milwaukee","2026-07-22T00:00:00.000","W","4113"
"40580","54th/Cermak","2026-07-22T00:00:00.000","W","1919"
"40590","Damen/Milwaukee","2026-07-22T00:00:00.000","W","5080"
"40600","Kostner","2026-07-22T00:00:00.000","W","318"
"40610","Ridgeland","2026-07-22T00:00:00.000","W","980"
"40630","Clark/Division","2026-07-22T00:00:00.000","W","6287"
"40650","North/Clybourn","2026-07-22T00:00:00.000","W","4210"
"40660","Armitage","2026-07-22T00:00:00.000","W","3582"
"40670","Western/Milwaukee","2026-07-22T00:00:00.000","W","3864"
"40680","Adams/Wabash","2026-07-22T00:00:00.000","W","4682"
"40690","Dempster","2026-07-22T00:00:00.000","W","663"
"40700","Laramie","2026-07-22T00:00:00.000","W","702"
"40710","Chicago/Franklin","2026-07-22T00:00:00.000","W","5299"
"40720","East 63rd-Cottage Grove","2026-07-22T00:00:00.000","W","813"
"40730","Washington/Wells","2026-07-22T00:00:00.000","W","7220"
"40740","Western-Cermak","2026-07-22T00:00:00.000","W","905"
"40750","Harlem-O'Hare","2026-07-22T00:00:00.000","W","1692"
"40760","Granville","2026-07-22T00:00:00.000","W","2436"
"40770","Lawrence","2026-07-22T00:00:00.000","W","2183"
"40780","Central Park","2026-07-22T00:00:00.000","W","887"
"40790","Monroe/Dearborn","2026-07-22T00:00:00.000","W","4268"
"40800","Sedgwick","2026-07-22T00:00:00.000","W","3350"
"40810","Medical Center","2026-07-22T00:00:00.000","W","1890"
"40820","Rosemont","2026-07-22T00:00:00.000","W","4893"
"40830","18th","2026-07-22T00:00:00.000","W","1495"
"40840","South Boulevard","2026-07-22T00:00:00.000","W","562"
"40850","Library","2026-07-22T00:00:00.000","W","2491"
"40870","Francisco","2026-07-22T00:00:00.000","W","1074"
"40880","Thorndale","2026-07-22T00:00:00.000","W","1795"
"40890","O'Hare Airport","2026-07-22T00:00:00.000","W","10830"
"40900","Howard","2026-07-22T00:00:00.000","W","3647"
"40910","63rd-Dan Ryan","2026-07-22T00:00:00.000","W","1891"
"40920","Pulaski-Forest Park","2026-07-22T00:00:00.000","W","633"
"40930","Midway Airport","2026-07-22T00:00:00.000","W","5950"
"40940","Halsted/63rd","2026-07-22T00:00:00.000","W","430"
"40960","Pulaski-Orange","2026-07-22T00:00:00.000","W","3226"
"40970","Cicero-Forest Park","2026-07-22T00:00:00.000","W","605"
"40980","Harlem-Forest Park","2026-07-22T00:00:00.000","W","489"
"40990","69th","2026-07-22T00:00:00.000","W","2932"
"41000","Cermak-Chinatown","2026-07-22T00:00:00.000","W","5397"
"41010","Rockwell","2026-07-22T00:00:00.000","W","1286"
"41020","Logan Square","2026-07-22T00:00:00.000","W","5509"
"41030","Polk","2026-07-22T00:00:00.000","W","2529"
"41040","Kedzie-Cermak","2026-07-22T00:00:00.000","W","826"
"41050","Linden","2026-07-22T00:00:00.000","W","986"
"41060","Ashland-Orange","2026-07-22T00:00:00.000","W","1321"
"41070","Kedzie-Lake","2026-07-22T00:00:00.000","W","756"
"41080","47th-South Elevated","2026-07-22T00:00:00.000","W","802"
"41090","Monroe/State","2026-07-22T00:00:00.000","W","5321"
"41120","35-Bronzeville-IIT","2026-07-22T00:00:00.000","W","1069"
"41130","Halsted-Orange","2026-07-22T00:00:00.000","W","1702"
"41140","King Drive","2026-07-22T00:00:00.000","W","342"
"41150","Kedzie-Midway","2026-07-22T00:00:00.000","W","2408"
"41160","Clinton-Lake","2026-07-22T00:00:00.000","W","3375"
"41170","Garfield-Dan Ryan","2026-07-22T00:00:00.000","W","2491"
"41180","Kedzie-Brown","2026-07-22T00:00:00.000","W","1543"
"41190","Jarvis","2026-07-22T00:00:00.000","W","1257"
"41200","Argyle","2026-07-22T00:00:00.000","W","2228"
"41210","Wellington","2026-07-22T00:00:00.000","W","2483"
"41220","Fullerton","2026-07-22T00:00:00.000","W","7552"
"41230","47th-Dan Ryan","2026-07-22T00:00:00.000","W","2117"
"41240","Addison-O'Hare","2026-07-22T00:00:00.000","W","2371"
"41250","Central-Evanston","2026-07-22T00:00:00.000","W","649"
"41260","Austin-Lake","2026-07-22T00:00:00.000","W","1068"
"41270","43rd","2026-07-22T00:00:00.000","W","459"
"41280","Jefferson Park","2026-07-22T00:00:00.000","W","4995"
"41290","Kimball","2026-07-22T00:00:00.000","W","2576"
"41300","Loyola","2026-07-22T00:00:00.000","W","3215"
"41310","Paulina","2026-07-22T00:00:00.000","W","2105"
"41320","Belmont-North Main","2026-07-22T00:00:00.000","W","8680"
"41330","Montrose-O'Hare","2026-07-22T00:00:00.000","W","1849"
"41340","LaSalle","2026-07-22T00:00:00.000","W","1776"
"41350","Oak Park-Lake","2026-07-22T00:00:00.000","W","895"
"41360","California-Lake","2026-07-22T00:00:00.000","W","864"
"41380","Bryn Mawr","2026-07-22T00:00:00.000","W","2976"
"41400","Roosevelt","2026-07-22T00:00:00.000","W","8236"
"41410","Chicago/Milwaukee","2026-07-22T00:00:00.000","W","2286"
"41420","Addison-North Main","2026-07-22T00:00:00.000","W","10067"
"41430","87th","2026-07-22T00:00:00.000","W","2189"
"41440","Addison-Brown","2026-07-22T00:00:00.000","W","1494"
"41450","Chicago/State","2026-07-22T00:00:00.000","W","10127"
"41460","Irving Park-Brown","2026-07-22T00:00:00.000","W","2004"
"41480","Western-Brown","2026-07-22T00:00:00.000","W","2225"
"41490","Harrison","2026-07-22T00:00:00.000","W","2688"
"41500","Montrose-Brown","2026-07-22T00:00:00.000","W","1780"
"41510","Morgan-Lake","2026-07-22T00:00:00.000","W","5258"
"41660","Lake/State","2026-07-22T00:00:00.000","W","13486"
"41670","Conservatory","2026-07-22T00:00:00.000","W","747"
"41680","Oakton-Skokie","2026-07-22T00:00:00.000","W","557"
"41690","Cermak-McCormick Place","2026-07-22T00:00:00.000","W","1608"
"41710","Damen-Lake","2026-07-21T00:00:00.000","W","929"
"40010","Austin-Forest Park","2026-07-21T00:00:00.000","W","769"
"40020","Harlem-Lake","2026-07-21T00:00:00.000","W","2410"
"40030","Pulaski-Lake","2026-07-21T00:00:00.000","W","1075"
"40040","Quincy/Wells","2026-07-21T00:00:00.000","W","6995"
"40050","Davis","2026-07-21T00:00:00.000","W","2382"
"40060","Belmont-O'Hare","2026-07-21T00:00:00.000","W","3755"
"40070","Jackson/Dearborn","2026-07-21T00:00:00.000","W","4438"
"40080","Sheridan","2026-07-21T00:00:00.000","W","3185"
"40090","Damen-Brown","2026-07-21T00:00:00.000","W","1587"
"40100","Morse","2026-07-21T00:00:00.000","W","2785"
"40120","35th/Archer","2026-07-21T00:00:00.000","W","1961"
"40130","51st","2026-07-21T00:00:00.000","W","642"
"40140","Dempster-Skokie","2026-07-21T00:00:00.000","W","1384"
"40150","Pulaski-Cermak","2026-07-21T00:00:00.000","W","787"
"40160","LaSalle/Van Buren","2026-07-21T00:00:00.000","W","2475"
"40170","Ashland-Lake","2026-07-21T00:00:00.000","W","1994"
"40180","Oak Park-Forest Park","2026-07-21T00:00:00.000","W","714"
"40190","Sox-35th-Dan Ryan","2026-07-21T00:00:00.000","W","2836"
"40210","Damen-Cermak","2026-07-21T00:00:00.000","W","1213"
"40220","Western-Forest Park","2026-07-21T00:00:00.000","W","625"
"40230","Cumberland","2026-07-21T00:00:00.000","W","2581"
"40240","79th","2026-07-21T00:00:00.000","W","3969"
"40250","Kedzie-Homan-Forest Park","2026-07-21T00:00:00.000","W","865"
"40260","State/Lake","2026-07-21T00:00:00.000","W","0"
"40270","Main","2026-07-21T00:00:00.000","W","734"
"40280","Central-Lake","2026-07-21T00:00:00.000","W","1265"
"40290","Ashland/63rd","2026-07-21T00:00:00.000","W","704"
"40300","Indiana","2026-07-21T00:00:00.000","W","633"
"40310","Western-Orange","2026-07-21T00:00:00.000","W","2504"
"40320","Division/Milwaukee","2026-07-21T00:00:00.000","W","4342"
"40330","Grand/State","2026-07-21T00:00:00.000","W","8919"
"40340","Berwyn","2026-07-21T00:00:00.000","W","2111"
"40350","UIC-Halsted","2026-07-21T00:00:00.000","W","2660"
"40360","Southport","2026-07-21T00:00:00.000","W","3076"
"40370","Washington/Dearborn","2026-07-21T00:00:00.000","W","9731"
"40380","Clark/Lake","2026-07-21T00:00:00.000","W","15918"
"40390","Forest Park","2026-07-21T00:00:00.000","W","1274"
"40400","Noyes","2026-07-21T00:00:00.000","W","652"
"40420","Cicero-Cermak","2026-07-21T00:00:00.000","W","786"
"40430","Clinton-Forest Park","2026-07-21T00:00:00.000","W","2668"
"40440","California-Cermak","2026-07-21T00:00:00.000","W","1040"
"40450","95th/Dan Ryan","2026-07-21T00:00:00.000","W","6232"
"40460","Merchandise Mart","2026-07-21T00:00:00.000","W","7299"
"40470","Racine","2026-07-21T00:00:00.000","W","717"
"40480","Cicero-Lake","2026-07-21T00:00:00.000","W","764"
"40490","Grand/Milwaukee","2026-07-21T00:00:00.000","W","3145"
"40510","Garfield-South Elevated","2026-07-21T00:00:00.000","W","954"
"40520","Foster","2026-07-21T00:00:00.000","W","564"
"40530","Diversey","2026-07-21T00:00:00.000","W","3853"
"40540","Wilson","2026-07-21T00:00:00.000","W","4953"
"40550","Irving Park-O'Hare","2026-07-21T00:00:00.000","W","3037"
"40560","Jackson/State","2026-07-21T00:00:00.000","W","4459"
"40570","California/Milwaukee","2026-07-21T00:00:00.000","W","3903"
"40580","54th/Cermak","2026-07-21T00:00:00.000","W","1826"
"40590","Damen/Milwaukee","2026-07-21T00:00:00.000","W","4883"
"40600","Kostner","2026-07-21T00:00:00.000","W","310"
"40610","Ridgeland","2026-07-21T00:00:00.000","W","950"
"40630","Clark/Division","2026-07-21T00:00:00.000","W","6301"
"40650","North/Clybourn","2026-07-21T00:00:00.000","W","3737"
"40660","Armitage","2026-07-21T00:00:00.000","W","3356"
"40670","Western/Milwaukee","2026-07-21T00:00:00.000","W","3744"
"40680","Adams/Wabash","2026-07-21T00:00:00.000","W","4131"
"40690","Dempster","2026-07-21T00:00:00.000","W","621"
"40700","Laramie","2026-07-21T00:00:00.000","W","680"
"40710","Chicago/Franklin","2026-07-21T00:00:00.000","W","5185"
"40720","East 63rd-Cottage Grove","2026-07-21T00:00:00.000","W","798"
"40730","Washington/Wells","2026-07-21T00:00:00.000","W","7640"
"40740","Western-Cermak","2026-07-21T00:00:00.000","W","908"
"40750","Harlem-O'Hare","2026-07-21T00:00:00.000","W","1627"
"40760","Granville","2026-07-21T00:00:00.000","W","2356"
"40770","Lawrence","2026-07-21T00:00:00.000","W","2038"
"40780","Central Park","2026-07-21T00:00:00.000","W","866"
"40790","Monroe/Dearborn","2026-07-21T00:00:00.000","W","4256"
"40800","Sedgwick","2026-07-21T00:00:00.000","W","3289"
"40810","Medical Center","2026-07-21T00:00:00.000","W","1616"
"40820","Rosemont","2026-07-21T00:00:00.000","W","4432"
"40830","18th","2026-07-21T00:00:00.000","W","1285"
"40840","South Boulevard","2026-07-21T00:00:00.000","W","560"
"40850","Library","2026-07-21T00:00:00.000","W","2398"
"40870","Francisco","2026-07-21T00:00:00.000","W","1087"
"40880","Thorndale","2026-07-21T00:00:00.000","W","1775"
"40890","O'Hare Airport","2026-07-21T00:00:00.000","W","9858"
"40900","Howard","2026-07-21T00:00:00.000","W","3609"
"40910","63rd-Dan Ryan","2026-07-21T00:00:00.000","W","1870"
"40920","Pulaski-Forest Park","2026-07-21T00:00:00.000","W","665"
"40930","Midway Airport","2026-07-21T00:00:00.000","W","5701"
"40940","Halsted/63rd","2026-07-21T00:00:00.000","W","415"
"40960","Pulaski-Orange","2026-07-21T00:00:00.000","W","3193"
"40970","Cicero-Forest Park","2026-07-21T00:00:00.000","W","604"
"40980","Harlem-Forest Park","2026-07-21T00:00:00.000","W","519"
"40990","69th","2026-07-21T00:00:00.000","W","2909"
"41000","Cermak-Chinatown","2026-07-21T00:00:00.000","W","5366"
"41010","Rockwell","2026-07-21T00:00:00.000","W","1204"
"41020","Logan Square","2026-07-21T00:00:00.000","W","5175"
"41030","Polk","2026-07-21T00:00:00.000","W","2467"
"41040","Kedzie-Cermak","2026-07-21T00:00:00.000","W","783"
"41050","Linden","2026-07-21T00:00:00.000","W","1082"
"41060","Ashland-Orange","2026-07-21T00:00:00.000","W","1211"
"41070","Kedzie-Lake","2026-07-21T00:00:00.000","W","733"
"41080","47th-South Elevated","2026-07-21T00:00:00.000","W","776"
"41090","Monroe/State","2026-07-21T00:00:00.000","W","5150"
"41120","35-Bronzeville-IIT","2026-07-21T00:00:00.000","W","1041"
"41130","Halsted-Orange","2026-07-21T00:00:00.000","W","1578"
"41140","King Drive","2026-07-21T00:00:00.000","W","340"
"41150","Kedzie-Midway","2026-07-21T00:00:00.000","W","2259"
"41160","Clinton-Lake","2026-07-21T00:00:00.000","W","3361"
"41170","Garfield-Dan Ryan","2026-07-21T00:00:00.000","W","2405"
"41180","Kedzie-Brown","2026-07-21T00:00:00.000","W","1503"
"41190","Jarvis","2026-07-21T00:00:00.000","W","1219"
"41200","Argyle","2026-07-21T00:00:00.000","W","2130"
"41210","Wellington","2026-07-21T00:00:00.000","W","2327"
"41220","Fullerton","2026-07-21T00:00:00.000","W","7416"
"41230","47th-Dan Ryan","2026-07-21T00:00:00.000","W","2087"
"41240","Addison-O'Hare","2026-07-21T00:00:00.000","W","2279"
"41250","Central-Evanston","2026-07-21T00:00:00.000","W","681"
"41260","Austin-Lake","2026-07-21T00:00:00.000","W","1009"
"41270","43rd","2026-07-21T00:00:00.000","W","454"
"41280","Jefferson Park","2026-07-21T00:00:00.000","W","4738"
"41290","Kimball","2026-07-21T00:00:00.000","W","2394"
"41300","Loyola","2026-07-21T00:00:00.000","W","3277"
"41310","Paulina","2026-07-21T00:00:00.000","W","2100"
"41320","Belmont-North Main","2026-07-21T00:00:00.000","W","8393"
"41330","Montrose-O'Hare","2026-07-21T00:00:00.000","W","1728"
"41340","LaSalle","2026-07-21T00:00:00.000","W","1598"
"41350","Oak Park-Lake","2026-07-21T00:00:00.000","W","888"
"41360","California-Lake","2026-07-21T00:00:00.000","W","801"
"41380","Bryn Mawr","2026-07-21T00:00:00.000","W","2902"
"41400","Roosevelt","2026-07-21T00:00:00.000","W","8090"
"41410","Chicago/Milwaukee","2026-07-21T00:00:00.000","W","2157"
"41420","Addison-North Main","2026-07-21T00:00:00.000","W","10932"
"41430","87th","2026-07-21T00:00:00.000","W","2211"
"41440","Addison-Brown","2026-07-21T00:00:00.000","W","1467"
"41450","Chicago/State","2026-07-21T00:00:00.000","W","9825"
"41460","Irving Park-Brown","2026-07-21T00:00:00.000","W","1945"
"41480","Western-Brown","2026-07-21T00:00:00.000","W","2217"
"41490","Harrison","2026-07-21T00:00:00.000","W","2610"
"41500","Montrose-Brown","2026-07-21T00:00:00.000","W","1736"
"41510","Morgan-Lake","2026-07-21T00:00:00.000","W","5050"
"41660","Lake/State","2026-07-21T00:00:00.000","W","13197"
"41670","Conservatory","2026-07-21T00:00:00.000","W","558"
"41680","Oakton-Skokie","2026-07-21T00:00:00.000","W","577"
"41690","Cermak-McCormick Place","2026-07-21T00:00:00.000","W","1472"
"41700","Washington/Wabash","2026-07-21T00:00:00.000","W","11727"
"41710","Damen-Lake","2026-07-20T00:00:00.000","W","1341"
"40010","Austin-Forest Park","2026-07-20T00:00:00.000","W","675"
"40020","Harlem-Lake","2026-07-20T00:00:00.000","W","2164"
"40030","Pulaski-Lake","2026-07-20T00:00:00.000","W","946"
"40040","Quincy/Wells","2026-07-20T00:00:00.000","W","5110"
"40050","Davis","2026-07-20T00:00:00.000","W","2192"
"40060","Belmont-O'Hare","2026-07-20T00:00:00.000","W","3271"
"40070","Jackson/Dearborn","2026-07-20T00:00:00.000","W","4054"
"40080","Sheridan","2026-07-20T00:00:00.000","W","2754"
"40090","Damen-Brown","2026-07-20T00:00:00.000","W","1418"
"40100","Morse","2026-07-20T00:00:00.000","W","2127"
"40120","35th/Archer","2026-07-20T00:00:00.000","W","1606"
"40130","51st","2026-07-20T00:00:00.000","W","585"
"40140","Dempster-Skokie","2026-07-20T00:00:00.000","W","1292"
"40150","Pulaski-Cermak","2026-07-20T00:00:00.000","W","721"
"40160","LaSalle/Van Buren","2026-07-20T00:00:00.000","W","1905"
"40170","Ashland-Lake","2026-07-20T00:00:00.000","W","1763"
"40180","Oak Park-Forest Park","2026-07-20T00:00:00.000","W","618"
"40190","Sox-35th-Dan Ryan","2026-07-20T00:00:00.000","W","2544"
"40210","Damen-Cermak","2026-07-20T00:00:00.000","W","1033"
"40220","Western-Forest Park","2026-07-20T00:00:00.000","W","581"
"40230","Cumberland","2026-07-20T00:00:00.000","W","1812"
"40240","79th","2026-07-20T00:00:00.000","W","3542"
"40250","Kedzie-Homan-Forest Park","2026-07-20T00:00:00.000","W","857"
"40260","State/Lake","2026-07-20T00:00:00.000","W","0"
"40270","Main","2026-07-20T00:00:00.000","W","665"
"40280","Central-Lake","2026-07-20T00:00:00.000","W","1238"
"40290","Ashland/63rd","2026-07-20T00:00:00.000","W","699"
"40300","Indiana","2026-07-20T00:00:00.000","W","556"
"40310","Western-Orange","2026-07-20T00:00:00.000","W","2302"
"40320","Division/Milwaukee","2026-07-20T00:00:00.000","W","3664"
"40330","Grand/State","2026-07-20T00:00:00.000","W","9079"
"40340","Berwyn","2026-07-20T00:00:00.000","W","1863"
"40350","UIC-Halsted","2026-07-20T00:00:00.000","W","2236"
"40360","Southport","2026-07-20T00:00:00.000","W","2478"
"40370","Washington/Dearborn","2026-07-20T00:00:00.000","W","8358"
"40380","Clark/Lake","2026-07-20T00:00:00.000","W","12317"
"40390","Forest Park","2026-07-20T00:00:00.000","W","1125"
"40400","Noyes","2026-07-20T00:00:00.000","W","601"
"40420","Cicero-Cermak","2026-07-20T00:00:00.000","W","725"
"40430","Clinton-Forest Park","2026-07-20T00:00:00.000","W","2206"
"40440","California-Cermak","2026-07-20T00:00:00.000","W","880"
"40450","95th/Dan Ryan","2026-07-20T00:00:00.000","W","5763"
"40460","Merchandise Mart","2026-07-20T00:00:00.000","W","4988"
"40470","Racine","2026-07-20T00:00:00.000","W","664"
"40480","Cicero-Lake","2026-07-20T00:00:00.000","W","674"
"40490","Grand/Milwaukee","2026-07-20T00:00:00.000","W","2595"
"40510","Garfield-South Elevated","2026-07-20T00:00:00.000","W","869"
"40520","Foster","2026-07-20T00:00:00.000","W","466"
"40530","Diversey","2026-07-20T00:00:00.000","W","3172"
"40540","Wilson","2026-07-20T00:00:00.000","W","4353"
"40550","Irving Park-O'Hare","2026-07-20T00:00:00.000","W","2650"
"40560","Jackson/State","2026-07-20T00:00:00.000","W","4010"
"40570","California/Milwaukee","2026-07-20T00:00:00.000","W","3123"
"40580","54th/Cermak","2026-07-20T00:00:00.000","W","1609"
"40590","Damen/Milwaukee","2026-07-20T00:00:00.000","W","3889"
"40600","Kostner","2026-07-20T00:00:00.000","W","296"
"40610","Ridgeland","2026-07-20T00:00:00.000","W","786"
"40630","Clark/Division","2026-07-20T00:00:00.000","W","5430"
"40650","North/Clybourn","2026-07-20T00:00:00.000","W","3316"
"40660","Armitage","2026-07-20T00:00:00.000","W","2669"
"40670","Western/Milwaukee","2026-07-20T00:00:00.000","W","3326"
"40680","Adams/Wabash","2026-07-20T00:00:00.000","W","3866"
"40690","Dempster","2026-07-20T00:00:00.000","W","592"
"40700","Laramie","2026-07-20T00:00:00.000","W","691"
"40710","Chicago/Franklin","2026-07-20T00:00:00.000","W","4130"
"40720","East 63rd-Cottage Grove","2026-07-20T00:00:00.000","W","767"
"40730","Washington/Wells","2026-07-20T00:00:00.000","W","5854"
"40740","Western-Cermak","2026-07-20T00:00:00.000","W","809"
"40750","Harlem-O'Hare","2026-07-20T00:00:00.000","W","1442"
"40760","Granville","2026-07-20T00:00:00.000","W","2058"
"40770","Lawrence","2026-07-20T00:00:00.000","W","2126"
"40780","Central Park","2026-07-20T00:00:00.000","W","706"
"40790","Monroe/Dearborn","2026-07-20T00:00:00.000","W","3544"
"40800","Sedgwick","2026-07-20T00:00:00.000","W","2619"
"40810","Medical Center","2026-07-20T00:00:00.000","W","1693"
"40820","Rosemont","2026-07-20T00:00:00.000","W","4132"
"40830","18th","2026-07-20T00:00:00.000","W","1117"
"40840","South Boulevard","2026-07-20T00:00:00.000","W","451"
"40850","Library","2026-07-20T00:00:00.000","W","2421"
"40870","Francisco","2026-07-20T00:00:00.000","W","889"
"40880","Thorndale","2026-07-20T00:00:00.000","W","1624"
"40890","O'Hare Airport","2026-07-20T00:00:00.000","W","10301"
"40900","Howard","2026-07-20T00:00:00.000","W","3451"
"40910","63rd-Dan Ryan","2026-07-20T00:00:00.000","W","1821"
"40920","Pulaski-Forest Park","2026-07-20T00:00:00.000","W","604"
"40930","Midway Airport","2026-07-20T00:00:00.000","W","5046"
"40940","Halsted/63rd","2026-07-20T00:00:00.000","W","331"
"40960","Pulaski-Orange","2026-07-20T00:00:00.000","W","2750"
"40970","Cicero-Forest Park","2026-07-20T00:00:00.000","W","528"
"40980","Harlem-Forest Park","2026-07-20T00:00:00.000","W","460"
"40990","69th","2026-07-20T00:00:00.000","W","2635"
"41000","Cermak-Chinatown","2026-07-20T00:00:00.000","W","5436"
"41010","Rockwell","2026-07-20T00:00:00.000","W","977"
"41020","Logan Square","2026-07-20T00:00:00.000","W","4375"
"41030","Polk","2026-07-20T00:00:00.000","W","2233"
"41040","Kedzie-Cermak","2026-07-20T00:00:00.000","W","779"
"41050","Linden","2026-07-20T00:00:00.000","W","854"
"41060","Ashland-Orange","2026-07-20T00:00:00.000","W","1160"
"41070","Kedzie-Lake","2026-07-20T00:00:00.000","W","621"
"41080","47th-South Elevated","2026-07-20T00:00:00.000","W","723"
"41090","Monroe/State","2026-07-20T00:00:00.000","W","4722"
"41120","35-Bronzeville-IIT","2026-07-20T00:00:00.000","W","955"
"41130","Halsted-Orange","2026-07-20T00:00:00.000","W","1468"
"41140","King Drive","2026-07-20T00:00:00.000","W","278"
"41150","Kedzie-Midway","2026-07-20T00:00:00.000","W","2108"
"41160","Clinton-Lake","2026-07-20T00:00:00.000","W","2723"
"41170","Garfield-Dan Ryan","2026-07-20T00:00:00.000","W","2249"
"41180","Kedzie-Brown","2026-07-20T00:00:00.000","W","1324"
"41190","Jarvis","2026-07-20T00:00:00.000","W","1087"
"41200","Argyle","2026-07-20T00:00:00.000","W","1982"
"41210","Wellington","2026-07-20T00:00:00.000","W","1800"
"41220","Fullerton","2026-07-20T00:00:00.000","W","6328"
"41230","47th-Dan Ryan","2026-07-20T00:00:00.000","W","1909"
"41240","Addison-O'Hare","2026-07-20T00:00:00.000","W","1780"
"41250","Central-Evanston","2026-07-20T00:00:00.000","W","600"
"41260","Austin-Lake","2026-07-20T00:00:00.000","W","880"
"41270","43rd","2026-07-20T00:00:00.000","W","378"
"41280","Jefferson Park","2026-07-20T00:00:00.000","W","4253"
"41290","Kimball","2026-07-20T00:00:00.000","W","2278"
"41300","Loyola","2026-07-20T00:00:00.000","W","2847"
"41310","Paulina","2026-07-20T00:00:00.000","W","1630"
"41320","Belmont-North Main","2026-07-20T00:00:00.000","W","7171"
"41330","Montrose-O'Hare","2026-07-20T00:00:00.000","W","1538"
"41340","LaSalle","2026-07-20T00:00:00.000","W","1474"
"41350","Oak Park-Lake","2026-07-20T00:00:00.000","W","718"
"41360","California-Lake","2026-07-20T00:00:00.000","W","726"
"41380","Bryn Mawr","2026-07-20T00:00:00.000","W","2662"
"41400","Roosevelt","2026-07-20T00:00:00.000","W","7459"
"41410","Chicago/Milwaukee","2026-07-20T00:00:00.000","W","1716"
"41420","Addison-North Main","2026-07-20T00:00:00.000","W","11940"
"41430","87th","2026-07-20T00:00:00.000","W","1959"
"41440","Addison-Brown","2026-07-20T00:00:00.000","W","1164"
"41450","Chicago/State","2026-07-20T00:00:00.000","W","8590"
"41460","Irving Park-Brown","2026-07-20T00:00:00.000","W","1575"
"41480","Western-Brown","2026-07-20T00:00:00.000","W","1683"
"41490","Harrison","2026-07-20T00:00:00.000","W","2420"
"41500","Montrose-Brown","2026-07-20T00:00:00.000","W","1383"
"41510","Morgan-Lake","2026-07-20T00:00:00.000","W","3912"
"41660","Lake/State","2026-07-20T00:00:00.000","W","11617"
"41670","Conservatory","2026-07-20T00:00:00.000","W","542"
"41680","Oakton-Skokie","2026-07-20T00:00:00.000","W","481"
"41690","Cermak-McCormick Place","2026-07-20T00:00:00.000","W","1425"
"41700","Washington/Wabash","2026-07-20T00:00:00.000","W","9960"
"41710","Damen-Lake","2026-07-19T00:00:00.000","U","460"
"40010","Austin-Forest Park","2026-07-19T00:00:00.000","U","324"
"40020","Harlem-Lake","2026-07-19T00:00:00.000","U","1276"
"40030","Pulaski-Lake","2026-07-19T00:00:00.000","U","577"
"40040","Quincy/Wells","2026-07-19T00:00:00.000","U","1611"
"40050","Davis","2026-07-19T00:00:00.000","U","1400"
"40060","Belmont-O'Hare","2026-07-19T00:00:00.000","U","2200"
"40070","Jackson/Dearborn","2026-07-19T00:00:00.000","U","3171"
"40080","Sheridan","2026-07-19T00:00:00.000","U","2102"
"40090","Damen-Brown","2026-07-19T00:00:00.000","U","933"
"40100","Morse","2026-07-19T00:00:00.000","U","1604"
"40120","35th/Archer","2026-07-19T00:00:00.000","U","759"
"40130","51st","2026-07-19T00:00:00.000","U","420"
"40140","Dempster-Skokie","2026-07-19T00:00:00.000","U","1293"
"40150","Pulaski-Cermak","2026-07-19T00:00:00.000","U","402"
"40160","LaSalle/Van Buren","2026-07-19T00:00:00.000","U","777"
"40170","Ashland-Lake","2026-07-19T00:00:00.000","U","919"
"40180","Oak Park-Forest Park","2026-07-19T00:00:00.000","U","286"
"40190","Sox-35th-Dan Ryan","2026-07-19T00:00:00.000","U","1751"
"40210","Damen-Cermak","2026-07-19T00:00:00.000","U","633"
"40220","Western-Forest Park","2026-07-19T00:00:00.000","U","462"
"40230","Cumberland","2026-07-19T00:00:00.000","U","1589"
"40240","79th","2026-07-19T00:00:00.000","U","2543"
"40250","Kedzie-Homan-Forest Park","2026-07-19T00:00:00.000","U","604"
"40260","State/Lake","2026-07-19T00:00:00.000","U","0"
"40270","Main","2026-07-19T00:00:00.000","U","472"
"40280","Central-Lake","2026-07-19T00:00:00.000","U","643"
"40290","Ashland/63rd","2026-07-19T00:00:00.000","U","412"
"40300","Indiana","2026-07-19T00:00:00.000","U","330"
"40310","Western-Orange","2026-07-19T00:00:00.000","U","1144"
"40320","Division/Milwaukee","2026-07-19T00:00:00.000","U","2845"
"40330","Grand/State","2026-07-19T00:00:00.000","U","8853"
"40340","Berwyn","2026-07-19T00:00:00.000","U","1499"
"40350","UIC-Halsted","2026-07-19T00:00:00.000","U","1344"
"40360","Southport","2026-07-19T00:00:00.000","U","1669"
"40370","Washington/Dearborn","2026-07-19T00:00:00.000","U","6792"
"40380","Clark/Lake","2026-07-19T00:00:00.000","U","4979"
"40390","Forest Park","2026-07-19T00:00:00.000","U","627"
"40400","Noyes","2026-07-19T00:00:00.000","U","302"
"40420","Cicero-Cermak","2026-07-19T00:00:00.000","U","513"
"40430","Clinton-Forest Park","2026-07-19T00:00:00.000","U","1161"
"40440","California-Cermak","2026-07-19T00:00:00.000","U","515"
"40450","95th/Dan Ryan","2026-07-19T00:00:00.000","U","3773"
"40460","Merchandise Mart","2026-07-19T00:00:00.000","U","1937"
"40470","Racine","2026-07-19T00:00:00.000","U","421"
"40480","Cicero-Lake","2026-07-19T00:00:00.000","U","431"
"40490","Grand/Milwaukee","2026-07-19T00:00:00.000","U","2946"
"40510","Garfield-South Elevated","2026-07-19T00:00:00.000","U","577"
"40520","Foster","2026-07-19T00:00:00.000","U","336"
"40530","Diversey","2026-07-19T00:00:00.000","U","1524"
"40540","Wilson","2026-07-19T00:00:00.000","U","2977"
"40550","Irving Park-O'Hare","2026-07-19T00:00:00.000","U","1638"
"40560","Jackson/State","2026-07-19T00:00:00.000","U","3233"
"40570","California/Milwaukee","2026-07-19T00:00:00.000","U","2509"
"40580","54th/Cermak","2026-07-19T00:00:00.000","U","1074"
"40590","Damen/Milwaukee","2026-07-19T00:00:00.000","U","3896"
"40600","Kostner","2026-07-19T00:00:00.000","U","155"
"40610","Ridgeland","2026-07-19T00:00:00.000","U","329"
"40630","Clark/Division","2026-07-19T00:00:00.000","U","4622"
"40650","North/Clybourn","2026-07-19T00:00:00.000","U","2998"
"40660","Armitage","2026-07-19T00:00:00.000","U","1889"
"40670","Western/Milwaukee","2026-07-19T00:00:00.000","U","2293"
"40680","Adams/Wabash","2026-07-19T00:00:00.000","U","45"
"40690","Dempster","2026-07-19T00:00:00.000","U","422"
"40700","Laramie","2026-07-19T00:00:00.000","U","385"
"40710","Chicago/Franklin","2026-07-19T00:00:00.000","U","1921"
"40720","East 63rd-Cottage Grove","2026-07-19T00:00:00.000","U","447"
"40730","Washington/Wells","2026-07-19T00:00:00.000","U","3860"
"40740","Western-Cermak","2026-07-19T00:00:00.000","U","464"
"40750","Harlem-O'Hare","2026-07-19T00:00:00.000","U","818"
"40760","Granville","2026-07-19T00:00:00.000","U","1784"
"40770","Lawrence","2026-07-19T00:00:00.000","U","1627"
"40780","Central Park","2026-07-19T00:00:00.000","U","463"
"40790","Monroe/Dearborn","2026-07-19T00:00:00.000","U","1352"
"40800","Sedgwick","2026-07-19T00:00:00.000","U","1661"
"40810","Medical Center","2026-07-19T00:00:00.000","U","530"
"40820","Rosemont","2026-07-19T00:00:00.000","U","3102"
"40830","18th","2026-07-19T00:00:00.000","U","865"
"40840","South Boulevard","2026-07-19T00:00:00.000","U","235"
"40850","Library","2026-07-19T00:00:00.000","U","3191"
"40870","Francisco","2026-07-19T00:00:00.000","U","521"
"40880","Thorndale","2026-07-19T00:00:00.000","U","1281"
"40890","O'Hare Airport","2026-07-19T00:00:00.000","U","10193"
"40900","Howard","2026-07-19T00:00:00.000","U","2475"
"40910","63rd-Dan Ryan","2026-07-19T00:00:00.000","U","1299"
"40920","Pulaski-Forest Park","2026-07-19T00:00:00.000","U","479"
"40930","Midway Airport","2026-07-19T00:00:00.000","U","2974"
"40940","Halsted/63rd","2026-07-19T00:00:00.000","U","217"
"40960","Pulaski-Orange","2026-07-19T00:00:00.000","U","1292"
"40970","Cicero-Forest Park","2026-07-19T00:00:00.000","U","343"
"40980","Harlem-Forest Park","2026-07-19T00:00:00.000","U","200"
"40990","69th","2026-07-19T00:00:00.000","U","1929"
"41000","Cermak-Chinatown","2026-07-19T00:00:00.000","U","6563"
"41010","Rockwell","2026-07-19T00:00:00.000","U","582"
"41020","Logan Square","2026-07-19T00:00:00.000","U","3862"
"41030","Polk","2026-07-19T00:00:00.000","U","482"
"41040","Kedzie-Cermak","2026-07-19T00:00:00.000","U","447"
"41050","Linden","2026-07-19T00:00:00.000","U","671"
"41060","Ashland-Orange","2026-07-19T00:00:00.000","U","659"
"41070","Kedzie-Lake","2026-07-19T00:00:00.000","U","438"
"41080","47th-South Elevated","2026-07-19T00:00:00.000","U","433"
"41090","Monroe/State","2026-07-19T00:00:00.000","U","3227"
"41120","35-Bronzeville-IIT","2026-07-19T00:00:00.000","U","469"
"41130","Halsted-Orange","2026-07-19T00:00:00.000","U","862"
"41140","King Drive","2026-07-19T00:00:00.000","U","184"
"41150","Kedzie-Midway","2026-07-19T00:00:00.000","U","1012"
"41160","Clinton-Lake","2026-07-19T00:00:00.000","U","1550"
"41170","Garfield-Dan Ryan","2026-07-19T00:00:00.000","U","1481"
"41180","Kedzie-Brown","2026-07-19T00:00:00.000","U","978"
"41190","Jarvis","2026-07-19T00:00:00.000","U","956"
"41200","Argyle","2026-07-19T00:00:00.000","U","1661"
"41210","Wellington","2026-07-19T00:00:00.000","U","773"
"41220","Fullerton","2026-07-19T00:00:00.000","U","5098"
"41230","47th-Dan Ryan","2026-07-19T00:00:00.000","U","1388"
"41240","Addison-O'Hare","2026-07-19T00:00:00.000","U","1144"
"41250","Central-Evanston","2026-07-19T00:00:00.000","U","266"
"41260","Austin-Lake","2026-07-19T00:00:00.000","U","480"
"41270","43rd","2026-07-19T00:00:00.000","U","218"
"41280","Jefferson Park","2026-07-19T00:00:00.000","U","2506"
"41290","Kimball","2026-07-19T00:00:00.000","U","1550"
"41300","Loyola","2026-07-19T00:00:00.000","U","2210"
"41310","Paulina","2026-07-19T00:00:00.000","U","921"
"41320","Belmont-North Main","2026-07-19T00:00:00.000","U","6187"
"41330","Montrose-O'Hare","2026-07-19T00:00:00.000","U","887"
"41340","LaSalle","2026-07-19T00:00:00.000","U","1063"
"41350","Oak Park-Lake","2026-07-19T00:00:00.000","U","411"
"41360","California-Lake","2026-07-19T00:00:00.000","U","370"
"41380","Bryn Mawr","2026-07-19T00:00:00.000","U","2243"
"41400","Roosevelt","2026-07-19T00:00:00.000","U","6241"
"41410","Chicago/Milwaukee","2026-07-19T00:00:00.000","U","1308"
"41420","Addison-North Main","2026-07-19T00:00:00.000","U","12219"
"41430","87th","2026-07-19T00:00:00.000","U","1533"
"41440","Addison-Brown","2026-07-19T00:00:00.000","U","621"
"41450","Chicago/State","2026-07-19T00:00:00.000","U","6631"
"41460","Irving Park-Brown","2026-07-19T00:00:00.000","U","926"
"41480","Western-Brown","2026-07-19T00:00:00.000","U","1188"
"41490","Harrison","2026-07-19T00:00:00.000","U","2329"
"41500","Montrose-Brown","2026-07-19T00:00:00.000","U","972"
"41510","Morgan-Lake","2026-07-19T00:00:00.000","U","3746"
"41660","Lake/State","2026-07-19T00:00:00.000","U","9533"
"41670","Conservatory","2026-07-19T00:00:00.000","U","398"
"41680","Oakton-Skokie","2026-07-19T00:00:00.000","U","310"
"41690","Cermak-McCormick Place","2026-07-19T00:00:00.000","U","1174"
"41700","Washington/Wabash","2026-07-19T00:00:00.000","U","38"
"41710","Damen-Lake","2026-07-18T00:00:00.000","A","1053"
"40010","Austin-Forest Park","2026-07-18T00:00:00.000","A","360"
"40020","Harlem-Lake","2026-07-18T00:00:00.000","A","1515"
"40030","Pulaski-Lake","2026-07-18T00:00:00.000","A","674"
"40040","Quincy/Wells","2026-07-18T00:00:00.000","A","2152"
"40050","Davis","2026-07-18T00:00:00.000","A","1950"
"40060","Belmont-O'Hare","2026-07-18T00:00:00.000","A","2517"
"40070","Jackson/Dearborn","2026-07-18T00:00:00.000","A","3262"
"40080","Sheridan","2026-07-18T00:00:00.000","A","2778"
"40090","Damen-Brown","2026-07-18T00:00:00.000","A","1165"
"40100","Morse","2026-07-18T00:00:00.000","A","2543"
"40120","35th/Archer","2026-07-18T00:00:00.000","A","976"
"40130","51st","2026-07-18T00:00:00.000","A","513"
"40140","Dempster-Skokie","2026-07-18T00:00:00.000","A","1409"
"40150","Pulaski-Cermak","2026-07-18T00:00:00.000","A","514"
"40160","LaSalle/Van Buren","2026-07-18T00:00:00.000","A","952"
"40170","Ashland-Lake","2026-07-18T00:00:00.000","A","1313"
"40180","Oak Park-Forest Park","2026-07-18T00:00:00.000","A","326"
"40190","Sox-35th-Dan Ryan","2026-07-18T00:00:00.000","A","2128"
"40210","Damen-Cermak","2026-07-18T00:00:00.000","A","854"
"40220","Western-Forest Park","2026-07-18T00:00:00.000","A","477"
"40230","Cumberland","2026-07-18T00:00:00.000","A","1925"
"40240","79th","2026-07-18T00:00:00.000","A","2936"
"40250","Kedzie-Homan-Forest Park","2026-07-18T00:00:00.000","A","675"
"40260","State/Lake","2026-07-18T00:00:00.000","A","0"
"40270","Main","2026-07-18T00:00:00.000","A","592"
"40280","Central-Lake","2026-07-18T00:00:00.000","A","959"
"40290","Ashland/63rd","2026-07-18T00:00:00.000","A","507"
"40300","Indiana","2026-07-18T00:00:00.000","A","411"
"40310","Western-Orange","2026-07-18T00:00:00.000","A","1405"
"40320","Division/Milwaukee","2026-07-18T00:00:00.000","A","3305"
"40330","Grand/State","2026-07-18T00:00:00.000","A","11805"
"40340","Berwyn","2026-07-18T00:00:00.000","A","1687"
"40350","UIC-Halsted","2026-07-18T00:00:00.000","A","1641"
"40360","Southport","2026-07-18T00:00:00.000","A","2394"
"40370","Washington/Dearborn","2026-07-18T00:00:00.000","A","7409"
"40380","Clark/Lake","2026-07-18T00:00:00.000","A","6005"
"40390","Forest Park","2026-07-18T00:00:00.000","A","694"
"40400","Noyes","2026-07-18T00:00:00.000","A","550"
"40420","Cicero-Cermak","2026-07-18T00:00:00.000","A","554"
"40430","Clinton-Forest Park","2026-07-18T00:00:00.000","A","1366"
"40440","California-Cermak","2026-07-18T00:00:00.000","A","690"
"40450","95th/Dan Ryan","2026-07-18T00:00:00.000","A","4426"
"40460","Merchandise Mart","2026-07-18T00:00:00.000","A","2845"
"40470","Racine","2026-07-18T00:00:00.000","A","380"
"40480","Cicero-Lake","2026-07-18T00:00:00.000","A","560"
"40490","Grand/Milwaukee","2026-07-18T00:00:00.000","A","2882"
"40510","Garfield-South Elevated","2026-07-18T00:00:00.000","A","667"
"40520","Foster","2026-07-18T00:00:00.000","A","446"
"40530","Diversey","2026-07-18T00:00:00.000","A","2200"
"40540","Wilson","2026-07-18T00:00:00.000","A","3699"
"40550","Irving Park-O'Hare","2026-07-18T00:00:00.000","A","1995"
"40560","Jackson/State","2026-07-18T00:00:00.000","A","4333"
"40570","California/Milwaukee","2026-07-18T00:00:00.000","A","2904"
"40580","54th/Cermak","2026-07-18T00:00:00.000","A","1231"
"40590","Damen/Milwaukee","2026-07-18T00:00:00.000","A","4782"
"40600","Kostner","2026-07-18T00:00:00.000","A","165"
"40610","Ridgeland","2026-07-18T00:00:00.000","A","446"
"40630","Clark/Division","2026-07-18T00:00:00.000","A","6602"
"40650","North/Clybourn","2026-07-18T00:00:00.000","A","3709"
"40660","Armitage","2026-07-18T00:00:00.000","A","3130"
"40670","Western/Milwaukee","2026-07-18T00:00:00.000","A","2587"
"40680","Adams/Wabash","2026-07-18T00:00:00.000","A","124"
"40690","Dempster","2026-07-18T00:00:00.000","A","530"
"40700","Laramie","2026-07-18T00:00:00.000","A","451"
"40710","Chicago/Franklin","2026-07-18T00:00:00.000","A","3365"
"40720","East 63rd-Cottage Grove","2026-07-18T00:00:00.000","A","540"
"40730","Washington/Wells","2026-07-18T00:00:00.000","A","4859"
"40740","Western-Cermak","2026-07-18T00:00:00.000","A","637"
"40750","Harlem-O'Hare","2026-07-18T00:00:00.000","A","1005"
"40760","Granville","2026-07-18T00:00:00.000","A","1959"
"40770","Lawrence","2026-07-18T00:00:00.000","A","1929"
"40780","Central Park","2026-07-18T00:00:00.000","A","537"
"40790","Monroe/Dearborn","2026-07-18T00:00:00.000","A","1370"
"40800","Sedgwick","2026-07-18T00:00:00.000","A","2269"
"40810","Medical Center","2026-07-18T00:00:00.000","A","921"
"40820","Rosemont","2026-07-18T00:00:00.000","A","3868"
"40830","18th","2026-07-18T00:00:00.000","A","1201"
"40840","South Boulevard","2026-07-18T00:00:00.000","A","330"
"40850","Library","2026-07-18T00:00:00.000","A","3762"
"40870","Francisco","2026-07-18T00:00:00.000","A","731"
"40880","Thorndale","2026-07-18T00:00:00.000","A","1546"
"40890","O'Hare Airport","2026-07-18T00:00:00.000","A","8991"
"40900","Howard","2026-07-18T00:00:00.000","A","2850"
"40910","63rd-Dan Ryan","2026-07-18T00:00:00.000","A","1472"
"40920","Pulaski-Forest Park","2026-07-18T00:00:00.000","A","460"
"40930","Midway Airport","2026-07-18T00:00:00.000","A","3454"
"40940","Halsted/63rd","2026-07-18T00:00:00.000","A","249"
"40960","Pulaski-Orange","2026-07-18T00:00:00.000","A","1579"
"40970","Cicero-Forest Park","2026-07-18T00:00:00.000","A","396"
"40980","Harlem-Forest Park","2026-07-18T00:00:00.000","A","264"
"40990","69th","2026-07-18T00:00:00.000","A","2120"
"41000","Cermak-Chinatown","2026-07-18T00:00:00.000","A","8714"
"41010","Rockwell","2026-07-18T00:00:00.000","A","809"
"41020","Logan Square","2026-07-18T00:00:00.000","A","4210"
"41030","Polk","2026-07-18T00:00:00.000","A","576"
"41040","Kedzie-Cermak","2026-07-18T00:00:00.000","A","544"
"41050","Linden","2026-07-18T00:00:00.000","A","877"
"41060","Ashland-Orange","2026-07-18T00:00:00.000","A","761"
"41070","Kedzie-Lake","2026-07-18T00:00:00.000","A","547"
"41080","47th-South Elevated","2026-07-18T00:00:00.000","A","547"
"41090","Monroe/State","2026-07-18T00:00:00.000","A","4199"
"41120","35-Bronzeville-IIT","2026-07-18T00:00:00.000","A","570"
"41130","Halsted-Orange","2026-07-18T00:00:00.000","A","1012"
"41140","King Drive","2026-07-18T00:00:00.000","A","227"
"41150","Kedzie-Midway","2026-07-18T00:00:00.000","A","1333"
"41160","Clinton-Lake","2026-07-18T00:00:00.000","A","2023"
"41170","Garfield-Dan Ryan","2026-07-18T00:00:00.000","A","1860"
"41180","Kedzie-Brown","2026-07-18T00:00:00.000","A","1159"
"41190","Jarvis","2026-07-18T00:00:00.000","A","1139"
"41200","Argyle","2026-07-18T00:00:00.000","A","2197"
"41210","Wellington","2026-07-18T00:00:00.000","A","1150"
"41220","Fullerton","2026-07-18T00:00:00.000","A","6711"
"41230","47th-Dan Ryan","2026-07-18T00:00:00.000","A","1559"
"41240","Addison-O'Hare","2026-07-18T00:00:00.000","A","1312"
"41250","Central-Evanston","2026-07-18T00:00:00.000","A","370"
"41260","Austin-Lake","2026-07-18T00:00:00.000","A","545"
"41270","43rd","2026-07-18T00:00:00.000","A","279"
"41280","Jefferson Park","2026-07-18T00:00:00.000","A","3266"
"41290","Kimball","2026-07-18T00:00:00.000","A","1914"
"41300","Loyola","2026-07-18T00:00:00.000","A","2661"
"41310","Paulina","2026-07-18T00:00:00.000","A","1552"
"41320","Belmont-North Main","2026-07-18T00:00:00.000","A","7837"
"41330","Montrose-O'Hare","2026-07-18T00:00:00.000","A","1010"
"41340","LaSalle","2026-07-18T00:00:00.000","A","1175"
"41350","Oak Park-Lake","2026-07-18T00:00:00.000","A","549"
"41360","California-Lake","2026-07-18T00:00:00.000","A","471"
"41380","Bryn Mawr","2026-07-18T00:00:00.000","A","2628"
"41400","Roosevelt","2026-07-18T00:00:00.000","A","8012"
"41410","Chicago/Milwaukee","2026-07-18T00:00:00.000","A","1386"
"41420","Addison-North Main","2026-07-18T00:00:00.000","A","14670"
"41430","87th","2026-07-18T00:00:00.000","A","1644"
"41440","Addison-Brown","2026-07-18T00:00:00.000","A","775"
"41450","Chicago/State","2026-07-18T00:00:00.000","A","8736"
"41460","Irving Park-Brown","2026-07-18T00:00:00.000","A","1429"
"41480","Western-Brown","2026-07-18T00:00:00.000","A","1622"
"41490","Harrison","2026-07-18T00:00:00.000","A","3280"
"41500","Montrose-Brown","2026-07-18T00:00:00.000","A","1175"
"41510","Morgan-Lake","2026-07-18T00:00:00.000","A","3934"
"41660","Lake/State","2026-07-18T00:00:00.000","A","11392"
"41670","Conservatory","2026-07-18T00:00:00.000","A","476"
"41680","Oakton-Skokie","2026-07-18T00:00:00.000","A","283"
"41690","Cermak-McCormick Place","2026-07-18T00:00:00.000","A","1422"
"41700","Washington/Wabash","2026-07-18T00:00:00.000","A","288"
"41710","Damen-Lake","2026-07-17T00:00:00.000","W","782"
"40010","Austin-Forest Park","2026-07-17T00:00:00.000","W","590"
"40020","Harlem-Lake","2026-07-17T00:00:00.000","W","2169"
"40030","Pulaski-Lake","2026-07-17T00:00:00.000","W","1040"
"40040","Quincy/Wells","2026-07-17T00:00:00.000","W","3421"
"40050","Davis","2026-07-17T00:00:00.000","W","2094"
"40060","Belmont-O'Hare","2026-07-17T00:00:00.000","W","3106"
"40070","Jackson/Dearborn","2026-07-17T00:00:00.000","W","3451"
"40080","Sheridan","2026-07-17T00:00:00.000","W","2800"
"40090","Damen-Brown","2026-07-17T00:00:00.000","W","1266"
"40100","Morse","2026-07-17T00:00:00.000","W","2646"
"40120","35th/Archer","2026-07-17T00:00:00.000","W","1517"
"40130","51st","2026-07-17T00:00:00.000","W","593"
"40140","Dempster-Skokie","2026-07-17T00:00:00.000","W","1116"
"40150","Pulaski-Cermak","2026-07-17T00:00:00.000","W","650"
"40160","LaSalle/Van Buren","2026-07-17T00:00:00.000","W","1457"
"40170","Ashland-Lake","2026-07-17T00:00:00.000","W","1773"
"40180","Oak Park-Forest Park","2026-07-17T00:00:00.000","W","502"
"40190","Sox-35th-Dan Ryan","2026-07-17T00:00:00.000","W","2452"
"40210","Damen-Cermak","2026-07-17T00:00:00.000","W","1087"
"40220","Western-Forest Park","2026-07-17T00:00:00.000","W","552"
"40230","Cumberland","2026-07-17T00:00:00.000","W","2300"
"40240","79th","2026-07-17T00:00:00.000","W","3596"
"40250","Kedzie-Homan-Forest Park","2026-07-17T00:00:00.000","W","847"
"40260","State/Lake","2026-07-17T00:00:00.000","W","0"
"40270","Main","2026-07-17T00:00:00.000","W","612"
"40280","Central-Lake","2026-07-17T00:00:00.000","W","1195"
"40290","Ashland/63rd","2026-07-17T00:00:00.000","W","631"
"40300","Indiana","2026-07-17T00:00:00.000","W","527"
"40310","Western-Orange","2026-07-17T00:00:00.000","W","2189"
"40320","Division/Milwaukee","2026-07-17T00:00:00.000","W","3561"
"40330","Grand/State","2026-07-17T00:00:00.000","W","10549"
"40340","Berwyn","2026-07-17T00:00:00.000","W","1824"
"40350","UIC-Halsted","2026-07-17T00:00:00.000","W","2051"
"40360","Southport","2026-07-17T00:00:00.000","W","2335"
"40370","Washington/Dearborn","2026-07-17T00:00:00.000","W","7359"
"40380","Clark/Lake","2026-07-17T00:00:00.000","W","10303"
"40390","Forest Park","2026-07-17T00:00:00.000","W","1112"
"40400","Noyes","2026-07-17T00:00:00.000","W","538"
"40420","Cicero-Cermak","2026-07-17T00:00:00.000","W","675"
"40430","Clinton-Forest Park","2026-07-17T00:00:00.000","W","1738"
"40440","California-Cermak","2026-07-17T00:00:00.000","W","927"
"40450","95th/Dan Ryan","2026-07-17T00:00:00.000","W","5794"
"40460","Merchandise Mart","2026-07-17T00:00:00.000","W","3621"
"40470","Racine","2026-07-17T00:00:00.000","W","575"
"40480","Cicero-Lake","2026-07-17T00:00:00.000","W","764"
"40490","Grand/Milwaukee","2026-07-17T00:00:00.000","W","2672"
"40510","Garfield-South Elevated","2026-07-17T00:00:00.000","W","797"
"40520","Foster","2026-07-17T00:00:00.000","W","480"
"40530","Diversey","2026-07-17T00:00:00.000","W","2729"
"40540","Wilson","2026-07-17T00:00:00.000","W","4140"
"40550","Irving Park-O'Hare","2026-07-17T00:00:00.000","W","2417"
"40560","Jackson/State","2026-07-17T00:00:00.000","W","4084"
"40570","California/Milwaukee","2026-07-17T00:00:00.000","W","2950"
"40580","54th/Cermak","2026-07-17T00:00:00.000","W","1413"
"40590","Damen/Milwaukee","2026-07-17T00:00:00.000","W","3852"
"40600","Kostner","2026-07-17T00:00:00.000","W","247"
"40610","Ridgeland","2026-07-17T00:00:00.000","W","580"
"40630","Clark/Division","2026-07-17T00:00:00.000","W","5755"
"40650","North/Clybourn","2026-07-17T00:00:00.000","W","3359"
"40660","Armitage","2026-07-17T00:00:00.000","W","2796"
"40670","Western/Milwaukee","2026-07-17T00:00:00.000","W","2954"
"40680","Adams/Wabash","2026-07-17T00:00:00.000","W","3526"
"40690","Dempster","2026-07-17T00:00:00.000","W","523"
"40700","Laramie","2026-07-17T00:00:00.000","W","658"
"40710","Chicago/Franklin","2026-07-17T00:00:00.000","W","4104"
"40720","East 63rd-Cottage Grove","2026-07-17T00:00:00.000","W","743"
"40730","Washington/Wells","2026-07-17T00:00:00.000","W","3794"
"40740","Western-Cermak","2026-07-17T00:00:00.000","W","831"
"40750","Harlem-O'Hare","2026-07-17T00:00:00.000","W","1398"
"40760","Granville","2026-07-17T00:00:00.000","W","2071"
"40770","Lawrence","2026-07-17T00:00:00.000","W","2090"
"40780","Central Park","2026-07-17T00:00:00.000","W","743"
"40790","Monroe/Dearborn","2026-07-17T00:00:00.000","W","2547"
"40800","Sedgwick","2026-07-17T00:00:00.000","W","2464"
"40810","Medical Center","2026-07-17T00:00:00.000","W","1259"
"40820","Rosemont","2026-07-17T00:00:00.000","W","4198"
"40830","18th","2026-07-17T00:00:00.000","W","1283"
"40840","South Boulevard","2026-07-17T00:00:00.000","W","341"
"40850","Library","2026-07-17T00:00:00.000","W","2379"
"40870","Francisco","2026-07-17T00:00:00.000","W","852"
"40880","Thorndale","2026-07-17T00:00:00.000","W","1663"
"40890","O'Hare Airport","2026-07-17T00:00:00.000","W","11340"
"40900","Howard","2026-07-17T00:00:00.000","W","3331"
"40910","63rd-Dan Ryan","2026-07-17T00:00:00.000","W","1784"
"40920","Pulaski-Forest Park","2026-07-17T00:00:00.000","W","586"
"40930","Midway Airport","2026-07-17T00:00:00.000","W","5423"
"40940","Halsted/63rd","2026-07-17T00:00:00.000","W","327"
"40960","Pulaski-Orange","2026-07-17T00:00:00.000","W","2507"
"40970","Cicero-Forest Park","2026-07-17T00:00:00.000","W","547"
"40980","Harlem-Forest Park","2026-07-17T00:00:00.000","W","383"
"40990","69th","2026-07-17T00:00:00.000","W","2802"
"41000","Cermak-Chinatown","2026-07-17T00:00:00.000","W","6085"
"41010","Rockwell","2026-07-17T00:00:00.000","W","797"
"41020","Logan Square","2026-07-17T00:00:00.000","W","4317"
"41030","Polk","2026-07-17T00:00:00.000","W","1887"
"41040","Kedzie-Cermak","2026-07-17T00:00:00.000","W","718"
"41050","Linden","2026-07-17T00:00:00.000","W","817"
"41060","Ashland-Orange","2026-07-17T00:00:00.000","W","1065"
"41070","Kedzie-Lake","2026-07-17T00:00:00.000","W","669"
"41080","47th-South Elevated","2026-07-17T00:00:00.000","W","724"
"41090","Monroe/State","2026-07-17T00:00:00.000","W","3980"
"41120","35-Bronzeville-IIT","2026-07-17T00:00:00.000","W","757"
"41130","Halsted-Orange","2026-07-17T00:00:00.000","W","1303"
"41140","King Drive","2026-07-17T00:00:00.000","W","281"
"41150","Kedzie-Midway","2026-07-17T00:00:00.000","W","1917"
"41160","Clinton-Lake","2026-07-17T00:00:00.000","W","2431"
"41170","Garfield-Dan Ryan","2026-07-17T00:00:00.000","W","2307"
"41180","Kedzie-Brown","2026-07-17T00:00:00.000","W","1302"
"41190","Jarvis","2026-07-17T00:00:00.000","W","1164"
"41200","Argyle","2026-07-17T00:00:00.000","W","2031"
"41210","Wellington","2026-07-17T00:00:00.000","W","1602"
"41220","Fullerton","2026-07-17T00:00:00.000","W","5958"
"41230","47th-Dan Ryan","2026-07-17T00:00:00.000","W","1988"
"41240","Addison-O'Hare","2026-07-17T00:00:00.000","W","1643"
"41250","Central-Evanston","2026-07-17T00:00:00.000","W","519"
"41260","Austin-Lake","2026-07-17T00:00:00.000","W","850"
"41270","43rd","2026-07-17T00:00:00.000","W","365"
"41280","Jefferson Park","2026-07-17T00:00:00.000","W","4139"
"41290","Kimball","2026-07-17T00:00:00.000","W","2205"
"41300","Loyola","2026-07-17T00:00:00.000","W","2854"
"41310","Paulina","2026-07-17T00:00:00.000","W","1513"
"41320","Belmont-North Main","2026-07-17T00:00:00.000","W","7306"
"41330","Montrose-O'Hare","2026-07-17T00:00:00.000","W","1400"
"41340","LaSalle","2026-07-17T00:00:00.000","W","1522"
"41350","Oak Park-Lake","2026-07-17T00:00:00.000","W","614"
"41360","California-Lake","2026-07-17T00:00:00.000","W","729"
"41380","Bryn Mawr","2026-07-17T00:00:00.000","W","2767"
"41400","Roosevelt","2026-07-17T00:00:00.000","W","8065"
"41410","Chicago/Milwaukee","2026-07-17T00:00:00.000","W","1595"
"41420","Addison-North Main","2026-07-17T00:00:00.000","W","12014"
"41430","87th","2026-07-17T00:00:00.000","W","2086"
"41440","Addison-Brown","2026-07-17T00:00:00.000","W","1013"
"41450","Chicago/State","2026-07-17T00:00:00.000","W","9182"
"41460","Irving Park-Brown","2026-07-17T00:00:00.000","W","1475"
"41480","Western-Brown","2026-07-17T00:00:00.000","W","1851"
"41490","Harrison","2026-07-17T00:00:00.000","W","2880"
"41500","Montrose-Brown","2026-07-17T00:00:00.000","W","1302"
"41510","Morgan-Lake","2026-07-17T00:00:00.000","W","4209"
"41660","Lake/State","2026-07-17T00:00:00.000","W","11661"
"41670","Conservatory","2026-07-17T00:00:00.000","W","582"
"41680","Oakton-Skokie","2026-07-17T00:00:00.000","W","439"
"41690","Cermak-McCormick Place","2026-07-17T00:00:00.000","W","1654"
"41700","Washington/Wabash","2026-07-17T00:00:00.000","W","9444"
"41710","Damen-Lake","2026-07-16T00:00:00.000","W","1358"
"40010","Austin-Forest Park","2026-07-16T00:00:00.000","W","716"
"40020","Harlem-Lake","2026-07-16T00:00:00.000","W","2280"
"40030","Pulaski-Lake","2026-07-16T00:00:00.000","W","1003"
"40040","Quincy/Wells","2026-07-16T00:00:00.000","W","6113"
"40050","Davis","2026-07-16T00:00:00.000","W","2046"
"40060","Belmont-O'Hare","2026-07-16T00:00:00.000","W","3742"
"40070","Jackson/Dearborn","2026-07-16T00:00:00.000","W","4368"
"40080","Sheridan","2026-07-16T00:00:00.000","W","2514"
"40090","Damen-Brown","2026-07-16T00:00:00.000","W","1430"
"40100","Morse","2026-07-16T00:00:00.000","W","2519"
"40120","35th/Archer","2026-07-16T00:00:00.000","W","1696"
"40130","51st","2026-07-16T00:00:00.000","W","604"
"40140","Dempster-Skokie","2026-07-16T00:00:00.000","W","766"
"40150","Pulaski-Cermak","2026-07-16T00:00:00.000","W","676"
"40160","LaSalle/Van Buren","2026-07-16T00:00:00.000","W","2252"
"40170","Ashland-Lake","2026-07-16T00:00:00.000","W","2019"
"40180","Oak Park-Forest Park","2026-07-16T00:00:00.000","W","671"
"40190","Sox-35th-Dan Ryan","2026-07-16T00:00:00.000","W","2481"
"40210","Damen-Cermak","2026-07-16T00:00:00.000","W","1262"
"40220","Western-Forest Park","2026-07-16T00:00:00.000","W","613"
"40230","Cumberland","2026-07-16T00:00:00.000","W","2499"
"40240","79th","2026-07-16T00:00:00.000","W","3759"
"40250","Kedzie-Homan-Forest Park","2026-07-16T00:00:00.000","W","886"
"40260","State/Lake","2026-07-16T00:00:00.000","W","0"
"40270","Main","2026-07-16T00:00:00.000","W","643"
"40280","Central-Lake","2026-07-16T00:00:00.000","W","1240"
"40290","Ashland/63rd","2026-07-16T00:00:00.000","W","724"
"40300","Indiana","2026-07-16T00:00:00.000","W","595"
"40310","Western-Orange","2026-07-16T00:00:00.000","W","2362"
"40320","Division/Milwaukee","2026-07-16T00:00:00.000","W","4090"
"40330","Grand/State","2026-07-16T00:00:00.000","W","7495"
"40340","Berwyn","2026-07-16T00:00:00.000","W","1856"
"40350","UIC-Halsted","2026-07-16T00:00:00.000","W","2269"
"40360","Southport","2026-07-16T00:00:00.000","W","2399"
"40370","Washington/Dearborn","2026-07-16T00:00:00.000","W","9026"
"40380","Clark/Lake","2026-07-16T00:00:00.000","W","14864"
"40390","Forest Park","2026-07-16T00:00:00.000","W","1160"
"40400","Noyes","2026-07-16T00:00:00.000","W","582"
"40420","Cicero-Cermak","2026-07-16T00:00:00.000","W","706"
"40430","Clinton-Forest Park","2026-07-16T00:00:00.000","W","2518"
"40440","California-Cermak","2026-07-16T00:00:00.000","W","974"
"40450","95th/Dan Ryan","2026-07-16T00:00:00.000","W","6026"
"40460","Merchandise Mart","2026-07-16T00:00:00.000","W","6038"
"40470","Racine","2026-07-16T00:00:00.000","W","627"
"40480","Cicero-Lake","2026-07-16T00:00:00.000","W","844"
"40490","Grand/Milwaukee","2026-07-16T00:00:00.000","W","3088"
"40510","Garfield-South Elevated","2026-07-16T00:00:00.000","W","932"
"40520","Foster","2026-07-16T00:00:00.000","W","481"
"40530","Diversey","2026-07-16T00:00:00.000","W","3362"
"40540","Wilson","2026-07-16T00:00:00.000","W","4438"
"40550","Irving Park-O'Hare","2026-07-16T00:00:00.000","W","2857"
"40560","Jackson/State","2026-07-16T00:00:00.000","W","3977"
"40570","California/Milwaukee","2026-07-16T00:00:00.000","W","3444"
"40580","54th/Cermak","2026-07-16T00:00:00.000","W","1654"
"40590","Damen/Milwaukee","2026-07-16T00:00:00.000","W","4528"
"40600","Kostner","2026-07-16T00:00:00.000","W","278"
"40610","Ridgeland","2026-07-16T00:00:00.000","W","875"
"40630","Clark/Division","2026-07-16T00:00:00.000","W","5369"
"40650","North/Clybourn","2026-07-16T00:00:00.000","W","3189"
"40660","Armitage","2026-07-16T00:00:00.000","W","2953"
"40670","Western/Milwaukee","2026-07-16T00:00:00.000","W","3874"
"40680","Adams/Wabash","2026-07-16T00:00:00.000","W","4581"
"40690","Dempster","2026-07-16T00:00:00.000","W","502"
"40700","Laramie","2026-07-16T00:00:00.000","W","618"
"40710","Chicago/Franklin","2026-07-16T00:00:00.000","W","4512"
"40720","East 63rd-Cottage Grove","2026-07-16T00:00:00.000","W","786"
"40730","Washington/Wells","2026-07-16T00:00:00.000","W","6398"
"40740","Western-Cermak","2026-07-16T00:00:00.000","W","920"
"40750","Harlem-O'Hare","2026-07-16T00:00:00.000","W","1586"
"40760","Granville","2026-07-16T00:00:00.000","W","2059"
"40770","Lawrence","2026-07-16T00:00:00.000","W","1811"
"40780","Central Park","2026-07-16T00:00:00.000","W","781"
"40790","Monroe/Dearborn","2026-07-16T00:00:00.000","W","4118"
"40800","Sedgwick","2026-07-16T00:00:00.000","W","2819"
"40810","Medical Center","2026-07-16T00:00:00.000","W","1679"
"40820","Rosemont","2026-07-16T00:00:00.000","W","4392"
"40830","18th","2026-07-16T00:00:00.000","W","1244"
"40840","South Boulevard","2026-07-16T00:00:00.000","W","414"
"40850","Library","2026-07-16T00:00:00.000","W","2515"
"40870","Francisco","2026-07-16T00:00:00.000","W","915"
"40880","Thorndale","2026-07-16T00:00:00.000","W","1576"
"40890","O'Hare Airport","2026-07-16T00:00:00.000","W","11944"
"40900","Howard","2026-07-16T00:00:00.000","W","3318"
"40910","63rd-Dan Ryan","2026-07-16T00:00:00.000","W","1677"
"40920","Pulaski-Forest Park","2026-07-16T00:00:00.000","W","658"
"40930","Midway Airport","2026-07-16T00:00:00.000","W","5854"
"40940","Halsted/63rd","2026-07-16T00:00:00.000","W","403"
"40960","Pulaski-Orange","2026-07-16T00:00:00.000","W","2885"
"40970","Cicero-Forest Park","2026-07-16T00:00:00.000","W","542"
"40980","Harlem-Forest Park","2026-07-16T00:00:00.000","W","456"
"40990","69th","2026-07-16T00:00:00.000","W","2739"
"41000","Cermak-Chinatown","2026-07-16T00:00:00.000","W","5002"
"41010","Rockwell","2026-07-16T00:00:00.000","W","1040"
"41020","Logan Square","2026-07-16T00:00:00.000","W","5022"
"41030","Polk","2026-07-16T00:00:00.000","W","2275"
"41040","Kedzie-Cermak","2026-07-16T00:00:00.000","W","805"
"41050","Linden","2026-07-16T00:00:00.000","W","545"
"41060","Ashland-Orange","2026-07-16T00:00:00.000","W","1191"
"41070","Kedzie-Lake","2026-07-16T00:00:00.000","W","724"
"41080","47th-South Elevated","2026-07-16T00:00:00.000","W","797"
"41090","Monroe/State","2026-07-16T00:00:00.000","W","4546"
"41120","35-Bronzeville-IIT","2026-07-16T00:00:00.000","W","945"
"41130","Halsted-Orange","2026-07-16T00:00:00.000","W","1437"
"41140","King Drive","2026-07-16T00:00:00.000","W","322"
"41150","Kedzie-Midway","2026-07-16T00:00:00.000","W","2155"
"41160","Clinton-Lake","2026-07-16T00:00:00.000","W","3155"
"41170","Garfield-Dan Ryan","2026-07-16T00:00:00.000","W","2274"
"41180","Kedzie-Brown","2026-07-16T00:00:00.000","W","1395"
"41190","Jarvis","2026-07-16T00:00:00.000","W","1096"
"41200","Argyle","2026-07-16T00:00:00.000","W","1999"
"41210","Wellington","2026-07-16T00:00:00.000","W","2182"
"41220","Fullerton","2026-07-16T00:00:00.000","W","6097"
"41230","47th-Dan Ryan","2026-07-16T00:00:00.000","W","1989"
"41240","Addison-O'Hare","2026-07-16T00:00:00.000","W","1927"
"41250","Central-Evanston","2026-07-16T00:00:00.000","W","511"
"41260","Austin-Lake","2026-07-16T00:00:00.000","W","957"
"41270","43rd","2026-07-16T00:00:00.000","W","395"
"41280","Jefferson Park","2026-07-16T00:00:00.000","W","4630"
"41290","Kimball","2026-07-16T00:00:00.000","W","2409"
"41300","Loyola","2026-07-16T00:00:00.000","W","2766"
"41310","Paulina","2026-07-16T00:00:00.000","W","1779"
"41320","Belmont-North Main","2026-07-16T00:00:00.000","W","7010"
"41330","Montrose-O'Hare","2026-07-16T00:00:00.000","W","1698"
"41340","LaSalle","2026-07-16T00:00:00.000","W","1575"
"41350","Oak Park-Lake","2026-07-16T00:00:00.000","W","817"
"41360","California-Lake","2026-07-16T00:00:00.000","W","754"
"41380","Bryn Mawr","2026-07-16T00:00:00.000","W","2654"
"41400","Roosevelt","2026-07-16T00:00:00.000","W","7488"
"41410","Chicago/Milwaukee","2026-07-16T00:00:00.000","W","1992"
"41420","Addison-North Main","2026-07-16T00:00:00.000","W","4971"
"41430","87th","2026-07-16T00:00:00.000","W","1977"
"41440","Addison-Brown","2026-07-16T00:00:00.000","W","1215"
"41450","Chicago/State","2026-07-16T00:00:00.000","W","8220"
"41460","Irving Park-Brown","2026-07-16T00:00:00.000","W","1779"
"41480","Western-Brown","2026-07-16T00:00:00.000","W","1797"
"41490","Harrison","2026-07-16T00:00:00.000","W","2118"
"41500","Montrose-Brown","2026-07-16T00:00:00.000","W","1487"
"41510","Morgan-Lake","2026-07-16T00:00:00.000","W","4862"
"41660","Lake/State","2026-07-16T00:00:00.000","W","11860"
"41670","Conservatory","2026-07-16T00:00:00.000","W","662"
"41680","Oakton-Skokie","2026-07-16T00:00:00.000","W","502"
"41690","Cermak-McCormick Place","2026-07-16T00:00:00.000","W","1450"
"41700","Washington/Wabash","2026-07-16T00:00:00.000","W","10954"
"41710","Damen-Lake","2026-07-15T00:00:00.000","W","930"
"40010","Austin-Forest Park","2026-07-15T00:00:00.000","W","774"
"40020","Harlem-Lake","2026-07-15T00:00:00.000","W","2591"
"40030","Pulaski-Lake","2026-07-15T00:00:00.000","W","937"
"40040","Quincy/Wells","2026-07-15T00:00:00.000","W","6730"
"40050","Davis","2026-07-15T00:00:00.000","W","2603"
"40060","Belmont-O'Hare","2026-07-15T00:00:00.000","W","3768"
"40070","Jackson/Dearborn","2026-07-15T00:00:00.000","W","4769"
"40080","Sheridan","2026-07-15T00:00:00.000","W","3957"
"40090","Damen-Brown","2026-07-15T00:00:00.000","W","1654"
"40100","Morse","2026-07-15T00:00:00.000","W","2753"
"40120","35th/Archer","2026-07-15T00:00:00.000","W","1858"
"40130","51st","2026-07-15T00:00:00.000","W","658"
"40140","Dempster-Skokie","2026-07-15T00:00:00.000","W","1368"
"40150","Pulaski-Cermak","2026-07-15T00:00:00.000","W","703"
"40160","LaSalle/Van Buren","2026-07-15T00:00:00.000","W","2393"
"40170","Ashland-Lake","2026-07-15T00:00:00.000","W","2108"
"40180","Oak Park-Forest Park","2026-07-15T00:00:00.000","W","694"
"40190","Sox-35th-Dan Ryan","2026-07-15T00:00:00.000","W","2839"
"40210","Damen-Cermak","2026-07-15T00:00:00.000","W","1274"
"40220","Western-Forest Park","2026-07-15T00:00:00.000","W","660"
"40230","Cumberland","2026-07-15T00:00:00.000","W","2769"
"40240","79th","2026-07-15T00:00:00.000","W","3722"
"40250","Kedzie-Homan-Forest Park","2026-07-15T00:00:00.000","W","929"
"40260","State/Lake","2026-07-15T00:00:00.000","W","0"
"40270","Main","2026-07-15T00:00:00.000","W","754"
"40280","Central-Lake","2026-07-15T00:00:00.000","W","1286"
"40290","Ashland/63rd","2026-07-15T00:00:00.000","W","727"
"40300","Indiana","2026-07-15T00:00:00.000","W","691"
"40310","Western-Orange","2026-07-15T00:00:00.000","W","2545"
"40320","Division/Milwaukee","2026-07-15T00:00:00.000","W","4442"
"40330","Grand/State","2026-07-15T00:00:00.000","W","9186"
"40340","Berwyn","2026-07-15T00:00:00.000","W","1983"
"40350","UIC-Halsted","2026-07-15T00:00:00.000","W","2660"
"40360","Southport","2026-07-15T00:00:00.000","W","3168"
"40370","Washington/Dearborn","2026-07-15T00:00:00.000","W","9764"
"40380","Clark/Lake","2026-07-15T00:00:00.000","W","15670"
"40390","Forest Park","2026-07-15T00:00:00.000","W","1234"
"40400","Noyes","2026-07-15T00:00:00.000","W","692"
"40420","Cicero-Cermak","2026-07-15T00:00:00.000","W","764"
"40430","Clinton-Forest Park","2026-07-15T00:00:00.000","W","2661"
"40440","California-Cermak","2026-07-15T00:00:00.000","W","1045"
"40450","95th/Dan Ryan","2026-07-15T00:00:00.000","W","6176"
"40460","Merchandise Mart","2026-07-15T00:00:00.000","W","6741"
"40470","Racine","2026-07-15T00:00:00.000","W","699"
"40480","Cicero-Lake","2026-07-15T00:00:00.000","W","791"
"40490","Grand/Milwaukee","2026-07-15T00:00:00.000","W","3311"
"40510","Garfield-South Elevated","2026-07-15T00:00:00.000","W","974"
"40520","Foster","2026-07-15T00:00:00.000","W","568"
"40530","Diversey","2026-07-15T00:00:00.000","W","3776"
"40540","Wilson","2026-07-15T00:00:00.000","W","4996"
"40550","Irving Park-O'Hare","2026-07-15T00:00:00.000","W","2959"
"40560","Jackson/State","2026-07-15T00:00:00.000","W","4666"
"40570","California/Milwaukee","2026-07-15T00:00:00.000","W","3701"
"40580","54th/Cermak","2026-07-15T00:00:00.000","W","1887"
"40590","Damen/Milwaukee","2026-07-15T00:00:00.000","W","4836"
"40600","Kostner","2026-07-15T00:00:00.000","W","327"
"40610","Ridgeland","2026-07-15T00:00:00.000","W","1014"
"40630","Clark/Division","2026-07-15T00:00:00.000","W","6781"
"40650","North/Clybourn","2026-07-15T00:00:00.000","W","3777"
"40660","Armitage","2026-07-15T00:00:00.000","W","3422"
"40670","Western/Milwaukee","2026-07-15T00:00:00.000","W","3928"
"40680","Adams/Wabash","2026-07-15T00:00:00.000","W","4750"
"40690","Dempster","2026-07-15T00:00:00.000","W","658"
"40700","Laramie","2026-07-15T00:00:00.000","W","727"
"40710","Chicago/Franklin","2026-07-15T00:00:00.000","W","5062"
"40720","East 63rd-Cottage Grove","2026-07-15T00:00:00.000","W","834"
"40730","Washington/Wells","2026-07-15T00:00:00.000","W","6925"
"40740","Western-Cermak","2026-07-15T00:00:00.000","W","913"
"40750","Harlem-O'Hare","2026-07-15T00:00:00.000","W","1657"
"40760","Granville","2026-07-15T00:00:00.000","W","2241"
"40770","Lawrence","2026-07-15T00:00:00.000","W","2048"
"40780","Central Park","2026-07-15T00:00:00.000","W","840"
"40790","Monroe/Dearborn","2026-07-15T00:00:00.000","W","4183"
"40800","Sedgwick","2026-07-15T00:00:00.000","W","3159"
"40810","Medical Center","2026-07-15T00:00:00.000","W","1596"
"40820","Rosemont","2026-07-15T00:00:00.000","W","4459"
"40830","18th","2026-07-15T00:00:00.000","W","1342"
"40840","South Boulevard","2026-07-15T00:00:00.000","W","520"
"40850","Library","2026-07-15T00:00:00.000","W","2798"
"40870","Francisco","2026-07-15T00:00:00.000","W","1063"
"40880","Thorndale","2026-07-15T00:00:00.000","W","1822"
"40890","O'Hare Airport","2026-07-15T00:00:00.000","W","10490"
"40900","Howard","2026-07-15T00:00:00.000","W","3911"
"40910","63rd-Dan Ryan","2026-07-15T00:00:00.000","W","1765"
"40920","Pulaski-Forest Park","2026-07-15T00:00:00.000","W","638"
"40930","Midway Airport","2026-07-15T00:00:00.000","W","5861"
"40940","Halsted/63rd","2026-07-15T00:00:00.000","W","387"
"40960","Pulaski-Orange","2026-07-15T00:00:00.000","W","3156"
"40970","Cicero-Forest Park","2026-07-15T00:00:00.000","W","591"
"40980","Harlem-Forest Park","2026-07-15T00:00:00.000","W","461"
"40990","69th","2026-07-15T00:00:00.000","W","3069"
"41000","Cermak-Chinatown","2026-07-15T00:00:00.000","W","5427"
"41010","Rockwell","2026-07-15T00:00:00.000","W","1259"
"41020","Logan Square","2026-07-15T00:00:00.000","W","5380"
"41030","Polk","2026-07-15T00:00:00.000","W","2460"
"41040","Kedzie-Cermak","2026-07-15T00:00:00.000","W","836"
"41050","Linden","2026-07-15T00:00:00.000","W","1124"
"41060","Ashland-Orange","2026-07-15T00:00:00.000","W","1196"
"41070","Kedzie-Lake","2026-07-15T00:00:00.000","W","776"
"41080","47th-South Elevated","2026-07-15T00:00:00.000","W","838"
"41090","Monroe/State","2026-07-15T00:00:00.000","W","5221"
"41120","35-Bronzeville-IIT","2026-07-15T00:00:00.000","W","1067"
"41130","Halsted-Orange","2026-07-15T00:00:00.000","W","1517"
"41140","King Drive","2026-07-15T00:00:00.000","W","326"
"41150","Kedzie-Midway","2026-07-15T00:00:00.000","W","2326"
"41160","Clinton-Lake","2026-07-15T00:00:00.000","W","3302"
"41170","Garfield-Dan Ryan","2026-07-15T00:00:00.000","W","2413"
"41180","Kedzie-Brown","2026-07-15T00:00:00.000","W","1506"
"41190","Jarvis","2026-07-15T00:00:00.000","W","1213"
"41200","Argyle","2026-07-15T00:00:00.000","W","2336"
"41210","Wellington","2026-07-15T00:00:00.000","W","2300"
"41220","Fullerton","2026-07-15T00:00:00.000","W","8047"
"41230","47th-Dan Ryan","2026-07-15T00:00:00.000","W","2049"
"41240","Addison-O'Hare","2026-07-15T00:00:00.000","W","2083"
"41250","Central-Evanston","2026-07-15T00:00:00.000","W","649"
"41260","Austin-Lake","2026-07-15T00:00:00.000","W","1023"
"41270","43rd","2026-07-15T00:00:00.000","W","418"
"41280","Jefferson Park","2026-07-15T00:00:00.000","W","4822"
"41290","Kimball","2026-07-15T00:00:00.000","W","2464"
"41300","Loyola","2026-07-15T00:00:00.000","W","3371"
"41310","Paulina","2026-07-15T00:00:00.000","W","2021"
"41320","Belmont-North Main","2026-07-15T00:00:00.000","W","9683"
"41330","Montrose-O'Hare","2026-07-15T00:00:00.000","W","1784"
"41340","LaSalle","2026-07-15T00:00:00.000","W","1623"
"41350","Oak Park-Lake","2026-07-15T00:00:00.000","W","888"
"41360","California-Lake","2026-07-15T00:00:00.000","W","782"
"41380","Bryn Mawr","2026-07-15T00:00:00.000","W","3050"
"41400","Roosevelt","2026-07-15T00:00:00.000","W","8481"
"41410","Chicago/Milwaukee","2026-07-15T00:00:00.000","W","2308"
"41420","Addison-North Main","2026-07-15T00:00:00.000","W","11852"
"41430","87th","2026-07-15T00:00:00.000","W","2140"
"41440","Addison-Brown","2026-07-15T00:00:00.000","W","1411"
"41450","Chicago/State","2026-07-15T00:00:00.000","W","9904"
"41460","Irving Park-Brown","2026-07-15T00:00:00.000","W","1965"
"41480","Western-Brown","2026-07-15T00:00:00.000","W","1958"
"41490","Harrison","2026-07-15T00:00:00.000","W","2837"
"41500","Montrose-Brown","2026-07-15T00:00:00.000","W","1676"
"41510","Morgan-Lake","2026-07-15T00:00:00.000","W","5187"
"41660","Lake/State","2026-07-15T00:00:00.000","W","13468"
"41670","Conservatory","2026-07-15T00:00:00.000","W","669"
"41680","Oakton-Skokie","2026-07-15T00:00:00.000","W","534"
"41690","Cermak-McCormick Place","2026-07-15T00:00:00.000","W","1912"
"41700","Washington/Wabash","2026-07-15T00:00:00.000","W","12082"
"41710","Damen-Lake","2026-07-14T00:00:00.000","W","910"
"40010","Austin-Forest Park","2026-07-14T00:00:00.000","W","739"
"40020","Harlem-Lake","2026-07-14T00:00:00.000","W","2444"
"40030","Pulaski-Lake","2026-07-14T00:00:00.000","W","907"
"40040","Quincy/Wells","2026-07-14T00:00:00.000","W","7049"
"40050","Davis","2026-07-14T00:00:00.000","W","2460"
"40060","Belmont-O'Hare","2026-07-14T00:00:00.000","W","3731"
"40070","Jackson/Dearborn","2026-07-14T00:00:00.000","W","4327"
"40080","Sheridan","2026-07-14T00:00:00.000","W","3734"
"40090","Damen-Brown","2026-07-14T00:00:00.000","W","1711"
"40100","Morse","2026-07-14T00:00:00.000","W","2728"
"40120","35th/Archer","2026-07-14T00:00:00.000","W","1762"
"40130","51st","2026-07-14T00:00:00.000","W","661"
"40140","Dempster-Skokie","2026-07-14T00:00:00.000","W","1157"
"40150","Pulaski-Cermak","2026-07-14T00:00:00.000","W","686"
"40160","LaSalle/Van Buren","2026-07-14T00:00:00.000","W","2528"
"40170","Ashland-Lake","2026-07-14T00:00:00.000","W","2040"
"40180","Oak Park-Forest Park","2026-07-14T00:00:00.000","W","731"
"40190","Sox-35th-Dan Ryan","2026-07-14T00:00:00.000","W","2754"
"40210","Damen-Cermak","2026-07-14T00:00:00.000","W","1242"
"40220","Western-Forest Park","2026-07-14T00:00:00.000","W","651"
"40230","Cumberland","2026-07-14T00:00:00.000","W","2606"
"40240","79th","2026-07-14T00:00:00.000","W","3765"
"40250","Kedzie-Homan-Forest Park","2026-07-14T00:00:00.000","W","871"
"40260","State/Lake","2026-07-14T00:00:00.000","W","0"
"40270","Main","2026-07-14T00:00:00.000","W","733"
"40280","Central-Lake","2026-07-14T00:00:00.000","W","1283"
"40290","Ashland/63rd","2026-07-14T00:00:00.000","W","725"
"40300","Indiana","2026-07-14T00:00:00.000","W","693"
"40310","Western-Orange","2026-07-14T00:00:00.000","W","2474"
"40320","Division/Milwaukee","2026-07-14T00:00:00.000","W","4478"
"40330","Grand/State","2026-07-14T00:00:00.000","W","8541"
"40340","Berwyn","2026-07-14T00:00:00.000","W","2052"
"40350","UIC-Halsted","2026-07-14T00:00:00.000","W","2541"
"40360","Southport","2026-07-14T00:00:00.000","W","3237"
"40370","Washington/Dearborn","2026-07-14T00:00:00.000","W","9392"
"40380","Clark/Lake","2026-07-14T00:00:00.000","W","15585"
"40390","Forest Park","2026-07-14T00:00:00.000","W","1233"
"40400","Noyes","2026-07-14T00:00:00.000","W","656"
"40420","Cicero-Cermak","2026-07-14T00:00:00.000","W","716"
"40430","Clinton-Forest Park","2026-07-14T00:00:00.000","W","2616"
"40440","California-Cermak","2026-07-14T00:00:00.000","W","1036"
"40450","95th/Dan Ryan","2026-07-14T00:00:00.000","W","6305"
"40460","Merchandise Mart","2026-07-14T00:00:00.000","W","7020"
"40470","Racine","2026-07-14T00:00:00.000","W","679"
"40480","Cicero-Lake","2026-07-14T00:00:00.000","W","775"
"40490","Grand/Milwaukee","2026-07-14T00:00:00.000","W","3193"
"40510","Garfield-South Elevated","2026-07-14T00:00:00.000","W","941"
"40520","Foster","2026-07-14T00:00:00.000","W","529"
"40530","Diversey","2026-07-14T00:00:00.000","W","3925"
"40540","Wilson","2026-07-14T00:00:00.000","W","4959"
"40550","Irving Park-O'Hare","2026-07-14T00:00:00.000","W","2897"
"40560","Jackson/State","2026-07-14T00:00:00.000","W","4556"
"40570","California/Milwaukee","2026-07-14T00:00:00.000","W","3739"
"40580","54th/Cermak","2026-07-14T00:00:00.000","W","1951"
"40590","Damen/Milwaukee","2026-07-14T00:00:00.000","W","4690"
"40600","Kostner","2026-07-14T00:00:00.000","W","308"
"40610","Ridgeland","2026-07-14T00:00:00.000","W","1024"
"40630","Clark/Division","2026-07-14T00:00:00.000","W","6668"
"40650","North/Clybourn","2026-07-14T00:00:00.000","W","4106"
"40660","Armitage","2026-07-14T00:00:00.000","W","3551"
"40670","Western/Milwaukee","2026-07-14T00:00:00.000","W","3980"
"40680","Adams/Wabash","2026-07-14T00:00:00.000","W","4407"
"40690","Dempster","2026-07-14T00:00:00.000","W","600"
"40700","Laramie","2026-07-14T00:00:00.000","W","705"
"40710","Chicago/Franklin","2026-07-14T00:00:00.000","W","5066"
"40720","East 63rd-Cottage Grove","2026-07-14T00:00:00.000","W","805"
"40730","Washington/Wells","2026-07-14T00:00:00.000","W","7525"
"40740","Western-Cermak","2026-07-14T00:00:00.000","W","911"
"40750","Harlem-O'Hare","2026-07-14T00:00:00.000","W","1634"
"40760","Granville","2026-07-14T00:00:00.000","W","2258"
"40770","Lawrence","2026-07-14T00:00:00.000","W","2060"
"40780","Central Park","2026-07-14T00:00:00.000","W","799"
"40790","Monroe/Dearborn","2026-07-14T00:00:00.000","W","4225"
"40800","Sedgwick","2026-07-14T00:00:00.000","W","3378"
"40810","Medical Center","2026-07-14T00:00:00.000","W","1623"
"40820","Rosemont","2026-07-14T00:00:00.000","W","4350"
"40830","18th","2026-07-14T00:00:00.000","W","1233"
"40840","South Boulevard","2026-07-14T00:00:00.000","W","548"
"40850","Library","2026-07-14T00:00:00.000","W","2563"
"40870","Francisco","2026-07-14T00:00:00.000","W","1064"
"40880","Thorndale","2026-07-14T00:00:00.000","W","1712"
"40890","O'Hare Airport","2026-07-14T00:00:00.000","W","9708"
"40900","Howard","2026-07-14T00:00:00.000","W","3709"
"40910","63rd-Dan Ryan","2026-07-14T00:00:00.000","W","1841"
"40920","Pulaski-Forest Park","2026-07-14T00:00:00.000","W","669"
"40930","Midway Airport","2026-07-14T00:00:00.000","W","5490"
"40940","Halsted/63rd","2026-07-14T00:00:00.000","W","430"
"40960","Pulaski-Orange","2026-07-14T00:00:00.000","W","3086"
"40970","Cicero-Forest Park","2026-07-14T00:00:00.000","W","583"
"40980","Harlem-Forest Park","2026-07-14T00:00:00.000","W","455"
"40990","69th","2026-07-14T00:00:00.000","W","3012"
"41000","Cermak-Chinatown","2026-07-14T00:00:00.000","W","4977"
"41010","Rockwell","2026-07-14T00:00:00.000","W","1233"
"41020","Logan Square","2026-07-14T00:00:00.000","W","5196"
"41030","Polk","2026-07-14T00:00:00.000","W","2503"
"41040","Kedzie-Cermak","2026-07-14T00:00:00.000","W","812"
"41050","Linden","2026-07-14T00:00:00.000","W","1205"
"41060","Ashland-Orange","2026-07-14T00:00:00.000","W","1188"
"41070","Kedzie-Lake","2026-07-14T00:00:00.000","W","756"
"41080","47th-South Elevated","2026-07-14T00:00:00.000","W","804"
"41090","Monroe/State","2026-07-14T00:00:00.000","W","4887"
"41120","35-Bronzeville-IIT","2026-07-14T00:00:00.000","W","1035"
"41130","Halsted-Orange","2026-07-14T00:00:00.000","W","1473"
"41140","King Drive","2026-07-14T00:00:00.000","W","312"
"41150","Kedzie-Midway","2026-07-14T00:00:00.000","W","2285"
"41160","Clinton-Lake","2026-07-14T00:00:00.000","W","3406"
"41170","Garfield-Dan Ryan","2026-07-14T00:00:00.000","W","2393"
"41180","Kedzie-Brown","2026-07-14T00:00:00.000","W","1430"
"41190","Jarvis","2026-07-14T00:00:00.000","W","1168"
"41200","Argyle","2026-07-14T00:00:00.000","W","2222"
"41210","Wellington","2026-07-14T00:00:00.000","W","2417"
"41220","Fullerton","2026-07-14T00:00:00.000","W","7787"
"41230","47th-Dan Ryan","2026-07-14T00:00:00.000","W","2002"
"41240","Addison-O'Hare","2026-07-14T00:00:00.000","W","2046"
"41250","Central-Evanston","2026-07-14T00:00:00.000","W","631"
"41260","Austin-Lake","2026-07-14T00:00:00.000","W","965"
"41270","43rd","2026-07-14T00:00:00.000","W","351"
"41280","Jefferson Park","2026-07-14T00:00:00.000","W","4684"
"41290","Kimball","2026-07-14T00:00:00.000","W","2378"
"41300","Loyola","2026-07-14T00:00:00.000","W","3248"
"41310","Paulina","2026-07-14T00:00:00.000","W","2095"
"41320","Belmont-North Main","2026-07-14T00:00:00.000","W","9533"
"41330","Montrose-O'Hare","2026-07-14T00:00:00.000","W","1716"
"41340","LaSalle","2026-07-14T00:00:00.000","W","1616"
"41350","Oak Park-Lake","2026-07-14T00:00:00.000","W","871"
"41360","California-Lake","2026-07-14T00:00:00.000","W","785"
"41380","Bryn Mawr","2026-07-14T00:00:00.000","W","2988"
"41400","Roosevelt","2026-07-14T00:00:00.000","W","7979"
"41410","Chicago/Milwaukee","2026-07-14T00:00:00.000","W","2204"
"41420","Addison-North Main","2026-07-14T00:00:00.000","W","10906"
"41430","87th","2026-07-14T00:00:00.000","W","2153"
"41440","Addison-Brown","2026-07-14T00:00:00.000","W","1459"
"41450","Chicago/State","2026-07-14T00:00:00.000","W","9441"
"41460","Irving Park-Brown","2026-07-14T00:00:00.000","W","2038"
"41480","Western-Brown","2026-07-14T00:00:00.000","W","2138"
"41490","Harrison","2026-07-14T00:00:00.000","W","2570"
"41500","Montrose-Brown","2026-07-14T00:00:00.000","W","1752"
"41510","Morgan-Lake","2026-07-14T00:00:00.000","W","5156"
"41660","Lake/State","2026-07-14T00:00:00.000","W","13641"
"41670","Conservatory","2026-07-14T00:00:00.000","W","581"
"41680","Oakton-Skokie","2026-07-14T00:00:00.000","W","503"
"41690","Cermak-McCormick Place","2026-07-14T00:00:00.000","W","1765"
"41700","Washington/Wabash","2026-07-14T00:00:00.000","W","11722"
"41710","Damen-Lake","2026-07-13T00:00:00.000","W","825"
"40010","Austin-Forest Park","2026-07-13T00:00:00.000","W","688"
"40020","Harlem-Lake","2026-07-13T00:00:00.000","W","2276"
"40030","Pulaski-Lake","2026-07-13T00:00:00.000","W","972"
"40040","Quincy/Wells","2026-07-13T00:00:00.000","W","5155"
"40050","Davis","2026-07-13T00:00:00.000","W","2127"
"40060","Belmont-O'Hare","2026-07-13T00:00:00.000","W","3373"
"40070","Jackson/Dearborn","2026-07-13T00:00:00.000","W","3873"
"40080","Sheridan","2026-07-13T00:00:00.000","W","2409"
"40090","Damen-Brown","2026-07-13T00:00:00.000","W","1409"
"40100","Morse","2026-07-13T00:00:00.000","W","2518"
"40120","35th/Archer","2026-07-13T00:00:00.000","W","1645"
"40130","51st","2026-07-13T00:00:00.000","W","618"
"40140","Dempster-Skokie","2026-07-13T00:00:00.000","W","762"
"40150","Pulaski-Cermak","2026-07-13T00:00:00.000","W","663"
"40160","LaSalle/Van Buren","2026-07-13T00:00:00.000","W","1924"
"40170","Ashland-Lake","2026-07-13T00:00:00.000","W","1695"
"40180","Oak Park-Forest Park","2026-07-13T00:00:00.000","W","587"
"40190","Sox-35th-Dan Ryan","2026-07-13T00:00:00.000","W","2328"
"40210","Damen-Cermak","2026-07-13T00:00:00.000","W","1049"
"40220","Western-Forest Park","2026-07-13T00:00:00.000","W","579"
"40230","Cumberland","2026-07-13T00:00:00.000","W","2301"
"40240","79th","2026-07-13T00:00:00.000","W","3576"
"40250","Kedzie-Homan-Forest Park","2026-07-13T00:00:00.000","W","886"
"40260","State/Lake","2026-07-13T00:00:00.000","W","0"
"40270","Main","2026-07-13T00:00:00.000","W","615"
"40280","Central-Lake","2026-07-13T00:00:00.000","W","1241"
"40290","Ashland/63rd","2026-07-13T00:00:00.000","W","642"
"40300","Indiana","2026-07-13T00:00:00.000","W","661"
"40310","Western-Orange","2026-07-13T00:00:00.000","W","2314"
"40320","Division/Milwaukee","2026-07-13T00:00:00.000","W","3733"
"40330","Grand/State","2026-07-13T00:00:00.000","W","6834"
"40340","Berwyn","2026-07-13T00:00:00.000","W","1887"
"40350","UIC-Halsted","2026-07-13T00:00:00.000","W","2214"
"40360","Southport","2026-07-13T00:00:00.000","W","2302"
"40370","Washington/Dearborn","2026-07-13T00:00:00.000","W","8318"
"40380","Clark/Lake","2026-07-13T00:00:00.000","W","12656"
"40390","Forest Park","2026-07-13T00:00:00.000","W","1113"
"40400","Noyes","2026-07-13T00:00:00.000","W","568"
"40420","Cicero-Cermak","2026-07-13T00:00:00.000","W","717"
"40430","Clinton-Forest Park","2026-07-13T00:00:00.000","W","2145"
"40440","California-Cermak","2026-07-13T00:00:00.000","W","954"
"40450","95th/Dan Ryan","2026-07-13T00:00:00.000","W","5867"
"40460","Merchandise Mart","2026-07-13T00:00:00.000","W","5078"
"40470","Racine","2026-07-13T00:00:00.000","W","648"
"40480","Cicero-Lake","2026-07-13T00:00:00.000","W","737"
"40490","Grand/Milwaukee","2026-07-13T00:00:00.000","W","2644"
"40510","Garfield-South Elevated","2026-07-13T00:00:00.000","W","875"
"40520","Foster","2026-07-13T00:00:00.000","W","490"
"40530","Diversey","2026-07-13T00:00:00.000","W","3268"
"40540","Wilson","2026-07-13T00:00:00.000","W","4428"
"40550","Irving Park-O'Hare","2026-07-13T00:00:00.000","W","2658"
"40560","Jackson/State","2026-07-13T00:00:00.000","W","3678"
"40570","California/Milwaukee","2026-07-13T00:00:00.000","W","3166"
"40580","54th/Cermak","2026-07-13T00:00:00.000","W","1550"
"40590","Damen/Milwaukee","2026-07-13T00:00:00.000","W","4042"
"40600","Kostner","2026-07-13T00:00:00.000","W","287"
"40610","Ridgeland","2026-07-13T00:00:00.000","W","884"
"40630","Clark/Division","2026-07-13T00:00:00.000","W","5236"
"40650","North/Clybourn","2026-07-13T00:00:00.000","W","3221"
"40660","Armitage","2026-07-13T00:00:00.000","W","2836"
"40670","Western/Milwaukee","2026-07-13T00:00:00.000","W","3431"
"40680","Adams/Wabash","2026-07-13T00:00:00.000","W","4068"
"40690","Dempster","2026-07-13T00:00:00.000","W","544"
"40700","Laramie","2026-07-13T00:00:00.000","W","663"
"40710","Chicago/Franklin","2026-07-13T00:00:00.000","W","4178"
"40720","East 63rd-Cottage Grove","2026-07-13T00:00:00.000","W","704"
"40730","Washington/Wells","2026-07-13T00:00:00.000","W","5676"
"40740","Western-Cermak","2026-07-13T00:00:00.000","W","783"
"40750","Harlem-O'Hare","2026-07-13T00:00:00.000","W","1508"
"40760","Granville","2026-07-13T00:00:00.000","W","1983"
"40770","Lawrence","2026-07-13T00:00:00.000","W","1850"
"40780","Central Park","2026-07-13T00:00:00.000","W","747"
"40790","Monroe/Dearborn","2026-07-13T00:00:00.000","W","3596"
"40800","Sedgwick","2026-07-13T00:00:00.000","W","2711"
"40810","Medical Center","2026-07-13T00:00:00.000","W","1486"
"40820","Rosemont","2026-07-13T00:00:00.000","W","3906"
"40830","18th","2026-07-13T00:00:00.000","W","1185"
"40840","South Boulevard","2026-07-13T00:00:00.000","W","447"
"40850","Library","2026-07-13T00:00:00.000","W","2327"
"40870","Francisco","2026-07-13T00:00:00.000","W","840"
"40880","Thorndale","2026-07-13T00:00:00.000","W","1626"
"40890","O'Hare Airport","2026-07-13T00:00:00.000","W","10416"
"40900","Howard","2026-07-13T00:00:00.000","W","3304"
"40910","63rd-Dan Ryan","2026-07-13T00:00:00.000","W","1931"
"40920","Pulaski-Forest Park","2026-07-13T00:00:00.000","W","647"
"40930","Midway Airport","2026-07-13T00:00:00.000","W","4924"
"40940","Halsted/63rd","2026-07-13T00:00:00.000","W","400"
"40960","Pulaski-Orange","2026-07-13T00:00:00.000","W","2843"
"40970","Cicero-Forest Park","2026-07-13T00:00:00.000","W","541"
"40980","Harlem-Forest Park","2026-07-13T00:00:00.000","W","391"
"40990","69th","2026-07-13T00:00:00.000","W","2737"
"41000","Cermak-Chinatown","2026-07-13T00:00:00.000","W","5378"
"41010","Rockwell","2026-07-13T00:00:00.000","W","1006"
"41020","Logan Square","2026-07-13T00:00:00.000","W","4488"
"41030","Polk","2026-07-13T00:00:00.000","W","2325"
"41040","Kedzie-Cermak","2026-07-13T00:00:00.000","W","780"
"41050","Linden","2026-07-13T00:00:00.000","W","479"
"41060","Ashland-Orange","2026-07-13T00:00:00.000","W","1117"
"41070","Kedzie-Lake","2026-07-13T00:00:00.000","W","680"
"41080","47th-South Elevated","2026-07-13T00:00:00.000","W","742"
"41090","Monroe/State","2026-07-13T00:00:00.000","W","4067"
"41120","35-Bronzeville-IIT","2026-07-13T00:00:00.000","W","1028"
"41130","Halsted-Orange","2026-07-13T00:00:00.000","W","1418"
"41140","King Drive","2026-07-13T00:00:00.000","W","288"
"41150","Kedzie-Midway","2026-07-13T00:00:00.000","W","2133"
"41160","Clinton-Lake","2026-07-13T00:00:00.000","W","2659"
"41170","Garfield-Dan Ryan","2026-07-13T00:00:00.000","W","2104"
"41180","Kedzie-Brown","2026-07-13T00:00:00.000","W","1275"
"41190","Jarvis","2026-07-13T00:00:00.000","W","1071"
"41200","Argyle","2026-07-13T00:00:00.000","W","1947"
"41210","Wellington","2026-07-13T00:00:00.000","W","1943"
"41220","Fullerton","2026-07-13T00:00:00.000","W","6125"
"41230","47th-Dan Ryan","2026-07-13T00:00:00.000","W","1937"
"41240","Addison-O'Hare","2026-07-13T00:00:00.000","W","1705"
"41250","Central-Evanston","2026-07-13T00:00:00.000","W","550"
"41260","Austin-Lake","2026-07-13T00:00:00.000","W","887"
"41270","43rd","2026-07-13T00:00:00.000","W","241"
"41280","Jefferson Park","2026-07-13T00:00:00.000","W","4337"
"41290","Kimball","2026-07-13T00:00:00.000","W","2177"
"41300","Loyola","2026-07-13T00:00:00.000","W","2697"
"41310","Paulina","2026-07-13T00:00:00.000","W","1634"
"41320","Belmont-North Main","2026-07-13T00:00:00.000","W","6851"
"41330","Montrose-O'Hare","2026-07-13T00:00:00.000","W","1558"
"41340","LaSalle","2026-07-13T00:00:00.000","W","1529"
"41350","Oak Park-Lake","2026-07-13T00:00:00.000","W","767"
"41360","California-Lake","2026-07-13T00:00:00.000","W","846"
"41380","Bryn Mawr","2026-07-13T00:00:00.000","W","2621"
"41400","Roosevelt","2026-07-13T00:00:00.000","W","7226"
"41410","Chicago/Milwaukee","2026-07-13T00:00:00.000","W","1812"
"41420","Addison-North Main","2026-07-13T00:00:00.000","W","4822"
"41430","87th","2026-07-13T00:00:00.000","W","1963"
"41440","Addison-Brown","2026-07-13T00:00:00.000","W","1274"
"41450","Chicago/State","2026-07-13T00:00:00.000","W","7630"
"41460","Irving Park-Brown","2026-07-13T00:00:00.000","W","1619"
"41480","Western-Brown","2026-07-13T00:00:00.000","W","1801"
"41490","Harrison","2026-07-13T00:00:00.000","W","2013"
"41500","Montrose-Brown","2026-07-13T00:00:00.000","W","1367"
"41510","Morgan-Lake","2026-07-13T00:00:00.000","W","3899"
"41660","Lake/State","2026-07-13T00:00:00.000","W","9762"
"41670","Conservatory","2026-07-13T00:00:00.000","W","563"
"41680","Oakton-Skokie","2026-07-13T00:00:00.000","W","481"
"41690","Cermak-McCormick Place","2026-07-13T00:00:00.000","W","1936"
"41700","Washington/Wabash","2026-07-13T00:00:00.000","W","10530"
"41710","Damen-Lake","2026-07-12T00:00:00.000","U","708"
"40010","Austin-Forest Park","2026-07-12T00:00:00.000","U","382"
"40020","Harlem-Lake","2026-07-12T00:00:00.000","U","1574"
"40030","Pulaski-Lake","2026-07-12T00:00:00.000","U","645"
"40040","Quincy/Wells","2026-07-12T00:00:00.000","U","1415"
"40050","Davis","2026-07-12T00:00:00.000","U","1381"
"40060","Belmont-O'Hare","2026-07-12T00:00:00.000","U","2369"
"40070","Jackson/Dearborn","2026-07-12T00:00:00.000","U","3653"
"40080","Sheridan","2026-07-12T00:00:00.000","U","2337"
"40090","Damen-Brown","2026-07-12T00:00:00.000","U","1031"
"40100","Morse","2026-07-12T00:00:00.000","U","2226"
"40120","35th/Archer","2026-07-12T00:00:00.000","U","1212"
"40130","51st","2026-07-12T00:00:00.000","U","513"
"40140","Dempster-Skokie","2026-07-12T00:00:00.000","U","916"
"40150","Pulaski-Cermak","2026-07-12T00:00:00.000","U","501"
"40160","LaSalle/Van Buren","2026-07-12T00:00:00.000","U","597"
"40170","Ashland-Lake","2026-07-12T00:00:00.000","U","1308"
"40180","Oak Park-Forest Park","2026-07-12T00:00:00.000","U","362"
"40190","Sox-35th-Dan Ryan","2026-07-12T00:00:00.000","U","6265"
"40210","Damen-Cermak","2026-07-12T00:00:00.000","U","920"
"40220","Western-Forest Park","2026-07-12T00:00:00.000","U","462"
"40230","Cumberland","2026-07-12T00:00:00.000","U","1652"
"40240","79th","2026-07-12T00:00:00.000","U","2763"
"40250","Kedzie-Homan-Forest Park","2026-07-12T00:00:00.000","U","564"
"40260","State/Lake","2026-07-12T00:00:00.000","U","0"
"40270","Main","2026-07-12T00:00:00.000","U","478"
"40280","Central-Lake","2026-07-12T00:00:00.000","U","809"
"40290","Ashland/63rd","2026-07-12T00:00:00.000","U","521"
"40300","Indiana","2026-07-12T00:00:00.000","U","437"
"40310","Western-Orange","2026-07-12T00:00:00.000","U","1507"
"40320","Division/Milwaukee","2026-07-12T00:00:00.000","U","2625"
"40330","Grand/State","2026-07-12T00:00:00.000","U","8094"
"40340","Berwyn","2026-07-12T00:00:00.000","U","1567"
"40350","UIC-Halsted","2026-07-12T00:00:00.000","U","1347"
"40360","Southport","2026-07-12T00:00:00.000","U","2509"
"40370","Washington/Dearborn","2026-07-12T00:00:00.000","U","6193"
"40380","Clark/Lake","2026-07-12T00:00:00.000","U","6783"
"40390","Forest Park","2026-07-12T00:00:00.000","U","703"
"40400","Noyes","2026-07-12T00:00:00.000","U","353"
"40420","Cicero-Cermak","2026-07-12T00:00:00.000","U","622"
"40430","Clinton-Forest Park","2026-07-12T00:00:00.000","U","1062"
"40440","California-Cermak","2026-07-12T00:00:00.000","U","669"
"40450","95th/Dan Ryan","2026-07-12T00:00:00.000","U","4025"
"40460","Merchandise Mart","2026-07-12T00:00:00.000","U","1939"
"40470","Racine","2026-07-12T00:00:00.000","U","415"
"40480","Cicero-Lake","2026-07-12T00:00:00.000","U","478"
"40490","Grand/Milwaukee","2026-07-12T00:00:00.000","U","2026"
"40510","Garfield-South Elevated","2026-07-12T00:00:00.000","U","1104"
"40520","Foster","2026-07-12T00:00:00.000","U","370"
"40530","Diversey","2026-07-12T00:00:00.000","U","2000"
"40540","Wilson","2026-07-12T00:00:00.000","U","3218"
"40550","Irving Park-O'Hare","2026-07-12T00:00:00.000","U","1709"
"40560","Jackson/State","2026-07-12T00:00:00.000","U","4291"
"40570","California/Milwaukee","2026-07-12T00:00:00.000","U","2463"
"40580","54th/Cermak","2026-07-12T00:00:00.000","U","1562"
"40590","Damen/Milwaukee","2026-07-12T00:00:00.000","U","3854"
"40600","Kostner","2026-07-12T00:00:00.000","U","161"
"40610","Ridgeland","2026-07-12T00:00:00.000","U","457"
"40630","Clark/Division","2026-07-12T00:00:00.000","U","5341"
"40650","North/Clybourn","2026-07-12T00:00:00.000","U","2984"
"40660","Armitage","2026-07-12T00:00:00.000","U","2412"
"40670","Western/Milwaukee","2026-07-12T00:00:00.000","U","2354"
"40680","Adams/Wabash","2026-07-12T00:00:00.000","U","5793"
"40690","Dempster","2026-07-12T00:00:00.000","U","481"
"40700","Laramie","2026-07-12T00:00:00.000","U","433"
"40710","Chicago/Franklin","2026-07-12T00:00:00.000","U","2437"
"40720","East 63rd-Cottage Grove","2026-07-12T00:00:00.000","U","46"
"40730","Washington/Wells","2026-07-12T00:00:00.000","U","1021"
"40740","Western-Cermak","2026-07-12T00:00:00.000","U","548"
"40750","Harlem-O'Hare","2026-07-12T00:00:00.000","U","1091"
"40760","Granville","2026-07-12T00:00:00.000","U","1738"
"40770","Lawrence","2026-07-12T00:00:00.000","U","1678"
"40780","Central Park","2026-07-12T00:00:00.000","U","543"
"40790","Monroe/Dearborn","2026-07-12T00:00:00.000","U","1663"
"40800","Sedgwick","2026-07-12T00:00:00.000","U","2171"
"40810","Medical Center","2026-07-12T00:00:00.000","U","877"
"40820","Rosemont","2026-07-12T00:00:00.000","U","3127"
"40830","18th","2026-07-12T00:00:00.000","U","1078"
"40840","South Boulevard","2026-07-12T00:00:00.000","U","298"
"40850","Library","2026-07-12T00:00:00.000","U","2151"
"40870","Francisco","2026-07-12T00:00:00.000","U","677"
"40880","Thorndale","2026-07-12T00:00:00.000","U","1348"
"40890","O'Hare Airport","2026-07-12T00:00:00.000","U","11130"
"40900","Howard","2026-07-12T00:00:00.000","U","2605"
"40910","63rd-Dan Ryan","2026-07-12T00:00:00.000","U","1437"
"40920","Pulaski-Forest Park","2026-07-12T00:00:00.000","U","461"
"40930","Midway Airport","2026-07-12T00:00:00.000","U","3565"
"40940","Halsted/63rd","2026-07-12T00:00:00.000","U","260"
"40960","Pulaski-Orange","2026-07-12T00:00:00.000","U","2024"
"40970","Cicero-Forest Park","2026-07-12T00:00:00.000","U","322"
"40980","Harlem-Forest Park","2026-07-12T00:00:00.000","U","247"
"40990","69th","2026-07-12T00:00:00.000","U","2076"
"41000","Cermak-Chinatown","2026-07-12T00:00:00.000","U","7294"
"41010","Rockwell","2026-07-12T00:00:00.000","U","609"
"41020","Logan Square","2026-07-12T00:00:00.000","U","3904"
"41030","Polk","2026-07-12T00:00:00.000","U","616"
"41040","Kedzie-Cermak","2026-07-12T00:00:00.000","U","581"
"41050","Linden","2026-07-12T00:00:00.000","U","703"
"41060","Ashland-Orange","2026-07-12T00:00:00.000","U","764"
"41070","Kedzie-Lake","2026-07-12T00:00:00.000","U","465"
"41080","47th-South Elevated","2026-07-12T00:00:00.000","U","563"
"41090","Monroe/State","2026-07-12T00:00:00.000","U","3229"
"41120","35-Bronzeville-IIT","2026-07-12T00:00:00.000","U","933"
"41130","Halsted-Orange","2026-07-12T00:00:00.000","U","1005"
"41140","King Drive","2026-07-12T00:00:00.000","U","46"
"41150","Kedzie-Midway","2026-07-12T00:00:00.000","U","1316"
"41160","Clinton-Lake","2026-07-12T00:00:00.000","U","1310"
"41170","Garfield-Dan Ryan","2026-07-12T00:00:00.000","U","1557"
"41180","Kedzie-Brown","2026-07-12T00:00:00.000","U","1044"
"41190","Jarvis","2026-07-12T00:00:00.000","U","1029"
"41200","Argyle","2026-07-12T00:00:00.000","U","1822"
"41210","Wellington","2026-07-12T00:00:00.000","U","969"
"41220","Fullerton","2026-07-12T00:00:00.000","U","5724"
"41230","47th-Dan Ryan","2026-07-12T00:00:00.000","U","1558"
"41240","Addison-O'Hare","2026-07-12T00:00:00.000","U","1106"
"41250","Central-Evanston","2026-07-12T00:00:00.000","U","279"
"41260","Austin-Lake","2026-07-12T00:00:00.000","U","589"
"41270","43rd","2026-07-12T00:00:00.000","U","139"
"41280","Jefferson Park","2026-07-12T00:00:00.000","U","2982"
"41290","Kimball","2026-07-12T00:00:00.000","U","1777"
"41300","Loyola","2026-07-12T00:00:00.000","U","2331"
"41310","Paulina","2026-07-12T00:00:00.000","U","1027"
"41320","Belmont-North Main","2026-07-12T00:00:00.000","U","7040"
"41330","Montrose-O'Hare","2026-07-12T00:00:00.000","U","936"
"41340","LaSalle","2026-07-12T00:00:00.000","U","975"
"41350","Oak Park-Lake","2026-07-12T00:00:00.000","U","574"
"41360","California-Lake","2026-07-12T00:00:00.000","U","404"
"41380","Bryn Mawr","2026-07-12T00:00:00.000","U","2997"
"41400","Roosevelt","2026-07-12T00:00:00.000","U","6735"
"41410","Chicago/Milwaukee","2026-07-12T00:00:00.000","U","1376"
"41420","Addison-North Main","2026-07-12T00:00:00.000","U","9697"
"41430","87th","2026-07-12T00:00:00.000","U","1535"
"41440","Addison-Brown","2026-07-12T00:00:00.000","U","747"
"41450","Chicago/State","2026-07-12T00:00:00.000","U","6941"
"41460","Irving Park-Brown","2026-07-12T00:00:00.000","U","1064"
"41480","Western-Brown","2026-07-12T00:00:00.000","U","1971"
"41490","Harrison","2026-07-12T00:00:00.000","U","2656"
"41500","Montrose-Brown","2026-07-12T00:00:00.000","U","1207"
"41510","Morgan-Lake","2026-07-12T00:00:00.000","U","3271"
"41660","Lake/State","2026-07-12T00:00:00.000","U","8335"
"41670","Conservatory","2026-07-12T00:00:00.000","U","432"
"41680","Oakton-Skokie","2026-07-12T00:00:00.000","U","259"
"41690","Cermak-McCormick Place","2026-07-12T00:00:00.000","U","1617"
"41700","Washington/Wabash","2026-07-12T00:00:00.000","U","7827"
"41710","Damen-Lake","2026-07-11T00:00:00.000","A","935"
"40010","Austin-Forest Park","2026-07-11T00:00:00.000","A","427"
"40020","Harlem-Lake","2026-07-11T00:00:00.000","A","2040"
"40030","Pulaski-Lake","2026-07-11T00:00:00.000","A","810"
"40040","Quincy/Wells","2026-07-11T00:00:00.000","A","1717"
"40050","Davis","2026-07-11T00:00:00.000","A","1981"
"40060","Belmont-O'Hare","2026-07-11T00:00:00.000","A","2730"
"40070","Jackson/Dearborn","2026-07-11T00:00:00.000","A","3864"
"40080","Sheridan","2026-07-11T00:00:00.000","A","3170"
"40090","Damen-Brown","2026-07-11T00:00:00.000","A","1462"
"40100","Morse","2026-07-11T00:00:00.000","A","2694"
"40120","35th/Archer","2026-07-11T00:00:00.000","A","1312"
"40130","51st","2026-07-11T00:00:00.000","A","615"
"40140","Dempster-Skokie","2026-07-11T00:00:00.000","A","1008"
"40150","Pulaski-Cermak","2026-07-11T00:00:00.000","A","573"
"40160","LaSalle/Van Buren","2026-07-11T00:00:00.000","A","869"
"40170","Ashland-Lake","2026-07-11T00:00:00.000","A","2040"
"40180","Oak Park-Forest Park","2026-07-11T00:00:00.000","A","380"
"40190","Sox-35th-Dan Ryan","2026-07-11T00:00:00.000","A","7052"
"40210","Damen-Cermak","2026-07-11T00:00:00.000","A","922"
"40220","Western-Forest Park","2026-07-11T00:00:00.000","A","502"
"40230","Cumberland","2026-07-11T00:00:00.000","A","2103"
"40240","79th","2026-07-11T00:00:00.000","A","3171"
"40250","Kedzie-Homan-Forest Park","2026-07-11T00:00:00.000","A","740"
"40260","State/Lake","2026-07-11T00:00:00.000","A","0"
"40270","Main","2026-07-11T00:00:00.000","A","625"
"40280","Central-Lake","2026-07-11T00:00:00.000","A","951"
"40290","Ashland/63rd","2026-07-11T00:00:00.000","A","627"
"40300","Indiana","2026-07-11T00:00:00.000","A","595"
"40310","Western-Orange","2026-07-11T00:00:00.000","A","1612"
"40320","Division/Milwaukee","2026-07-11T00:00:00.000","A","3509"
"40330","Grand/State","2026-07-11T00:00:00.000","A","10543"
"40340","Berwyn","2026-07-11T00:00:00.000","A","1953"
"40350","UIC-Halsted","2026-07-11T00:00:00.000","A","1645"
"40360","Southport","2026-07-11T00:00:00.000","A","3607"
"40370","Washington/Dearborn","2026-07-11T00:00:00.000","A","6973"
"40380","Clark/Lake","2026-07-11T00:00:00.000","A","8412"
"40390","Forest Park","2026-07-11T00:00:00.000","A","831"
"40400","Noyes","2026-07-11T00:00:00.000","A","526"
"40420","Cicero-Cermak","2026-07-11T00:00:00.000","A","635"
"40430","Clinton-Forest Park","2026-07-11T00:00:00.000","A","1269"
"40440","California-Cermak","2026-07-11T00:00:00.000","A","749"
"40450","95th/Dan Ryan","2026-07-11T00:00:00.000","A","4852"
"40460","Merchandise Mart","2026-07-11T00:00:00.000","A","2915"
"40470","Racine","2026-07-11T00:00:00.000","A","478"
"40480","Cicero-Lake","2026-07-11T00:00:00.000","A","684"
"40490","Grand/Milwaukee","2026-07-11T00:00:00.000","A","2792"
"40510","Garfield-South Elevated","2026-07-11T00:00:00.000","A","1168"
"40520","Foster","2026-07-11T00:00:00.000","A","497"
"40530","Diversey","2026-07-11T00:00:00.000","A","2875"
"40540","Wilson","2026-07-11T00:00:00.000","A","4066"
"40550","Irving Park-O'Hare","2026-07-11T00:00:00.000","A","2076"
"40560","Jackson/State","2026-07-11T00:00:00.000","A","4880"
"40570","California/Milwaukee","2026-07-11T00:00:00.000","A","3052"
"40580","54th/Cermak","2026-07-11T00:00:00.000","A","1458"
"40590","Damen/Milwaukee","2026-07-11T00:00:00.000","A","4831"
"40600","Kostner","2026-07-11T00:00:00.000","A","182"
"40610","Ridgeland","2026-07-11T00:00:00.000","A","594"
"40630","Clark/Division","2026-07-11T00:00:00.000","A","6965"
"40650","North/Clybourn","2026-07-11T00:00:00.000","A","3947"
"40660","Armitage","2026-07-11T00:00:00.000","A","3465"
"40670","Western/Milwaukee","2026-07-11T00:00:00.000","A","2718"
"40680","Adams/Wabash","2026-07-11T00:00:00.000","A","5592"
"40690","Dempster","2026-07-11T00:00:00.000","A","548"
"40700","Laramie","2026-07-11T00:00:00.000","A","595"
"40710","Chicago/Franklin","2026-07-11T00:00:00.000","A","3418"
"40720","East 63rd-Cottage Grove","2026-07-11T00:00:00.000","A","91"
"40730","Washington/Wells","2026-07-11T00:00:00.000","A","1333"
"40740","Western-Cermak","2026-07-11T00:00:00.000","A","704"
"40750","Harlem-O'Hare","2026-07-11T00:00:00.000","A","1157"
"40760","Granville","2026-07-11T00:00:00.000","A","2100"
"40770","Lawrence","2026-07-11T00:00:00.000","A","2182"
"40780","Central Park","2026-07-11T00:00:00.000","A","578"
"40790","Monroe/Dearborn","2026-07-11T00:00:00.000","A","1590"
"40800","Sedgwick","2026-07-11T00:00:00.000","A","3131"
"40810","Medical Center","2026-07-11T00:00:00.000","A","1001"
"40820","Rosemont","2026-07-11T00:00:00.000","A","3891"
"40830","18th","2026-07-11T00:00:00.000","A","1301"
"40840","South Boulevard","2026-07-11T00:00:00.000","A","358"
"40850","Library","2026-07-11T00:00:00.000","A","2478"
"40870","Francisco","2026-07-11T00:00:00.000","A","889"
"40880","Thorndale","2026-07-11T00:00:00.000","A","1731"
"40890","O'Hare Airport","2026-07-11T00:00:00.000","A","9633"
"40900","Howard","2026-07-11T00:00:00.000","A","3121"
"40910","63rd-Dan Ryan","2026-07-11T00:00:00.000","A","1643"
"40920","Pulaski-Forest Park","2026-07-11T00:00:00.000","A","542"
"40930","Midway Airport","2026-07-11T00:00:00.000","A","3674"
"40940","Halsted/63rd","2026-07-11T00:00:00.000","A","325"
"40960","Pulaski-Orange","2026-07-11T00:00:00.000","A","1766"
"40970","Cicero-Forest Park","2026-07-11T00:00:00.000","A","389"
"40980","Harlem-Forest Park","2026-07-11T00:00:00.000","A","324"
"40990","69th","2026-07-11T00:00:00.000","A","2522"
"41000","Cermak-Chinatown","2026-07-11T00:00:00.000","A","9472"
"41010","Rockwell","2026-07-11T00:00:00.000","A","935"
"41020","Logan Square","2026-07-11T00:00:00.000","A","3930"
"41030","Polk","2026-07-11T00:00:00.000","A","871"
"41040","Kedzie-Cermak","2026-07-11T00:00:00.000","A","579"
"41050","Linden","2026-07-11T00:00:00.000","A","810"
"41060","Ashland-Orange","2026-07-11T00:00:00.000","A","857"
"41070","Kedzie-Lake","2026-07-11T00:00:00.000","A","566"
"41080","47th-South Elevated","2026-07-11T00:00:00.000","A","658"
"41090","Monroe/State","2026-07-11T00:00:00.000","A","3783"
"41120","35-Bronzeville-IIT","2026-07-11T00:00:00.000","A","1149"
"41130","Halsted-Orange","2026-07-11T00:00:00.000","A","1182"
"41140","King Drive","2026-07-11T00:00:00.000","A","77"
"41150","Kedzie-Midway","2026-07-11T00:00:00.000","A","1533"
"41160","Clinton-Lake","2026-07-11T00:00:00.000","A","1735"
"41170","Garfield-Dan Ryan","2026-07-11T00:00:00.000","A","2136"
"41180","Kedzie-Brown","2026-07-11T00:00:00.000","A","1375"
"41190","Jarvis","2026-07-11T00:00:00.000","A","1336"
"41200","Argyle","2026-07-11T00:00:00.000","A","2268"
"41210","Wellington","2026-07-11T00:00:00.000","A","1499"
"41220","Fullerton","2026-07-11T00:00:00.000","A","7679"
"41230","47th-Dan Ryan","2026-07-11T00:00:00.000","A","1869"
"41240","Addison-O'Hare","2026-07-11T00:00:00.000","A","1267"
"41250","Central-Evanston","2026-07-11T00:00:00.000","A","358"
"41260","Austin-Lake","2026-07-11T00:00:00.000","A","748"
"41270","43rd","2026-07-11T00:00:00.000","A","188"
"41280","Jefferson Park","2026-07-11T00:00:00.000","A","3398"
"41290","Kimball","2026-07-11T00:00:00.000","A","2156"
"41300","Loyola","2026-07-11T00:00:00.000","A","2962"
"41310","Paulina","2026-07-11T00:00:00.000","A","1596"
"41320","Belmont-North Main","2026-07-11T00:00:00.000","A","9030"
"41330","Montrose-O'Hare","2026-07-11T00:00:00.000","A","1210"
"41340","LaSalle","2026-07-11T00:00:00.000","A","1162"
"41350","Oak Park-Lake","2026-07-11T00:00:00.000","A","754"
"41360","California-Lake","2026-07-11T00:00:00.000","A","622"
"41380","Bryn Mawr","2026-07-11T00:00:00.000","A","3210"
"41400","Roosevelt","2026-07-11T00:00:00.000","A","9029"
"41410","Chicago/Milwaukee","2026-07-11T00:00:00.000","A","1546"
"41420","Addison-North Main","2026-07-11T00:00:00.000","A","9514"
"41430","87th","2026-07-11T00:00:00.000","A","1795"
"41440","Addison-Brown","2026-07-11T00:00:00.000","A","1087"
"41450","Chicago/State","2026-07-11T00:00:00.000","A","8232"
"41460","Irving Park-Brown","2026-07-11T00:00:00.000","A","1514"
"41480","Western-Brown","2026-07-11T00:00:00.000","A","2658"
"41490","Harrison","2026-07-11T00:00:00.000","A","3590"
"41500","Montrose-Brown","2026-07-11T00:00:00.000","A","1659"
"41510","Morgan-Lake","2026-07-11T00:00:00.000","A","5133"
"41660","Lake/State","2026-07-11T00:00:00.000","A","10347"
"41670","Conservatory","2026-07-11T00:00:00.000","A","532"
"41680","Oakton-Skokie","2026-07-11T00:00:00.000","A","329"
"41690","Cermak-McCormick Place","2026-07-11T00:00:00.000","A","1871"
"41700","Washington/Wabash","2026-07-11T00:00:00.000","A","9401"
"41710","Damen-Lake","2026-07-10T00:00:00.000","W","1122"
"41700","Washington/Wabash","2026-07-10T00:00:00.000","W","10813"
"41690","Cermak-McCormick Place","2026-07-10T00:00:00.000","W","1832"
"41680","Oakton-Skokie","2026-07-10T00:00:00.000","W","484"
"41670","Conservatory","2026-07-10T00:00:00.000","W","598"
"41660","Lake/State","2026-07-10T00:00:00.000","W","10890"
"41510","Morgan-Lake","2026-07-10T00:00:00.000","W","4466"
"41500","Montrose-Brown","2026-07-10T00:00:00.000","W","1553"
"41490","Harrison","2026-07-10T00:00:00.000","W","2976"
"41480","Western-Brown","2026-07-10T00:00:00.000","W","2282"
"41460","Irving Park-Brown","2026-07-10T00:00:00.000","W","1654"
"41450","Chicago/State","2026-07-10T00:00:00.000","W","8505"
"41440","Addison-Brown","2026-07-10T00:00:00.000","W","1160"
"41430","87th","2026-07-10T00:00:00.000","W","2219"
"41420","Addison-North Main","2026-07-10T00:00:00.000","W","4968"
"41410","Chicago/Milwaukee","2026-07-10T00:00:00.000","W","1926"
"41400","Roosevelt","2026-07-10T00:00:00.000","W","8644"
"41380","Bryn Mawr","2026-07-10T00:00:00.000","W","2985"
"41360","California-Lake","2026-07-10T00:00:00.000","W","807"
"41350","Oak Park-Lake","2026-07-10T00:00:00.000","W","826"
"41340","LaSalle","2026-07-10T00:00:00.000","W","1659"
"41330","Montrose-O'Hare","2026-07-10T00:00:00.000","W","1577"
"41320","Belmont-North Main","2026-07-10T00:00:00.000","W","7834"
"41310","Paulina","2026-07-10T00:00:00.000","W","1710"
"41300","Loyola","2026-07-10T00:00:00.000","W","3114"
"41290","Kimball","2026-07-10T00:00:00.000","W","2485"
"41280","Jefferson Park","2026-07-10T00:00:00.000","W","4663"
"41270","43rd","2026-07-10T00:00:00.000","W","235"
"40010","Austin-Forest Park","2026-07-10T00:00:00.000","W","629"
"40020","Harlem-Lake","2026-07-10T00:00:00.000","W","2521"
"40030","Pulaski-Lake","2026-07-10T00:00:00.000","W","1168"
"40040","Quincy/Wells","2026-07-10T00:00:00.000","W","3600"
"40050","Davis","2026-07-10T00:00:00.000","W","2216"
"40060","Belmont-O'Hare","2026-07-10T00:00:00.000","W","3580"
"40070","Jackson/Dearborn","2026-07-10T00:00:00.000","W","4582"
"40080","Sheridan","2026-07-10T00:00:00.000","W","2661"
"40090","Damen-Brown","2026-07-10T00:00:00.000","W","1441"
"40100","Morse","2026-07-10T00:00:00.000","W","2831"
"40120","35th/Archer","2026-07-10T00:00:00.000","W","1750"
"40130","51st","2026-07-10T00:00:00.000","W","727"
"40140","Dempster-Skokie","2026-07-10T00:00:00.000","W","803"
"40150","Pulaski-Cermak","2026-07-10T00:00:00.000","W","743"
"40160","LaSalle/Van Buren","2026-07-10T00:00:00.000","W","1662"
"40170","Ashland-Lake","2026-07-10T00:00:00.000","W","2180"
"40180","Oak Park-Forest Park","2026-07-10T00:00:00.000","W","567"
"40190","Sox-35th-Dan Ryan","2026-07-10T00:00:00.000","W","7058"
"40210","Damen-Cermak","2026-07-10T00:00:00.000","W","1241"
"40220","Western-Forest Park","2026-07-10T00:00:00.000","W","631"
"40230","Cumberland","2026-07-10T00:00:00.000","W","2607"
"40240","79th","2026-07-10T00:00:00.000","W","3814"
"40250","Kedzie-Homan-Forest Park","2026-07-10T00:00:00.000","W","877"
"40260","State/Lake","2026-07-10T00:00:00.000","W","0"
"40270","Main","2026-07-10T00:00:00.000","W","704"
"40280","Central-Lake","2026-07-10T00:00:00.000","W","1277"
"40290","Ashland/63rd","2026-07-10T00:00:00.000","W","756"
"40300","Indiana","2026-07-10T00:00:00.000","W","814"
"40310","Western-Orange","2026-07-10T00:00:00.000","W","2456"
"40320","Division/Milwaukee","2026-07-10T00:00:00.000","W","4107"
"40330","Grand/State","2026-07-10T00:00:00.000","W","8149"
"40340","Berwyn","2026-07-10T00:00:00.000","W","2005"
"40350","UIC-Halsted","2026-07-10T00:00:00.000","W","2238"
"40360","Southport","2026-07-10T00:00:00.000","W","2317"
"40370","Washington/Dearborn","2026-07-10T00:00:00.000","W","8371"
"40380","Clark/Lake","2026-07-10T00:00:00.000","W","11592"
"40390","Forest Park","2026-07-10T00:00:00.000","W","1211"
"40400","Noyes","2026-07-10T00:00:00.000","W","651"
"40420","Cicero-Cermak","2026-07-10T00:00:00.000","W","779"
"40430","Clinton-Forest Park","2026-07-10T00:00:00.000","W","1791"
"40440","California-Cermak","2026-07-10T00:00:00.000","W","1016"
"40450","95th/Dan Ryan","2026-07-10T00:00:00.000","W","6249"
"40460","Merchandise Mart","2026-07-10T00:00:00.000","W","3880"
"40470","Racine","2026-07-10T00:00:00.000","W","554"
"40480","Cicero-Lake","2026-07-10T00:00:00.000","W","773"
"40490","Grand/Milwaukee","2026-07-10T00:00:00.000","W","2944"
"40510","Garfield-South Elevated","2026-07-10T00:00:00.000","W","965"
"40520","Foster","2026-07-10T00:00:00.000","W","554"
"40530","Diversey","2026-07-10T00:00:00.000","W","3277"
"40540","Wilson","2026-07-10T00:00:00.000","W","4527"
"40550","Irving Park-O'Hare","2026-07-10T00:00:00.000","W","2819"
"40560","Jackson/State","2026-07-10T00:00:00.000","W","4951"
"40570","California/Milwaukee","2026-07-10T00:00:00.000","W","3548"
"40580","54th/Cermak","2026-07-10T00:00:00.000","W","1616"
"40590","Damen/Milwaukee","2026-07-10T00:00:00.000","W","4629"
"40600","Kostner","2026-07-10T00:00:00.000","W","281"
"40610","Ridgeland","2026-07-10T00:00:00.000","W","829"
"40630","Clark/Division","2026-07-10T00:00:00.000","W","5556"
"40650","North/Clybourn","2026-07-10T00:00:00.000","W","3463"
"40660","Armitage","2026-07-10T00:00:00.000","W","3036"
"40670","Western/Milwaukee","2026-07-10T00:00:00.000","W","3467"
"40680","Adams/Wabash","2026-07-10T00:00:00.000","W","5644"
"40690","Dempster","2026-07-10T00:00:00.000","W","588"
"40700","Laramie","2026-07-10T00:00:00.000","W","665"
"40710","Chicago/Franklin","2026-07-10T00:00:00.000","W","4104"
"40720","East 63rd-Cottage Grove","2026-07-10T00:00:00.000","W","798"
"40730","Washington/Wells","2026-07-10T00:00:00.000","W","3910"
"40740","Western-Cermak","2026-07-10T00:00:00.000","W","956"
"40750","Harlem-O'Hare","2026-07-10T00:00:00.000","W","1652"
"40760","Granville","2026-07-10T00:00:00.000","W","2251"
"40770","Lawrence","2026-07-10T00:00:00.000","W","2031"
"40780","Central Park","2026-07-10T00:00:00.000","W","748"
"40790","Monroe/Dearborn","2026-07-10T00:00:00.000","W","3121"
"40800","Sedgwick","2026-07-10T00:00:00.000","W","2641"
"40810","Medical Center","2026-07-10T00:00:00.000","W","1619"
"40820","Rosemont","2026-07-10T00:00:00.000","W","4420"
"40830","18th","2026-07-10T00:00:00.000","W","1388"
"40840","South Boulevard","2026-07-10T00:00:00.000","W","453"
"40850","Library","2026-07-10T00:00:00.000","W","2705"
"40870","Francisco","2026-07-10T00:00:00.000","W","940"
"40880","Thorndale","2026-07-10T00:00:00.000","W","1756"
"40890","O'Hare Airport","2026-07-10T00:00:00.000","W","12207"
"40900","Howard","2026-07-10T00:00:00.000","W","3355"
"40910","63rd-Dan Ryan","2026-07-10T00:00:00.000","W","1989"
"40920","Pulaski-Forest Park","2026-07-10T00:00:00.000","W","688"
"40930","Midway Airport","2026-07-10T00:00:00.000","W","5886"
"40940","Halsted/63rd","2026-07-10T00:00:00.000","W","355"
"40960","Pulaski-Orange","2026-07-10T00:00:00.000","W","2993"
"40970","Cicero-Forest Park","2026-07-10T00:00:00.000","W","565"
"40980","Harlem-Forest Park","2026-07-10T00:00:00.000","W","407"
"40990","69th","2026-07-10T00:00:00.000","W","3121"
"41000","Cermak-Chinatown","2026-07-10T00:00:00.000","W","6950"
"41010","Rockwell","2026-07-10T00:00:00.000","W","1019"
"41020","Logan Square","2026-07-10T00:00:00.000","W","4908"
"41030","Polk","2026-07-10T00:00:00.000","W","2238"
"41040","Kedzie-Cermak","2026-07-10T00:00:00.000","W","840"
"41050","Linden","2026-07-10T00:00:00.000","W","648"
"41060","Ashland-Orange","2026-07-10T00:00:00.000","W","1138"
"41070","Kedzie-Lake","2026-07-10T00:00:00.000","W","737"
"41080","47th-South Elevated","2026-07-10T00:00:00.000","W","837"
"41090","Monroe/State","2026-07-10T00:00:00.000","W","4091"
"41120","35-Bronzeville-IIT","2026-07-10T00:00:00.000","W","1373"
"41130","Halsted-Orange","2026-07-10T00:00:00.000","W","1453"
"41140","King Drive","2026-07-10T00:00:00.000","W","370"
"41150","Kedzie-Midway","2026-07-10T00:00:00.000","W","2335"
"41160","Clinton-Lake","2026-07-10T00:00:00.000","W","2647"
"41170","Garfield-Dan Ryan","2026-07-10T00:00:00.000","W","2627"
"41180","Kedzie-Brown","2026-07-10T00:00:00.000","W","1463"
"41190","Jarvis","2026-07-10T00:00:00.000","W","1190"
"41200","Argyle","2026-07-10T00:00:00.000","W","2193"
"41210","Wellington","2026-07-10T00:00:00.000","W","1788"
"41220","Fullerton","2026-07-10T00:00:00.000","W","6483"
"41230","47th-Dan Ryan","2026-07-10T00:00:00.000","W","2356"
"41240","Addison-O'Hare","2026-07-10T00:00:00.000","W","1855"
"41250","Central-Evanston","2026-07-10T00:00:00.000","W","548"
"41260","Austin-Lake","2026-07-10T00:00:00.000","W","954"
"41710","Damen-Lake","2026-07-09T00:00:00.000","W","1290"
"41700","Washington/Wabash","2026-07-09T00:00:00.000","W","11523"
"41690","Cermak-McCormick Place","2026-07-09T00:00:00.000","W","1638"
"41680","Oakton-Skokie","2026-07-09T00:00:00.000","W","498"
"41670","Conservatory","2026-07-09T00:00:00.000","W","640"
"41660","Lake/State","2026-07-09T00:00:00.000","W","11822"
"41510","Morgan-Lake","2026-07-09T00:00:00.000","W","5118"
"41500","Montrose-Brown","2026-07-09T00:00:00.000","W","1731"
"41490","Harrison","2026-07-09T00:00:00.000","W","2446"
"41480","Western-Brown","2026-07-09T00:00:00.000","W","1995"
"41460","Irving Park-Brown","2026-07-09T00:00:00.000","W","1907"
"41450","Chicago/State","2026-07-09T00:00:00.000","W","8225"
"41440","Addison-Brown","2026-07-09T00:00:00.000","W","1367"
"41430","87th","2026-07-09T00:00:00.000","W","2057"
"41420","Addison-North Main","2026-07-09T00:00:00.000","W","4642"
"41410","Chicago/Milwaukee","2026-07-09T00:00:00.000","W","2238"
"41400","Roosevelt","2026-07-09T00:00:00.000","W","8353"
"41380","Bryn Mawr","2026-07-09T00:00:00.000","W","2875"
"41360","California-Lake","2026-07-09T00:00:00.000","W","835"
"41350","Oak Park-Lake","2026-07-09T00:00:00.000","W","881"
"41340","LaSalle","2026-07-09T00:00:00.000","W","1731"
"41330","Montrose-O'Hare","2026-07-09T00:00:00.000","W","1798"
"41320","Belmont-North Main","2026-07-09T00:00:00.000","W","7807"
"41310","Paulina","2026-07-09T00:00:00.000","W","1941"
"41300","Loyola","2026-07-09T00:00:00.000","W","3015"
"41290","Kimball","2026-07-09T00:00:00.000","W","2444"
"41280","Jefferson Park","2026-07-09T00:00:00.000","W","4978"
"40010","Austin-Forest Park","2026-07-09T00:00:00.000","W","750"
"40020","Harlem-Lake","2026-07-09T00:00:00.000","W","2370"
"40030","Pulaski-Lake","2026-07-09T00:00:00.000","W","1130"
"40040","Quincy/Wells","2026-07-09T00:00:00.000","W","5913"
"40050","Davis","2026-07-09T00:00:00.000","W","2385"
"40060","Belmont-O'Hare","2026-07-09T00:00:00.000","W","3902"
"40070","Jackson/Dearborn","2026-07-09T00:00:00.000","W","4842"
"40080","Sheridan","2026-07-09T00:00:00.000","W","2634"
"40090","Damen-Brown","2026-07-09T00:00:00.000","W","1607"
"40100","Morse","2026-07-09T00:00:00.000","W","2805"
"40120","35th/Archer","2026-07-09T00:00:00.000","W","1847"
"40130","51st","2026-07-09T00:00:00.000","W","696"
"40140","Dempster-Skokie","2026-07-09T00:00:00.000","W","822"
"40150","Pulaski-Cermak","2026-07-09T00:00:00.000","W","701"
"40160","LaSalle/Van Buren","2026-07-09T00:00:00.000","W","2398"
"40170","Ashland-Lake","2026-07-09T00:00:00.000","W","2287"
"40180","Oak Park-Forest Park","2026-07-09T00:00:00.000","W","706"
"40190","Sox-35th-Dan Ryan","2026-07-09T00:00:00.000","W","6320"
"40210","Damen-Cermak","2026-07-09T00:00:00.000","W","1255"
"40220","Western-Forest Park","2026-07-09T00:00:00.000","W","677"
"40230","Cumberland","2026-07-09T00:00:00.000","W","2591"
"40240","79th","2026-07-09T00:00:00.000","W","3863"
"40250","Kedzie-Homan-Forest Park","2026-07-09T00:00:00.000","W","941"
"40260","State/Lake","2026-07-09T00:00:00.000","W","0"
"40270","Main","2026-07-09T00:00:00.000","W","735"
"40280","Central-Lake","2026-07-09T00:00:00.000","W","1268"
"40290","Ashland/63rd","2026-07-09T00:00:00.000","W","733"
"40300","Indiana","2026-07-09T00:00:00.000","W","817"
"40310","Western-Orange","2026-07-09T00:00:00.000","W","2454"
"40320","Division/Milwaukee","2026-07-09T00:00:00.000","W","4437"
"40330","Grand/State","2026-07-09T00:00:00.000","W","7400"
"40340","Berwyn","2026-07-09T00:00:00.000","W","1964"
"40350","UIC-Halsted","2026-07-09T00:00:00.000","W","2256"
"40360","Southport","2026-07-09T00:00:00.000","W","2459"
"40370","Washington/Dearborn","2026-07-09T00:00:00.000","W","9076"
"40380","Clark/Lake","2026-07-09T00:00:00.000","W","15230"
"40390","Forest Park","2026-07-09T00:00:00.000","W","1262"
"40400","Noyes","2026-07-09T00:00:00.000","W","609"
"40420","Cicero-Cermak","2026-07-09T00:00:00.000","W","708"
"40430","Clinton-Forest Park","2026-07-09T00:00:00.000","W","2382"
"40440","California-Cermak","2026-07-09T00:00:00.000","W","1020"
"40450","95th/Dan Ryan","2026-07-09T00:00:00.000","W","6221"
"40460","Merchandise Mart","2026-07-09T00:00:00.000","W","6422"
"40470","Racine","2026-07-09T00:00:00.000","W","656"
"40480","Cicero-Lake","2026-07-09T00:00:00.000","W","778"
"40490","Grand/Milwaukee","2026-07-09T00:00:00.000","W","3320"
"40510","Garfield-South Elevated","2026-07-09T00:00:00.000","W","986"
"40520","Foster","2026-07-09T00:00:00.000","W","521"
"40530","Diversey","2026-07-09T00:00:00.000","W","3642"
"40540","Wilson","2026-07-09T00:00:00.000","W","4862"
"40550","Irving Park-O'Hare","2026-07-09T00:00:00.000","W","3012"
"40560","Jackson/State","2026-07-09T00:00:00.000","W","4417"
"40570","California/Milwaukee","2026-07-09T00:00:00.000","W","3707"
"40580","54th/Cermak","2026-07-09T00:00:00.000","W","1791"
"40590","Damen/Milwaukee","2026-07-09T00:00:00.000","W","4675"
"40600","Kostner","2026-07-09T00:00:00.000","W","283"
"40610","Ridgeland","2026-07-09T00:00:00.000","W","970"
"40630","Clark/Division","2026-07-09T00:00:00.000","W","5473"
"40650","North/Clybourn","2026-07-09T00:00:00.000","W","3460"
"40660","Armitage","2026-07-09T00:00:00.000","W","3200"
"40670","Western/Milwaukee","2026-07-09T00:00:00.000","W","4025"
"40680","Adams/Wabash","2026-07-09T00:00:00.000","W","5157"
"40690","Dempster","2026-07-09T00:00:00.000","W","573"
"40700","Laramie","2026-07-09T00:00:00.000","W","728"
"40710","Chicago/Franklin","2026-07-09T00:00:00.000","W","4791"
"40720","East 63rd-Cottage Grove","2026-07-09T00:00:00.000","W","792"
"40730","Washington/Wells","2026-07-09T00:00:00.000","W","6682"
"40740","Western-Cermak","2026-07-09T00:00:00.000","W","897"
"40750","Harlem-O'Hare","2026-07-09T00:00:00.000","W","1723"
"40760","Granville","2026-07-09T00:00:00.000","W","2282"
"40770","Lawrence","2026-07-09T00:00:00.000","W","2061"
"40780","Central Park","2026-07-09T00:00:00.000","W","843"
"40790","Monroe/Dearborn","2026-07-09T00:00:00.000","W","4070"
"40800","Sedgwick","2026-07-09T00:00:00.000","W","3069"
"40810","Medical Center","2026-07-09T00:00:00.000","W","1822"
"40820","Rosemont","2026-07-09T00:00:00.000","W","4352"
"40830","18th","2026-07-09T00:00:00.000","W","1321"
"40840","South Boulevard","2026-07-09T00:00:00.000","W","522"
"40850","Library","2026-07-09T00:00:00.000","W","2631"
"40870","Francisco","2026-07-09T00:00:00.000","W","1094"
"40880","Thorndale","2026-07-09T00:00:00.000","W","1750"
"40890","O'Hare Airport","2026-07-09T00:00:00.000","W","11096"
"40900","Howard","2026-07-09T00:00:00.000","W","3529"
"40910","63rd-Dan Ryan","2026-07-09T00:00:00.000","W","1819"
"40920","Pulaski-Forest Park","2026-07-09T00:00:00.000","W","650"
"40930","Midway Airport","2026-07-09T00:00:00.000","W","5719"
"40940","Halsted/63rd","2026-07-09T00:00:00.000","W","431"
"40960","Pulaski-Orange","2026-07-09T00:00:00.000","W","3167"
"40970","Cicero-Forest Park","2026-07-09T00:00:00.000","W","608"
"40980","Harlem-Forest Park","2026-07-09T00:00:00.000","W","529"
"40990","69th","2026-07-09T00:00:00.000","W","2943"
"41000","Cermak-Chinatown","2026-07-09T00:00:00.000","W","5624"
"41010","Rockwell","2026-07-09T00:00:00.000","W","1216"
"41020","Logan Square","2026-07-09T00:00:00.000","W","5155"
"41030","Polk","2026-07-09T00:00:00.000","W","2413"
"41040","Kedzie-Cermak","2026-07-09T00:00:00.000","W","839"
"41050","Linden","2026-07-09T00:00:00.000","W","714"
"41060","Ashland-Orange","2026-07-09T00:00:00.000","W","1195"
"41070","Kedzie-Lake","2026-07-09T00:00:00.000","W","767"
"41080","47th-South Elevated","2026-07-09T00:00:00.000","W","928"
"41090","Monroe/State","2026-07-09T00:00:00.000","W","4889"
"41120","35-Bronzeville-IIT","2026-07-09T00:00:00.000","W","1458"
"41130","Halsted-Orange","2026-07-09T00:00:00.000","W","1534"
"41140","King Drive","2026-07-09T00:00:00.000","W","310"
"41150","Kedzie-Midway","2026-07-09T00:00:00.000","W","2262"
"41160","Clinton-Lake","2026-07-09T00:00:00.000","W","3399"
"41170","Garfield-Dan Ryan","2026-07-09T00:00:00.000","W","2482"
"41180","Kedzie-Brown","2026-07-09T00:00:00.000","W","1411"
"41190","Jarvis","2026-07-09T00:00:00.000","W","1140"
"41200","Argyle","2026-07-09T00:00:00.000","W","2785"
"41210","Wellington","2026-07-09T00:00:00.000","W","2313"
"41220","Fullerton","2026-07-09T00:00:00.000","W","6683"
"41230","47th-Dan Ryan","2026-07-09T00:00:00.000","W","2021"
"41240","Addison-O'Hare","2026-07-09T00:00:00.000","W","2045"
"41250","Central-Evanston","2026-07-09T00:00:00.000","W","604"
"41260","Austin-Lake","2026-07-09T00:00:00.000","W","1054"
"41270","43rd","2026-07-09T00:00:00.000","W","215"
"41710","Damen-Lake","2026-07-08T00:00:00.000","W","1240"
"41700","Washington/Wabash","2026-07-08T00:00:00.000","W","12175"
"41690","Cermak-McCormick Place","2026-07-08T00:00:00.000","W","1602"
"41680","Oakton-Skokie","2026-07-08T00:00:00.000","W","504"
"41670","Conservatory","2026-07-08T00:00:00.000","W","742"
"41660","Lake/State","2026-07-08T00:00:00.000","W","12301"
"41510","Morgan-Lake","2026-07-08T00:00:00.000","W","4890"
"41500","Montrose-Brown","2026-07-08T00:00:00.000","W","1735"
"41490","Harrison","2026-07-08T00:00:00.000","W","2480"
"41480","Western-Brown","2026-07-08T00:00:00.000","W","2038"
"41460","Irving Park-Brown","2026-07-08T00:00:00.000","W","2006"
"41450","Chicago/State","2026-07-08T00:00:00.000","W","8495"
"41440","Addison-Brown","2026-07-08T00:00:00.000","W","1378"
"41430","87th","2026-07-08T00:00:00.000","W","2210"
"41420","Addison-North Main","2026-07-08T00:00:00.000","W","4667"
"41410","Chicago/Milwaukee","2026-07-08T00:00:00.000","W","2217"
"41400","Roosevelt","2026-07-08T00:00:00.000","W","8958"
"41380","Bryn Mawr","2026-07-08T00:00:00.000","W","3013"
"41360","California-Lake","2026-07-08T00:00:00.000","W","968"
"41350","Oak Park-Lake","2026-07-08T00:00:00.000","W","942"
"41340","LaSalle","2026-07-08T00:00:00.000","W","1784"
"41330","Montrose-O'Hare","2026-07-08T00:00:00.000","W","1814"
"41320","Belmont-North Main","2026-07-08T00:00:00.000","W","8087"
"41310","Paulina","2026-07-08T00:00:00.000","W","1966"
"41300","Loyola","2026-07-08T00:00:00.000","W","3129"
"41290","Kimball","2026-07-08T00:00:00.000","W","2425"
"41280","Jefferson Park","2026-07-08T00:00:00.000","W","4888"
"40010","Austin-Forest Park","2026-07-08T00:00:00.000","W","765"
"40020","Harlem-Lake","2026-07-08T00:00:00.000","W","2700"
"40030","Pulaski-Lake","2026-07-08T00:00:00.000","W","1065"
"40040","Quincy/Wells","2026-07-08T00:00:00.000","W","6496"
"40050","Davis","2026-07-08T00:00:00.000","W","2472"
"40060","Belmont-O'Hare","2026-07-08T00:00:00.000","W","3988"
"40070","Jackson/Dearborn","2026-07-08T00:00:00.000","W","5002"
"40080","Sheridan","2026-07-08T00:00:00.000","W","2944"
"40090","Damen-Brown","2026-07-08T00:00:00.000","W","1730"
"40100","Morse","2026-07-08T00:00:00.000","W","2932"
"40120","35th/Archer","2026-07-08T00:00:00.000","W","1856"
"40130","51st","2026-07-08T00:00:00.000","W","668"
"40140","Dempster-Skokie","2026-07-08T00:00:00.000","W","828"
"40150","Pulaski-Cermak","2026-07-08T00:00:00.000","W","759"
"40160","LaSalle/Van Buren","2026-07-08T00:00:00.000","W","2370"
"40170","Ashland-Lake","2026-07-08T00:00:00.000","W","2243"
"40180","Oak Park-Forest Park","2026-07-08T00:00:00.000","W","731"
"40190","Sox-35th-Dan Ryan","2026-07-08T00:00:00.000","W","7802"
"40210","Damen-Cermak","2026-07-08T00:00:00.000","W","1254"
"40220","Western-Forest Park","2026-07-08T00:00:00.000","W","618"
"40230","Cumberland","2026-07-08T00:00:00.000","W","2818"
"40240","79th","2026-07-08T00:00:00.000","W","3938"
"40250","Kedzie-Homan-Forest Park","2026-07-08T00:00:00.000","W","893"
"40260","State/Lake","2026-07-08T00:00:00.000","W","0"
"40270","Main","2026-07-08T00:00:00.000","W","707"
"40280","Central-Lake","2026-07-08T00:00:00.000","W","1294"
"40290","Ashland/63rd","2026-07-08T00:00:00.000","W","751"
"40300","Indiana","2026-07-08T00:00:00.000","W","800"
"40310","Western-Orange","2026-07-08T00:00:00.000","W","2604"
"40320","Division/Milwaukee","2026-07-08T00:00:00.000","W","4544"
"40330","Grand/State","2026-07-08T00:00:00.000","W","7669"
"40340","Berwyn","2026-07-08T00:00:00.000","W","2000"
"40350","UIC-Halsted","2026-07-08T00:00:00.000","W","2356"
"40360","Southport","2026-07-08T00:00:00.000","W","2600"
"40370","Washington/Dearborn","2026-07-08T00:00:00.000","W","9221"
"40380","Clark/Lake","2026-07-08T00:00:00.000","W","15323"
"40390","Forest Park","2026-07-08T00:00:00.000","W","1354"
"40400","Noyes","2026-07-08T00:00:00.000","W","643"
"40420","Cicero-Cermak","2026-07-08T00:00:00.000","W","735"
"40430","Clinton-Forest Park","2026-07-08T00:00:00.000","W","2585"
"40440","California-Cermak","2026-07-08T00:00:00.000","W","994"
"40450","95th/Dan Ryan","2026-07-08T00:00:00.000","W","6384"
"40460","Merchandise Mart","2026-07-08T00:00:00.000","W","6537"
"40470","Racine","2026-07-08T00:00:00.000","W","661"
"40480","Cicero-Lake","2026-07-08T00:00:00.000","W","873"
"40490","Grand/Milwaukee","2026-07-08T00:00:00.000","W","3161"
"40510","Garfield-South Elevated","2026-07-08T00:00:00.000","W","1043"
"40520","Foster","2026-07-08T00:00:00.000","W","515"
"40530","Diversey","2026-07-08T00:00:00.000","W","3742"
"40540","Wilson","2026-07-08T00:00:00.000","W","4978"
"40550","Irving Park-O'Hare","2026-07-08T00:00:00.000","W","3103"
"40560","Jackson/State","2026-07-08T00:00:00.000","W","4915"
"40570","California/Milwaukee","2026-07-08T00:00:00.000","W","3956"
"40580","54th/Cermak","2026-07-08T00:00:00.000","W","2005"
"40590","Damen/Milwaukee","2026-07-08T00:00:00.000","W","4866"
"40600","Kostner","2026-07-08T00:00:00.000","W","330"
"40610","Ridgeland","2026-07-08T00:00:00.000","W","1139"
"40630","Clark/Division","2026-07-08T00:00:00.000","W","5871"
"40650","North/Clybourn","2026-07-08T00:00:00.000","W","3548"
"40660","Armitage","2026-07-08T00:00:00.000","W","3268"
"40670","Western/Milwaukee","2026-07-08T00:00:00.000","W","4061"
"40680","Adams/Wabash","2026-07-08T00:00:00.000","W","5557"
"40690","Dempster","2026-07-08T00:00:00.000","W","575"
"40700","Laramie","2026-07-08T00:00:00.000","W","734"
"40710","Chicago/Franklin","2026-07-08T00:00:00.000","W","4773"
"40720","East 63rd-Cottage Grove","2026-07-08T00:00:00.000","W","798"
"40730","Washington/Wells","2026-07-08T00:00:00.000","W","6834"
"40740","Western-Cermak","2026-07-08T00:00:00.000","W","969"
"40750","Harlem-O'Hare","2026-07-08T00:00:00.000","W","1831"
"40760","Granville","2026-07-08T00:00:00.000","W","2215"
"40770","Lawrence","2026-07-08T00:00:00.000","W","2049"
"40780","Central Park","2026-07-08T00:00:00.000","W","839"
"40790","Monroe/Dearborn","2026-07-08T00:00:00.000","W","4307"
"40800","Sedgwick","2026-07-08T00:00:00.000","W","3143"
"40810","Medical Center","2026-07-08T00:00:00.000","W","2010"
"40820","Rosemont","2026-07-08T00:00:00.000","W","4435"
"40830","18th","2026-07-08T00:00:00.000","W","1377"
"40840","South Boulevard","2026-07-08T00:00:00.000","W","536"
"40850","Library","2026-07-08T00:00:00.000","W","2820"
"40870","Francisco","2026-07-08T00:00:00.000","W","1047"
"40880","Thorndale","2026-07-08T00:00:00.000","W","1783"
"40890","O'Hare Airport","2026-07-08T00:00:00.000","W","10068"
"40900","Howard","2026-07-08T00:00:00.000","W","3526"
"40910","63rd-Dan Ryan","2026-07-08T00:00:00.000","W","1982"
"40920","Pulaski-Forest Park","2026-07-08T00:00:00.000","W","638"
"40930","Midway Airport","2026-07-08T00:00:00.000","W","5844"
"40940","Halsted/63rd","2026-07-08T00:00:00.000","W","441"
"40960","Pulaski-Orange","2026-07-08T00:00:00.000","W","3295"
"40970","Cicero-Forest Park","2026-07-08T00:00:00.000","W","629"
"40980","Harlem-Forest Park","2026-07-08T00:00:00.000","W","463"
"40990","69th","2026-07-08T00:00:00.000","W","3097"
"41000","Cermak-Chinatown","2026-07-08T00:00:00.000","W","5534"
"41010","Rockwell","2026-07-08T00:00:00.000","W","1213"
"41020","Logan Square","2026-07-08T00:00:00.000","W","5412"
"41030","Polk","2026-07-08T00:00:00.000","W","2529"
"41040","Kedzie-Cermak","2026-07-08T00:00:00.000","W","817"
"41050","Linden","2026-07-08T00:00:00.000","W","606"
"41060","Ashland-Orange","2026-07-08T00:00:00.000","W","1246"
"41070","Kedzie-Lake","2026-07-08T00:00:00.000","W","835"
"41080","47th-South Elevated","2026-07-08T00:00:00.000","W","951"
"41090","Monroe/State","2026-07-08T00:00:00.000","W","5066"
"41120","35-Bronzeville-IIT","2026-07-08T00:00:00.000","W","1509"
"41130","Halsted-Orange","2026-07-08T00:00:00.000","W","1630"
"41140","King Drive","2026-07-08T00:00:00.000","W","299"
"41150","Kedzie-Midway","2026-07-08T00:00:00.000","W","2445"
"41160","Clinton-Lake","2026-07-08T00:00:00.000","W","3580"
"41170","Garfield-Dan Ryan","2026-07-08T00:00:00.000","W","2441"
"41180","Kedzie-Brown","2026-07-08T00:00:00.000","W","1553"
"41190","Jarvis","2026-07-08T00:00:00.000","W","1129"
"41200","Argyle","2026-07-08T00:00:00.000","W","2111"
"41210","Wellington","2026-07-08T00:00:00.000","W","2341"
"41220","Fullerton","2026-07-08T00:00:00.000","W","7087"
"41230","47th-Dan Ryan","2026-07-08T00:00:00.000","W","2199"
"41240","Addison-O'Hare","2026-07-08T00:00:00.000","W","2016"
"41250","Central-Evanston","2026-07-08T00:00:00.000","W","610"
"41260","Austin-Lake","2026-07-08T00:00:00.000","W","1062"
"41270","43rd","2026-07-08T00:00:00.000","W","227"
"41710","Damen-Lake","2026-07-07T00:00:00.000","W","912"
"41700","Washington/Wabash","2026-07-07T00:00:00.000","W","12144"
"41690","Cermak-McCormick Place","2026-07-07T00:00:00.000","W","1724"
"41680","Oakton-Skokie","2026-07-07T00:00:00.000","W","561"
"41670","Conservatory","2026-07-07T00:00:00.000","W","551"
"41660","Lake/State","2026-07-07T00:00:00.000","W","12059"
"41510","Morgan-Lake","2026-07-07T00:00:00.000","W","4873"
"41500","Montrose-Brown","2026-07-07T00:00:00.000","W","1732"
"41490","Harrison","2026-07-07T00:00:00.000","W","2408"
"41480","Western-Brown","2026-07-07T00:00:00.000","W","2011"
"41460","Irving Park-Brown","2026-07-07T00:00:00.000","W","1975"
"41450","Chicago/State","2026-07-07T00:00:00.000","W","8423"
"41440","Addison-Brown","2026-07-07T00:00:00.000","W","1445"
"41430","87th","2026-07-07T00:00:00.000","W","2169"
"41420","Addison-North Main","2026-07-07T00:00:00.000","W","4714"
"41410","Chicago/Milwaukee","2026-07-07T00:00:00.000","W","2169"
"41400","Roosevelt","2026-07-07T00:00:00.000","W","8187"
"41380","Bryn Mawr","2026-07-07T00:00:00.000","W","2921"
"41360","California-Lake","2026-07-07T00:00:00.000","W","932"
"41350","Oak Park-Lake","2026-07-07T00:00:00.000","W","838"
"41340","LaSalle","2026-07-07T00:00:00.000","W","1594"
"41330","Montrose-O'Hare","2026-07-07T00:00:00.000","W","1723"
"41320","Belmont-North Main","2026-07-07T00:00:00.000","W","7901"
"41310","Paulina","2026-07-07T00:00:00.000","W","2022"
"41300","Loyola","2026-07-07T00:00:00.000","W","2924"
"41290","Kimball","2026-07-07T00:00:00.000","W","2421"
"41280","Jefferson Park","2026-07-07T00:00:00.000","W","4734"
"40010","Austin-Forest Park","2026-07-07T00:00:00.000","W","745"
"40020","Harlem-Lake","2026-07-07T00:00:00.000","W","2429"
"40030","Pulaski-Lake","2026-07-07T00:00:00.000","W","1009"
"40040","Quincy/Wells","2026-07-07T00:00:00.000","W","6783"
"40050","Davis","2026-07-07T00:00:00.000","W","2366"
"40060","Belmont-O'Hare","2026-07-07T00:00:00.000","W","3826"
"40070","Jackson/Dearborn","2026-07-07T00:00:00.000","W","4280"
"40080","Sheridan","2026-07-07T00:00:00.000","W","2695"
"40090","Damen-Brown","2026-07-07T00:00:00.000","W","1607"
"40100","Morse","2026-07-07T00:00:00.000","W","2754"
"40120","35th/Archer","2026-07-07T00:00:00.000","W","1855"
"40130","51st","2026-07-07T00:00:00.000","W","654"
"40140","Dempster-Skokie","2026-07-07T00:00:00.000","W","839"
"40150","Pulaski-Cermak","2026-07-07T00:00:00.000","W","732"
"40160","LaSalle/Van Buren","2026-07-07T00:00:00.000","W","2407"
"40170","Ashland-Lake","2026-07-07T00:00:00.000","W","1888"
"40180","Oak Park-Forest Park","2026-07-07T00:00:00.000","W","680"
"40190","Sox-35th-Dan Ryan","2026-07-07T00:00:00.000","W","8847"
"40210","Damen-Cermak","2026-07-07T00:00:00.000","W","1210"
"40220","Western-Forest Park","2026-07-07T00:00:00.000","W","661"
"40230","Cumberland","2026-07-07T00:00:00.000","W","2512"
"40240","79th","2026-07-07T00:00:00.000","W","4008"
"40250","Kedzie-Homan-Forest Park","2026-07-07T00:00:00.000","W","899"
"40260","State/Lake","2026-07-07T00:00:00.000","W","0"
"40270","Main","2026-07-07T00:00:00.000","W","705"
"40280","Central-Lake","2026-07-07T00:00:00.000","W","1343"
"40290","Ashland/63rd","2026-07-07T00:00:00.000","W","724"
"40300","Indiana","2026-07-07T00:00:00.000","W","709"
"40310","Western-Orange","2026-07-07T00:00:00.000","W","2444"
"40320","Division/Milwaukee","2026-07-07T00:00:00.000","W","4404"
"40330","Grand/State","2026-07-07T00:00:00.000","W","7265"
"40340","Berwyn","2026-07-07T00:00:00.000","W","1973"
"40350","UIC-Halsted","2026-07-07T00:00:00.000","W","2358"
"40360","Southport","2026-07-07T00:00:00.000","W","2579"
"40370","Washington/Dearborn","2026-07-07T00:00:00.000","W","9555"
"40380","Clark/Lake","2026-07-07T00:00:00.000","W","14929"
"40390","Forest Park","2026-07-07T00:00:00.000","W","1262"
"40400","Noyes","2026-07-07T00:00:00.000","W","657"
"40420","Cicero-Cermak","2026-07-07T00:00:00.000","W","757"
"40430","Clinton-Forest Park","2026-07-07T00:00:00.000","W","2581"
"40440","California-Cermak","2026-07-07T00:00:00.000","W","1049"
"40450","95th/Dan Ryan","2026-07-07T00:00:00.000","W","5978"
"40460","Merchandise Mart","2026-07-07T00:00:00.000","W","6658"
"40470","Racine","2026-07-07T00:00:00.000","W","679"
"40480","Cicero-Lake","2026-07-07T00:00:00.000","W","825"
"40490","Grand/Milwaukee","2026-07-07T00:00:00.000","W","3114"
"40510","Garfield-South Elevated","2026-07-07T00:00:00.000","W","959"
"40520","Foster","2026-07-07T00:00:00.000","W","495"
"40530","Diversey","2026-07-07T00:00:00.000","W","3824"
"40540","Wilson","2026-07-07T00:00:00.000","W","4991"
"40550","Irving Park-O'Hare","2026-07-07T00:00:00.000","W","2858"
"40560","Jackson/State","2026-07-07T00:00:00.000","W","4261"
"40570","California/Milwaukee","2026-07-07T00:00:00.000","W","3752"
"40580","54th/Cermak","2026-07-07T00:00:00.000","W","1982"
"40590","Damen/Milwaukee","2026-07-07T00:00:00.000","W","4721"
"40600","Kostner","2026-07-07T00:00:00.000","W","300"
"40610","Ridgeland","2026-07-07T00:00:00.000","W","985"
"40630","Clark/Division","2026-07-07T00:00:00.000","W","5568"
"40650","North/Clybourn","2026-07-07T00:00:00.000","W","3562"
"40660","Armitage","2026-07-07T00:00:00.000","W","3142"
"40670","Western/Milwaukee","2026-07-07T00:00:00.000","W","3991"
"40680","Adams/Wabash","2026-07-07T00:00:00.000","W","4208"
"40690","Dempster","2026-07-07T00:00:00.000","W","537"
"40700","Laramie","2026-07-07T00:00:00.000","W","770"
"40710","Chicago/Franklin","2026-07-07T00:00:00.000","W","4768"
"40720","East 63rd-Cottage Grove","2026-07-07T00:00:00.000","W","860"
"40730","Washington/Wells","2026-07-07T00:00:00.000","W","6853"
"40740","Western-Cermak","2026-07-07T00:00:00.000","W","878"
"40750","Harlem-O'Hare","2026-07-07T00:00:00.000","W","1616"
"40760","Granville","2026-07-07T00:00:00.000","W","2122"
"40770","Lawrence","2026-07-07T00:00:00.000","W","2003"
"40780","Central Park","2026-07-07T00:00:00.000","W","865"
"40790","Monroe/Dearborn","2026-07-07T00:00:00.000","W","4322"
"40800","Sedgwick","2026-07-07T00:00:00.000","W","3116"
"40810","Medical Center","2026-07-07T00:00:00.000","W","1640"
"40820","Rosemont","2026-07-07T00:00:00.000","W","4188"
"40830","18th","2026-07-07T00:00:00.000","W","1348"
"40840","South Boulevard","2026-07-07T00:00:00.000","W","492"
"40850","Library","2026-07-07T00:00:00.000","W","2456"
"40870","Francisco","2026-07-07T00:00:00.000","W","1010"
"40880","Thorndale","2026-07-07T00:00:00.000","W","1759"
"40890","O'Hare Airport","2026-07-07T00:00:00.000","W","10106"
"40900","Howard","2026-07-07T00:00:00.000","W","3369"
"40910","63rd-Dan Ryan","2026-07-07T00:00:00.000","W","1968"
"40920","Pulaski-Forest Park","2026-07-07T00:00:00.000","W","678"
"40930","Midway Airport","2026-07-07T00:00:00.000","W","5628"
"40940","Halsted/63rd","2026-07-07T00:00:00.000","W","412"
"40960","Pulaski-Orange","2026-07-07T00:00:00.000","W","3158"
"40970","Cicero-Forest Park","2026-07-07T00:00:00.000","W","593"
"40980","Harlem-Forest Park","2026-07-07T00:00:00.000","W","491"
"40990","69th","2026-07-07T00:00:00.000","W","3023"
"41000","Cermak-Chinatown","2026-07-07T00:00:00.000","W","5668"
"41010","Rockwell","2026-07-07T00:00:00.000","W","1231"
"41020","Logan Square","2026-07-07T00:00:00.000","W","5129"
"41030","Polk","2026-07-07T00:00:00.000","W","2477"
"41040","Kedzie-Cermak","2026-07-07T00:00:00.000","W","749"
"41050","Linden","2026-07-07T00:00:00.000","W","705"
"41060","Ashland-Orange","2026-07-07T00:00:00.000","W","1274"
"41070","Kedzie-Lake","2026-07-07T00:00:00.000","W","807"
"41080","47th-South Elevated","2026-07-07T00:00:00.000","W","918"
"41090","Monroe/State","2026-07-07T00:00:00.000","W","4824"
"41120","35-Bronzeville-IIT","2026-07-07T00:00:00.000","W","1561"
"41130","Halsted-Orange","2026-07-07T00:00:00.000","W","1646"
"41140","King Drive","2026-07-07T00:00:00.000","W","334"
"41150","Kedzie-Midway","2026-07-07T00:00:00.000","W","2355"
"41160","Clinton-Lake","2026-07-07T00:00:00.000","W","3262"
"41170","Garfield-Dan Ryan","2026-07-07T00:00:00.000","W","2361"
"41180","Kedzie-Brown","2026-07-07T00:00:00.000","W","1434"
"41190","Jarvis","2026-07-07T00:00:00.000","W","1164"
"41200","Argyle","2026-07-07T00:00:00.000","W","2085"
"41210","Wellington","2026-07-07T00:00:00.000","W","2329"
"41220","Fullerton","2026-07-07T00:00:00.000","W","6867"
"41230","47th-Dan Ryan","2026-07-07T00:00:00.000","W","2118"
"41240","Addison-O'Hare","2026-07-07T00:00:00.000","W","1976"
"41250","Central-Evanston","2026-07-07T00:00:00.000","W","590"
"41260","Austin-Lake","2026-07-07T00:00:00.000","W","1046"
"41270","43rd","2026-07-07T00:00:00.000","W","225"
"41710","Damen-Lake","2026-07-06T00:00:00.000","W","839"
"41700","Washington/Wabash","2026-07-06T00:00:00.000","W","10079"
"41690","Cermak-McCormick Place","2026-07-06T00:00:00.000","W","1377"
"41680","Oakton-Skokie","2026-07-06T00:00:00.000","W","498"
"41670","Conservatory","2026-07-06T00:00:00.000","W","500"
"41660","Lake/State","2026-07-06T00:00:00.000","W","9419"
"41510","Morgan-Lake","2026-07-06T00:00:00.000","W","4156"
"41500","Montrose-Brown","2026-07-06T00:00:00.000","W","1357"
"41490","Harrison","2026-07-06T00:00:00.000","W","1895"
"41480","Western-Brown","2026-07-06T00:00:00.000","W","1782"
"41460","Irving Park-Brown","2026-07-06T00:00:00.000","W","1676"
"41450","Chicago/State","2026-07-06T00:00:00.000","W","7072"
"41440","Addison-Brown","2026-07-06T00:00:00.000","W","1184"
"41430","87th","2026-07-06T00:00:00.000","W","1938"
"41420","Addison-North Main","2026-07-06T00:00:00.000","W","4290"
"41410","Chicago/Milwaukee","2026-07-06T00:00:00.000","W","1772"
"41400","Roosevelt","2026-07-06T00:00:00.000","W","6983"
"41380","Bryn Mawr","2026-07-06T00:00:00.000","W","2627"
"41360","California-Lake","2026-07-06T00:00:00.000","W","774"
"41350","Oak Park-Lake","2026-07-06T00:00:00.000","W","709"
"41340","LaSalle","2026-07-06T00:00:00.000","W","1449"
"41330","Montrose-O'Hare","2026-07-06T00:00:00.000","W","1498"
"41320","Belmont-North Main","2026-07-06T00:00:00.000","W","6510"
"41310","Paulina","2026-07-06T00:00:00.000","W","1623"
"41300","Loyola","2026-07-06T00:00:00.000","W","2640"
"41290","Kimball","2026-07-06T00:00:00.000","W","2259"
"41280","Jefferson Park","2026-07-06T00:00:00.000","W","4157"
"40010","Austin-Forest Park","2026-07-06T00:00:00.000","W","625"
"40020","Harlem-Lake","2026-07-06T00:00:00.000","W","2310"
"40030","Pulaski-Lake","2026-07-06T00:00:00.000","W","1029"
"40040","Quincy/Wells","2026-07-06T00:00:00.000","W","4739"
"40050","Davis","2026-07-06T00:00:00.000","W","2010"
"40060","Belmont-O'Hare","2026-07-06T00:00:00.000","W","3227"
"40070","Jackson/Dearborn","2026-07-06T00:00:00.000","W","3786"
"40080","Sheridan","2026-07-06T00:00:00.000","W","2359"
"40090","Damen-Brown","2026-07-06T00:00:00.000","W","1299"
"40100","Morse","2026-07-06T00:00:00.000","W","2482"
"40120","35th/Archer","2026-07-06T00:00:00.000","W","1608"
"40130","51st","2026-07-06T00:00:00.000","W","621"
"40140","Dempster-Skokie","2026-07-06T00:00:00.000","W","773"
"40150","Pulaski-Cermak","2026-07-06T00:00:00.000","W","718"
"40160","LaSalle/Van Buren","2026-07-06T00:00:00.000","W","1844"
"40170","Ashland-Lake","2026-07-06T00:00:00.000","W","1664"
"40180","Oak Park-Forest Park","2026-07-06T00:00:00.000","W","535"
"40190","Sox-35th-Dan Ryan","2026-07-06T00:00:00.000","W","2567"
"40210","Damen-Cermak","2026-07-06T00:00:00.000","W","1027"
"40220","Western-Forest Park","2026-07-06T00:00:00.000","W","566"
"40230","Cumberland","2026-07-06T00:00:00.000","W","2215"
"40240","79th","2026-07-06T00:00:00.000","W","3679"
"40250","Kedzie-Homan-Forest Park","2026-07-06T00:00:00.000","W","895"
"40260","State/Lake","2026-07-06T00:00:00.000","W","0"
"40270","Main","2026-07-06T00:00:00.000","W","601"
"40280","Central-Lake","2026-07-06T00:00:00.000","W","1167"
"40290","Ashland/63rd","2026-07-06T00:00:00.000","W","691"
"40300","Indiana","2026-07-06T00:00:00.000","W","684"
"40310","Western-Orange","2026-07-06T00:00:00.000","W","2196"
"40320","Division/Milwaukee","2026-07-06T00:00:00.000","W","3560"
"40330","Grand/State","2026-07-06T00:00:00.000","W","6074"
"40340","Berwyn","2026-07-06T00:00:00.000","W","1784"
"40350","UIC-Halsted","2026-07-06T00:00:00.000","W","2089"
"40360","Southport","2026-07-06T00:00:00.000","W","2031"
"40370","Washington/Dearborn","2026-07-06T00:00:00.000","W","7974"
"40380","Clark/Lake","2026-07-06T00:00:00.000","W","11993"
"40390","Forest Park","2026-07-06T00:00:00.000","W","1197"
"40400","Noyes","2026-07-06T00:00:00.000","W","577"
"40420","Cicero-Cermak","2026-07-06T00:00:00.000","W","720"
"40430","Clinton-Forest Park","2026-07-06T00:00:00.000","W","1986"
"40440","California-Cermak","2026-07-06T00:00:00.000","W","930"
"40450","95th/Dan Ryan","2026-07-06T00:00:00.000","W","5553"
"40460","Merchandise Mart","2026-07-06T00:00:00.000","W","4633"
"40470","Racine","2026-07-06T00:00:00.000","W","581"
"40480","Cicero-Lake","2026-07-06T00:00:00.000","W","753"
"40490","Grand/Milwaukee","2026-07-06T00:00:00.000","W","2980"
"40510","Garfield-South Elevated","2026-07-06T00:00:00.000","W","915"
"40520","Foster","2026-07-06T00:00:00.000","W","483"
"40530","Diversey","2026-07-06T00:00:00.000","W","3000"
"40540","Wilson","2026-07-06T00:00:00.000","W","4408"
"40550","Irving Park-O'Hare","2026-07-06T00:00:00.000","W","2652"
"40560","Jackson/State","2026-07-06T00:00:00.000","W","3408"
"40570","California/Milwaukee","2026-07-06T00:00:00.000","W","3022"
"40580","54th/Cermak","2026-07-06T00:00:00.000","W","1523"
"40590","Damen/Milwaukee","2026-07-06T00:00:00.000","W","3881"
"40600","Kostner","2026-07-06T00:00:00.000","W","286"
"40610","Ridgeland","2026-07-06T00:00:00.000","W","786"
"40630","Clark/Division","2026-07-06T00:00:00.000","W","4741"
"40650","North/Clybourn","2026-07-06T00:00:00.000","W","3100"
"40660","Armitage","2026-07-06T00:00:00.000","W","2583"
"40670","Western/Milwaukee","2026-07-06T00:00:00.000","W","3198"
"40680","Adams/Wabash","2026-07-06T00:00:00.000","W","3932"
"40690","Dempster","2026-07-06T00:00:00.000","W","472"
"40700","Laramie","2026-07-06T00:00:00.000","W","734"
"40710","Chicago/Franklin","2026-07-06T00:00:00.000","W","3859"
"40720","East 63rd-Cottage Grove","2026-07-06T00:00:00.000","W","816"
"40730","Washington/Wells","2026-07-06T00:00:00.000","W","5166"
"40740","Western-Cermak","2026-07-06T00:00:00.000","W","785"
"40750","Harlem-O'Hare","2026-07-06T00:00:00.000","W","1468"
"40760","Granville","2026-07-06T00:00:00.000","W","1944"
"40770","Lawrence","2026-07-06T00:00:00.000","W","1763"
"40780","Central Park","2026-07-06T00:00:00.000","W","683"
"40790","Monroe/Dearborn","2026-07-06T00:00:00.000","W","3219"
"40800","Sedgwick","2026-07-06T00:00:00.000","W","2466"
"40810","Medical Center","2026-07-06T00:00:00.000","W","1549"
"40820","Rosemont","2026-07-06T00:00:00.000","W","3828"
"40830","18th","2026-07-06T00:00:00.000","W","1165"
"40840","South Boulevard","2026-07-06T00:00:00.000","W","454"
"40850","Library","2026-07-06T00:00:00.000","W","2321"
"40870","Francisco","2026-07-06T00:00:00.000","W","810"
"40880","Thorndale","2026-07-06T00:00:00.000","W","1644"
"40890","O'Hare Airport","2026-07-06T00:00:00.000","W","11026"
"40900","Howard","2026-07-06T00:00:00.000","W","3254"
"40910","63rd-Dan Ryan","2026-07-06T00:00:00.000","W","1858"
"40920","Pulaski-Forest Park","2026-07-06T00:00:00.000","W","621"
"40930","Midway Airport","2026-07-06T00:00:00.000","W","4944"
"40940","Halsted/63rd","2026-07-06T00:00:00.000","W","376"
"40960","Pulaski-Orange","2026-07-06T00:00:00.000","W","2736"
"40970","Cicero-Forest Park","2026-07-06T00:00:00.000","W","524"
"40980","Harlem-Forest Park","2026-07-06T00:00:00.000","W","382"
"40990","69th","2026-07-06T00:00:00.000","W","2849"
"41000","Cermak-Chinatown","2026-07-06T00:00:00.000","W","5487"
"41010","Rockwell","2026-07-06T00:00:00.000","W","934"
"41020","Logan Square","2026-07-06T00:00:00.000","W","4297"
"41030","Polk","2026-07-06T00:00:00.000","W","2385"
"41040","Kedzie-Cermak","2026-07-06T00:00:00.000","W","787"
"41050","Linden","2026-07-06T00:00:00.000","W","532"
"41060","Ashland-Orange","2026-07-06T00:00:00.000","W","1103"
"41070","Kedzie-Lake","2026-07-06T00:00:00.000","W","690"
"41080","47th-South Elevated","2026-07-06T00:00:00.000","W","779"
"41090","Monroe/State","2026-07-06T00:00:00.000","W","3680"
"41120","35-Bronzeville-IIT","2026-07-06T00:00:00.000","W","967"
"41130","Halsted-Orange","2026-07-06T00:00:00.000","W","1405"
"41140","King Drive","2026-07-06T00:00:00.000","W","331"
"41150","Kedzie-Midway","2026-07-06T00:00:00.000","W","2106"
"41160","Clinton-Lake","2026-07-06T00:00:00.000","W","2598"
"41170","Garfield-Dan Ryan","2026-07-06T00:00:00.000","W","2121"
"41180","Kedzie-Brown","2026-07-06T00:00:00.000","W","1248"
"41190","Jarvis","2026-07-06T00:00:00.000","W","1101"
"41200","Argyle","2026-07-06T00:00:00.000","W","1862"
"41210","Wellington","2026-07-06T00:00:00.000","W","1794"
"41220","Fullerton","2026-07-06T00:00:00.000","W","5610"
"41230","47th-Dan Ryan","2026-07-06T00:00:00.000","W","1962"
"41240","Addison-O'Hare","2026-07-06T00:00:00.000","W","1663"
"41250","Central-Evanston","2026-07-06T00:00:00.000","W","525"
"41260","Austin-Lake","2026-07-06T00:00:00.000","W","885"
"41270","43rd","2026-07-06T00:00:00.000","W","207"
"41710","Damen-Lake","2026-07-05T00:00:00.000","U","365"
"41700","Washington/Wabash","2026-07-05T00:00:00.000","U","6006"
"41690","Cermak-McCormick Place","2026-07-05T00:00:00.000","U","1035"
"41680","Oakton-Skokie","2026-07-05T00:00:00.000","U","241"
"41670","Conservatory","2026-07-05T00:00:00.000","U","331"
"41660","Lake/State","2026-07-05T00:00:00.000","U","7329"
"41510","Morgan-Lake","2026-07-05T00:00:00.000","U","3290"
"41500","Montrose-Brown","2026-07-05T00:00:00.000","U","794"
"41490","Harrison","2026-07-05T00:00:00.000","U","1845"
"41480","Western-Brown","2026-07-05T00:00:00.000","U","1005"
"41460","Irving Park-Brown","2026-07-05T00:00:00.000","U","784"
"41450","Chicago/State","2026-07-05T00:00:00.000","U","5594"
"41440","Addison-Brown","2026-07-05T00:00:00.000","U","601"
"41430","87th","2026-07-05T00:00:00.000","U","1452"
"41420","Addison-North Main","2026-07-05T00:00:00.000","U","12831"
"41410","Chicago/Milwaukee","2026-07-05T00:00:00.000","U","1044"
"41400","Roosevelt","2026-07-05T00:00:00.000","U","5056"
"41380","Bryn Mawr","2026-07-05T00:00:00.000","U","1818"
"41360","California-Lake","2026-07-05T00:00:00.000","U","353"
"41350","Oak Park-Lake","2026-07-05T00:00:00.000","U","370"
"41340","LaSalle","2026-07-05T00:00:00.000","U","890"
"41330","Montrose-O'Hare","2026-07-05T00:00:00.000","U","812"
"41320","Belmont-North Main","2026-07-05T00:00:00.000","U","5894"
"41310","Paulina","2026-07-05T00:00:00.000","U","761"
"41300","Loyola","2026-07-05T00:00:00.000","U","1766"
"41290","Kimball","2026-07-05T00:00:00.000","U","1503"
"41280","Jefferson Park","2026-07-05T00:00:00.000","U","2529"
"40010","Austin-Forest Park","2026-07-05T00:00:00.000","U","275"
"40020","Harlem-Lake","2026-07-05T00:00:00.000","U","1172"
"40030","Pulaski-Lake","2026-07-05T00:00:00.000","U","513"
"40040","Quincy/Wells","2026-07-05T00:00:00.000","U","1418"
"40050","Davis","2026-07-05T00:00:00.000","U","1304"
"40060","Belmont-O'Hare","2026-07-05T00:00:00.000","U","1863"
"40070","Jackson/Dearborn","2026-07-05T00:00:00.000","U","2214"
"40080","Sheridan","2026-07-05T00:00:00.000","U","2179"
"40090","Damen-Brown","2026-07-05T00:00:00.000","U","785"
"40100","Morse","2026-07-05T00:00:00.000","U","1948"
"40120","35th/Archer","2026-07-05T00:00:00.000","U","744"
"40130","51st","2026-07-05T00:00:00.000","U","418"
"40140","Dempster-Skokie","2026-07-05T00:00:00.000","U","1104"
"40150","Pulaski-Cermak","2026-07-05T00:00:00.000","U","416"
"40160","LaSalle/Van Buren","2026-07-05T00:00:00.000","U","499"
"40170","Ashland-Lake","2026-07-05T00:00:00.000","U","745"
"40180","Oak Park-Forest Park","2026-07-05T00:00:00.000","U","235"
"40190","Sox-35th-Dan Ryan","2026-07-05T00:00:00.000","U","1687"
"40210","Damen-Cermak","2026-07-05T00:00:00.000","U","602"
"40220","Western-Forest Park","2026-07-05T00:00:00.000","U","345"
"40230","Cumberland","2026-07-05T00:00:00.000","U","1316"
"40240","79th","2026-07-05T00:00:00.000","U","2374"
"40250","Kedzie-Homan-Forest Park","2026-07-05T00:00:00.000","U","532"
"40260","State/Lake","2026-07-05T00:00:00.000","U","0"
"40270","Main","2026-07-05T00:00:00.000","U","451"
"40280","Central-Lake","2026-07-05T00:00:00.000","U","677"
"40290","Ashland/63rd","2026-07-05T00:00:00.000","U","450"
"40300","Indiana","2026-07-05T00:00:00.000","U","395"
"40310","Western-Orange","2026-07-05T00:00:00.000","U","1074"
"40320","Division/Milwaukee","2026-07-05T00:00:00.000","U","2147"
"40330","Grand/State","2026-07-05T00:00:00.000","U","7274"
"40340","Berwyn","2026-07-05T00:00:00.000","U","1320"
"40350","UIC-Halsted","2026-07-05T00:00:00.000","U","987"
"40360","Southport","2026-07-05T00:00:00.000","U","1610"
"40370","Washington/Dearborn","2026-07-05T00:00:00.000","U","5505"
"40380","Clark/Lake","2026-07-05T00:00:00.000","U","6339"
"40390","Forest Park","2026-07-05T00:00:00.000","U","594"
"40400","Noyes","2026-07-05T00:00:00.000","U","438"
"40420","Cicero-Cermak","2026-07-05T00:00:00.000","U","483"
"40430","Clinton-Forest Park","2026-07-05T00:00:00.000","U","1084"
"40440","California-Cermak","2026-07-05T00:00:00.000","U","560"
"40450","95th/Dan Ryan","2026-07-05T00:00:00.000","U","3221"
"40460","Merchandise Mart","2026-07-05T00:00:00.000","U","1509"
"40470","Racine","2026-07-05T00:00:00.000","U","343"
"40480","Cicero-Lake","2026-07-05T00:00:00.000","U","406"
"40490","Grand/Milwaukee","2026-07-05T00:00:00.000","U","2249"
"40510","Garfield-South Elevated","2026-07-05T00:00:00.000","U","579"
"40520","Foster","2026-07-05T00:00:00.000","U","300"
"40530","Diversey","2026-07-05T00:00:00.000","U","1333"
"40540","Wilson","2026-07-05T00:00:00.000","U","2745"
"40550","Irving Park-O'Hare","2026-07-05T00:00:00.000","U","1468"
"40560","Jackson/State","2026-07-05T00:00:00.000","U","2430"
"40570","California/Milwaukee","2026-07-05T00:00:00.000","U","1753"
"40580","54th/Cermak","2026-07-05T00:00:00.000","U","1004"
"40590","Damen/Milwaukee","2026-07-05T00:00:00.000","U","3108"
"40600","Kostner","2026-07-05T00:00:00.000","U","136"
"40610","Ridgeland","2026-07-05T00:00:00.000","U","264"
"40630","Clark/Division","2026-07-05T00:00:00.000","U","3620"
"40650","North/Clybourn","2026-07-05T00:00:00.000","U","2542"
"40660","Armitage","2026-07-05T00:00:00.000","U","1555"
"40670","Western/Milwaukee","2026-07-05T00:00:00.000","U","1717"
"40680","Adams/Wabash","2026-07-05T00:00:00.000","U","2041"
"40690","Dempster","2026-07-05T00:00:00.000","U","402"
"40700","Laramie","2026-07-05T00:00:00.000","U","372"
"40710","Chicago/Franklin","2026-07-05T00:00:00.000","U","1801"
"40720","East 63rd-Cottage Grove","2026-07-05T00:00:00.000","U","458"
"40730","Washington/Wells","2026-07-05T00:00:00.000","U","892"
"40740","Western-Cermak","2026-07-05T00:00:00.000","U","467"
"40750","Harlem-O'Hare","2026-07-05T00:00:00.000","U","773"
"40760","Granville","2026-07-05T00:00:00.000","U","1462"
"40770","Lawrence","2026-07-05T00:00:00.000","U","1374"
"40780","Central Park","2026-07-05T00:00:00.000","U","424"
"40790","Monroe/Dearborn","2026-07-05T00:00:00.000","U","1070"
"40800","Sedgwick","2026-07-05T00:00:00.000","U","1271"
"40810","Medical Center","2026-07-05T00:00:00.000","U","472"
"40820","Rosemont","2026-07-05T00:00:00.000","U","2621"
"40830","18th","2026-07-05T00:00:00.000","U","946"
"40840","South Boulevard","2026-07-05T00:00:00.000","U","274"
"40850","Library","2026-07-05T00:00:00.000","U","1264"
"40870","Francisco","2026-07-05T00:00:00.000","U","495"
"40880","Thorndale","2026-07-05T00:00:00.000","U","1095"
"40890","O'Hare Airport","2026-07-05T00:00:00.000","U","11169"
"40900","Howard","2026-07-05T00:00:00.000","U","2322"
"40910","63rd-Dan Ryan","2026-07-05T00:00:00.000","U","1304"
"40920","Pulaski-Forest Park","2026-07-05T00:00:00.000","U","486"
"40930","Midway Airport","2026-07-05T00:00:00.000","U","3044"
"40940","Halsted/63rd","2026-07-05T00:00:00.000","U","243"
"40960","Pulaski-Orange","2026-07-05T00:00:00.000","U","1183"
"40970","Cicero-Forest Park","2026-07-05T00:00:00.000","U","313"
"40980","Harlem-Forest Park","2026-07-05T00:00:00.000","U","159"
"40990","69th","2026-07-05T00:00:00.000","U","1769"
"41000","Cermak-Chinatown","2026-07-05T00:00:00.000","U","6156"
"41010","Rockwell","2026-07-05T00:00:00.000","U","531"
"41020","Logan Square","2026-07-05T00:00:00.000","U","2972"
"41030","Polk","2026-07-05T00:00:00.000","U","514"
"41040","Kedzie-Cermak","2026-07-05T00:00:00.000","U","421"
"41050","Linden","2026-07-05T00:00:00.000","U","824"
"41060","Ashland-Orange","2026-07-05T00:00:00.000","U","538"
"41070","Kedzie-Lake","2026-07-05T00:00:00.000","U","342"
"41080","47th-South Elevated","2026-07-05T00:00:00.000","U","400"
"41090","Monroe/State","2026-07-05T00:00:00.000","U","2167"
"41120","35-Bronzeville-IIT","2026-07-05T00:00:00.000","U","456"
"41130","Halsted-Orange","2026-07-05T00:00:00.000","U","784"
"41140","King Drive","2026-07-05T00:00:00.000","U","182"
"41150","Kedzie-Midway","2026-07-05T00:00:00.000","U","1009"
"41160","Clinton-Lake","2026-07-05T00:00:00.000","U","943"
"41170","Garfield-Dan Ryan","2026-07-05T00:00:00.000","U","1390"
"41180","Kedzie-Brown","2026-07-05T00:00:00.000","U","844"
"41190","Jarvis","2026-07-05T00:00:00.000","U","856"
"41200","Argyle","2026-07-05T00:00:00.000","U","1512"
"41210","Wellington","2026-07-05T00:00:00.000","U","697"
"41220","Fullerton","2026-07-05T00:00:00.000","U","3961"
"41230","47th-Dan Ryan","2026-07-05T00:00:00.000","U","1361"
"41240","Addison-O'Hare","2026-07-05T00:00:00.000","U","1085"
"41250","Central-Evanston","2026-07-05T00:00:00.000","U","281"
"41260","Austin-Lake","2026-07-05T00:00:00.000","U","416"
"41270","43rd","2026-07-05T00:00:00.000","U","99"
"41710","Damen-Lake","2026-07-04T00:00:00.000","A","387"
"41700","Washington/Wabash","2026-07-04T00:00:00.000","A","7033"
"41690","Cermak-McCormick Place","2026-07-04T00:00:00.000","A","1057"
"41680","Oakton-Skokie","2026-07-04T00:00:00.000","A","299"
"41670","Conservatory","2026-07-04T00:00:00.000","A","377"
"41660","Lake/State","2026-07-04T00:00:00.000","A","8238"
"41510","Morgan-Lake","2026-07-04T00:00:00.000","A","2997"
"41500","Montrose-Brown","2026-07-04T00:00:00.000","A","706"
"41490","Harrison","2026-07-04T00:00:00.000","A","2661"
"41480","Western-Brown","2026-07-04T00:00:00.000","A","1028"
"41460","Irving Park-Brown","2026-07-04T00:00:00.000","A","777"
"41450","Chicago/State","2026-07-04T00:00:00.000","A","6407"
"41440","Addison-Brown","2026-07-04T00:00:00.000","A","534"
"41430","87th","2026-07-04T00:00:00.000","A","1415"
"41420","Addison-North Main","2026-07-04T00:00:00.000","A","9146"
"41410","Chicago/Milwaukee","2026-07-04T00:00:00.000","A","1080"
"41400","Roosevelt","2026-07-04T00:00:00.000","A","5923"
"41380","Bryn Mawr","2026-07-04T00:00:00.000","A","2099"
"41360","California-Lake","2026-07-04T00:00:00.000","A","349"
"41350","Oak Park-Lake","2026-07-04T00:00:00.000","A","419"
"41340","LaSalle","2026-07-04T00:00:00.000","A","757"
"41330","Montrose-O'Hare","2026-07-04T00:00:00.000","A","803"
"41320","Belmont-North Main","2026-07-04T00:00:00.000","A","4628"
"41310","Paulina","2026-07-04T00:00:00.000","A","707"
"41300","Loyola","2026-07-04T00:00:00.000","A","2088"
"41290","Kimball","2026-07-04T00:00:00.000","A","1552"
"41280","Jefferson Park","2026-07-04T00:00:00.000","A","2749"
"40010","Austin-Forest Park","2026-07-04T00:00:00.000","A","292"
"40020","Harlem-Lake","2026-07-04T00:00:00.000","A","1343"
"40030","Pulaski-Lake","2026-07-04T00:00:00.000","A","542"
"40040","Quincy/Wells","2026-07-04T00:00:00.000","A","1407"
"40050","Davis","2026-07-04T00:00:00.000","A","1356"
"40060","Belmont-O'Hare","2026-07-04T00:00:00.000","A","2007"
"40070","Jackson/Dearborn","2026-07-04T00:00:00.000","A","2019"
"40080","Sheridan","2026-07-04T00:00:00.000","A","1828"
"40090","Damen-Brown","2026-07-04T00:00:00.000","A","772"
"40100","Morse","2026-07-04T00:00:00.000","A","2070"
"40120","35th/Archer","2026-07-04T00:00:00.000","A","858"
"40130","51st","2026-07-04T00:00:00.000","A","464"
"40140","Dempster-Skokie","2026-07-04T00:00:00.000","A","934"
"40150","Pulaski-Cermak","2026-07-04T00:00:00.000","A","437"
"40160","LaSalle/Van Buren","2026-07-04T00:00:00.000","A","496"
"40170","Ashland-Lake","2026-07-04T00:00:00.000","A","808"
"40180","Oak Park-Forest Park","2026-07-04T00:00:00.000","A","250"
"40190","Sox-35th-Dan Ryan","2026-07-04T00:00:00.000","A","1493"
"40210","Damen-Cermak","2026-07-04T00:00:00.000","A","680"
"40220","Western-Forest Park","2026-07-04T00:00:00.000","A","461"
"40230","Cumberland","2026-07-04T00:00:00.000","A","1514"
"40240","79th","2026-07-04T00:00:00.000","A","2533"
"40250","Kedzie-Homan-Forest Park","2026-07-04T00:00:00.000","A","559"
"40260","State/Lake","2026-07-04T00:00:00.000","A","0"
"40270","Main","2026-07-04T00:00:00.000","A","420"
"40280","Central-Lake","2026-07-04T00:00:00.000","A","744"
"40290","Ashland/63rd","2026-07-04T00:00:00.000","A","482"
"40300","Indiana","2026-07-04T00:00:00.000","A","422"
"40310","Western-Orange","2026-07-04T00:00:00.000","A","1195"
"40320","Division/Milwaukee","2026-07-04T00:00:00.000","A","2145"
"40330","Grand/State","2026-07-04T00:00:00.000","A","10906"
"40340","Berwyn","2026-07-04T00:00:00.000","A","1409"
"40350","UIC-Halsted","2026-07-04T00:00:00.000","A","1110"
"40360","Southport","2026-07-04T00:00:00.000","A","1243"
"40370","Washington/Dearborn","2026-07-04T00:00:00.000","A","5458"
"40380","Clark/Lake","2026-07-04T00:00:00.000","A","6206"
"40390","Forest Park","2026-07-04T00:00:00.000","A","678"
"40400","Noyes","2026-07-04T00:00:00.000","A","306"
"40420","Cicero-Cermak","2026-07-04T00:00:00.000","A","500"
"40430","Clinton-Forest Park","2026-07-04T00:00:00.000","A","904"
"40440","California-Cermak","2026-07-04T00:00:00.000","A","548"
"40450","95th/Dan Ryan","2026-07-04T00:00:00.000","A","3746"
"40460","Merchandise Mart","2026-07-04T00:00:00.000","A","1575"
"40470","Racine","2026-07-04T00:00:00.000","A","335"
"40480","Cicero-Lake","2026-07-04T00:00:00.000","A","451"
"40490","Grand/Milwaukee","2026-07-04T00:00:00.000","A","1769"
"40510","Garfield-South Elevated","2026-07-04T00:00:00.000","A","553"
"40520","Foster","2026-07-04T00:00:00.000","A","367"
"40530","Diversey","2026-07-04T00:00:00.000","A","1476"
"40540","Wilson","2026-07-04T00:00:00.000","A","2870"
"40550","Irving Park-O'Hare","2026-07-04T00:00:00.000","A","1485"
"40560","Jackson/State","2026-07-04T00:00:00.000","A","2476"
"40570","California/Milwaukee","2026-07-04T00:00:00.000","A","1852"
"40580","54th/Cermak","2026-07-04T00:00:00.000","A","1227"
"40590","Damen/Milwaukee","2026-07-04T00:00:00.000","A","2858"
"40600","Kostner","2026-07-04T00:00:00.000","A","157"
"40610","Ridgeland","2026-07-04T00:00:00.000","A","357"
"40630","Clark/Division","2026-07-04T00:00:00.000","A","4393"
"40650","North/Clybourn","2026-07-04T00:00:00.000","A","2131"
"40660","Armitage","2026-07-04T00:00:00.000","A","1591"
"40670","Western/Milwaukee","2026-07-04T00:00:00.000","A","1720"
"40680","Adams/Wabash","2026-07-04T00:00:00.000","A","2248"
"40690","Dempster","2026-07-04T00:00:00.000","A","467"
"40700","Laramie","2026-07-04T00:00:00.000","A","398"
"40710","Chicago/Franklin","2026-07-04T00:00:00.000","A","1995"
"40720","East 63rd-Cottage Grove","2026-07-04T00:00:00.000","A","470"
"40730","Washington/Wells","2026-07-04T00:00:00.000","A","788"
"40740","Western-Cermak","2026-07-04T00:00:00.000","A","505"
"40750","Harlem-O'Hare","2026-07-04T00:00:00.000","A","739"
"40760","Granville","2026-07-04T00:00:00.000","A","1480"
"40770","Lawrence","2026-07-04T00:00:00.000","A","1545"
"40780","Central Park","2026-07-04T00:00:00.000","A","434"
"40790","Monroe/Dearborn","2026-07-04T00:00:00.000","A","1034"
"40800","Sedgwick","2026-07-04T00:00:00.000","A","1676"
"40810","Medical Center","2026-07-04T00:00:00.000","A","579"
"40820","Rosemont","2026-07-04T00:00:00.000","A","3033"
"40830","18th","2026-07-04T00:00:00.000","A","784"
"40840","South Boulevard","2026-07-04T00:00:00.000","A","253"
"40850","Library","2026-07-04T00:00:00.000","A","1109"
"40870","Francisco","2026-07-04T00:00:00.000","A","502"
"40880","Thorndale","2026-07-04T00:00:00.000","A","1198"
"40890","O'Hare Airport","2026-07-04T00:00:00.000","A","7876"
"40900","Howard","2026-07-04T00:00:00.000","A","2315"
"40910","63rd-Dan Ryan","2026-07-04T00:00:00.000","A","1135"
"40920","Pulaski-Forest Park","2026-07-04T00:00:00.000","A","455"
"40930","Midway Airport","2026-07-04T00:00:00.000","A","2865"
"40940","Halsted/63rd","2026-07-04T00:00:00.000","A","192"
"40960","Pulaski-Orange","2026-07-04T00:00:00.000","A","1218"
"40970","Cicero-Forest Park","2026-07-04T00:00:00.000","A","334"
"40980","Harlem-Forest Park","2026-07-04T00:00:00.000","A","226"
"40990","69th","2026-07-04T00:00:00.000","A","1919"
"41000","Cermak-Chinatown","2026-07-04T00:00:00.000","A","7079"
"41010","Rockwell","2026-07-04T00:00:00.000","A","468"
"41020","Logan Square","2026-07-04T00:00:00.000","A","2617"
"41030","Polk","2026-07-04T00:00:00.000","A","536"
"41040","Kedzie-Cermak","2026-07-04T00:00:00.000","A","454"
"41050","Linden","2026-07-04T00:00:00.000","A","554"
"41060","Ashland-Orange","2026-07-04T00:00:00.000","A","561"
"41070","Kedzie-Lake","2026-07-04T00:00:00.000","A","419"
"41080","47th-South Elevated","2026-07-04T00:00:00.000","A","444"
"41090","Monroe/State","2026-07-04T00:00:00.000","A","3037"
"41120","35-Bronzeville-IIT","2026-07-04T00:00:00.000","A","429"
"41130","Halsted-Orange","2026-07-04T00:00:00.000","A","762"
"41140","King Drive","2026-07-04T00:00:00.000","A","224"
"41150","Kedzie-Midway","2026-07-04T00:00:00.000","A","1051"
"41160","Clinton-Lake","2026-07-04T00:00:00.000","A","1102"
"41170","Garfield-Dan Ryan","2026-07-04T00:00:00.000","A","1587"
"41180","Kedzie-Brown","2026-07-04T00:00:00.000","A","901"
"41190","Jarvis","2026-07-04T00:00:00.000","A","915"
"41200","Argyle","2026-07-04T00:00:00.000","A","1644"
"41210","Wellington","2026-07-04T00:00:00.000","A","702"
"41220","Fullerton","2026-07-04T00:00:00.000","A","3990"
"41230","47th-Dan Ryan","2026-07-04T00:00:00.000","A","1272"
"41240","Addison-O'Hare","2026-07-04T00:00:00.000","A","910"
"41250","Central-Evanston","2026-07-04T00:00:00.000","A","447"
"41260","Austin-Lake","2026-07-04T00:00:00.000","A","498"
"41270","43rd","2026-07-04T00:00:00.000","A","109"
"41710","Damen-Lake","2026-07-03T00:00:00.000","U","475"
"41700","Washington/Wabash","2026-07-03T00:00:00.000","U","7524"
"41690","Cermak-McCormick Place","2026-07-03T00:00:00.000","U","1067"
"41680","Oakton-Skokie","2026-07-03T00:00:00.000","U","334"
"41670","Conservatory","2026-07-03T00:00:00.000","U","460"
"41660","Lake/State","2026-07-03T00:00:00.000","U","9411"
"41510","Morgan-Lake","2026-07-03T00:00:00.000","U","3439"
"41500","Montrose-Brown","2026-07-03T00:00:00.000","U","1004"
"41490","Harrison","2026-07-03T00:00:00.000","U","2368"
"41480","Western-Brown","2026-07-03T00:00:00.000","U","1385"
"41460","Irving Park-Brown","2026-07-03T00:00:00.000","U","1085"
"41450","Chicago/State","2026-07-03T00:00:00.000","U","7328"
"41440","Addison-Brown","2026-07-03T00:00:00.000","U","723"
"41430","87th","2026-07-03T00:00:00.000","U","1676"
"41420","Addison-North Main","2026-07-03T00:00:00.000","U","12320"
"41410","Chicago/Milwaukee","2026-07-03T00:00:00.000","U","1363"
"41400","Roosevelt","2026-07-03T00:00:00.000","U","6731"
"41380","Bryn Mawr","2026-07-03T00:00:00.000","U","2365"
"41360","California-Lake","2026-07-03T00:00:00.000","U","470"
"41350","Oak Park-Lake","2026-07-03T00:00:00.000","U","484"
"41340","LaSalle","2026-07-03T00:00:00.000","U","983"
"41330","Montrose-O'Hare","2026-07-03T00:00:00.000","U","1031"
"41320","Belmont-North Main","2026-07-03T00:00:00.000","U","6055"
"41310","Paulina","2026-07-03T00:00:00.000","U","997"
"41300","Loyola","2026-07-03T00:00:00.000","U","2381"
"41290","Kimball","2026-07-03T00:00:00.000","U","1964"
"41280","Jefferson Park","2026-07-03T00:00:00.000","U","3187"
"40010","Austin-Forest Park","2026-07-03T00:00:00.000","U","406"
"40020","Harlem-Lake","2026-07-03T00:00:00.000","U","1608"
"40030","Pulaski-Lake","2026-07-03T00:00:00.000","U","803"
"40040","Quincy/Wells","2026-07-03T00:00:00.000","U","1726"
"40050","Davis","2026-07-03T00:00:00.000","U","1701"
"40060","Belmont-O'Hare","2026-07-03T00:00:00.000","U","2531"
"40070","Jackson/Dearborn","2026-07-03T00:00:00.000","U","2370"
"40080","Sheridan","2026-07-03T00:00:00.000","U","2100"
"40090","Damen-Brown","2026-07-03T00:00:00.000","U","1120"
"40100","Morse","2026-07-03T00:00:00.000","U","2254"
"40120","35th/Archer","2026-07-03T00:00:00.000","U","1031"
"40130","51st","2026-07-03T00:00:00.000","U","477"
"40140","Dempster-Skokie","2026-07-03T00:00:00.000","U","1202"
"40150","Pulaski-Cermak","2026-07-03T00:00:00.000","U","551"
"40160","LaSalle/Van Buren","2026-07-03T00:00:00.000","U","714"
"40170","Ashland-Lake","2026-07-03T00:00:00.000","U","1084"
"40180","Oak Park-Forest Park","2026-07-03T00:00:00.000","U","285"
"40190","Sox-35th-Dan Ryan","2026-07-03T00:00:00.000","U","1861"
"40210","Damen-Cermak","2026-07-03T00:00:00.000","U","836"
"40220","Western-Forest Park","2026-07-03T00:00:00.000","U","490"
"40230","Cumberland","2026-07-03T00:00:00.000","U","1806"
"40240","79th","2026-07-03T00:00:00.000","U","3203"
"40250","Kedzie-Homan-Forest Park","2026-07-03T00:00:00.000","U","664"
"40260","State/Lake","2026-07-03T00:00:00.000","U","0"
"40270","Main","2026-07-03T00:00:00.000","U","539"
"40280","Central-Lake","2026-07-03T00:00:00.000","U","912"
"40290","Ashland/63rd","2026-07-03T00:00:00.000","U","545"
"40300","Indiana","2026-07-03T00:00:00.000","U","568"
"40310","Western-Orange","2026-07-03T00:00:00.000","U","1568"
"40320","Division/Milwaukee","2026-07-03T00:00:00.000","U","2768"
"40330","Grand/State","2026-07-03T00:00:00.000","U","8889"
"40340","Berwyn","2026-07-03T00:00:00.000","U","1587"
"40350","UIC-Halsted","2026-07-03T00:00:00.000","U","1181"
"40360","Southport","2026-07-03T00:00:00.000","U","1799"
"40370","Washington/Dearborn","2026-07-03T00:00:00.000","U","5741"
"40380","Clark/Lake","2026-07-03T00:00:00.000","U","6561"
"40390","Forest Park","2026-07-03T00:00:00.000","U","771"
"40400","Noyes","2026-07-03T00:00:00.000","U","396"
"40420","Cicero-Cermak","2026-07-03T00:00:00.000","U","616"
"40430","Clinton-Forest Park","2026-07-03T00:00:00.000","U","1168"
"40440","California-Cermak","2026-07-03T00:00:00.000","U","649"
"40450","95th/Dan Ryan","2026-07-03T00:00:00.000","U","4557"
"40460","Merchandise Mart","2026-07-03T00:00:00.000","U","2146"
"40470","Racine","2026-07-03T00:00:00.000","U","414"
"40480","Cicero-Lake","2026-07-03T00:00:00.000","U","578"
"40490","Grand/Milwaukee","2026-07-03T00:00:00.000","U","2061"
"40510","Garfield-South Elevated","2026-07-03T00:00:00.000","U","571"
"40520","Foster","2026-07-03T00:00:00.000","U","345"
"40530","Diversey","2026-07-03T00:00:00.000","U","1827"
"40540","Wilson","2026-07-03T00:00:00.000","U","3513"
"40550","Irving Park-O'Hare","2026-07-03T00:00:00.000","U","1861"
"40560","Jackson/State","2026-07-03T00:00:00.000","U","3085"
"40570","California/Milwaukee","2026-07-03T00:00:00.000","U","2374"
"40580","54th/Cermak","2026-07-03T00:00:00.000","U","1042"
"40590","Damen/Milwaukee","2026-07-03T00:00:00.000","U","3435"
"40600","Kostner","2026-07-03T00:00:00.000","U","172"
"40610","Ridgeland","2026-07-03T00:00:00.000","U","483"
"40630","Clark/Division","2026-07-03T00:00:00.000","U","4813"
"40650","North/Clybourn","2026-07-03T00:00:00.000","U","2930"
"40660","Armitage","2026-07-03T00:00:00.000","U","2123"
"40670","Western/Milwaukee","2026-07-03T00:00:00.000","U","2148"
"40680","Adams/Wabash","2026-07-03T00:00:00.000","U","2517"
"40690","Dempster","2026-07-03T00:00:00.000","U","413"
"40700","Laramie","2026-07-03T00:00:00.000","U","511"
"40710","Chicago/Franklin","2026-07-03T00:00:00.000","U","2562"
"40720","East 63rd-Cottage Grove","2026-07-03T00:00:00.000","U","598"
"40730","Washington/Wells","2026-07-03T00:00:00.000","U","1141"
"40740","Western-Cermak","2026-07-03T00:00:00.000","U","736"
"40750","Harlem-O'Hare","2026-07-03T00:00:00.000","U","964"
"40760","Granville","2026-07-03T00:00:00.000","U","1722"
"40770","Lawrence","2026-07-03T00:00:00.000","U","1717"
"40780","Central Park","2026-07-03T00:00:00.000","U","515"
"40790","Monroe/Dearborn","2026-07-03T00:00:00.000","U","1400"
"40800","Sedgwick","2026-07-03T00:00:00.000","U","1763"
"40810","Medical Center","2026-07-03T00:00:00.000","U","570"
"40820","Rosemont","2026-07-03T00:00:00.000","U","3230"
"40830","18th","2026-07-03T00:00:00.000","U","1041"
"40840","South Boulevard","2026-07-03T00:00:00.000","U","286"
"40850","Library","2026-07-03T00:00:00.000","U","1450"
"40870","Francisco","2026-07-03T00:00:00.000","U","649"
"40880","Thorndale","2026-07-03T00:00:00.000","U","1342"
"40890","O'Hare Airport","2026-07-03T00:00:00.000","U","9363"
"40900","Howard","2026-07-03T00:00:00.000","U","2715"
"40910","63rd-Dan Ryan","2026-07-03T00:00:00.000","U","1586"
"40920","Pulaski-Forest Park","2026-07-03T00:00:00.000","U","530"
"40930","Midway Airport","2026-07-03T00:00:00.000","U","3760"
"40940","Halsted/63rd","2026-07-03T00:00:00.000","U","237"
"40960","Pulaski-Orange","2026-07-03T00:00:00.000","U","1728"
"40970","Cicero-Forest Park","2026-07-03T00:00:00.000","U","405"
"40980","Harlem-Forest Park","2026-07-03T00:00:00.000","U","232"
"40990","69th","2026-07-03T00:00:00.000","U","2424"
"41000","Cermak-Chinatown","2026-07-03T00:00:00.000","U","6494"
"41010","Rockwell","2026-07-03T00:00:00.000","U","658"
"41020","Logan Square","2026-07-03T00:00:00.000","U","3296"
"41030","Polk","2026-07-03T00:00:00.000","U","740"
"41040","Kedzie-Cermak","2026-07-03T00:00:00.000","U","557"
"41050","Linden","2026-07-03T00:00:00.000","U","836"
"41060","Ashland-Orange","2026-07-03T00:00:00.000","U","759"
"41070","Kedzie-Lake","2026-07-03T00:00:00.000","U","505"
"41080","47th-South Elevated","2026-07-03T00:00:00.000","U","614"
"41090","Monroe/State","2026-07-03T00:00:00.000","U","3157"
"41120","35-Bronzeville-IIT","2026-07-03T00:00:00.000","U","596"
"41130","Halsted-Orange","2026-07-03T00:00:00.000","U","1011"
"41140","King Drive","2026-07-03T00:00:00.000","U","289"
"41150","Kedzie-Midway","2026-07-03T00:00:00.000","U","1449"
"41160","Clinton-Lake","2026-07-03T00:00:00.000","U","1263"
"41170","Garfield-Dan Ryan","2026-07-03T00:00:00.000","U","1697"
"41180","Kedzie-Brown","2026-07-03T00:00:00.000","U","1115"
"41190","Jarvis","2026-07-03T00:00:00.000","U","986"
"41200","Argyle","2026-07-03T00:00:00.000","U","1840"
"41210","Wellington","2026-07-03T00:00:00.000","U","960"
"41220","Fullerton","2026-07-03T00:00:00.000","U","4484"
"41230","47th-Dan Ryan","2026-07-03T00:00:00.000","U","1645"
"41240","Addison-O'Hare","2026-07-03T00:00:00.000","U","1270"
"41250","Central-Evanston","2026-07-03T00:00:00.000","U","323"
"41260","Austin-Lake","2026-07-03T00:00:00.000","U","557"
"41270","43rd","2026-07-03T00:00:00.000","U","127"
"41710","Damen-Lake","2026-07-02T00:00:00.000","W","854"
"41700","Washington/Wabash","2026-07-02T00:00:00.000","W","10334"
"41690","Cermak-McCormick Place","2026-07-02T00:00:00.000","W","1287"
"41680","Oakton-Skokie","2026-07-02T00:00:00.000","W","450"
"41670","Conservatory","2026-07-02T00:00:00.000","W","596"
"41660","Lake/State","2026-07-02T00:00:00.000","W","10454"
"41510","Morgan-Lake","2026-07-02T00:00:00.000","W","4070"
"41500","Montrose-Brown","2026-07-02T00:00:00.000","W","1413"
"41490","Harrison","2026-07-02T00:00:00.000","W","2181"
"41480","Western-Brown","2026-07-02T00:00:00.000","W","1841"
"41460","Irving Park-Brown","2026-07-02T00:00:00.000","W","1584"
"41450","Chicago/State","2026-07-02T00:00:00.000","W","7772"
"41440","Addison-Brown","2026-07-02T00:00:00.000","W","1061"
"41430","87th","2026-07-02T00:00:00.000","W","2111"
"41420","Addison-North Main","2026-07-02T00:00:00.000","W","4265"
"41410","Chicago/Milwaukee","2026-07-02T00:00:00.000","W","1796"
"41400","Roosevelt","2026-07-02T00:00:00.000","W","7436"
"41380","Bryn Mawr","2026-07-02T00:00:00.000","W","2912"
"41360","California-Lake","2026-07-02T00:00:00.000","W","785"
"41350","Oak Park-Lake","2026-07-02T00:00:00.000","W","683"
"41340","LaSalle","2026-07-02T00:00:00.000","W","1538"
"41330","Montrose-O'Hare","2026-07-02T00:00:00.000","W","1533"
"41320","Belmont-North Main","2026-07-02T00:00:00.000","W","6670"
"41310","Paulina","2026-07-02T00:00:00.000","W","1512"
"41300","Loyola","2026-07-02T00:00:00.000","W","2746"
"41290","Kimball","2026-07-02T00:00:00.000","W","2346"
"41280","Jefferson Park","2026-07-02T00:00:00.000","W","4501"
"40010","Austin-Forest Park","2026-07-02T00:00:00.000","W","655"
"40020","Harlem-Lake","2026-07-02T00:00:00.000","W","2259"
"40030","Pulaski-Lake","2026-07-02T00:00:00.000","W","1071"
"40040","Quincy/Wells","2026-07-02T00:00:00.000","W","4107"
"40050","Davis","2026-07-02T00:00:00.000","W","2238"
"40060","Belmont-O'Hare","2026-07-02T00:00:00.000","W","3520"
"40070","Jackson/Dearborn","2026-07-02T00:00:00.000","W","3767"
"40080","Sheridan","2026-07-02T00:00:00.000","W","2455"
"40090","Damen-Brown","2026-07-02T00:00:00.000","W","1402"
"40100","Morse","2026-07-02T00:00:00.000","W","2632"
"40120","35th/Archer","2026-07-02T00:00:00.000","W","1608"
"40130","51st","2026-07-02T00:00:00.000","W","635"
"40140","Dempster-Skokie","2026-07-02T00:00:00.000","W","790"
"40150","Pulaski-Cermak","2026-07-02T00:00:00.000","W","668"
"40160","LaSalle/Van Buren","2026-07-02T00:00:00.000","W","1764"
"40170","Ashland-Lake","2026-07-02T00:00:00.000","W","1584"
"40180","Oak Park-Forest Park","2026-07-02T00:00:00.000","W","544"
"40190","Sox-35th-Dan Ryan","2026-07-02T00:00:00.000","W","2487"
"40210","Damen-Cermak","2026-07-02T00:00:00.000","W","1108"
"40220","Western-Forest Park","2026-07-02T00:00:00.000","W","596"
"40230","Cumberland","2026-07-02T00:00:00.000","W","2367"
"40240","79th","2026-07-02T00:00:00.000","W","3816"
"40250","Kedzie-Homan-Forest Park","2026-07-02T00:00:00.000","W","893"
"40260","State/Lake","2026-07-02T00:00:00.000","W","0"
"40270","Main","2026-07-02T00:00:00.000","W","705"
"40280","Central-Lake","2026-07-02T00:00:00.000","W","1322"
"40290","Ashland/63rd","2026-07-02T00:00:00.000","W","737"
"40300","Indiana","2026-07-02T00:00:00.000","W","654"
"40310","Western-Orange","2026-07-02T00:00:00.000","W","2369"
"40320","Division/Milwaukee","2026-07-02T00:00:00.000","W","3903"
"40330","Grand/State","2026-07-02T00:00:00.000","W","7228"
"40340","Berwyn","2026-07-02T00:00:00.000","W","1897"
"40350","UIC-Halsted","2026-07-02T00:00:00.000","W","2016"
"40360","Southport","2026-07-02T00:00:00.000","W","2092"
"40370","Washington/Dearborn","2026-07-02T00:00:00.000","W","8171"
"40380","Clark/Lake","2026-07-02T00:00:00.000","W","11957"
"40390","Forest Park","2026-07-02T00:00:00.000","W","1117"
"40400","Noyes","2026-07-02T00:00:00.000","W","558"
"40420","Cicero-Cermak","2026-07-02T00:00:00.000","W","763"
"40430","Clinton-Forest Park","2026-07-02T00:00:00.000","W","2038"
"40440","California-Cermak","2026-07-02T00:00:00.000","W","951"
"40450","95th/Dan Ryan","2026-07-02T00:00:00.000","W","6057"
"40460","Merchandise Mart","2026-07-02T00:00:00.000","W","4206"
"40470","Racine","2026-07-02T00:00:00.000","W","591"
"40480","Cicero-Lake","2026-07-02T00:00:00.000","W","684"
"40490","Grand/Milwaukee","2026-07-02T00:00:00.000","W","2998"
"40510","Garfield-South Elevated","2026-07-02T00:00:00.000","W","858"
"40520","Foster","2026-07-02T00:00:00.000","W","472"
"40530","Diversey","2026-07-02T00:00:00.000","W","2781"
"40540","Wilson","2026-07-02T00:00:00.000","W","4545"
"40550","Irving Park-O'Hare","2026-07-02T00:00:00.000","W","2718"
"40560","Jackson/State","2026-07-02T00:00:00.000","W","3524"
"40570","California/Milwaukee","2026-07-02T00:00:00.000","W","3178"
"40580","54th/Cermak","2026-07-02T00:00:00.000","W","1650"
"40590","Damen/Milwaukee","2026-07-02T00:00:00.000","W","4178"
"40600","Kostner","2026-07-02T00:00:00.000","W","246"
"40610","Ridgeland","2026-07-02T00:00:00.000","W","746"
"40630","Clark/Division","2026-07-02T00:00:00.000","W","5221"
"40650","North/Clybourn","2026-07-02T00:00:00.000","W","3186"
"40660","Armitage","2026-07-02T00:00:00.000","W","2571"
"40670","Western/Milwaukee","2026-07-02T00:00:00.000","W","3183"
"40680","Adams/Wabash","2026-07-02T00:00:00.000","W","4041"
"40690","Dempster","2026-07-02T00:00:00.000","W","512"
"40700","Laramie","2026-07-02T00:00:00.000","W","765"
"40710","Chicago/Franklin","2026-07-02T00:00:00.000","W","4114"
"40720","East 63rd-Cottage Grove","2026-07-02T00:00:00.000","W","767"
"40730","Washington/Wells","2026-07-02T00:00:00.000","W","4221"
"40740","Western-Cermak","2026-07-02T00:00:00.000","W","877"
"40750","Harlem-O'Hare","2026-07-02T00:00:00.000","W","1499"
"40760","Granville","2026-07-02T00:00:00.000","W","2105"
"40770","Lawrence","2026-07-02T00:00:00.000","W","2079"
"40780","Central Park","2026-07-02T00:00:00.000","W","819"
"40790","Monroe/Dearborn","2026-07-02T00:00:00.000","W","3123"
"40800","Sedgwick","2026-07-02T00:00:00.000","W","2508"
"40810","Medical Center","2026-07-02T00:00:00.000","W","1354"
"40820","Rosemont","2026-07-02T00:00:00.000","W","3873"
"40830","18th","2026-07-02T00:00:00.000","W","1306"
"40840","South Boulevard","2026-07-02T00:00:00.000","W","428"
"40850","Library","2026-07-02T00:00:00.000","W","2344"
"40870","Francisco","2026-07-02T00:00:00.000","W","911"
"40880","Thorndale","2026-07-02T00:00:00.000","W","1728"
"40890","O'Hare Airport","2026-07-02T00:00:00.000","W","10666"
"40900","Howard","2026-07-02T00:00:00.000","W","3223"
"40910","63rd-Dan Ryan","2026-07-02T00:00:00.000","W","1797"
"40920","Pulaski-Forest Park","2026-07-02T00:00:00.000","W","653"
"40930","Midway Airport","2026-07-02T00:00:00.000","W","5405"
"40940","Halsted/63rd","2026-07-02T00:00:00.000","W","346"
"40960","Pulaski-Orange","2026-07-02T00:00:00.000","W","2849"
"40970","Cicero-Forest Park","2026-07-02T00:00:00.000","W","560"
"40980","Harlem-Forest Park","2026-07-02T00:00:00.000","W","440"
"40990","69th","2026-07-02T00:00:00.000","W","2948"
"41000","Cermak-Chinatown","2026-07-02T00:00:00.000","W","5298"
"41010","Rockwell","2026-07-02T00:00:00.000","W","935"
"41020","Logan Square","2026-07-02T00:00:00.000","W","4520"
"41030","Polk","2026-07-02T00:00:00.000","W","2191"
"41040","Kedzie-Cermak","2026-07-02T00:00:00.000","W","744"
"41050","Linden","2026-07-02T00:00:00.000","W","585"
"41060","Ashland-Orange","2026-07-02T00:00:00.000","W","1146"
"41070","Kedzie-Lake","2026-07-02T00:00:00.000","W","679"
"41080","47th-South Elevated","2026-07-02T00:00:00.000","W","842"
"41090","Monroe/State","2026-07-02T00:00:00.000","W","3752"
"41120","35-Bronzeville-IIT","2026-07-02T00:00:00.000","W","894"
"41130","Halsted-Orange","2026-07-02T00:00:00.000","W","1393"
"41140","King Drive","2026-07-02T00:00:00.000","W","307"
"41150","Kedzie-Midway","2026-07-02T00:00:00.000","W","2128"
"41160","Clinton-Lake","2026-07-02T00:00:00.000","W","2529"
"41170","Garfield-Dan Ryan","2026-07-02T00:00:00.000","W","2167"
"41180","Kedzie-Brown","2026-07-02T00:00:00.000","W","1269"
"41190","Jarvis","2026-07-02T00:00:00.000","W","1063"
"41200","Argyle","2026-07-02T00:00:00.000","W","2583"
"41210","Wellington","2026-07-02T00:00:00.000","W","1633"
"41220","Fullerton","2026-07-02T00:00:00.000","W","5369"
"41230","47th-Dan Ryan","2026-07-02T00:00:00.000","W","2071"
"41240","Addison-O'Hare","2026-07-02T00:00:00.000","W","1755"
"41250","Central-Evanston","2026-07-02T00:00:00.000","W","503"
"41260","Austin-Lake","2026-07-02T00:00:00.000","W","904"
"41270","43rd","2026-07-02T00:00:00.000","W","219"
"41710","Damen-Lake","2026-07-01T00:00:00.000","W","885"
"41700","Washington/Wabash","2026-07-01T00:00:00.000","W","11122"
"41690","Cermak-McCormick Place","2026-07-01T00:00:00.000","W","1439"
"41680","Oakton-Skokie","2026-07-01T00:00:00.000","W","490"
"41670","Conservatory","2026-07-01T00:00:00.000","W","653"
"41660","Lake/State","2026-07-01T00:00:00.000","W","12767"
"41510","Morgan-Lake","2026-07-01T00:00:00.000","W","4814"
"41500","Montrose-Brown","2026-07-01T00:00:00.000","W","1592"
"41490","Harrison","2026-07-01T00:00:00.000","W","2409"
"41480","Western-Brown","2026-07-01T00:00:00.000","W","1823"
"41460","Irving Park-Brown","2026-07-01T00:00:00.000","W","1879"
"41450","Chicago/State","2026-07-01T00:00:00.000","W","8844"
"41440","Addison-Brown","2026-07-01T00:00:00.000","W","1222"
"41430","87th","2026-07-01T00:00:00.000","W","2189"
"41420","Addison-North Main","2026-07-01T00:00:00.000","W","12964"
"41410","Chicago/Milwaukee","2026-07-01T00:00:00.000","W","1997"
"41400","Roosevelt","2026-07-01T00:00:00.000","W","7987"
"41380","Bryn Mawr","2026-07-01T00:00:00.000","W","2948"
"41360","California-Lake","2026-07-01T00:00:00.000","W","834"
"41350","Oak Park-Lake","2026-07-01T00:00:00.000","W","810"
"41340","LaSalle","2026-07-01T00:00:00.000","W","1614"
"41330","Montrose-O'Hare","2026-07-01T00:00:00.000","W","1640"
"41320","Belmont-North Main","2026-07-01T00:00:00.000","W","7710"
"41310","Paulina","2026-07-01T00:00:00.000","W","1774"
"41300","Loyola","2026-07-01T00:00:00.000","W","2918"
"41290","Kimball","2026-07-01T00:00:00.000","W","2370"
"41280","Jefferson Park","2026-07-01T00:00:00.000","W","4575"
"40010","Austin-Forest Park","2026-07-01T00:00:00.000","W","676"
"40020","Harlem-Lake","2026-07-01T00:00:00.000","W","2325"
"40030","Pulaski-Lake","2026-07-01T00:00:00.000","W","1040"
"40040","Quincy/Wells","2026-07-01T00:00:00.000","W","5505"
"40050","Davis","2026-07-01T00:00:00.000","W","2247"
"40060","Belmont-O'Hare","2026-07-01T00:00:00.000","W","3622"
"40070","Jackson/Dearborn","2026-07-01T00:00:00.000","W","4246"
"40080","Sheridan","2026-07-01T00:00:00.000","W","2950"
"40090","Damen-Brown","2026-07-01T00:00:00.000","W","1523"
"40100","Morse","2026-07-01T00:00:00.000","W","2718"
"40120","35th/Archer","2026-07-01T00:00:00.000","W","1670"
"40130","51st","2026-07-01T00:00:00.000","W","683"
"40140","Dempster-Skokie","2026-07-01T00:00:00.000","W","1356"
"40150","Pulaski-Cermak","2026-07-01T00:00:00.000","W","741"
"40160","LaSalle/Van Buren","2026-07-01T00:00:00.000","W","2189"
"40170","Ashland-Lake","2026-07-01T00:00:00.000","W","1793"
"40180","Oak Park-Forest Park","2026-07-01T00:00:00.000","W","660"
"40190","Sox-35th-Dan Ryan","2026-07-01T00:00:00.000","W","2707"
"40210","Damen-Cermak","2026-07-01T00:00:00.000","W","1122"
"40220","Western-Forest Park","2026-07-01T00:00:00.000","W","590"
"40230","Cumberland","2026-07-01T00:00:00.000","W","2618"
"40240","79th","2026-07-01T00:00:00.000","W","3752"
"40250","Kedzie-Homan-Forest Park","2026-07-01T00:00:00.000","W","845"
"40260","State/Lake","2026-07-01T00:00:00.000","W","0"
"40270","Main","2026-07-01T00:00:00.000","W","694"
"40280","Central-Lake","2026-07-01T00:00:00.000","W","1228"
"40290","Ashland/63rd","2026-07-01T00:00:00.000","W","763"
"40300","Indiana","2026-07-01T00:00:00.000","W","682"
"40310","Western-Orange","2026-07-01T00:00:00.000","W","2410"
"40320","Division/Milwaukee","2026-07-01T00:00:00.000","W","3954"
"40330","Grand/State","2026-07-01T00:00:00.000","W","8511"
"40340","Berwyn","2026-07-01T00:00:00.000","W","1951"
"40350","UIC-Halsted","2026-07-01T00:00:00.000","W","2188"
"40360","Southport","2026-07-01T00:00:00.000","W","2428"
"40370","Washington/Dearborn","2026-07-01T00:00:00.000","W","9265"
"40380","Clark/Lake","2026-07-01T00:00:00.000","W","13758"
"40390","Forest Park","2026-07-01T00:00:00.000","W","1187"
"40400","Noyes","2026-07-01T00:00:00.000","W","678"
"40420","Cicero-Cermak","2026-07-01T00:00:00.000","W","728"
"40430","Clinton-Forest Park","2026-07-01T00:00:00.000","W","2563"
"40440","California-Cermak","2026-07-01T00:00:00.000","W","1013"
"40450","95th/Dan Ryan","2026-07-01T00:00:00.000","W","6195"
"40460","Merchandise Mart","2026-07-01T00:00:00.000","W","5691"
"40470","Racine","2026-07-01T00:00:00.000","W","596"
"40480","Cicero-Lake","2026-07-01T00:00:00.000","W","802"
"40490","Grand/Milwaukee","2026-07-01T00:00:00.000","W","3363"
"40510","Garfield-South Elevated","2026-07-01T00:00:00.000","W","984"
"40520","Foster","2026-07-01T00:00:00.000","W","507"
"40530","Diversey","2026-07-01T00:00:00.000","W","3354"
"40540","Wilson","2026-07-01T00:00:00.000","W","4842"
"40550","Irving Park-O'Hare","2026-07-01T00:00:00.000","W","2868"
"40560","Jackson/State","2026-07-01T00:00:00.000","W","4445"
"40570","California/Milwaukee","2026-07-01T00:00:00.000","W","3520"
"40580","54th/Cermak","2026-07-01T00:00:00.000","W","1888"
"40590","Damen/Milwaukee","2026-07-01T00:00:00.000","W","4359"
"40600","Kostner","2026-07-01T00:00:00.000","W","290"
"40610","Ridgeland","2026-07-01T00:00:00.000","W","988"
"40630","Clark/Division","2026-07-01T00:00:00.000","W","5995"
"40650","North/Clybourn","2026-07-01T00:00:00.000","W","3698"
"40660","Armitage","2026-07-01T00:00:00.000","W","3071"
"40670","Western/Milwaukee","2026-07-01T00:00:00.000","W","3671"
"40680","Adams/Wabash","2026-07-01T00:00:00.000","W","4118"
"40690","Dempster","2026-07-01T00:00:00.000","W","581"
"40700","Laramie","2026-07-01T00:00:00.000","W","656"
"40710","Chicago/Franklin","2026-07-01T00:00:00.000","W","4680"
"40720","East 63rd-Cottage Grove","2026-07-01T00:00:00.000","W","741"
"40730","Washington/Wells","2026-07-01T00:00:00.000","W","5818"
"40740","Western-Cermak","2026-07-01T00:00:00.000","W","865"
"40750","Harlem-O'Hare","2026-07-01T00:00:00.000","W","1519"
"40760","Granville","2026-07-01T00:00:00.000","W","2052"
"40770","Lawrence","2026-07-01T00:00:00.000","W","1923"
"40780","Central Park","2026-07-01T00:00:00.000","W","813"
"40790","Monroe/Dearborn","2026-07-01T00:00:00.000","W","3725"
"40800","Sedgwick","2026-07-01T00:00:00.000","W","2885"
"40810","Medical Center","2026-07-01T00:00:00.000","W","1447"
"40820","Rosemont","2026-07-01T00:00:00.000","W","4054"
"40830","18th","2026-07-01T00:00:00.000","W","1259"
"40840","South Boulevard","2026-07-01T00:00:00.000","W","474"
"40850","Library","2026-07-01T00:00:00.000","W","2433"
"40870","Francisco","2026-07-01T00:00:00.000","W","978"
"40880","Thorndale","2026-07-01T00:00:00.000","W","1721"
"40890","O'Hare Airport","2026-07-01T00:00:00.000","W","10086"
"40900","Howard","2026-07-01T00:00:00.000","W","3436"
"40910","63rd-Dan Ryan","2026-07-01T00:00:00.000","W","1890"
"40920","Pulaski-Forest Park","2026-07-01T00:00:00.000","W","602"
"40930","Midway Airport","2026-07-01T00:00:00.000","W","5395"
"40940","Halsted/63rd","2026-07-01T00:00:00.000","W","383"
"40960","Pulaski-Orange","2026-07-01T00:00:00.000","W","2977"
"40970","Cicero-Forest Park","2026-07-01T00:00:00.000","W","569"
"40980","Harlem-Forest Park","2026-07-01T00:00:00.000","W","461"
"40990","69th","2026-07-01T00:00:00.000","W","2848"
"41000","Cermak-Chinatown","2026-07-01T00:00:00.000","W","4910"
"41010","Rockwell","2026-07-01T00:00:00.000","W","1084"
"41020","Logan Square","2026-07-01T00:00:00.000","W","4971"
"41030","Polk","2026-07-01T00:00:00.000","W","2370"
"41040","Kedzie-Cermak","2026-07-01T00:00:00.000","W","785"
"41050","Linden","2026-07-01T00:00:00.000","W","903"
"41060","Ashland-Orange","2026-07-01T00:00:00.000","W","1126"
"41070","Kedzie-Lake","2026-07-01T00:00:00.000","W","744"
"41080","47th-South Elevated","2026-07-01T00:00:00.000","W","884"
"41090","Monroe/State","2026-07-01T00:00:00.000","W","4731"
"41120","35-Bronzeville-IIT","2026-07-01T00:00:00.000","W","987"
"41130","Halsted-Orange","2026-07-01T00:00:00.000","W","1521"
"41140","King Drive","2026-07-01T00:00:00.000","W","308"
"41150","Kedzie-Midway","2026-07-01T00:00:00.000","W","2189"
"41160","Clinton-Lake","2026-07-01T00:00:00.000","W","3089"
"41170","Garfield-Dan Ryan","2026-07-01T00:00:00.000","W","2208"
"41180","Kedzie-Brown","2026-07-01T00:00:00.000","W","1440"
"41190","Jarvis","2026-07-01T00:00:00.000","W","1100"
"41200","Argyle","2026-07-01T00:00:00.000","W","1928"
"41210","Wellington","2026-07-01T00:00:00.000","W","2102"
"41220","Fullerton","2026-07-01T00:00:00.000","W","6525"
"41230","47th-Dan Ryan","2026-07-01T00:00:00.000","W","2061"
"41240","Addison-O'Hare","2026-07-01T00:00:00.000","W","1991"
"41250","Central-Evanston","2026-07-01T00:00:00.000","W","623"
"41260","Austin-Lake","2026-07-01T00:00:00.000","W","976"
"41270","43rd","2026-07-01T00:00:00.000","W","234"
"40010","Austin-Forest Park","2026-06-30T00:00:00.000","W","714"
"40020","Harlem-Lake","2026-06-30T00:00:00.000","W","2414"
"40030","Pulaski-Lake","2026-06-30T00:00:00.000","W","966"
"40040","Quincy/Wells","2026-06-30T00:00:00.000","W","6364"
"40050","Davis","2026-06-30T00:00:00.000","W","2472"
"40060","Belmont-O'Hare","2026-06-30T00:00:00.000","W","3642"
"40070","Jackson/Dearborn","2026-06-30T00:00:00.000","W","4157"
"40080","Sheridan","2026-06-30T00:00:00.000","W","3176"
"40090","Damen-Brown","2026-06-30T00:00:00.000","W","1442"
"40100","Morse","2026-06-30T00:00:00.000","W","2703"
"40120","35th/Archer","2026-06-30T00:00:00.000","W","1634"
"40130","51st","2026-06-30T00:00:00.000","W","682"
"40140","Dempster-Skokie","2026-06-30T00:00:00.000","W","1309"
"40150","Pulaski-Cermak","2026-06-30T00:00:00.000","W","678"
"40160","LaSalle/Van Buren","2026-06-30T00:00:00.000","W","2376"
"40170","Ashland-Lake","2026-06-30T00:00:00.000","W","1847"
"40180","Oak Park-Forest Park","2026-06-30T00:00:00.000","W","653"
"40190","Sox-35th-Dan Ryan","2026-06-30T00:00:00.000","W","2676"
"40210","Damen-Cermak","2026-06-30T00:00:00.000","W","1239"
"40220","Western-Forest Park","2026-06-30T00:00:00.000","W","578"
"40230","Cumberland","2026-06-30T00:00:00.000","W","2526"
"40240","79th","2026-06-30T00:00:00.000","W","3724"
"40250","Kedzie-Homan-Forest Park","2026-06-30T00:00:00.000","W","853"
"40260","State/Lake","2026-06-30T00:00:00.000","W","0"
"40270","Main","2026-06-30T00:00:00.000","W","741"
"40280","Central-Lake","2026-06-30T00:00:00.000","W","1341"
"40290","Ashland/63rd","2026-06-30T00:00:00.000","W","683"
"40300","Indiana","2026-06-30T00:00:00.000","W","728"
"40310","Western-Orange","2026-06-30T00:00:00.000","W","2469"
"40320","Division/Milwaukee","2026-06-30T00:00:00.000","W","4103"
"40330","Grand/State","2026-06-30T00:00:00.000","W","8838"
"40340","Berwyn","2026-06-30T00:00:00.000","W","2077"
"40350","UIC-Halsted","2026-06-30T00:00:00.000","W","2314"
"40360","Southport","2026-06-30T00:00:00.000","W","2538"
"40370","Washington/Dearborn","2026-06-30T00:00:00.000","W","9138"
"40380","Clark/Lake","2026-06-30T00:00:00.000","W","14542"
"40390","Forest Park","2026-06-30T00:00:00.000","W","1282"
"40400","Noyes","2026-06-30T00:00:00.000","W","647"
"40420","Cicero-Cermak","2026-06-30T00:00:00.000","W","683"
"40430","Clinton-Forest Park","2026-06-30T00:00:00.000","W","2641"
"40440","California-Cermak","2026-06-30T00:00:00.000","W","1004"
"40450","95th/Dan Ryan","2026-06-30T00:00:00.000","W","5983"
"40460","Merchandise Mart","2026-06-30T00:00:00.000","W","6228"
"40470","Racine","2026-06-30T00:00:00.000","W","609"
"40480","Cicero-Lake","2026-06-30T00:00:00.000","W","753"
"40490","Grand/Milwaukee","2026-06-30T00:00:00.000","W","3253"
"40510","Garfield-South Elevated","2026-06-30T00:00:00.000","W","928"
"40520","Foster","2026-06-30T00:00:00.000","W","500"
"40530","Diversey","2026-06-30T00:00:00.000","W","3350"
"40540","Wilson","2026-06-30T00:00:00.000","W","4710"
"40550","Irving Park-O'Hare","2026-06-30T00:00:00.000","W","2804"
"40560","Jackson/State","2026-06-30T00:00:00.000","W","4446"
"40570","California/Milwaukee","2026-06-30T00:00:00.000","W","3491"
"40580","54th/Cermak","2026-06-30T00:00:00.000","W","1800"
"40590","Damen/Milwaukee","2026-06-30T00:00:00.000","W","4298"
"40600","Kostner","2026-06-30T00:00:00.000","W","279"
"40610","Ridgeland","2026-06-30T00:00:00.000","W","983"
"40630","Clark/Division","2026-06-30T00:00:00.000","W","5800"
"40650","North/Clybourn","2026-06-30T00:00:00.000","W","3668"
"40660","Armitage","2026-06-30T00:00:00.000","W","3040"
"40670","Western/Milwaukee","2026-06-30T00:00:00.000","W","3693"
"40680","Adams/Wabash","2026-06-30T00:00:00.000","W","4016"
"40690","Dempster","2026-06-30T00:00:00.000","W","603"
"40700","Laramie","2026-06-30T00:00:00.000","W","648"
"40710","Chicago/Franklin","2026-06-30T00:00:00.000","W","4712"
"40720","East 63rd-Cottage Grove","2026-06-30T00:00:00.000","W","786"
"40730","Washington/Wells","2026-06-30T00:00:00.000","W","6585"
"40740","Western-Cermak","2026-06-30T00:00:00.000","W","858"
"40750","Harlem-O'Hare","2026-06-30T00:00:00.000","W","1580"
"40760","Granville","2026-06-30T00:00:00.000","W","2228"
"40770","Lawrence","2026-06-30T00:00:00.000","W","2507"
"40780","Central Park","2026-06-30T00:00:00.000","W","792"
"40790","Monroe/Dearborn","2026-06-30T00:00:00.000","W","4073"
"40800","Sedgwick","2026-06-30T00:00:00.000","W","2947"
"40810","Medical Center","2026-06-30T00:00:00.000","W","1522"
"40820","Rosemont","2026-06-30T00:00:00.000","W","4112"
"40830","18th","2026-06-30T00:00:00.000","W","1351"
"40840","South Boulevard","2026-06-30T00:00:00.000","W","502"
"40850","Library","2026-06-30T00:00:00.000","W","2437"
"40870","Francisco","2026-06-30T00:00:00.000","W","950"
"40880","Thorndale","2026-06-30T00:00:00.000","W","1765"
"40890","O'Hare Airport","2026-06-30T00:00:00.000","W","9803"
"40900","Howard","2026-06-30T00:00:00.000","W","3429"
"40910","63rd-Dan Ryan","2026-06-30T00:00:00.000","W","1701"
"40920","Pulaski-Forest Park","2026-06-30T00:00:00.000","W","644"
"40930","Midway Airport","2026-06-30T00:00:00.000","W","5559"
"40940","Halsted/63rd","2026-06-30T00:00:00.000","W","343"
"40960","Pulaski-Orange","2026-06-30T00:00:00.000","W","2973"
"40970","Cicero-Forest Park","2026-06-30T00:00:00.000","W","529"
"40980","Harlem-Forest Park","2026-06-30T00:00:00.000","W","507"
"40990","69th","2026-06-30T00:00:00.000","W","2990"
"41000","Cermak-Chinatown","2026-06-30T00:00:00.000","W","4899"
"41010","Rockwell","2026-06-30T00:00:00.000","W","1012"
"41020","Logan Square","2026-06-30T00:00:00.000","W","4835"
"41030","Polk","2026-06-30T00:00:00.000","W","2326"
"41040","Kedzie-Cermak","2026-06-30T00:00:00.000","W","737"
"41050","Linden","2026-06-30T00:00:00.000","W","1043"
"41060","Ashland-Orange","2026-06-30T00:00:00.000","W","1167"
"41070","Kedzie-Lake","2026-06-30T00:00:00.000","W","733"
"41080","47th-South Elevated","2026-06-30T00:00:00.000","W","842"
"41090","Monroe/State","2026-06-30T00:00:00.000","W","4760"
"41120","35-Bronzeville-IIT","2026-06-30T00:00:00.000","W","968"
"41130","Halsted-Orange","2026-06-30T00:00:00.000","W","1474"
"41140","King Drive","2026-06-30T00:00:00.000","W","327"
"41150","Kedzie-Midway","2026-06-30T00:00:00.000","W","2208"
"41160","Clinton-Lake","2026-06-30T00:00:00.000","W","3146"
"41170","Garfield-Dan Ryan","2026-06-30T00:00:00.000","W","2229"
"41180","Kedzie-Brown","2026-06-30T00:00:00.000","W","1267"
"41190","Jarvis","2026-06-30T00:00:00.000","W","1097"
"41200","Argyle","2026-06-30T00:00:00.000","W","1983"
"41210","Wellington","2026-06-30T00:00:00.000","W","2159"
"41220","Fullerton","2026-06-30T00:00:00.000","W","6596"
"41230","47th-Dan Ryan","2026-06-30T00:00:00.000","W","2105"
"41240","Addison-O'Hare","2026-06-30T00:00:00.000","W","1974"
"41250","Central-Evanston","2026-06-30T00:00:00.000","W","600"
"41260","Austin-Lake","2026-06-30T00:00:00.000","W","975"
"41270","43rd","2026-06-30T00:00:00.000","W","238"
"41280","Jefferson Park","2026-06-30T00:00:00.000","W","4579"
"41290","Kimball","2026-06-30T00:00:00.000","W","2135"
"41300","Loyola","2026-06-30T00:00:00.000","W","2945"
"41310","Paulina","2026-06-30T00:00:00.000","W","1813"
"41320","Belmont-North Main","2026-06-30T00:00:00.000","W","8017"
"41330","Montrose-O'Hare","2026-06-30T00:00:00.000","W","1635"
"41340","LaSalle","2026-06-30T00:00:00.000","W","1491"
"41350","Oak Park-Lake","2026-06-30T00:00:00.000","W","840"
"41360","California-Lake","2026-06-30T00:00:00.000","W","730"
"41380","Bryn Mawr","2026-06-30T00:00:00.000","W","2954"
"41400","Roosevelt","2026-06-30T00:00:00.000","W","7986"
"41410","Chicago/Milwaukee","2026-06-30T00:00:00.000","W","2029"
"41420","Addison-North Main","2026-06-30T00:00:00.000","W","11151"
"41430","87th","2026-06-30T00:00:00.000","W","2211"
"41440","Addison-Brown","2026-06-30T00:00:00.000","W","1188"
"41450","Chicago/State","2026-06-30T00:00:00.000","W","9052"
"41460","Irving Park-Brown","2026-06-30T00:00:00.000","W","1715"
"41480","Western-Brown","2026-06-30T00:00:00.000","W","1842"
"41490","Harrison","2026-06-30T00:00:00.000","W","2228"
"41500","Montrose-Brown","2026-06-30T00:00:00.000","W","1508"
"41510","Morgan-Lake","2026-06-30T00:00:00.000","W","5065"
"41660","Lake/State","2026-06-30T00:00:00.000","W","12951"
"41670","Conservatory","2026-06-30T00:00:00.000","W","564"
"41680","Oakton-Skokie","2026-06-30T00:00:00.000","W","497"
"41690","Cermak-McCormick Place","2026-06-30T00:00:00.000","W","1562"
"41700","Washington/Wabash","2026-06-30T00:00:00.000","W","11018"
"41710","Damen-Lake","2026-06-30T00:00:00.000","W","888"
"40010","Austin-Forest Park","2026-06-29T00:00:00.000","W","683"
"40020","Harlem-Lake","2026-06-29T00:00:00.000","W","2106"
"40030","Pulaski-Lake","2026-06-29T00:00:00.000","W","938"
"40040","Quincy/Wells","2026-06-29T00:00:00.000","W","5033"
"40050","Davis","2026-06-29T00:00:00.000","W","2213"
"40060","Belmont-O'Hare","2026-06-29T00:00:00.000","W","3248"
"40070","Jackson/Dearborn","2026-06-29T00:00:00.000","W","3880"
"40080","Sheridan","2026-06-29T00:00:00.000","W","2816"
"40090","Damen-Brown","2026-06-29T00:00:00.000","W","1343"
"40100","Morse","2026-06-29T00:00:00.000","W","2603"
"40120","35th/Archer","2026-06-29T00:00:00.000","W","1657"
"40130","51st","2026-06-29T00:00:00.000","W","641"
"40140","Dempster-Skokie","2026-06-29T00:00:00.000","W","1194"
"40150","Pulaski-Cermak","2026-06-29T00:00:00.000","W","702"
"40160","LaSalle/Van Buren","2026-06-29T00:00:00.000","W","1865"
"40170","Ashland-Lake","2026-06-29T00:00:00.000","W","1640"
"40180","Oak Park-Forest Park","2026-06-29T00:00:00.000","W","617"
"40190","Sox-35th-Dan Ryan","2026-06-29T00:00:00.000","W","2393"
"40210","Damen-Cermak","2026-06-29T00:00:00.000","W","1092"
"40220","Western-Forest Park","2026-06-29T00:00:00.000","W","546"
"40230","Cumberland","2026-06-29T00:00:00.000","W","2242"
"40240","79th","2026-06-29T00:00:00.000","W","3761"
"40250","Kedzie-Homan-Forest Park","2026-06-29T00:00:00.000","W","921"
"40260","State/Lake","2026-06-29T00:00:00.000","W","0"
"40270","Main","2026-06-29T00:00:00.000","W","701"
"40280","Central-Lake","2026-06-29T00:00:00.000","W","1122"
"40290","Ashland/63rd","2026-06-29T00:00:00.000","W","722"
"40300","Indiana","2026-06-29T00:00:00.000","W","672"
"40310","Western-Orange","2026-06-29T00:00:00.000","W","2401"
"40320","Division/Milwaukee","2026-06-29T00:00:00.000","W","3515"
"40330","Grand/State","2026-06-29T00:00:00.000","W","8661"
"40340","Berwyn","2026-06-29T00:00:00.000","W","1883"
"40350","UIC-Halsted","2026-06-29T00:00:00.000","W","2048"
"40360","Southport","2026-06-29T00:00:00.000","W","2377"
"40370","Washington/Dearborn","2026-06-29T00:00:00.000","W","8320"
"40380","Clark/Lake","2026-06-29T00:00:00.000","W","12090"
"40390","Forest Park","2026-06-29T00:00:00.000","W","1143"
"40400","Noyes","2026-06-29T00:00:00.000","W","594"
"40420","Cicero-Cermak","2026-06-29T00:00:00.000","W","684"
"40430","Clinton-Forest Park","2026-06-29T00:00:00.000","W","2147"
"40440","California-Cermak","2026-06-29T00:00:00.000","W","923"
"40450","95th/Dan Ryan","2026-06-29T00:00:00.000","W","5983"
"40460","Merchandise Mart","2026-06-29T00:00:00.000","W","4782"
"40470","Racine","2026-06-29T00:00:00.000","W","574"
"40480","Cicero-Lake","2026-06-29T00:00:00.000","W","659"
"40490","Grand/Milwaukee","2026-06-29T00:00:00.000","W","2633"
"40510","Garfield-South Elevated","2026-06-29T00:00:00.000","W","896"
"40520","Foster","2026-06-29T00:00:00.000","W","512"
"40530","Diversey","2026-06-29T00:00:00.000","W","3004"
"40540","Wilson","2026-06-29T00:00:00.000","W","4453"
"40550","Irving Park-O'Hare","2026-06-29T00:00:00.000","W","2646"
"40560","Jackson/State","2026-06-29T00:00:00.000","W","4022"
"40570","California/Milwaukee","2026-06-29T00:00:00.000","W","2960"
"40580","54th/Cermak","2026-06-29T00:00:00.000","W","1612"
"40590","Damen/Milwaukee","2026-06-29T00:00:00.000","W","3835"
"40600","Kostner","2026-06-29T00:00:00.000","W","282"
"40610","Ridgeland","2026-06-29T00:00:00.000","W","845"
"40630","Clark/Division","2026-06-29T00:00:00.000","W","5459"
"40650","North/Clybourn","2026-06-29T00:00:00.000","W","3200"
"40660","Armitage","2026-06-29T00:00:00.000","W","2744"
"40670","Western/Milwaukee","2026-06-29T00:00:00.000","W","3242"
"40680","Adams/Wabash","2026-06-29T00:00:00.000","W","4066"
"40690","Dempster","2026-06-29T00:00:00.000","W","502"
"40700","Laramie","2026-06-29T00:00:00.000","W","598"
"40710","Chicago/Franklin","2026-06-29T00:00:00.000","W","4121"
"40720","East 63rd-Cottage Grove","2026-06-29T00:00:00.000","W","683"
"40730","Washington/Wells","2026-06-29T00:00:00.000","W","5401"
"40740","Western-Cermak","2026-06-29T00:00:00.000","W","803"
"40750","Harlem-O'Hare","2026-06-29T00:00:00.000","W","1458"
"40760","Granville","2026-06-29T00:00:00.000","W","1958"
"40770","Lawrence","2026-06-29T00:00:00.000","W","1876"
"40780","Central Park","2026-06-29T00:00:00.000","W","742"
"40790","Monroe/Dearborn","2026-06-29T00:00:00.000","W","3462"
"40800","Sedgwick","2026-06-29T00:00:00.000","W","2549"
"40810","Medical Center","2026-06-29T00:00:00.000","W","1553"
"40820","Rosemont","2026-06-29T00:00:00.000","W","3871"
"40830","18th","2026-06-29T00:00:00.000","W","1163"
"40840","South Boulevard","2026-06-29T00:00:00.000","W","458"
"40850","Library","2026-06-29T00:00:00.000","W","2334"
"40870","Francisco","2026-06-29T00:00:00.000","W","875"
"40880","Thorndale","2026-06-29T00:00:00.000","W","1622"
"40890","O'Hare Airport","2026-06-29T00:00:00.000","W","10471"
"40900","Howard","2026-06-29T00:00:00.000","W","3286"
"40910","63rd-Dan Ryan","2026-06-29T00:00:00.000","W","1749"
"40920","Pulaski-Forest Park","2026-06-29T00:00:00.000","W","677"
"40930","Midway Airport","2026-06-29T00:00:00.000","W","5016"
"40940","Halsted/63rd","2026-06-29T00:00:00.000","W","357"
"40960","Pulaski-Orange","2026-06-29T00:00:00.000","W","2753"
"40970","Cicero-Forest Park","2026-06-29T00:00:00.000","W","560"
"40980","Harlem-Forest Park","2026-06-29T00:00:00.000","W","363"
"40990","69th","2026-06-29T00:00:00.000","W","2795"
"41000","Cermak-Chinatown","2026-06-29T00:00:00.000","W","5275"
"41010","Rockwell","2026-06-29T00:00:00.000","W","1061"
"41020","Logan Square","2026-06-29T00:00:00.000","W","4225"
"41030","Polk","2026-06-29T00:00:00.000","W","2270"
"41040","Kedzie-Cermak","2026-06-29T00:00:00.000","W","714"
"41050","Linden","2026-06-29T00:00:00.000","W","770"
"41060","Ashland-Orange","2026-06-29T00:00:00.000","W","1082"
"41070","Kedzie-Lake","2026-06-29T00:00:00.000","W","682"
"41080","47th-South Elevated","2026-06-29T00:00:00.000","W","776"
"41090","Monroe/State","2026-06-29T00:00:00.000","W","4467"
"41120","35-Bronzeville-IIT","2026-06-29T00:00:00.000","W","884"
"41130","Halsted-Orange","2026-06-29T00:00:00.000","W","1433"
"41140","King Drive","2026-06-29T00:00:00.000","W","351"
"41150","Kedzie-Midway","2026-06-29T00:00:00.000","W","2003"
"41160","Clinton-Lake","2026-06-29T00:00:00.000","W","2676"
"41170","Garfield-Dan Ryan","2026-06-29T00:00:00.000","W","2110"
"41180","Kedzie-Brown","2026-06-29T00:00:00.000","W","1260"
"41190","Jarvis","2026-06-29T00:00:00.000","W","1135"
"41200","Argyle","2026-06-29T00:00:00.000","W","1965"
"41210","Wellington","2026-06-29T00:00:00.000","W","1813"
"41220","Fullerton","2026-06-29T00:00:00.000","W","6161"
"41230","47th-Dan Ryan","2026-06-29T00:00:00.000","W","1933"
"41240","Addison-O'Hare","2026-06-29T00:00:00.000","W","1809"
"41250","Central-Evanston","2026-06-29T00:00:00.000","W","573"
"41260","Austin-Lake","2026-06-29T00:00:00.000","W","891"
"41270","43rd","2026-06-29T00:00:00.000","W","237"
"41280","Jefferson Park","2026-06-29T00:00:00.000","W","4288"
"41290","Kimball","2026-06-29T00:00:00.000","W","2248"
"41300","Loyola","2026-06-29T00:00:00.000","W","2761"
"41310","Paulina","2026-06-29T00:00:00.000","W","1528"
"41320","Belmont-North Main","2026-06-29T00:00:00.000","W","7172"
"41330","Montrose-O'Hare","2026-06-29T00:00:00.000","W","1553"
"41340","LaSalle","2026-06-29T00:00:00.000","W","1381"
"41350","Oak Park-Lake","2026-06-29T00:00:00.000","W","768"
"41360","California-Lake","2026-06-29T00:00:00.000","W","767"
"41380","Bryn Mawr","2026-06-29T00:00:00.000","W","2733"
"41400","Roosevelt","2026-06-29T00:00:00.000","W","7436"
"41410","Chicago/Milwaukee","2026-06-29T00:00:00.000","W","1783"
"41420","Addison-North Main","2026-06-29T00:00:00.000","W","11919"
"41430","87th","2026-06-29T00:00:00.000","W","1878"
"41440","Addison-Brown","2026-06-29T00:00:00.000","W","1160"
"41450","Chicago/State","2026-06-29T00:00:00.000","W","8455"
"41460","Irving Park-Brown","2026-06-29T00:00:00.000","W","1600"
"41480","Western-Brown","2026-06-29T00:00:00.000","W","1653"
"41490","Harrison","2026-06-29T00:00:00.000","W","2217"
"41500","Montrose-Brown","2026-06-29T00:00:00.000","W","1384"
"41510","Morgan-Lake","2026-06-29T00:00:00.000","W","3909"
"41660","Lake/State","2026-06-29T00:00:00.000","W","11873"
"41670","Conservatory","2026-06-29T00:00:00.000","W","487"
"41680","Oakton-Skokie","2026-06-29T00:00:00.000","W","469"
"41690","Cermak-McCormick Place","2026-06-29T00:00:00.000","W","1982"
"41700","Washington/Wabash","2026-06-29T00:00:00.000","W","10224"
"41710","Damen-Lake","2026-06-29T00:00:00.000","W","1035"
"40010","Austin-Forest Park","2026-06-28T00:00:00.000","U","370"
"40020","Harlem-Lake","2026-06-28T00:00:00.000","U","1557"
"40030","Pulaski-Lake","2026-06-28T00:00:00.000","U","719"
"40040","Quincy/Wells","2026-06-28T00:00:00.000","U","2067"
"40050","Davis","2026-06-28T00:00:00.000","U","1508"
"40060","Belmont-O'Hare","2026-06-28T00:00:00.000","U","3358"
"40070","Jackson/Dearborn","2026-06-28T00:00:00.000","U","2672"
"40080","Sheridan","2026-06-28T00:00:00.000","U","4316"
"40090","Damen-Brown","2026-06-28T00:00:00.000","U","1255"
"40100","Morse","2026-06-28T00:00:00.000","U","3311"
"40120","35th/Archer","2026-06-28T00:00:00.000","U","913"
"40130","51st","2026-06-28T00:00:00.000","U","494"
"40140","Dempster-Skokie","2026-06-28T00:00:00.000","U","835"
"40150","Pulaski-Cermak","2026-06-28T00:00:00.000","U","476"
"40160","LaSalle/Van Buren","2026-06-28T00:00:00.000","U","686"
"40170","Ashland-Lake","2026-06-28T00:00:00.000","U","964"
"40180","Oak Park-Forest Park","2026-06-28T00:00:00.000","U","410"
"40190","Sox-35th-Dan Ryan","2026-06-28T00:00:00.000","U","7124"
"40210","Damen-Cermak","2026-06-28T00:00:00.000","U","776"
"40220","Western-Forest Park","2026-06-28T00:00:00.000","U","442"
"40230","Cumberland","2026-06-28T00:00:00.000","U","1581"
"40240","79th","2026-06-28T00:00:00.000","U","3183"
"40250","Kedzie-Homan-Forest Park","2026-06-28T00:00:00.000","U","678"
"40260","State/Lake","2026-06-28T00:00:00.000","U","0"
"40270","Main","2026-06-28T00:00:00.000","U","448"
"40280","Central-Lake","2026-06-28T00:00:00.000","U","836"
"40290","Ashland/63rd","2026-06-28T00:00:00.000","U","496"
"40300","Indiana","2026-06-28T00:00:00.000","U","441"
"40310","Western-Orange","2026-06-28T00:00:00.000","U","1218"
"40320","Division/Milwaukee","2026-06-28T00:00:00.000","U","2745"
"40330","Grand/State","2026-06-28T00:00:00.000","U","7832"
"40340","Berwyn","2026-06-28T00:00:00.000","U","2227"
"40350","UIC-Halsted","2026-06-28T00:00:00.000","U","1328"
"40360","Southport","2026-06-28T00:00:00.000","U","1958"
"40370","Washington/Dearborn","2026-06-28T00:00:00.000","U","6574"
"40380","Clark/Lake","2026-06-28T00:00:00.000","U","7252"
"40390","Forest Park","2026-06-28T00:00:00.000","U","789"
"40400","Noyes","2026-06-28T00:00:00.000","U","329"
"40420","Cicero-Cermak","2026-06-28T00:00:00.000","U","548"
"40430","Clinton-Forest Park","2026-06-28T00:00:00.000","U","1186"
"40440","California-Cermak","2026-06-28T00:00:00.000","U","589"
"40450","95th/Dan Ryan","2026-06-28T00:00:00.000","U","4979"
"40460","Merchandise Mart","2026-06-28T00:00:00.000","U","1910"
"40470","Racine","2026-06-28T00:00:00.000","U","393"
"40480","Cicero-Lake","2026-06-28T00:00:00.000","U","515"
"40490","Grand/Milwaukee","2026-06-28T00:00:00.000","U","2143"
"40510","Garfield-South Elevated","2026-06-28T00:00:00.000","U","611"
"40520","Foster","2026-06-28T00:00:00.000","U","432"
"40530","Diversey","2026-06-28T00:00:00.000","U","4686"
"40540","Wilson","2026-06-28T00:00:00.000","U","4813"
"40550","Irving Park-O'Hare","2026-06-28T00:00:00.000","U","1800"
"40560","Jackson/State","2026-06-28T00:00:00.000","U","3659"
"40570","California/Milwaukee","2026-06-28T00:00:00.000","U","2557"
"40580","54th/Cermak","2026-06-28T00:00:00.000","U","1390"
"40590","Damen/Milwaukee","2026-06-28T00:00:00.000","U","3873"
"40600","Kostner","2026-06-28T00:00:00.000","U","147"
"40610","Ridgeland","2026-06-28T00:00:00.000","U","465"
"40630","Clark/Division","2026-06-28T00:00:00.000","U","4768"
"40650","North/Clybourn","2026-06-28T00:00:00.000","U","3222"
"40660","Armitage","2026-06-28T00:00:00.000","U","2480"
"40670","Western/Milwaukee","2026-06-28T00:00:00.000","U","2465"
"40680","Adams/Wabash","2026-06-28T00:00:00.000","U","2423"
"40690","Dempster","2026-06-28T00:00:00.000","U","480"
"40700","Laramie","2026-06-28T00:00:00.000","U","487"
"40710","Chicago/Franklin","2026-06-28T00:00:00.000","U","2511"
"40720","East 63rd-Cottage Grove","2026-06-28T00:00:00.000","U","619"
"40730","Washington/Wells","2026-06-28T00:00:00.000","U","1431"
"40740","Western-Cermak","2026-06-28T00:00:00.000","U","649"
"40750","Harlem-O'Hare","2026-06-28T00:00:00.000","U","877"
"40760","Granville","2026-06-28T00:00:00.000","U","2159"
"40770","Lawrence","2026-06-28T00:00:00.000","U","2307"
"40780","Central Park","2026-06-28T00:00:00.000","U","486"
"40790","Monroe/Dearborn","2026-06-28T00:00:00.000","U","1104"
"40800","Sedgwick","2026-06-28T00:00:00.000","U","2283"
"40810","Medical Center","2026-06-28T00:00:00.000","U","638"
"40820","Rosemont","2026-06-28T00:00:00.000","U","3004"
"40830","18th","2026-06-28T00:00:00.000","U","987"
"40840","South Boulevard","2026-06-28T00:00:00.000","U","282"
"40850","Library","2026-06-28T00:00:00.000","U","1604"
"40870","Francisco","2026-06-28T00:00:00.000","U","615"
"40880","Thorndale","2026-06-28T00:00:00.000","U","1660"
"40890","O'Hare Airport","2026-06-28T00:00:00.000","U","10868"
"40900","Howard","2026-06-28T00:00:00.000","U","2887"
"40910","63rd-Dan Ryan","2026-06-28T00:00:00.000","U","1793"
"40920","Pulaski-Forest Park","2026-06-28T00:00:00.000","U","614"
"40930","Midway Airport","2026-06-28T00:00:00.000","U","3281"
"40940","Halsted/63rd","2026-06-28T00:00:00.000","U","206"
"40960","Pulaski-Orange","2026-06-28T00:00:00.000","U","1632"
"40970","Cicero-Forest Park","2026-06-28T00:00:00.000","U","412"
"40980","Harlem-Forest Park","2026-06-28T00:00:00.000","U","260"
"40990","69th","2026-06-28T00:00:00.000","U","2467"
"41000","Cermak-Chinatown","2026-06-28T00:00:00.000","U","8161"
"41010","Rockwell","2026-06-28T00:00:00.000","U","619"
"41020","Logan Square","2026-06-28T00:00:00.000","U","4154"
"41030","Polk","2026-06-28T00:00:00.000","U","600"
"41040","Kedzie-Cermak","2026-06-28T00:00:00.000","U","555"
"41050","Linden","2026-06-28T00:00:00.000","U","510"
"41060","Ashland-Orange","2026-06-28T00:00:00.000","U","652"
"41070","Kedzie-Lake","2026-06-28T00:00:00.000","U","440"
"41080","47th-South Elevated","2026-06-28T00:00:00.000","U","527"
"41090","Monroe/State","2026-06-28T00:00:00.000","U","2687"
"41120","35-Bronzeville-IIT","2026-06-28T00:00:00.000","U","921"
"41130","Halsted-Orange","2026-06-28T00:00:00.000","U","883"
"41140","King Drive","2026-06-28T00:00:00.000","U","251"
"41150","Kedzie-Midway","2026-06-28T00:00:00.000","U","1170"
"41160","Clinton-Lake","2026-06-28T00:00:00.000","U","1342"
"41170","Garfield-Dan Ryan","2026-06-28T00:00:00.000","U","2332"
"41180","Kedzie-Brown","2026-06-28T00:00:00.000","U","1115"
"41190","Jarvis","2026-06-28T00:00:00.000","U","1368"
"41200","Argyle","2026-06-28T00:00:00.000","U","2627"
"41210","Wellington","2026-06-28T00:00:00.000","U","3388"
"41220","Fullerton","2026-06-28T00:00:00.000","U","8318"
"41230","47th-Dan Ryan","2026-06-28T00:00:00.000","U","1966"
"41240","Addison-O'Hare","2026-06-28T00:00:00.000","U","1116"
"41250","Central-Evanston","2026-06-28T00:00:00.000","U","273"
"41260","Austin-Lake","2026-06-28T00:00:00.000","U","585"
"41270","43rd","2026-06-28T00:00:00.000","U","155"
"41280","Jefferson Park","2026-06-28T00:00:00.000","U","2980"
"41290","Kimball","2026-06-28T00:00:00.000","U","1991"
"41300","Loyola","2026-06-28T00:00:00.000","U","2703"
"41310","Paulina","2026-06-28T00:00:00.000","U","1289"
"41320","Belmont-North Main","2026-06-28T00:00:00.000","U","18511"
"41330","Montrose-O'Hare","2026-06-28T00:00:00.000","U","863"
"41340","LaSalle","2026-06-28T00:00:00.000","U","910"
"41350","Oak Park-Lake","2026-06-28T00:00:00.000","U","546"
"41360","California-Lake","2026-06-28T00:00:00.000","U","401"
"41380","Bryn Mawr","2026-06-28T00:00:00.000","U","3109"
"41400","Roosevelt","2026-06-28T00:00:00.000","U","7048"
"41410","Chicago/Milwaukee","2026-06-28T00:00:00.000","U","1386"
"41420","Addison-North Main","2026-06-28T00:00:00.000","U","13011"
"41430","87th","2026-06-28T00:00:00.000","U","2070"
"41440","Addison-Brown","2026-06-28T00:00:00.000","U","962"
"41450","Chicago/State","2026-06-28T00:00:00.000","U","6666"
"41460","Irving Park-Brown","2026-06-28T00:00:00.000","U","1153"
"41480","Western-Brown","2026-06-28T00:00:00.000","U","1396"
"41490","Harrison","2026-06-28T00:00:00.000","U","2587"
"41500","Montrose-Brown","2026-06-28T00:00:00.000","U","1216"
"41510","Morgan-Lake","2026-06-28T00:00:00.000","U","3162"
"41660","Lake/State","2026-06-28T00:00:00.000","U","10368"
"41670","Conservatory","2026-06-28T00:00:00.000","U","469"
"41680","Oakton-Skokie","2026-06-28T00:00:00.000","U","307"
"41690","Cermak-McCormick Place","2026-06-28T00:00:00.000","U","1860"
"41700","Washington/Wabash","2026-06-28T00:00:00.000","U","7213"
"41710","Damen-Lake","2026-06-28T00:00:00.000","U","708"
"40010","Austin-Forest Park","2026-06-27T00:00:00.000","A","376"
"40020","Harlem-Lake","2026-06-27T00:00:00.000","A","1963"
"40030","Pulaski-Lake","2026-06-27T00:00:00.000","A","810"
"40040","Quincy/Wells","2026-06-27T00:00:00.000","A","1709"
"40050","Davis","2026-06-27T00:00:00.000","A","1707"
"40060","Belmont-O'Hare","2026-06-27T00:00:00.000","A","2908"
"40070","Jackson/Dearborn","2026-06-27T00:00:00.000","A","3583"
"40080","Sheridan","2026-06-27T00:00:00.000","A","2515"
"40090","Damen-Brown","2026-06-27T00:00:00.000","A","1233"
"40100","Morse","2026-06-27T00:00:00.000","A","2713"
"40120","35th/Archer","2026-06-27T00:00:00.000","A","1187"
"40130","51st","2026-06-27T00:00:00.000","A","554"
"40140","Dempster-Skokie","2026-06-27T00:00:00.000","A","684"
"40150","Pulaski-Cermak","2026-06-27T00:00:00.000","A","559"
"40160","LaSalle/Van Buren","2026-06-27T00:00:00.000","A","710"
"40170","Ashland-Lake","2026-06-27T00:00:00.000","A","1370"
"40180","Oak Park-Forest Park","2026-06-27T00:00:00.000","A","394"
"40190","Sox-35th-Dan Ryan","2026-06-27T00:00:00.000","A","7218"
"40210","Damen-Cermak","2026-06-27T00:00:00.000","A","895"
"40220","Western-Forest Park","2026-06-27T00:00:00.000","A","519"
"40230","Cumberland","2026-06-27T00:00:00.000","A","1982"
"40240","79th","2026-06-27T00:00:00.000","A","2976"
"40250","Kedzie-Homan-Forest Park","2026-06-27T00:00:00.000","A","695"
"40260","State/Lake","2026-06-27T00:00:00.000","A","0"
"40270","Main","2026-06-27T00:00:00.000","A","930"
"40280","Central-Lake","2026-06-27T00:00:00.000","A","967"
"40290","Ashland/63rd","2026-06-27T00:00:00.000","A","542"
"40300","Indiana","2026-06-27T00:00:00.000","A","537"
"40310","Western-Orange","2026-06-27T00:00:00.000","A","1598"
"40320","Division/Milwaukee","2026-06-27T00:00:00.000","A","3755"
"40330","Grand/State","2026-06-27T00:00:00.000","A","9294"
"40340","Berwyn","2026-06-27T00:00:00.000","A","1928"
"40350","UIC-Halsted","2026-06-27T00:00:00.000","A","1656"
"40360","Southport","2026-06-27T00:00:00.000","A","2203"
"40370","Washington/Dearborn","2026-06-27T00:00:00.000","A","7267"
"40380","Clark/Lake","2026-06-27T00:00:00.000","A","8229"
"40390","Forest Park","2026-06-27T00:00:00.000","A","776"
"40400","Noyes","2026-06-27T00:00:00.000","A","440"
"40420","Cicero-Cermak","2026-06-27T00:00:00.000","A","766"
"40430","Clinton-Forest Park","2026-06-27T00:00:00.000","A","1261"
"40440","California-Cermak","2026-06-27T00:00:00.000","A","798"
"40450","95th/Dan Ryan","2026-06-27T00:00:00.000","A","4619"
"40460","Merchandise Mart","2026-06-27T00:00:00.000","A","2566"
"40470","Racine","2026-06-27T00:00:00.000","A","527"
"40480","Cicero-Lake","2026-06-27T00:00:00.000","A","611"
"40490","Grand/Milwaukee","2026-06-27T00:00:00.000","A","3056"
"40510","Garfield-South Elevated","2026-06-27T00:00:00.000","A","670"
"40520","Foster","2026-06-27T00:00:00.000","A","515"
"40530","Diversey","2026-06-27T00:00:00.000","A","2600"
"40540","Wilson","2026-06-27T00:00:00.000","A","3911"
"40550","Irving Park-O'Hare","2026-06-27T00:00:00.000","A","2214"
"40560","Jackson/State","2026-06-27T00:00:00.000","A","3366"
"40570","California/Milwaukee","2026-06-27T00:00:00.000","A","3398"
"40580","54th/Cermak","2026-06-27T00:00:00.000","A","1352"
"40590","Damen/Milwaukee","2026-06-27T00:00:00.000","A","5171"
"40600","Kostner","2026-06-27T00:00:00.000","A","166"
"40610","Ridgeland","2026-06-27T00:00:00.000","A","540"
"40630","Clark/Division","2026-06-27T00:00:00.000","A","6003"
"40650","North/Clybourn","2026-06-27T00:00:00.000","A","3457"
"40660","Armitage","2026-06-27T00:00:00.000","A","3156"
"40670","Western/Milwaukee","2026-06-27T00:00:00.000","A","3124"
"40680","Adams/Wabash","2026-06-27T00:00:00.000","A","3348"
"40690","Dempster","2026-06-27T00:00:00.000","A","580"
"40700","Laramie","2026-06-27T00:00:00.000","A","539"
"40710","Chicago/Franklin","2026-06-27T00:00:00.000","A","3241"
"40720","East 63rd-Cottage Grove","2026-06-27T00:00:00.000","A","634"
"40730","Washington/Wells","2026-06-27T00:00:00.000","A","1158"
"40740","Western-Cermak","2026-06-27T00:00:00.000","A","697"
"40750","Harlem-O'Hare","2026-06-27T00:00:00.000","A","1178"
"40760","Granville","2026-06-27T00:00:00.000","A","2100"
"40770","Lawrence","2026-06-27T00:00:00.000","A","2132"
"40780","Central Park","2026-06-27T00:00:00.000","A","495"
"40790","Monroe/Dearborn","2026-06-27T00:00:00.000","A","1439"
"40800","Sedgwick","2026-06-27T00:00:00.000","A","2745"
"40810","Medical Center","2026-06-27T00:00:00.000","A","807"
"40820","Rosemont","2026-06-27T00:00:00.000","A","3674"
"40830","18th","2026-06-27T00:00:00.000","A","1363"
"40840","South Boulevard","2026-06-27T00:00:00.000","A","303"
"40850","Library","2026-06-27T00:00:00.000","A","1909"
"40870","Francisco","2026-06-27T00:00:00.000","A","789"
"40880","Thorndale","2026-06-27T00:00:00.000","A","1609"
"40890","O'Hare Airport","2026-06-27T00:00:00.000","A","9765"
"40900","Howard","2026-06-27T00:00:00.000","A","2950"
"40910","63rd-Dan Ryan","2026-06-27T00:00:00.000","A","1495"
"40920","Pulaski-Forest Park","2026-06-27T00:00:00.000","A","532"
"40930","Midway Airport","2026-06-27T00:00:00.000","A","3547"
"40940","Halsted/63rd","2026-06-27T00:00:00.000","A","261"
"40960","Pulaski-Orange","2026-06-27T00:00:00.000","A","1742"
"40970","Cicero-Forest Park","2026-06-27T00:00:00.000","A","416"
"40980","Harlem-Forest Park","2026-06-27T00:00:00.000","A","300"
"40990","69th","2026-06-27T00:00:00.000","A","2515"
"41000","Cermak-Chinatown","2026-06-27T00:00:00.000","A","9167"
"41010","Rockwell","2026-06-27T00:00:00.000","A","826"
"41020","Logan Square","2026-06-27T00:00:00.000","A","5482"
"41030","Polk","2026-06-27T00:00:00.000","A","754"
"41040","Kedzie-Cermak","2026-06-27T00:00:00.000","A","588"
"41050","Linden","2026-06-27T00:00:00.000","A","454"
"41060","Ashland-Orange","2026-06-27T00:00:00.000","A","820"
"41070","Kedzie-Lake","2026-06-27T00:00:00.000","A","552"
"41080","47th-South Elevated","2026-06-27T00:00:00.000","A","578"
"41090","Monroe/State","2026-06-27T00:00:00.000","A","3054"
"41120","35-Bronzeville-IIT","2026-06-27T00:00:00.000","A","1335"
"41130","Halsted-Orange","2026-06-27T00:00:00.000","A","1096"
"41140","King Drive","2026-06-27T00:00:00.000","A","221"
"41150","Kedzie-Midway","2026-06-27T00:00:00.000","A","1485"
"41160","Clinton-Lake","2026-06-27T00:00:00.000","A","1667"
"41170","Garfield-Dan Ryan","2026-06-27T00:00:00.000","A","1962"
"41180","Kedzie-Brown","2026-06-27T00:00:00.000","A","1193"
"41190","Jarvis","2026-06-27T00:00:00.000","A","1388"
"41200","Argyle","2026-06-27T00:00:00.000","A","2186"
"41210","Wellington","2026-06-27T00:00:00.000","A","1351"
"41220","Fullerton","2026-06-27T00:00:00.000","A","6877"
"41230","47th-Dan Ryan","2026-06-27T00:00:00.000","A","1710"
"41240","Addison-O'Hare","2026-06-27T00:00:00.000","A","1313"
"41250","Central-Evanston","2026-06-27T00:00:00.000","A","345"
"41260","Austin-Lake","2026-06-27T00:00:00.000","A","631"
"41270","43rd","2026-06-27T00:00:00.000","A","170"
"41280","Jefferson Park","2026-06-27T00:00:00.000","A","3647"
"41290","Kimball","2026-06-27T00:00:00.000","A","1991"
"41300","Loyola","2026-06-27T00:00:00.000","A","2658"
"41310","Paulina","2026-06-27T00:00:00.000","A","1463"
"41320","Belmont-North Main","2026-06-27T00:00:00.000","A","7978"
"41330","Montrose-O'Hare","2026-06-27T00:00:00.000","A","1231"
"41340","LaSalle","2026-06-27T00:00:00.000","A","1227"
"41350","Oak Park-Lake","2026-06-27T00:00:00.000","A","600"
"41360","California-Lake","2026-06-27T00:00:00.000","A","530"
"41380","Bryn Mawr","2026-06-27T00:00:00.000","A","2907"
"41400","Roosevelt","2026-06-27T00:00:00.000","A","10491"
"41410","Chicago/Milwaukee","2026-06-27T00:00:00.000","A","1735"
"41420","Addison-North Main","2026-06-27T00:00:00.000","A","5343"
"41430","87th","2026-06-27T00:00:00.000","A","1804"
"41440","Addison-Brown","2026-06-27T00:00:00.000","A","981"
"41450","Chicago/State","2026-06-27T00:00:00.000","A","7466"
"41460","Irving Park-Brown","2026-06-27T00:00:00.000","A","1514"
"41480","Western-Brown","2026-06-27T00:00:00.000","A","1841"
"41490","Harrison","2026-06-27T00:00:00.000","A","2949"
"41500","Montrose-Brown","2026-06-27T00:00:00.000","A","1316"
"41510","Morgan-Lake","2026-06-27T00:00:00.000","A","4433"
"41660","Lake/State","2026-06-27T00:00:00.000","A","9762"
"41670","Conservatory","2026-06-27T00:00:00.000","A","477"
"41680","Oakton-Skokie","2026-06-27T00:00:00.000","A","299"
"41690","Cermak-McCormick Place","2026-06-27T00:00:00.000","A","2023"
"41700","Washington/Wabash","2026-06-27T00:00:00.000","A","8544"
"41710","Damen-Lake","2026-06-27T00:00:00.000","A","897"
"40010","Austin-Forest Park","2026-06-26T00:00:00.000","W","662"
"40020","Harlem-Lake","2026-06-26T00:00:00.000","W","2287"
"40030","Pulaski-Lake","2026-06-26T00:00:00.000","W","1000"
"40040","Quincy/Wells","2026-06-26T00:00:00.000","W","3567"
"40050","Davis","2026-06-26T00:00:00.000","W","2155"
"40060","Belmont-O'Hare","2026-06-26T00:00:00.000","W","3477"
"40070","Jackson/Dearborn","2026-06-26T00:00:00.000","W","4014"
"40080","Sheridan","2026-06-26T00:00:00.000","W","2535"
"40090","Damen-Brown","2026-06-26T00:00:00.000","W","1424"
"40100","Morse","2026-06-26T00:00:00.000","W","2816"
"40120","35th/Archer","2026-06-26T00:00:00.000","W","1751"
"40130","51st","2026-06-26T00:00:00.000","W","639"
"40140","Dempster-Skokie","2026-06-26T00:00:00.000","W","853"
"40150","Pulaski-Cermak","2026-06-26T00:00:00.000","W","724"
"40160","LaSalle/Van Buren","2026-06-26T00:00:00.000","W","1610"
"40170","Ashland-Lake","2026-06-26T00:00:00.000","W","1792"
"40180","Oak Park-Forest Park","2026-06-26T00:00:00.000","W","562"
"40190","Sox-35th-Dan Ryan","2026-06-26T00:00:00.000","W","8469"
"40210","Damen-Cermak","2026-06-26T00:00:00.000","W","1216"
"40220","Western-Forest Park","2026-06-26T00:00:00.000","W","621"
"40230","Cumberland","2026-06-26T00:00:00.000","W","2488"
"40240","79th","2026-06-26T00:00:00.000","W","3739"
"40250","Kedzie-Homan-Forest Park","2026-06-26T00:00:00.000","W","875"
"40260","State/Lake","2026-06-26T00:00:00.000","W","0"
"40270","Main","2026-06-26T00:00:00.000","W","713"
"40280","Central-Lake","2026-06-26T00:00:00.000","W","1242"
"40290","Ashland/63rd","2026-06-26T00:00:00.000","W","670"
"40300","Indiana","2026-06-26T00:00:00.000","W","667"
"40310","Western-Orange","2026-06-26T00:00:00.000","W","2324"
"40320","Division/Milwaukee","2026-06-26T00:00:00.000","W","4056"
"40330","Grand/State","2026-06-26T00:00:00.000","W","7904"
"40340","Berwyn","2026-06-26T00:00:00.000","W","1978"
"40350","UIC-Halsted","2026-06-26T00:00:00.000","W","2140"
"40360","Southport","2026-06-26T00:00:00.000","W","2138"
"40370","Washington/Dearborn","2026-06-26T00:00:00.000","W","8498"
"40380","Clark/Lake","2026-06-26T00:00:00.000","W","11630"
"40390","Forest Park","2026-06-26T00:00:00.000","W","1215"
"40400","Noyes","2026-06-26T00:00:00.000","W","604"
"40420","Cicero-Cermak","2026-06-26T00:00:00.000","W","774"
"40430","Clinton-Forest Park","2026-06-26T00:00:00.000","W","1910"
"40440","California-Cermak","2026-06-26T00:00:00.000","W","968"
"40450","95th/Dan Ryan","2026-06-26T00:00:00.000","W","5897"
"40460","Merchandise Mart","2026-06-26T00:00:00.000","W","3769"
"40470","Racine","2026-06-26T00:00:00.000","W","580"
"40480","Cicero-Lake","2026-06-26T00:00:00.000","W","782"
"40490","Grand/Milwaukee","2026-06-26T00:00:00.000","W","2972"
"40510","Garfield-South Elevated","2026-06-26T00:00:00.000","W","919"
"40520","Foster","2026-06-26T00:00:00.000","W","486"
"40530","Diversey","2026-06-26T00:00:00.000","W","2979"
"40540","Wilson","2026-06-26T00:00:00.000","W","4400"
"40550","Irving Park-O'Hare","2026-06-26T00:00:00.000","W","2746"
"40560","Jackson/State","2026-06-26T00:00:00.000","W","4007"
"40570","California/Milwaukee","2026-06-26T00:00:00.000","W","3454"
"40580","54th/Cermak","2026-06-26T00:00:00.000","W","1816"
"40590","Damen/Milwaukee","2026-06-26T00:00:00.000","W","4858"
"40600","Kostner","2026-06-26T00:00:00.000","W","240"
"40610","Ridgeland","2026-06-26T00:00:00.000","W","744"
"40630","Clark/Division","2026-06-26T00:00:00.000","W","5369"
"40650","North/Clybourn","2026-06-26T00:00:00.000","W","3632"
"40660","Armitage","2026-06-26T00:00:00.000","W","2941"
"40670","Western/Milwaukee","2026-06-26T00:00:00.000","W","3484"
"40680","Adams/Wabash","2026-06-26T00:00:00.000","W","4342"
"40690","Dempster","2026-06-26T00:00:00.000","W","611"
"40700","Laramie","2026-06-26T00:00:00.000","W","678"
"40710","Chicago/Franklin","2026-06-26T00:00:00.000","W","4332"
"40720","East 63rd-Cottage Grove","2026-06-26T00:00:00.000","W","752"
"40730","Washington/Wells","2026-06-26T00:00:00.000","W","3957"
"40740","Western-Cermak","2026-06-26T00:00:00.000","W","934"
"40750","Harlem-O'Hare","2026-06-26T00:00:00.000","W","1539"
"40760","Granville","2026-06-26T00:00:00.000","W","2202"
"40770","Lawrence","2026-06-26T00:00:00.000","W","2052"
"40780","Central Park","2026-06-26T00:00:00.000","W","792"
"40790","Monroe/Dearborn","2026-06-26T00:00:00.000","W","2948"
"40800","Sedgwick","2026-06-26T00:00:00.000","W","2559"
"40810","Medical Center","2026-06-26T00:00:00.000","W","1285"
"40820","Rosemont","2026-06-26T00:00:00.000","W","4212"
"40830","18th","2026-06-26T00:00:00.000","W","1354"
"40840","South Boulevard","2026-06-26T00:00:00.000","W","411"
"40850","Library","2026-06-26T00:00:00.000","W","2357"
"40870","Francisco","2026-06-26T00:00:00.000","W","922"
"40880","Thorndale","2026-06-26T00:00:00.000","W","1738"
"40890","O'Hare Airport","2026-06-26T00:00:00.000","W","12181"
"40900","Howard","2026-06-26T00:00:00.000","W","3337"
"40910","63rd-Dan Ryan","2026-06-26T00:00:00.000","W","1776"
"40920","Pulaski-Forest Park","2026-06-26T00:00:00.000","W","633"
"40930","Midway Airport","2026-06-26T00:00:00.000","W","5681"
"40940","Halsted/63rd","2026-06-26T00:00:00.000","W","335"
"40960","Pulaski-Orange","2026-06-26T00:00:00.000","W","2825"
"40970","Cicero-Forest Park","2026-06-26T00:00:00.000","W","555"
"40980","Harlem-Forest Park","2026-06-26T00:00:00.000","W","404"
"40990","69th","2026-06-26T00:00:00.000","W","2921"
"41000","Cermak-Chinatown","2026-06-26T00:00:00.000","W","6788"
"41010","Rockwell","2026-06-26T00:00:00.000","W","983"
"41020","Logan Square","2026-06-26T00:00:00.000","W","5228"
"41030","Polk","2026-06-26T00:00:00.000","W","2168"
"41040","Kedzie-Cermak","2026-06-26T00:00:00.000","W","818"
"41050","Linden","2026-06-26T00:00:00.000","W","598"
"41060","Ashland-Orange","2026-06-26T00:00:00.000","W","1153"
"41070","Kedzie-Lake","2026-06-26T00:00:00.000","W","715"
"41080","47th-South Elevated","2026-06-26T00:00:00.000","W","854"
"41090","Monroe/State","2026-06-26T00:00:00.000","W","3864"
"41120","35-Bronzeville-IIT","2026-06-26T00:00:00.000","W","1184"
"41130","Halsted-Orange","2026-06-26T00:00:00.000","W","1472"
"41140","King Drive","2026-06-26T00:00:00.000","W","282"
"41150","Kedzie-Midway","2026-06-26T00:00:00.000","W","2247"
"41160","Clinton-Lake","2026-06-26T00:00:00.000","W","2590"
"41170","Garfield-Dan Ryan","2026-06-26T00:00:00.000","W","2506"
"41180","Kedzie-Brown","2026-06-26T00:00:00.000","W","1437"
"41190","Jarvis","2026-06-26T00:00:00.000","W","1182"
"41200","Argyle","2026-06-26T00:00:00.000","W","2165"
"41210","Wellington","2026-06-26T00:00:00.000","W","1747"
"41220","Fullerton","2026-06-26T00:00:00.000","W","6385"
"41230","47th-Dan Ryan","2026-06-26T00:00:00.000","W","2108"
"41240","Addison-O'Hare","2026-06-26T00:00:00.000","W","1838"
"41250","Central-Evanston","2026-06-26T00:00:00.000","W","515"
"41260","Austin-Lake","2026-06-26T00:00:00.000","W","910"
"41270","43rd","2026-06-26T00:00:00.000","W","226"
"41280","Jefferson Park","2026-06-26T00:00:00.000","W","4468"
"41290","Kimball","2026-06-26T00:00:00.000","W","2405"
"41300","Loyola","2026-06-26T00:00:00.000","W","3060"
"41310","Paulina","2026-06-26T00:00:00.000","W","1550"
"41320","Belmont-North Main","2026-06-26T00:00:00.000","W","7681"
"41330","Montrose-O'Hare","2026-06-26T00:00:00.000","W","1558"
"41340","LaSalle","2026-06-26T00:00:00.000","W","1676"
"41350","Oak Park-Lake","2026-06-26T00:00:00.000","W","770"
"41360","California-Lake","2026-06-26T00:00:00.000","W","770"
"41380","Bryn Mawr","2026-06-26T00:00:00.000","W","2767"
"41400","Roosevelt","2026-06-26T00:00:00.000","W","8433"
"41410","Chicago/Milwaukee","2026-06-26T00:00:00.000","W","2042"
"41420","Addison-North Main","2026-06-26T00:00:00.000","W","4973"
"41430","87th","2026-06-26T00:00:00.000","W","2205"
"41440","Addison-Brown","2026-06-26T00:00:00.000","W","1094"
"41450","Chicago/State","2026-06-26T00:00:00.000","W","8213"
"41460","Irving Park-Brown","2026-06-26T00:00:00.000","W","1703"
"41480","Western-Brown","2026-06-26T00:00:00.000","W","1812"
"41490","Harrison","2026-06-26T00:00:00.000","W","2380"
"41500","Montrose-Brown","2026-06-26T00:00:00.000","W","1466"
"41510","Morgan-Lake","2026-06-26T00:00:00.000","W","4241"
"41660","Lake/State","2026-06-26T00:00:00.000","W","10984"
"41670","Conservatory","2026-06-26T00:00:00.000","W","618"
"41680","Oakton-Skokie","2026-06-26T00:00:00.000","W","429"
"41690","Cermak-McCormick Place","2026-06-26T00:00:00.000","W","2288"
"41700","Washington/Wabash","2026-06-26T00:00:00.000","W","10540"
"41710","Damen-Lake","2026-06-26T00:00:00.000","W","863"
"40010","Austin-Forest Park","2026-06-25T00:00:00.000","W","770"
"40020","Harlem-Lake","2026-06-25T00:00:00.000","W","2713"
"40030","Pulaski-Lake","2026-06-25T00:00:00.000","W","1121"
"40040","Quincy/Wells","2026-06-25T00:00:00.000","W","5894"
"40050","Davis","2026-06-25T00:00:00.000","W","2398"
"40060","Belmont-O'Hare","2026-06-25T00:00:00.000","W","4097"
"40070","Jackson/Dearborn","2026-06-25T00:00:00.000","W","4693"
"40080","Sheridan","2026-06-25T00:00:00.000","W","2757"
"40090","Damen-Brown","2026-06-25T00:00:00.000","W","1663"
"40100","Morse","2026-06-25T00:00:00.000","W","2865"
"40120","35th/Archer","2026-06-25T00:00:00.000","W","1937"
"40130","51st","2026-06-25T00:00:00.000","W","687"
"40140","Dempster-Skokie","2026-06-25T00:00:00.000","W","860"
"40150","Pulaski-Cermak","2026-06-25T00:00:00.000","W","731"
"40160","LaSalle/Van Buren","2026-06-25T00:00:00.000","W","2296"
"40170","Ashland-Lake","2026-06-25T00:00:00.000","W","2009"
"40180","Oak Park-Forest Park","2026-06-25T00:00:00.000","W","703"
"40190","Sox-35th-Dan Ryan","2026-06-25T00:00:00.000","W","2607"
"40210","Damen-Cermak","2026-06-25T00:00:00.000","W","1565"
"40220","Western-Forest Park","2026-06-25T00:00:00.000","W","687"
"40230","Cumberland","2026-06-25T00:00:00.000","W","2727"
"40240","79th","2026-06-25T00:00:00.000","W","3753"
"40250","Kedzie-Homan-Forest Park","2026-06-25T00:00:00.000","W","934"
"40260","State/Lake","2026-06-25T00:00:00.000","W","0"
"40270","Main","2026-06-25T00:00:00.000","W","741"
"40280","Central-Lake","2026-06-25T00:00:00.000","W","1295"
"40290","Ashland/63rd","2026-06-25T00:00:00.000","W","727"
"40300","Indiana","2026-06-25T00:00:00.000","W","805"
"40310","Western-Orange","2026-06-25T00:00:00.000","W","2517"
"40320","Division/Milwaukee","2026-06-25T00:00:00.000","W","4566"
"40330","Grand/State","2026-06-25T00:00:00.000","W","7262"
"40340","Berwyn","2026-06-25T00:00:00.000","W","1990"
"40350","UIC-Halsted","2026-06-25T00:00:00.000","W","2472"
"40360","Southport","2026-06-25T00:00:00.000","W","2630"
"40370","Washington/Dearborn","2026-06-25T00:00:00.000","W","9793"
"40380","Clark/Lake","2026-06-25T00:00:00.000","W","15788"
"40390","Forest Park","2026-06-25T00:00:00.000","W","1275"
"40400","Noyes","2026-06-25T00:00:00.000","W","697"
"40420","Cicero-Cermak","2026-06-25T00:00:00.000","W","773"
"40430","Clinton-Forest Park","2026-06-25T00:00:00.000","W","2524"
"40440","California-Cermak","2026-06-25T00:00:00.000","W","1166"
"40450","95th/Dan Ryan","2026-06-25T00:00:00.000","W","6491"
"40460","Merchandise Mart","2026-06-25T00:00:00.000","W","6574"
"40470","Racine","2026-06-25T00:00:00.000","W","687"
"40480","Cicero-Lake","2026-06-25T00:00:00.000","W","825"
"40490","Grand/Milwaukee","2026-06-25T00:00:00.000","W","3613"
"40510","Garfield-South Elevated","2026-06-25T00:00:00.000","W","1052"
"40520","Foster","2026-06-25T00:00:00.000","W","506"
"40530","Diversey","2026-06-25T00:00:00.000","W","3845"
"40540","Wilson","2026-06-25T00:00:00.000","W","4820"
"40550","Irving Park-O'Hare","2026-06-25T00:00:00.000","W","2992"
"40560","Jackson/State","2026-06-25T00:00:00.000","W","4078"
"40570","California/Milwaukee","2026-06-25T00:00:00.000","W","4081"
"40580","54th/Cermak","2026-06-25T00:00:00.000","W","1861"
"40590","Damen/Milwaukee","2026-06-25T00:00:00.000","W","5053"
"40600","Kostner","2026-06-25T00:00:00.000","W","318"
"40610","Ridgeland","2026-06-25T00:00:00.000","W","947"
"40630","Clark/Division","2026-06-25T00:00:00.000","W","5778"
"40650","North/Clybourn","2026-06-25T00:00:00.000","W","3837"
"40660","Armitage","2026-06-25T00:00:00.000","W","3394"
"40670","Western/Milwaukee","2026-06-25T00:00:00.000","W","4156"
"40680","Adams/Wabash","2026-06-25T00:00:00.000","W","4823"
"40690","Dempster","2026-06-25T00:00:00.000","W","641"
"40700","Laramie","2026-06-25T00:00:00.000","W","794"
"40710","Chicago/Franklin","2026-06-25T00:00:00.000","W","5020"
"40720","East 63rd-Cottage Grove","2026-06-25T00:00:00.000","W","828"
"40730","Washington/Wells","2026-06-25T00:00:00.000","W","6468"
"40740","Western-Cermak","2026-06-25T00:00:00.000","W","982"
"40750","Harlem-O'Hare","2026-06-25T00:00:00.000","W","1726"
"40760","Granville","2026-06-25T00:00:00.000","W","2255"
"40770","Lawrence","2026-06-25T00:00:00.000","W","1914"
"40780","Central Park","2026-06-25T00:00:00.000","W","827"
"40790","Monroe/Dearborn","2026-06-25T00:00:00.000","W","4130"
"40800","Sedgwick","2026-06-25T00:00:00.000","W","3358"
"40810","Medical Center","2026-06-25T00:00:00.000","W","1518"
"40820","Rosemont","2026-06-25T00:00:00.000","W","4631"
"40830","18th","2026-06-25T00:00:00.000","W","1518"
"40840","South Boulevard","2026-06-25T00:00:00.000","W","482"
"40850","Library","2026-06-25T00:00:00.000","W","2620"
"40870","Francisco","2026-06-25T00:00:00.000","W","1025"
"40880","Thorndale","2026-06-25T00:00:00.000","W","1741"
"40890","O'Hare Airport","2026-06-25T00:00:00.000","W","12879"
"40900","Howard","2026-06-25T00:00:00.000","W","3660"
"40910","63rd-Dan Ryan","2026-06-25T00:00:00.000","W","1936"
"40920","Pulaski-Forest Park","2026-06-25T00:00:00.000","W","643"
"40930","Midway Airport","2026-06-25T00:00:00.000","W","6227"
"40940","Halsted/63rd","2026-06-25T00:00:00.000","W","406"
"40960","Pulaski-Orange","2026-06-25T00:00:00.000","W","3223"
"40970","Cicero-Forest Park","2026-06-25T00:00:00.000","W","563"
"40980","Harlem-Forest Park","2026-06-25T00:00:00.000","W","472"
"40990","69th","2026-06-25T00:00:00.000","W","2884"
"41000","Cermak-Chinatown","2026-06-25T00:00:00.000","W","5566"
"41010","Rockwell","2026-06-25T00:00:00.000","W","1203"
"41020","Logan Square","2026-06-25T00:00:00.000","W","5540"
"41030","Polk","2026-06-25T00:00:00.000","W","2434"
"41040","Kedzie-Cermak","2026-06-25T00:00:00.000","W","870"
"41050","Linden","2026-06-25T00:00:00.000","W","609"
"41060","Ashland-Orange","2026-06-25T00:00:00.000","W","1222"
"41070","Kedzie-Lake","2026-06-25T00:00:00.000","W","800"
"41080","47th-South Elevated","2026-06-25T00:00:00.000","W","943"
"41090","Monroe/State","2026-06-25T00:00:00.000","W","4262"
"41120","35-Bronzeville-IIT","2026-06-25T00:00:00.000","W","1090"
"41130","Halsted-Orange","2026-06-25T00:00:00.000","W","1719"
"41140","King Drive","2026-06-25T00:00:00.000","W","354"
"41150","Kedzie-Midway","2026-06-25T00:00:00.000","W","2362"
"41160","Clinton-Lake","2026-06-25T00:00:00.000","W","3400"
"41170","Garfield-Dan Ryan","2026-06-25T00:00:00.000","W","2447"
"41180","Kedzie-Brown","2026-06-25T00:00:00.000","W","1496"
"41190","Jarvis","2026-06-25T00:00:00.000","W","1213"
"41200","Argyle","2026-06-25T00:00:00.000","W","2184"
"41210","Wellington","2026-06-25T00:00:00.000","W","2348"
"41220","Fullerton","2026-06-25T00:00:00.000","W","6970"
"41230","47th-Dan Ryan","2026-06-25T00:00:00.000","W","2084"
"41240","Addison-O'Hare","2026-06-25T00:00:00.000","W","2117"
"41250","Central-Evanston","2026-06-25T00:00:00.000","W","564"
"41260","Austin-Lake","2026-06-25T00:00:00.000","W","1034"
"41270","43rd","2026-06-25T00:00:00.000","W","260"
"41280","Jefferson Park","2026-06-25T00:00:00.000","W","4932"
"41290","Kimball","2026-06-25T00:00:00.000","W","2470"
"41300","Loyola","2026-06-25T00:00:00.000","W","3088"
"41310","Paulina","2026-06-25T00:00:00.000","W","1986"
"41320","Belmont-North Main","2026-06-25T00:00:00.000","W","8133"
"41330","Montrose-O'Hare","2026-06-25T00:00:00.000","W","1839"
"41340","LaSalle","2026-06-25T00:00:00.000","W","1817"
"41350","Oak Park-Lake","2026-06-25T00:00:00.000","W","957"
"41360","California-Lake","2026-06-25T00:00:00.000","W","850"
"41380","Bryn Mawr","2026-06-25T00:00:00.000","W","2886"
"41400","Roosevelt","2026-06-25T00:00:00.000","W","8265"
"41410","Chicago/Milwaukee","2026-06-25T00:00:00.000","W","2323"
"41420","Addison-North Main","2026-06-25T00:00:00.000","W","4718"
"41430","87th","2026-06-25T00:00:00.000","W","2222"
"41440","Addison-Brown","2026-06-25T00:00:00.000","W","1376"
"41450","Chicago/State","2026-06-25T00:00:00.000","W","8233"
"41460","Irving Park-Brown","2026-06-25T00:00:00.000","W","1936"
"41480","Western-Brown","2026-06-25T00:00:00.000","W","2063"
"41490","Harrison","2026-06-25T00:00:00.000","W","2250"
"41500","Montrose-Brown","2026-06-25T00:00:00.000","W","1764"
"41510","Morgan-Lake","2026-06-25T00:00:00.000","W","5321"
"41660","Lake/State","2026-06-25T00:00:00.000","W","11618"
"41670","Conservatory","2026-06-25T00:00:00.000","W","634"
"41680","Oakton-Skokie","2026-06-25T00:00:00.000","W","553"
"41690","Cermak-McCormick Place","2026-06-25T00:00:00.000","W","2111"
"41700","Washington/Wabash","2026-06-25T00:00:00.000","W","12223"
"41710","Damen-Lake","2026-06-25T00:00:00.000","W","955"
"41710","Damen-Lake","2026-06-24T00:00:00.000","W","925"
"41700","Washington/Wabash","2026-06-24T00:00:00.000","W","11106"
"41690","Cermak-McCormick Place","2026-06-24T00:00:00.000","W","2304"
"41680","Oakton-Skokie","2026-06-24T00:00:00.000","W","502"
"41670","Conservatory","2026-06-24T00:00:00.000","W","744"
"41660","Lake/State","2026-06-24T00:00:00.000","W","11581"
"41510","Morgan-Lake","2026-06-24T00:00:00.000","W","4930"
"41500","Montrose-Brown","2026-06-24T00:00:00.000","W","1657"
"41490","Harrison","2026-06-24T00:00:00.000","W","2273"
"41480","Western-Brown","2026-06-24T00:00:00.000","W","1930"
"41460","Irving Park-Brown","2026-06-24T00:00:00.000","W","1916"
"41450","Chicago/State","2026-06-24T00:00:00.000","W","7957"
"41440","Addison-Brown","2026-06-24T00:00:00.000","W","1365"
"41430","87th","2026-06-24T00:00:00.000","W","2111"
"41420","Addison-North Main","2026-06-24T00:00:00.000","W","4619"
"41410","Chicago/Milwaukee","2026-06-24T00:00:00.000","W","2146"
"41400","Roosevelt","2026-06-24T00:00:00.000","W","7283"
"41380","Bryn Mawr","2026-06-24T00:00:00.000","W","2737"
"41360","California-Lake","2026-06-24T00:00:00.000","W","857"
"41350","Oak Park-Lake","2026-06-24T00:00:00.000","W","816"
"41340","LaSalle","2026-06-24T00:00:00.000","W","1654"
"41330","Montrose-O'Hare","2026-06-24T00:00:00.000","W","1813"
"41320","Belmont-North Main","2026-06-24T00:00:00.000","W","7927"
"41310","Paulina","2026-06-24T00:00:00.000","W","1892"
"41300","Loyola","2026-06-24T00:00:00.000","W","2809"
"41290","Kimball","2026-06-24T00:00:00.000","W","2467"
"40010","Austin-Forest Park","2026-06-24T00:00:00.000","W","714"
"40020","Harlem-Lake","2026-06-24T00:00:00.000","W","2497"
"40030","Pulaski-Lake","2026-06-24T00:00:00.000","W","1024"
"40040","Quincy/Wells","2026-06-24T00:00:00.000","W","5958"
"40050","Davis","2026-06-24T00:00:00.000","W","2210"
"40060","Belmont-O'Hare","2026-06-24T00:00:00.000","W","3863"
"40070","Jackson/Dearborn","2026-06-24T00:00:00.000","W","4691"
"40080","Sheridan","2026-06-24T00:00:00.000","W","2804"
"40090","Damen-Brown","2026-06-24T00:00:00.000","W","1655"
"40100","Morse","2026-06-24T00:00:00.000","W","2681"
"40120","35th/Archer","2026-06-24T00:00:00.000","W","1850"
"40130","51st","2026-06-24T00:00:00.000","W","645"
"40140","Dempster-Skokie","2026-06-24T00:00:00.000","W","759"
"40150","Pulaski-Cermak","2026-06-24T00:00:00.000","W","707"
"40160","LaSalle/Van Buren","2026-06-24T00:00:00.000","W","2306"
"40170","Ashland-Lake","2026-06-24T00:00:00.000","W","1949"
"40180","Oak Park-Forest Park","2026-06-24T00:00:00.000","W","672"
"40190","Sox-35th-Dan Ryan","2026-06-24T00:00:00.000","W","5708"
"40210","Damen-Cermak","2026-06-24T00:00:00.000","W","1298"
"40220","Western-Forest Park","2026-06-24T00:00:00.000","W","634"
"40230","Cumberland","2026-06-24T00:00:00.000","W","2685"
"40240","79th","2026-06-24T00:00:00.000","W","3566"
"40250","Kedzie-Homan-Forest Park","2026-06-24T00:00:00.000","W","950"
"40260","State/Lake","2026-06-24T00:00:00.000","W","0"
"40270","Main","2026-06-24T00:00:00.000","W","643"
"40280","Central-Lake","2026-06-24T00:00:00.000","W","1177"
"40290","Ashland/63rd","2026-06-24T00:00:00.000","W","722"
"40300","Indiana","2026-06-24T00:00:00.000","W","754"
"40310","Western-Orange","2026-06-24T00:00:00.000","W","2474"
"40320","Division/Milwaukee","2026-06-24T00:00:00.000","W","4299"
"40330","Grand/State","2026-06-24T00:00:00.000","W","6902"
"40340","Berwyn","2026-06-24T00:00:00.000","W","1779"
"40350","UIC-Halsted","2026-06-24T00:00:00.000","W","2365"
"40360","Southport","2026-06-24T00:00:00.000","W","2478"
"40370","Washington/Dearborn","2026-06-24T00:00:00.000","W","9263"
"40380","Clark/Lake","2026-06-24T00:00:00.000","W","15407"
"40390","Forest Park","2026-06-24T00:00:00.000","W","1267"
"40400","Noyes","2026-06-24T00:00:00.000","W","599"
"40420","Cicero-Cermak","2026-06-24T00:00:00.000","W","721"
"40430","Clinton-Forest Park","2026-06-24T00:00:00.000","W","2623"
"40440","California-Cermak","2026-06-24T00:00:00.000","W","1001"
"40450","95th/Dan Ryan","2026-06-24T00:00:00.000","W","6137"
"40460","Merchandise Mart","2026-06-24T00:00:00.000","W","6521"
"40470","Racine","2026-06-24T00:00:00.000","W","646"
"40480","Cicero-Lake","2026-06-24T00:00:00.000","W","753"
"40490","Grand/Milwaukee","2026-06-24T00:00:00.000","W","3322"
"40510","Garfield-South Elevated","2026-06-24T00:00:00.000","W","995"
"40520","Foster","2026-06-24T00:00:00.000","W","477"
"40530","Diversey","2026-06-24T00:00:00.000","W","3589"
"40540","Wilson","2026-06-24T00:00:00.000","W","4642"
"40550","Irving Park-O'Hare","2026-06-24T00:00:00.000","W","3025"
"40560","Jackson/State","2026-06-24T00:00:00.000","W","4571"
"40570","California/Milwaukee","2026-06-24T00:00:00.000","W","3807"
"40580","54th/Cermak","2026-06-24T00:00:00.000","W","1852"
"40590","Damen/Milwaukee","2026-06-24T00:00:00.000","W","4706"
"40600","Kostner","2026-06-24T00:00:00.000","W","282"
"40610","Ridgeland","2026-06-24T00:00:00.000","W","914"
"40630","Clark/Division","2026-06-24T00:00:00.000","W","5464"
"40650","North/Clybourn","2026-06-24T00:00:00.000","W","3659"
"40660","Armitage","2026-06-24T00:00:00.000","W","2975"
"40670","Western/Milwaukee","2026-06-24T00:00:00.000","W","4009"
"40680","Adams/Wabash","2026-06-24T00:00:00.000","W","4548"
"40690","Dempster","2026-06-24T00:00:00.000","W","543"
"40700","Laramie","2026-06-24T00:00:00.000","W","682"
"40710","Chicago/Franklin","2026-06-24T00:00:00.000","W","4770"
"40720","East 63rd-Cottage Grove","2026-06-24T00:00:00.000","W","845"
"40730","Washington/Wells","2026-06-24T00:00:00.000","W","6486"
"40740","Western-Cermak","2026-06-24T00:00:00.000","W","953"
"40750","Harlem-O'Hare","2026-06-24T00:00:00.000","W","1575"
"40760","Granville","2026-06-24T00:00:00.000","W","2100"
"40770","Lawrence","2026-06-24T00:00:00.000","W","1965"
"40780","Central Park","2026-06-24T00:00:00.000","W","780"
"40790","Monroe/Dearborn","2026-06-24T00:00:00.000","W","4173"
"40800","Sedgwick","2026-06-24T00:00:00.000","W","2881"
"40810","Medical Center","2026-06-24T00:00:00.000","W","1497"
"40820","Rosemont","2026-06-24T00:00:00.000","W","4394"
"40830","18th","2026-06-24T00:00:00.000","W","1443"
"40840","South Boulevard","2026-06-24T00:00:00.000","W","470"
"40850","Library","2026-06-24T00:00:00.000","W","2468"
"40870","Francisco","2026-06-24T00:00:00.000","W","995"
"40880","Thorndale","2026-06-24T00:00:00.000","W","1660"
"40890","O'Hare Airport","2026-06-24T00:00:00.000","W","9823"
"40900","Howard","2026-06-24T00:00:00.000","W","3485"
"40910","63rd-Dan Ryan","2026-06-24T00:00:00.000","W","1819"
"40920","Pulaski-Forest Park","2026-06-24T00:00:00.000","W","589"
"40930","Midway Airport","2026-06-24T00:00:00.000","W","5382"
"40940","Halsted/63rd","2026-06-24T00:00:00.000","W","407"
"40960","Pulaski-Orange","2026-06-24T00:00:00.000","W","3063"
"40970","Cicero-Forest Park","2026-06-24T00:00:00.000","W","573"
"40980","Harlem-Forest Park","2026-06-24T00:00:00.000","W","455"
"40990","69th","2026-06-24T00:00:00.000","W","2832"
"41000","Cermak-Chinatown","2026-06-24T00:00:00.000","W","5080"
"41010","Rockwell","2026-06-24T00:00:00.000","W","1176"
"41020","Logan Square","2026-06-24T00:00:00.000","W","5347"
"41030","Polk","2026-06-24T00:00:00.000","W","2441"
"41040","Kedzie-Cermak","2026-06-24T00:00:00.000","W","751"
"41050","Linden","2026-06-24T00:00:00.000","W","569"
"41060","Ashland-Orange","2026-06-24T00:00:00.000","W","1168"
"41070","Kedzie-Lake","2026-06-24T00:00:00.000","W","761"
"41080","47th-South Elevated","2026-06-24T00:00:00.000","W","874"
"41090","Monroe/State","2026-06-24T00:00:00.000","W","4839"
"41120","35-Bronzeville-IIT","2026-06-24T00:00:00.000","W","1084"
"41130","Halsted-Orange","2026-06-24T00:00:00.000","W","1526"
"41140","King Drive","2026-06-24T00:00:00.000","W","326"
"41150","Kedzie-Midway","2026-06-24T00:00:00.000","W","2251"
"41160","Clinton-Lake","2026-06-24T00:00:00.000","W","3416"
"41170","Garfield-Dan Ryan","2026-06-24T00:00:00.000","W","2244"
"41180","Kedzie-Brown","2026-06-24T00:00:00.000","W","1460"
"41190","Jarvis","2026-06-24T00:00:00.000","W","1102"
"41200","Argyle","2026-06-24T00:00:00.000","W","2088"
"41210","Wellington","2026-06-24T00:00:00.000","W","2324"
"41220","Fullerton","2026-06-24T00:00:00.000","W","6670"
"41230","47th-Dan Ryan","2026-06-24T00:00:00.000","W","2023"
"41240","Addison-O'Hare","2026-06-24T00:00:00.000","W","1985"
"41250","Central-Evanston","2026-06-24T00:00:00.000","W","592"
"41260","Austin-Lake","2026-06-24T00:00:00.000","W","956"
"41270","43rd","2026-06-24T00:00:00.000","W","268"
"41280","Jefferson Park","2026-06-24T00:00:00.000","W","4767"
"41710","Damen-Lake","2026-06-23T00:00:00.000","W","1392"
"41700","Washington/Wabash","2026-06-23T00:00:00.000","W","11950"
"41690","Cermak-McCormick Place","2026-06-23T00:00:00.000","W","2228"
"41680","Oakton-Skokie","2026-06-23T00:00:00.000","W","531"
"41670","Conservatory","2026-06-23T00:00:00.000","W","511"
"41660","Lake/State","2026-06-23T00:00:00.000","W","12219"
"41510","Morgan-Lake","2026-06-23T00:00:00.000","W","5114"
"41500","Montrose-Brown","2026-06-23T00:00:00.000","W","1715"
"41490","Harrison","2026-06-23T00:00:00.000","W","2430"
"41480","Western-Brown","2026-06-23T00:00:00.000","W","2112"
"41460","Irving Park-Brown","2026-06-23T00:00:00.000","W","1975"
"41450","Chicago/State","2026-06-23T00:00:00.000","W","8545"
"41440","Addison-Brown","2026-06-23T00:00:00.000","W","1484"
"41430","87th","2026-06-23T00:00:00.000","W","2237"
"41420","Addison-North Main","2026-06-23T00:00:00.000","W","4925"
"41410","Chicago/Milwaukee","2026-06-23T00:00:00.000","W","2180"
"41400","Roosevelt","2026-06-23T00:00:00.000","W","7852"
"41380","Bryn Mawr","2026-06-23T00:00:00.000","W","2935"
"41360","California-Lake","2026-06-23T00:00:00.000","W","913"
"41350","Oak Park-Lake","2026-06-23T00:00:00.000","W","963"
"41340","LaSalle","2026-06-23T00:00:00.000","W","1554"
"41330","Montrose-O'Hare","2026-06-23T00:00:00.000","W","1866"
"41320","Belmont-North Main","2026-06-23T00:00:00.000","W","8179"
"41310","Paulina","2026-06-23T00:00:00.000","W","2124"
"41300","Loyola","2026-06-23T00:00:00.000","W","3031"
"41290","Kimball","2026-06-23T00:00:00.000","W","2450"
"40010","Austin-Forest Park","2026-06-23T00:00:00.000","W","811"
"40020","Harlem-Lake","2026-06-23T00:00:00.000","W","2644"
"40030","Pulaski-Lake","2026-06-23T00:00:00.000","W","1127"
"40040","Quincy/Wells","2026-06-23T00:00:00.000","W","6841"
"40050","Davis","2026-06-23T00:00:00.000","W","2321"
"40060","Belmont-O'Hare","2026-06-23T00:00:00.000","W","3943"
"40070","Jackson/Dearborn","2026-06-23T00:00:00.000","W","4469"
"40080","Sheridan","2026-06-23T00:00:00.000","W","2914"
"40090","Damen-Brown","2026-06-23T00:00:00.000","W","1774"
"40100","Morse","2026-06-23T00:00:00.000","W","2836"
"40120","35th/Archer","2026-06-23T00:00:00.000","W","1968"
"40130","51st","2026-06-23T00:00:00.000","W","690"
"40140","Dempster-Skokie","2026-06-23T00:00:00.000","W","853"
"40150","Pulaski-Cermak","2026-06-23T00:00:00.000","W","916"
"40160","LaSalle/Van Buren","2026-06-23T00:00:00.000","W","2377"
"40170","Ashland-Lake","2026-06-23T00:00:00.000","W","2299"
"40180","Oak Park-Forest Park","2026-06-23T00:00:00.000","W","574"
"40190","Sox-35th-Dan Ryan","2026-06-23T00:00:00.000","W","7641"
"40210","Damen-Cermak","2026-06-23T00:00:00.000","W","1308"
"40220","Western-Forest Park","2026-06-23T00:00:00.000","W","650"
"40230","Cumberland","2026-06-23T00:00:00.000","W","2742"
"40240","79th","2026-06-23T00:00:00.000","W","3979"
"40250","Kedzie-Homan-Forest Park","2026-06-23T00:00:00.000","W","934"
"40260","State/Lake","2026-06-23T00:00:00.000","W","0"
"40270","Main","2026-06-23T00:00:00.000","W","687"
"40280","Central-Lake","2026-06-23T00:00:00.000","W","1399"
"40290","Ashland/63rd","2026-06-23T00:00:00.000","W","735"
"40300","Indiana","2026-06-23T00:00:00.000","W","779"
"40310","Western-Orange","2026-06-23T00:00:00.000","W","2578"
"40320","Division/Milwaukee","2026-06-23T00:00:00.000","W","4517"
"40330","Grand/State","2026-06-23T00:00:00.000","W","7369"
"40340","Berwyn","2026-06-23T00:00:00.000","W","2002"
"40350","UIC-Halsted","2026-06-23T00:00:00.000","W","2521"
"40360","Southport","2026-06-23T00:00:00.000","W","2676"
"40370","Washington/Dearborn","2026-06-23T00:00:00.000","W","9802"
"40380","Clark/Lake","2026-06-23T00:00:00.000","W","15947"
"40390","Forest Park","2026-06-23T00:00:00.000","W","1343"
"40400","Noyes","2026-06-23T00:00:00.000","W","642"
"40420","Cicero-Cermak","2026-06-23T00:00:00.000","W","783"
"40430","Clinton-Forest Park","2026-06-23T00:00:00.000","W","2632"
"40440","California-Cermak","2026-06-23T00:00:00.000","W","1114"
"40450","95th/Dan Ryan","2026-06-23T00:00:00.000","W","6295"
"40460","Merchandise Mart","2026-06-23T00:00:00.000","W","6805"
"40470","Racine","2026-06-23T00:00:00.000","W","708"
"40480","Cicero-Lake","2026-06-23T00:00:00.000","W","815"
"40490","Grand/Milwaukee","2026-06-23T00:00:00.000","W","3367"
"40510","Garfield-South Elevated","2026-06-23T00:00:00.000","W","985"
"40520","Foster","2026-06-23T00:00:00.000","W","510"
"40530","Diversey","2026-06-23T00:00:00.000","W","3920"
"40540","Wilson","2026-06-23T00:00:00.000","W","4947"
"40550","Irving Park-O'Hare","2026-06-23T00:00:00.000","W","2970"
"40560","Jackson/State","2026-06-23T00:00:00.000","W","4476"
"40570","California/Milwaukee","2026-06-23T00:00:00.000","W","4090"
"40580","54th/Cermak","2026-06-23T00:00:00.000","W","2021"
"40590","Damen/Milwaukee","2026-06-23T00:00:00.000","W","5028"
"40600","Kostner","2026-06-23T00:00:00.000","W","313"
"40610","Ridgeland","2026-06-23T00:00:00.000","W","1028"
"40630","Clark/Division","2026-06-23T00:00:00.000","W","5828"
"40650","North/Clybourn","2026-06-23T00:00:00.000","W","3611"
"40660","Armitage","2026-06-23T00:00:00.000","W","3234"
"40670","Western/Milwaukee","2026-06-23T00:00:00.000","W","4014"
"40680","Adams/Wabash","2026-06-23T00:00:00.000","W","4513"
"40690","Dempster","2026-06-23T00:00:00.000","W","576"
"40700","Laramie","2026-06-23T00:00:00.000","W","718"
"40710","Chicago/Franklin","2026-06-23T00:00:00.000","W","4992"
"40720","East 63rd-Cottage Grove","2026-06-23T00:00:00.000","W","830"
"40730","Washington/Wells","2026-06-23T00:00:00.000","W","7090"
"40740","Western-Cermak","2026-06-23T00:00:00.000","W","885"
"40750","Harlem-O'Hare","2026-06-23T00:00:00.000","W","1676"
"40760","Granville","2026-06-23T00:00:00.000","W","2158"
"40770","Lawrence","2026-06-23T00:00:00.000","W","2050"
"40780","Central Park","2026-06-23T00:00:00.000","W","824"
"40790","Monroe/Dearborn","2026-06-23T00:00:00.000","W","4357"
"40800","Sedgwick","2026-06-23T00:00:00.000","W","3082"
"40810","Medical Center","2026-06-23T00:00:00.000","W","1788"
"40820","Rosemont","2026-06-23T00:00:00.000","W","4484"
"40830","18th","2026-06-23T00:00:00.000","W","1435"
"40840","South Boulevard","2026-06-23T00:00:00.000","W","475"
"40850","Library","2026-06-23T00:00:00.000","W","2534"
"40870","Francisco","2026-06-23T00:00:00.000","W","1095"
"40880","Thorndale","2026-06-23T00:00:00.000","W","1758"
"40890","O'Hare Airport","2026-06-23T00:00:00.000","W","10718"
"40900","Howard","2026-06-23T00:00:00.000","W","3489"
"40910","63rd-Dan Ryan","2026-06-23T00:00:00.000","W","1933"
"40920","Pulaski-Forest Park","2026-06-23T00:00:00.000","W","579"
"40930","Midway Airport","2026-06-23T00:00:00.000","W","5713"
"40940","Halsted/63rd","2026-06-23T00:00:00.000","W","457"
"40960","Pulaski-Orange","2026-06-23T00:00:00.000","W","3247"
"40970","Cicero-Forest Park","2026-06-23T00:00:00.000","W","634"
"40980","Harlem-Forest Park","2026-06-23T00:00:00.000","W","472"
"40990","69th","2026-06-23T00:00:00.000","W","3026"
"41000","Cermak-Chinatown","2026-06-23T00:00:00.000","W","5831"
"41010","Rockwell","2026-06-23T00:00:00.000","W","1283"
"41020","Logan Square","2026-06-23T00:00:00.000","W","5357"
"41030","Polk","2026-06-23T00:00:00.000","W","2530"
"41040","Kedzie-Cermak","2026-06-23T00:00:00.000","W","790"
"41050","Linden","2026-06-23T00:00:00.000","W","657"
"41060","Ashland-Orange","2026-06-23T00:00:00.000","W","1270"
"41070","Kedzie-Lake","2026-06-23T00:00:00.000","W","748"
"41080","47th-South Elevated","2026-06-23T00:00:00.000","W","869"
"41090","Monroe/State","2026-06-23T00:00:00.000","W","4889"
"41120","35-Bronzeville-IIT","2026-06-23T00:00:00.000","W","1747"
"41130","Halsted-Orange","2026-06-23T00:00:00.000","W","1683"
"41140","King Drive","2026-06-23T00:00:00.000","W","333"
"41150","Kedzie-Midway","2026-06-23T00:00:00.000","W","2340"
"41160","Clinton-Lake","2026-06-23T00:00:00.000","W","3486"
"41170","Garfield-Dan Ryan","2026-06-23T00:00:00.000","W","2395"
"41180","Kedzie-Brown","2026-06-23T00:00:00.000","W","1506"
"41190","Jarvis","2026-06-23T00:00:00.000","W","1151"
"41200","Argyle","2026-06-23T00:00:00.000","W","2106"
"41210","Wellington","2026-06-23T00:00:00.000","W","2367"
"41220","Fullerton","2026-06-23T00:00:00.000","W","7196"
"41230","47th-Dan Ryan","2026-06-23T00:00:00.000","W","2185"
"41240","Addison-O'Hare","2026-06-23T00:00:00.000","W","2129"
"41250","Central-Evanston","2026-06-23T00:00:00.000","W","560"
"41260","Austin-Lake","2026-06-23T00:00:00.000","W","1090"
"41270","43rd","2026-06-23T00:00:00.000","W","278"
"41280","Jefferson Park","2026-06-23T00:00:00.000","W","4936"
"41710","Damen-Lake","2026-06-22T00:00:00.000","W","839"
"41700","Washington/Wabash","2026-06-22T00:00:00.000","W","10564"
"41690","Cermak-McCormick Place","2026-06-22T00:00:00.000","W","1846"
"41680","Oakton-Skokie","2026-06-22T00:00:00.000","W","459"
"41670","Conservatory","2026-06-22T00:00:00.000","W","515"
"41660","Lake/State","2026-06-22T00:00:00.000","W","10104"
"41510","Morgan-Lake","2026-06-22T00:00:00.000","W","3873"
"41500","Montrose-Brown","2026-06-22T00:00:00.000","W","1426"
"41490","Harrison","2026-06-22T00:00:00.000","W","2185"
"41480","Western-Brown","2026-06-22T00:00:00.000","W","1731"
"41460","Irving Park-Brown","2026-06-22T00:00:00.000","W","1616"
"41450","Chicago/State","2026-06-22T00:00:00.000","W","7427"
"41440","Addison-Brown","2026-06-22T00:00:00.000","W","1170"
"41430","87th","2026-06-22T00:00:00.000","W","1997"
"41420","Addison-North Main","2026-06-22T00:00:00.000","W","4182"
"41410","Chicago/Milwaukee","2026-06-22T00:00:00.000","W","1906"
"41400","Roosevelt","2026-06-22T00:00:00.000","W","6967"
"41380","Bryn Mawr","2026-06-22T00:00:00.000","W","2685"
"41360","California-Lake","2026-06-22T00:00:00.000","W","810"
"41350","Oak Park-Lake","2026-06-22T00:00:00.000","W","737"
"41340","LaSalle","2026-06-22T00:00:00.000","W","1436"
"41330","Montrose-O'Hare","2026-06-22T00:00:00.000","W","1688"
"41320","Belmont-North Main","2026-06-22T00:00:00.000","W","6835"
"41310","Paulina","2026-06-22T00:00:00.000","W","1636"
"41300","Loyola","2026-06-22T00:00:00.000","W","2705"
"41290","Kimball","2026-06-22T00:00:00.000","W","2243"
"40010","Austin-Forest Park","2026-06-22T00:00:00.000","W","694"
"40020","Harlem-Lake","2026-06-22T00:00:00.000","W","2169"
"40030","Pulaski-Lake","2026-06-22T00:00:00.000","W","993"
"40040","Quincy/Wells","2026-06-22T00:00:00.000","W","5052"
"40050","Davis","2026-06-22T00:00:00.000","W","2015"
"40060","Belmont-O'Hare","2026-06-22T00:00:00.000","W","3375"
"40070","Jackson/Dearborn","2026-06-22T00:00:00.000","W","3933"
"40080","Sheridan","2026-06-22T00:00:00.000","W","2370"
"40090","Damen-Brown","2026-06-22T00:00:00.000","W","1404"
"40100","Morse","2026-06-22T00:00:00.000","W","2554"
"40120","35th/Archer","2026-06-22T00:00:00.000","W","1669"
"40130","51st","2026-06-22T00:00:00.000","W","596"
"40140","Dempster-Skokie","2026-06-22T00:00:00.000","W","822"
"40150","Pulaski-Cermak","2026-06-22T00:00:00.000","W","636"
"40160","LaSalle/Van Buren","2026-06-22T00:00:00.000","W","1890"
"40170","Ashland-Lake","2026-06-22T00:00:00.000","W","1620"
"40180","Oak Park-Forest Park","2026-06-22T00:00:00.000","W","569"
"40190","Sox-35th-Dan Ryan","2026-06-22T00:00:00.000","W","6271"
"40210","Damen-Cermak","2026-06-22T00:00:00.000","W","1123"
"40220","Western-Forest Park","2026-06-22T00:00:00.000","W","616"
"40230","Cumberland","2026-06-22T00:00:00.000","W","2328"
"40240","79th","2026-06-22T00:00:00.000","W","3633"
"40250","Kedzie-Homan-Forest Park","2026-06-22T00:00:00.000","W","841"
"40260","State/Lake","2026-06-22T00:00:00.000","W","0"
"40270","Main","2026-06-22T00:00:00.000","W","578"
"40280","Central-Lake","2026-06-22T00:00:00.000","W","1356"
"40290","Ashland/63rd","2026-06-22T00:00:00.000","W","647"
"40300","Indiana","2026-06-22T00:00:00.000","W","692"
"40310","Western-Orange","2026-06-22T00:00:00.000","W","2324"
"40320","Division/Milwaukee","2026-06-22T00:00:00.000","W","3713"
"40330","Grand/State","2026-06-22T00:00:00.000","W","6750"
"40340","Berwyn","2026-06-22T00:00:00.000","W","1735"
"40350","UIC-Halsted","2026-06-22T00:00:00.000","W","2025"
"40360","Southport","2026-06-22T00:00:00.000","W","2131"
"40370","Washington/Dearborn","2026-06-22T00:00:00.000","W","8847"
"40380","Clark/Lake","2026-06-22T00:00:00.000","W","12630"
"40390","Forest Park","2026-06-22T00:00:00.000","W","1206"
"40400","Noyes","2026-06-22T00:00:00.000","W","615"
"40420","Cicero-Cermak","2026-06-22T00:00:00.000","W","713"
"40430","Clinton-Forest Park","2026-06-22T00:00:00.000","W","2109"
"40440","California-Cermak","2026-06-22T00:00:00.000","W","974"
"40450","95th/Dan Ryan","2026-06-22T00:00:00.000","W","5883"
"40460","Merchandise Mart","2026-06-22T00:00:00.000","W","5002"
"40470","Racine","2026-06-22T00:00:00.000","W","612"
"40480","Cicero-Lake","2026-06-22T00:00:00.000","W","721"
"40490","Grand/Milwaukee","2026-06-22T00:00:00.000","W","2818"
"40510","Garfield-South Elevated","2026-06-22T00:00:00.000","W","841"
"40520","Foster","2026-06-22T00:00:00.000","W","458"
"40530","Diversey","2026-06-22T00:00:00.000","W","3020"
"40540","Wilson","2026-06-22T00:00:00.000","W","4347"
"40550","Irving Park-O'Hare","2026-06-22T00:00:00.000","W","2730"
"40560","Jackson/State","2026-06-22T00:00:00.000","W","3755"
"40570","California/Milwaukee","2026-06-22T00:00:00.000","W","3250"
"40580","54th/Cermak","2026-06-22T00:00:00.000","W","1562"
"40590","Damen/Milwaukee","2026-06-22T00:00:00.000","W","4082"
"40600","Kostner","2026-06-22T00:00:00.000","W","306"
"40610","Ridgeland","2026-06-22T00:00:00.000","W","888"
"40630","Clark/Division","2026-06-22T00:00:00.000","W","4756"
"40650","North/Clybourn","2026-06-22T00:00:00.000","W","3099"
"40660","Armitage","2026-06-22T00:00:00.000","W","2628"
"40670","Western/Milwaukee","2026-06-22T00:00:00.000","W","3486"
"40680","Adams/Wabash","2026-06-22T00:00:00.000","W","3932"
"40690","Dempster","2026-06-22T00:00:00.000","W","592"
"40700","Laramie","2026-06-22T00:00:00.000","W","703"
"40710","Chicago/Franklin","2026-06-22T00:00:00.000","W","3907"
"40720","East 63rd-Cottage Grove","2026-06-22T00:00:00.000","W","768"
"40730","Washington/Wells","2026-06-22T00:00:00.000","W","5275"
"40740","Western-Cermak","2026-06-22T00:00:00.000","W","964"
"40750","Harlem-O'Hare","2026-06-22T00:00:00.000","W","1504"
"40760","Granville","2026-06-22T00:00:00.000","W","1950"
"40770","Lawrence","2026-06-22T00:00:00.000","W","1866"
"40780","Central Park","2026-06-22T00:00:00.000","W","721"
"40790","Monroe/Dearborn","2026-06-22T00:00:00.000","W","3444"
"40800","Sedgwick","2026-06-22T00:00:00.000","W","2543"
"40810","Medical Center","2026-06-22T00:00:00.000","W","1478"
"40820","Rosemont","2026-06-22T00:00:00.000","W","4003"
"40830","18th","2026-06-22T00:00:00.000","W","1163"
"40840","South Boulevard","2026-06-22T00:00:00.000","W","438"
"40850","Library","2026-06-22T00:00:00.000","W","2238"
"40870","Francisco","2026-06-22T00:00:00.000","W","903"
"40880","Thorndale","2026-06-22T00:00:00.000","W","1673"
"40890","O'Hare Airport","2026-06-22T00:00:00.000","W","11298"
"40900","Howard","2026-06-22T00:00:00.000","W","3251"
"40910","63rd-Dan Ryan","2026-06-22T00:00:00.000","W","1604"
"40920","Pulaski-Forest Park","2026-06-22T00:00:00.000","W","621"
"40930","Midway Airport","2026-06-22T00:00:00.000","W","5186"
"40940","Halsted/63rd","2026-06-22T00:00:00.000","W","437"
"40960","Pulaski-Orange","2026-06-22T00:00:00.000","W","2902"
"40970","Cicero-Forest Park","2026-06-22T00:00:00.000","W","571"
"40980","Harlem-Forest Park","2026-06-22T00:00:00.000","W","361"
"40990","69th","2026-06-22T00:00:00.000","W","2827"
"41000","Cermak-Chinatown","2026-06-22T00:00:00.000","W","5503"
"41010","Rockwell","2026-06-22T00:00:00.000","W","1034"
"41020","Logan Square","2026-06-22T00:00:00.000","W","4807"
"41030","Polk","2026-06-22T00:00:00.000","W","2305"
"41040","Kedzie-Cermak","2026-06-22T00:00:00.000","W","694"
"41050","Linden","2026-06-22T00:00:00.000","W","499"
"41060","Ashland-Orange","2026-06-22T00:00:00.000","W","1063"
"41070","Kedzie-Lake","2026-06-22T00:00:00.000","W","717"
"41080","47th-South Elevated","2026-06-22T00:00:00.000","W","788"
"41090","Monroe/State","2026-06-22T00:00:00.000","W","4099"
"41120","35-Bronzeville-IIT","2026-06-22T00:00:00.000","W","1217"
"41130","Halsted-Orange","2026-06-22T00:00:00.000","W","1410"
"41140","King Drive","2026-06-22T00:00:00.000","W","296"
"41150","Kedzie-Midway","2026-06-22T00:00:00.000","W","2139"
"41160","Clinton-Lake","2026-06-22T00:00:00.000","W","2825"
"41170","Garfield-Dan Ryan","2026-06-22T00:00:00.000","W","2207"
"41180","Kedzie-Brown","2026-06-22T00:00:00.000","W","1326"
"41190","Jarvis","2026-06-22T00:00:00.000","W","1016"
"41200","Argyle","2026-06-22T00:00:00.000","W","1967"
"41210","Wellington","2026-06-22T00:00:00.000","W","1806"
"41220","Fullerton","2026-06-22T00:00:00.000","W","5806"
"41230","47th-Dan Ryan","2026-06-22T00:00:00.000","W","1938"
"41240","Addison-O'Hare","2026-06-22T00:00:00.000","W","1771"
"41250","Central-Evanston","2026-06-22T00:00:00.000","W","543"
"41260","Austin-Lake","2026-06-22T00:00:00.000","W","996"
"41270","43rd","2026-06-22T00:00:00.000","W","234"
"41280","Jefferson Park","2026-06-22T00:00:00.000","W","4299"
"41710","Damen-Lake","2026-06-21T00:00:00.000","U","460"
"41700","Washington/Wabash","2026-06-21T00:00:00.000","U","5500"
"41690","Cermak-McCormick Place","2026-06-21T00:00:00.000","U","1207"
"41680","Oakton-Skokie","2026-06-21T00:00:00.000","U","201"
"41670","Conservatory","2026-06-21T00:00:00.000","U","328"
"41660","Lake/State","2026-06-21T00:00:00.000","U","6757"
"41510","Morgan-Lake","2026-06-21T00:00:00.000","U","3359"
"41500","Montrose-Brown","2026-06-21T00:00:00.000","U","853"
"41490","Harrison","2026-06-21T00:00:00.000","U","1776"
"41480","Western-Brown","2026-06-21T00:00:00.000","U","960"
"41460","Irving Park-Brown","2026-06-21T00:00:00.000","U","806"
"41450","Chicago/State","2026-06-21T00:00:00.000","U","5183"
"41440","Addison-Brown","2026-06-21T00:00:00.000","U","522"
"41430","87th","2026-06-21T00:00:00.000","U","1293"
"41420","Addison-North Main","2026-06-21T00:00:00.000","U","8579"
"41410","Chicago/Milwaukee","2026-06-21T00:00:00.000","U","1079"
"41400","Roosevelt","2026-06-21T00:00:00.000","U","7383"
"41380","Bryn Mawr","2026-06-21T00:00:00.000","U","1794"
"41360","California-Lake","2026-06-21T00:00:00.000","U","328"
"41350","Oak Park-Lake","2026-06-21T00:00:00.000","U","335"
"41340","LaSalle","2026-06-21T00:00:00.000","U","812"
"41330","Montrose-O'Hare","2026-06-21T00:00:00.000","U","838"
"41320","Belmont-North Main","2026-06-21T00:00:00.000","U","5289"
"41310","Paulina","2026-06-21T00:00:00.000","U","715"
"41300","Loyola","2026-06-21T00:00:00.000","U","1812"
"40010","Austin-Forest Park","2026-06-21T00:00:00.000","U","233"
"40020","Harlem-Lake","2026-06-21T00:00:00.000","U","979"
"40030","Pulaski-Lake","2026-06-21T00:00:00.000","U","602"
"40040","Quincy/Wells","2026-06-21T00:00:00.000","U","1311"
"40050","Davis","2026-06-21T00:00:00.000","U","1153"
"40060","Belmont-O'Hare","2026-06-21T00:00:00.000","U","2080"
"40070","Jackson/Dearborn","2026-06-21T00:00:00.000","U","2559"
"40080","Sheridan","2026-06-21T00:00:00.000","U","1674"
"40090","Damen-Brown","2026-06-21T00:00:00.000","U","705"
"40100","Morse","2026-06-21T00:00:00.000","U","1913"
"40120","35th/Archer","2026-06-21T00:00:00.000","U","710"
"40130","51st","2026-06-21T00:00:00.000","U","364"
"40140","Dempster-Skokie","2026-06-21T00:00:00.000","U","654"
"40150","Pulaski-Cermak","2026-06-21T00:00:00.000","U","573"
"40160","LaSalle/Van Buren","2026-06-21T00:00:00.000","U","486"
"40170","Ashland-Lake","2026-06-21T00:00:00.000","U","767"
"40180","Oak Park-Forest Park","2026-06-21T00:00:00.000","U","218"
"40190","Sox-35th-Dan Ryan","2026-06-21T00:00:00.000","U","1234"
"40210","Damen-Cermak","2026-06-21T00:00:00.000","U","583"
"40220","Western-Forest Park","2026-06-21T00:00:00.000","U","341"
"40230","Cumberland","2026-06-21T00:00:00.000","U","1397"
"40240","79th","2026-06-21T00:00:00.000","U","2179"
"40250","Kedzie-Homan-Forest Park","2026-06-21T00:00:00.000","U","564"
"40260","State/Lake","2026-06-21T00:00:00.000","U","0"
"40270","Main","2026-06-21T00:00:00.000","U","402"
"40280","Central-Lake","2026-06-21T00:00:00.000","U","609"
"40290","Ashland/63rd","2026-06-21T00:00:00.000","U","382"
"40300","Indiana","2026-06-21T00:00:00.000","U","353"
"40310","Western-Orange","2026-06-21T00:00:00.000","U","992"
"40320","Division/Milwaukee","2026-06-21T00:00:00.000","U","2117"
"40330","Grand/State","2026-06-21T00:00:00.000","U","6788"
"40340","Berwyn","2026-06-21T00:00:00.000","U","1214"
"40350","UIC-Halsted","2026-06-21T00:00:00.000","U","1042"
"40360","Southport","2026-06-21T00:00:00.000","U","1302"
"40370","Washington/Dearborn","2026-06-21T00:00:00.000","U","5748"
"40380","Clark/Lake","2026-06-21T00:00:00.000","U","5845"
"40390","Forest Park","2026-06-21T00:00:00.000","U","507"
"40400","Noyes","2026-06-21T00:00:00.000","U","305"
"40420","Cicero-Cermak","2026-06-21T00:00:00.000","U","422"
"40430","Clinton-Forest Park","2026-06-21T00:00:00.000","U","1030"
"40440","California-Cermak","2026-06-21T00:00:00.000","U","510"
"40450","95th/Dan Ryan","2026-06-21T00:00:00.000","U","3003"
"40460","Merchandise Mart","2026-06-21T00:00:00.000","U","1418"
"40470","Racine","2026-06-21T00:00:00.000","U","301"
"40480","Cicero-Lake","2026-06-21T00:00:00.000","U","365"
"40490","Grand/Milwaukee","2026-06-21T00:00:00.000","U","2211"
"40510","Garfield-South Elevated","2026-06-21T00:00:00.000","U","470"
"40520","Foster","2026-06-21T00:00:00.000","U","237"
"40530","Diversey","2026-06-21T00:00:00.000","U","1400"
"40540","Wilson","2026-06-21T00:00:00.000","U","2505"
"40550","Irving Park-O'Hare","2026-06-21T00:00:00.000","U","1511"
"40560","Jackson/State","2026-06-21T00:00:00.000","U","2114"
"40570","California/Milwaukee","2026-06-21T00:00:00.000","U","1910"
"40580","54th/Cermak","2026-06-21T00:00:00.000","U","930"
"40590","Damen/Milwaukee","2026-06-21T00:00:00.000","U","2939"
"40600","Kostner","2026-06-21T00:00:00.000","U","115"
"40610","Ridgeland","2026-06-21T00:00:00.000","U","258"
"40630","Clark/Division","2026-06-21T00:00:00.000","U","3278"
"40650","North/Clybourn","2026-06-21T00:00:00.000","U","2270"
"40660","Armitage","2026-06-21T00:00:00.000","U","1470"
"40670","Western/Milwaukee","2026-06-21T00:00:00.000","U","1689"
"40680","Adams/Wabash","2026-06-21T00:00:00.000","U","2177"
"40690","Dempster","2026-06-21T00:00:00.000","U","370"
"40700","Laramie","2026-06-21T00:00:00.000","U","296"
"40710","Chicago/Franklin","2026-06-21T00:00:00.000","U","1562"
"40720","East 63rd-Cottage Grove","2026-06-21T00:00:00.000","U","426"
"40730","Washington/Wells","2026-06-21T00:00:00.000","U","903"
"40740","Western-Cermak","2026-06-21T00:00:00.000","U","497"
"40750","Harlem-O'Hare","2026-06-21T00:00:00.000","U","714"
"40760","Granville","2026-06-21T00:00:00.000","U","1339"
"40770","Lawrence","2026-06-21T00:00:00.000","U","1423"
"40780","Central Park","2026-06-21T00:00:00.000","U","371"
"40790","Monroe/Dearborn","2026-06-21T00:00:00.000","U","1271"
"40800","Sedgwick","2026-06-21T00:00:00.000","U","1240"
"40810","Medical Center","2026-06-21T00:00:00.000","U","557"
"40820","Rosemont","2026-06-21T00:00:00.000","U","2862"
"40830","18th","2026-06-21T00:00:00.000","U","821"
"40840","South Boulevard","2026-06-21T00:00:00.000","U","185"
"40850","Library","2026-06-21T00:00:00.000","U","1259"
"40870","Francisco","2026-06-21T00:00:00.000","U","433"
"40880","Thorndale","2026-06-21T00:00:00.000","U","1115"
"40890","O'Hare Airport","2026-06-21T00:00:00.000","U","11734"
"40900","Howard","2026-06-21T00:00:00.000","U","2157"
"40910","63rd-Dan Ryan","2026-06-21T00:00:00.000","U","1116"
"40920","Pulaski-Forest Park","2026-06-21T00:00:00.000","U","348"
"40930","Midway Airport","2026-06-21T00:00:00.000","U","2647"
"40940","Halsted/63rd","2026-06-21T00:00:00.000","U","228"
"40960","Pulaski-Orange","2026-06-21T00:00:00.000","U","1112"
"40970","Cicero-Forest Park","2026-06-21T00:00:00.000","U","309"
"40980","Harlem-Forest Park","2026-06-21T00:00:00.000","U","172"
"40990","69th","2026-06-21T00:00:00.000","U","1718"
"41000","Cermak-Chinatown","2026-06-21T00:00:00.000","U","4631"
"41010","Rockwell","2026-06-21T00:00:00.000","U","461"
"41020","Logan Square","2026-06-21T00:00:00.000","U","3131"
"41030","Polk","2026-06-21T00:00:00.000","U","459"
"41040","Kedzie-Cermak","2026-06-21T00:00:00.000","U","418"
"41050","Linden","2026-06-21T00:00:00.000","U","343"
"41060","Ashland-Orange","2026-06-21T00:00:00.000","U","499"
"41070","Kedzie-Lake","2026-06-21T00:00:00.000","U","347"
"41080","47th-South Elevated","2026-06-21T00:00:00.000","U","413"
"41090","Monroe/State","2026-06-21T00:00:00.000","U","2113"
"41120","35-Bronzeville-IIT","2026-06-21T00:00:00.000","U","420"
"41130","Halsted-Orange","2026-06-21T00:00:00.000","U","698"
"41140","King Drive","2026-06-21T00:00:00.000","U","180"
"41150","Kedzie-Midway","2026-06-21T00:00:00.000","U","961"
"41160","Clinton-Lake","2026-06-21T00:00:00.000","U","984"
"41170","Garfield-Dan Ryan","2026-06-21T00:00:00.000","U","1312"
"41180","Kedzie-Brown","2026-06-21T00:00:00.000","U","806"
"41190","Jarvis","2026-06-21T00:00:00.000","U","802"
"41200","Argyle","2026-06-21T00:00:00.000","U","1445"
"41210","Wellington","2026-06-21T00:00:00.000","U","700"
"41220","Fullerton","2026-06-21T00:00:00.000","U","3819"
"41230","47th-Dan Ryan","2026-06-21T00:00:00.000","U","1235"
"41240","Addison-O'Hare","2026-06-21T00:00:00.000","U","966"
"41250","Central-Evanston","2026-06-21T00:00:00.000","U","196"
"41260","Austin-Lake","2026-06-21T00:00:00.000","U","408"
"41270","43rd","2026-06-21T00:00:00.000","U","128"
"41280","Jefferson Park","2026-06-21T00:00:00.000","U","2423"
"41290","Kimball","2026-06-21T00:00:00.000","U","1327"
"41710","Damen-Lake","2026-06-20T00:00:00.000","A","1570"
"41700","Washington/Wabash","2026-06-20T00:00:00.000","A","10283"
"41690","Cermak-McCormick Place","2026-06-20T00:00:00.000","A","1920"
"41680","Oakton-Skokie","2026-06-20T00:00:00.000","A","318"
"41670","Conservatory","2026-06-20T00:00:00.000","A","565"
"41660","Lake/State","2026-06-20T00:00:00.000","A","12131"
"41510","Morgan-Lake","2026-06-20T00:00:00.000","A","7872"
"41500","Montrose-Brown","2026-06-20T00:00:00.000","A","1545"
"41490","Harrison","2026-06-20T00:00:00.000","A","3151"
"41480","Western-Brown","2026-06-20T00:00:00.000","A","1794"
"41460","Irving Park-Brown","2026-06-20T00:00:00.000","A","1489"
"41450","Chicago/State","2026-06-20T00:00:00.000","A","9044"
"41440","Addison-Brown","2026-06-20T00:00:00.000","A","1055"
"41430","87th","2026-06-20T00:00:00.000","A","1769"
"41420","Addison-North Main","2026-06-20T00:00:00.000","A","19882"
"41410","Chicago/Milwaukee","2026-06-20T00:00:00.000","A","1637"
"41400","Roosevelt","2026-06-20T00:00:00.000","A","10201"
"41380","Bryn Mawr","2026-06-20T00:00:00.000","A","3155"
"41360","California-Lake","2026-06-20T00:00:00.000","A","568"
"41350","Oak Park-Lake","2026-06-20T00:00:00.000","A","679"
"41340","LaSalle","2026-06-20T00:00:00.000","A","1155"
"41330","Montrose-O'Hare","2026-06-20T00:00:00.000","A","1262"
"41320","Belmont-North Main","2026-06-20T00:00:00.000","A","10871"
"41310","Paulina","2026-06-20T00:00:00.000","A","1474"
"41300","Loyola","2026-06-20T00:00:00.000","A","2889"
"40010","Austin-Forest Park","2026-06-20T00:00:00.000","A","426"
"40020","Harlem-Lake","2026-06-20T00:00:00.000","A","2117"
"40030","Pulaski-Lake","2026-06-20T00:00:00.000","A","901"
"40040","Quincy/Wells","2026-06-20T00:00:00.000","A","1811"
"40050","Davis","2026-06-20T00:00:00.000","A","1824"
"40060","Belmont-O'Hare","2026-06-20T00:00:00.000","A","2750"
"40070","Jackson/Dearborn","2026-06-20T00:00:00.000","A","3131"
"40080","Sheridan","2026-06-20T00:00:00.000","A","3527"
"40090","Damen-Brown","2026-06-20T00:00:00.000","A","1433"
"40100","Morse","2026-06-20T00:00:00.000","A","2767"
"40120","35th/Archer","2026-06-20T00:00:00.000","A","1160"
"40130","51st","2026-06-20T00:00:00.000","A","573"
"40140","Dempster-Skokie","2026-06-20T00:00:00.000","A","1356"
"40150","Pulaski-Cermak","2026-06-20T00:00:00.000","A","606"
"40160","LaSalle/Van Buren","2026-06-20T00:00:00.000","A","925"
"40170","Ashland-Lake","2026-06-20T00:00:00.000","A","1877"
"40180","Oak Park-Forest Park","2026-06-20T00:00:00.000","A","369"
"40190","Sox-35th-Dan Ryan","2026-06-20T00:00:00.000","A","2301"
"40210","Damen-Cermak","2026-06-20T00:00:00.000","A","974"
"40220","Western-Forest Park","2026-06-20T00:00:00.000","A","524"
"40230","Cumberland","2026-06-20T00:00:00.000","A","2232"
"40240","79th","2026-06-20T00:00:00.000","A","3053"
"40250","Kedzie-Homan-Forest Park","2026-06-20T00:00:00.000","A","741"
"40260","State/Lake","2026-06-20T00:00:00.000","A","0"
"40270","Main","2026-06-20T00:00:00.000","A","571"
"40280","Central-Lake","2026-06-20T00:00:00.000","A","891"
"40290","Ashland/63rd","2026-06-20T00:00:00.000","A","500"
"40300","Indiana","2026-06-20T00:00:00.000","A","536"
"40310","Western-Orange","2026-06-20T00:00:00.000","A","1594"
"40320","Division/Milwaukee","2026-06-20T00:00:00.000","A","3518"
"40330","Grand/State","2026-06-20T00:00:00.000","A","12075"
"40340","Berwyn","2026-06-20T00:00:00.000","A","2138"
"40350","UIC-Halsted","2026-06-20T00:00:00.000","A","1667"
"40360","Southport","2026-06-20T00:00:00.000","A","2844"
"40370","Washington/Dearborn","2026-06-20T00:00:00.000","A","7824"
"40380","Clark/Lake","2026-06-20T00:00:00.000","A","9000"
"40390","Forest Park","2026-06-20T00:00:00.000","A","809"
"40400","Noyes","2026-06-20T00:00:00.000","A","361"
"40420","Cicero-Cermak","2026-06-20T00:00:00.000","A","717"
"40430","Clinton-Forest Park","2026-06-20T00:00:00.000","A","1260"
"40440","California-Cermak","2026-06-20T00:00:00.000","A","758"
"40450","95th/Dan Ryan","2026-06-20T00:00:00.000","A","4768"
"40460","Merchandise Mart","2026-06-20T00:00:00.000","A","2904"
"40470","Racine","2026-06-20T00:00:00.000","A","438"
"40480","Cicero-Lake","2026-06-20T00:00:00.000","A","605"
"40490","Grand/Milwaukee","2026-06-20T00:00:00.000","A","3501"
"40510","Garfield-South Elevated","2026-06-20T00:00:00.000","A","791"
"40520","Foster","2026-06-20T00:00:00.000","A","372"
"40530","Diversey","2026-06-20T00:00:00.000","A","2705"
"40540","Wilson","2026-06-20T00:00:00.000","A","4186"
"40550","Irving Park-O'Hare","2026-06-20T00:00:00.000","A","2204"
"40560","Jackson/State","2026-06-20T00:00:00.000","A","4024"
"40570","California/Milwaukee","2026-06-20T00:00:00.000","A","3012"
"40580","54th/Cermak","2026-06-20T00:00:00.000","A","1453"
"40590","Damen/Milwaukee","2026-06-20T00:00:00.000","A","4782"
"40600","Kostner","2026-06-20T00:00:00.000","A","158"
"40610","Ridgeland","2026-06-20T00:00:00.000","A","518"
"40630","Clark/Division","2026-06-20T00:00:00.000","A","6675"
"40650","North/Clybourn","2026-06-20T00:00:00.000","A","3755"
"40660","Armitage","2026-06-20T00:00:00.000","A","3544"
"40670","Western/Milwaukee","2026-06-20T00:00:00.000","A","2843"
"40680","Adams/Wabash","2026-06-20T00:00:00.000","A","3687"
"40690","Dempster","2026-06-20T00:00:00.000","A","550"
"40700","Laramie","2026-06-20T00:00:00.000","A","457"
"40710","Chicago/Franklin","2026-06-20T00:00:00.000","A","3549"
"40720","East 63rd-Cottage Grove","2026-06-20T00:00:00.000","A","697"
"40730","Washington/Wells","2026-06-20T00:00:00.000","A","1478"
"40740","Western-Cermak","2026-06-20T00:00:00.000","A","758"
"40750","Harlem-O'Hare","2026-06-20T00:00:00.000","A","1167"
"40760","Granville","2026-06-20T00:00:00.000","A","2182"
"40770","Lawrence","2026-06-20T00:00:00.000","A","2337"
"40780","Central Park","2026-06-20T00:00:00.000","A","546"
"40790","Monroe/Dearborn","2026-06-20T00:00:00.000","A","1400"
"40800","Sedgwick","2026-06-20T00:00:00.000","A","3110"
"40810","Medical Center","2026-06-20T00:00:00.000","A","1117"
"40820","Rosemont","2026-06-20T00:00:00.000","A","4489"
"40830","18th","2026-06-20T00:00:00.000","A","1404"
"40840","South Boulevard","2026-06-20T00:00:00.000","A","305"
"40850","Library","2026-06-20T00:00:00.000","A","2260"
"40870","Francisco","2026-06-20T00:00:00.000","A","800"
"40880","Thorndale","2026-06-20T00:00:00.000","A","1823"
"40890","O'Hare Airport","2026-06-20T00:00:00.000","A","9276"
"40900","Howard","2026-06-20T00:00:00.000","A","3200"
"40910","63rd-Dan Ryan","2026-06-20T00:00:00.000","A","1470"
"40920","Pulaski-Forest Park","2026-06-20T00:00:00.000","A","452"
"40930","Midway Airport","2026-06-20T00:00:00.000","A","3703"
"40940","Halsted/63rd","2026-06-20T00:00:00.000","A","281"
"40960","Pulaski-Orange","2026-06-20T00:00:00.000","A","1915"
"40970","Cicero-Forest Park","2026-06-20T00:00:00.000","A","444"
"40980","Harlem-Forest Park","2026-06-20T00:00:00.000","A","308"
"40990","69th","2026-06-20T00:00:00.000","A","2652"
"41000","Cermak-Chinatown","2026-06-20T00:00:00.000","A","9698"
"41010","Rockwell","2026-06-20T00:00:00.000","A","845"
"41020","Logan Square","2026-06-20T00:00:00.000","A","4121"
"41030","Polk","2026-06-20T00:00:00.000","A","777"
"41040","Kedzie-Cermak","2026-06-20T00:00:00.000","A","590"
"41050","Linden","2026-06-20T00:00:00.000","A","946"
"41060","Ashland-Orange","2026-06-20T00:00:00.000","A","813"
"41070","Kedzie-Lake","2026-06-20T00:00:00.000","A","570"
"41080","47th-South Elevated","2026-06-20T00:00:00.000","A","635"
"41090","Monroe/State","2026-06-20T00:00:00.000","A","3702"
"41120","35-Bronzeville-IIT","2026-06-20T00:00:00.000","A","705"
"41130","Halsted-Orange","2026-06-20T00:00:00.000","A","1114"
"41140","King Drive","2026-06-20T00:00:00.000","A","246"
"41150","Kedzie-Midway","2026-06-20T00:00:00.000","A","1553"
"41160","Clinton-Lake","2026-06-20T00:00:00.000","A","1817"
"41170","Garfield-Dan Ryan","2026-06-20T00:00:00.000","A","2229"
"41180","Kedzie-Brown","2026-06-20T00:00:00.000","A","1341"
"41190","Jarvis","2026-06-20T00:00:00.000","A","1324"
"41200","Argyle","2026-06-20T00:00:00.000","A","2580"
"41210","Wellington","2026-06-20T00:00:00.000","A","1378"
"41220","Fullerton","2026-06-20T00:00:00.000","A","7386"
"41230","47th-Dan Ryan","2026-06-20T00:00:00.000","A","1916"
"41240","Addison-O'Hare","2026-06-20T00:00:00.000","A","1500"
"41250","Central-Evanston","2026-06-20T00:00:00.000","A","363"
"41260","Austin-Lake","2026-06-20T00:00:00.000","A","639"
"41270","43rd","2026-06-20T00:00:00.000","A","173"
"41280","Jefferson Park","2026-06-20T00:00:00.000","A","3562"
"41290","Kimball","2026-06-20T00:00:00.000","A","1958"
"41710","Damen-Lake","2026-06-19T00:00:00.000","W","1105"
"41700","Washington/Wabash","2026-06-19T00:00:00.000","W","10489"
"41690","Cermak-McCormick Place","2026-06-19T00:00:00.000","W","1861"
"41680","Oakton-Skokie","2026-06-19T00:00:00.000","W","495"
"41670","Conservatory","2026-06-19T00:00:00.000","W","653"
"41660","Lake/State","2026-06-19T00:00:00.000","W","12288"
"41510","Morgan-Lake","2026-06-19T00:00:00.000","W","6952"
"41500","Montrose-Brown","2026-06-19T00:00:00.000","W","1392"
"41490","Harrison","2026-06-19T00:00:00.000","W","2820"
"41480","Western-Brown","2026-06-19T00:00:00.000","W","1909"
"41460","Irving Park-Brown","2026-06-19T00:00:00.000","W","1788"
"41450","Chicago/State","2026-06-19T00:00:00.000","W","9548"
"41440","Addison-Brown","2026-06-19T00:00:00.000","W","1121"
"41430","87th","2026-06-19T00:00:00.000","W","1946"
"41420","Addison-North Main","2026-06-19T00:00:00.000","W","15570"
"41410","Chicago/Milwaukee","2026-06-19T00:00:00.000","W","1821"
"41400","Roosevelt","2026-06-19T00:00:00.000","W","8199"
"41380","Bryn Mawr","2026-06-19T00:00:00.000","W","3132"
"41360","California-Lake","2026-06-19T00:00:00.000","W","677"
"41350","Oak Park-Lake","2026-06-19T00:00:00.000","W","747"
"41340","LaSalle","2026-06-19T00:00:00.000","W","1354"
"41330","Montrose-O'Hare","2026-06-19T00:00:00.000","W","1428"
"41320","Belmont-North Main","2026-06-19T00:00:00.000","W","9390"
"41310","Paulina","2026-06-19T00:00:00.000","W","1626"
"41300","Loyola","2026-06-19T00:00:00.000","W","2986"
"40010","Austin-Forest Park","2026-06-19T00:00:00.000","W","514"
"40020","Harlem-Lake","2026-06-19T00:00:00.000","W","2296"
"40030","Pulaski-Lake","2026-06-19T00:00:00.000","W","1000"
"40040","Quincy/Wells","2026-06-19T00:00:00.000","W","2516"
"40050","Davis","2026-06-19T00:00:00.000","W","2126"
"40060","Belmont-O'Hare","2026-06-19T00:00:00.000","W","3393"
"40070","Jackson/Dearborn","2026-06-19T00:00:00.000","W","3329"
"40080","Sheridan","2026-06-19T00:00:00.000","W","3011"
"40090","Damen-Brown","2026-06-19T00:00:00.000","W","1444"
"40100","Morse","2026-06-19T00:00:00.000","W","2715"
"40120","35th/Archer","2026-06-19T00:00:00.000","W","1614"
"40130","51st","2026-06-19T00:00:00.000","W","632"
"40140","Dempster-Skokie","2026-06-19T00:00:00.000","W","1466"
"40150","Pulaski-Cermak","2026-06-19T00:00:00.000","W","826"
"40160","LaSalle/Van Buren","2026-06-19T00:00:00.000","W","1199"
"40170","Ashland-Lake","2026-06-19T00:00:00.000","W","1755"
"40180","Oak Park-Forest Park","2026-06-19T00:00:00.000","W","435"
"40190","Sox-35th-Dan Ryan","2026-06-19T00:00:00.000","W","2601"
"40210","Damen-Cermak","2026-06-19T00:00:00.000","W","1112"
"40220","Western-Forest Park","2026-06-19T00:00:00.000","W","562"
"40230","Cumberland","2026-06-19T00:00:00.000","W","2722"
"40240","79th","2026-06-19T00:00:00.000","W","3447"
"40250","Kedzie-Homan-Forest Park","2026-06-19T00:00:00.000","W","744"
"40260","State/Lake","2026-06-19T00:00:00.000","W","0"
"40270","Main","2026-06-19T00:00:00.000","W","750"
"40280","Central-Lake","2026-06-19T00:00:00.000","W","1216"
"40290","Ashland/63rd","2026-06-19T00:00:00.000","W","667"
"40300","Indiana","2026-06-19T00:00:00.000","W","673"
"40310","Western-Orange","2026-06-19T00:00:00.000","W","2135"
"40320","Division/Milwaukee","2026-06-19T00:00:00.000","W","3935"
"40330","Grand/State","2026-06-19T00:00:00.000","W","11076"
"40340","Berwyn","2026-06-19T00:00:00.000","W","2068"
"40350","UIC-Halsted","2026-06-19T00:00:00.000","W","1813"
"40360","Southport","2026-06-19T00:00:00.000","W","2894"
"40370","Washington/Dearborn","2026-06-19T00:00:00.000","W","8358"
"40380","Clark/Lake","2026-06-19T00:00:00.000","W","10688"
"40390","Forest Park","2026-06-19T00:00:00.000","W","1066"
"40400","Noyes","2026-06-19T00:00:00.000","W","468"
"40420","Cicero-Cermak","2026-06-19T00:00:00.000","W","733"
"40430","Clinton-Forest Park","2026-06-19T00:00:00.000","W","1479"
"40440","California-Cermak","2026-06-19T00:00:00.000","W","915"
"40450","95th/Dan Ryan","2026-06-19T00:00:00.000","W","5621"
"40460","Merchandise Mart","2026-06-19T00:00:00.000","W","3888"
"40470","Racine","2026-06-19T00:00:00.000","W","510"
"40480","Cicero-Lake","2026-06-19T00:00:00.000","W","713"
"40490","Grand/Milwaukee","2026-06-19T00:00:00.000","W","3866"
"40510","Garfield-South Elevated","2026-06-19T00:00:00.000","W","1141"
"40520","Foster","2026-06-19T00:00:00.000","W","457"
"40530","Diversey","2026-06-19T00:00:00.000","W","3155"
"40540","Wilson","2026-06-19T00:00:00.000","W","4504"
"40550","Irving Park-O'Hare","2026-06-19T00:00:00.000","W","2823"
"40560","Jackson/State","2026-06-19T00:00:00.000","W","3803"
"40570","California/Milwaukee","2026-06-19T00:00:00.000","W","3571"
"40580","54th/Cermak","2026-06-19T00:00:00.000","W","1530"
"40590","Damen/Milwaukee","2026-06-19T00:00:00.000","W","4897"
"40600","Kostner","2026-06-19T00:00:00.000","W","231"
"40610","Ridgeland","2026-06-19T00:00:00.000","W","648"
"40630","Clark/Division","2026-06-19T00:00:00.000","W","6749"
"40650","North/Clybourn","2026-06-19T00:00:00.000","W","3851"
"40660","Armitage","2026-06-19T00:00:00.000","W","3421"
"40670","Western/Milwaukee","2026-06-19T00:00:00.000","W","3183"
"40680","Adams/Wabash","2026-06-19T00:00:00.000","W","3402"
"40690","Dempster","2026-06-19T00:00:00.000","W","619"
"40700","Laramie","2026-06-19T00:00:00.000","W","595"
"40710","Chicago/Franklin","2026-06-19T00:00:00.000","W","3977"
"40720","East 63rd-Cottage Grove","2026-06-19T00:00:00.000","W","771"
"40730","Washington/Wells","2026-06-19T00:00:00.000","W","2553"
"40740","Western-Cermak","2026-06-19T00:00:00.000","W","860"
"40750","Harlem-O'Hare","2026-06-19T00:00:00.000","W","1552"
"40760","Granville","2026-06-19T00:00:00.000","W","2207"
"40770","Lawrence","2026-06-19T00:00:00.000","W","2246"
"40780","Central Park","2026-06-19T00:00:00.000","W","672"
"40790","Monroe/Dearborn","2026-06-19T00:00:00.000","W","1728"
"40800","Sedgwick","2026-06-19T00:00:00.000","W","3020"
"40810","Medical Center","2026-06-19T00:00:00.000","W","1134"
"40820","Rosemont","2026-06-19T00:00:00.000","W","4772"
"40830","18th","2026-06-19T00:00:00.000","W","1472"
"40840","South Boulevard","2026-06-19T00:00:00.000","W","391"
"40850","Library","2026-06-19T00:00:00.000","W","1985"
"40870","Francisco","2026-06-19T00:00:00.000","W","873"
"40880","Thorndale","2026-06-19T00:00:00.000","W","1793"
"40890","O'Hare Airport","2026-06-19T00:00:00.000","W","13813"
"40900","Howard","2026-06-19T00:00:00.000","W","3417"
"40910","63rd-Dan Ryan","2026-06-19T00:00:00.000","W","1704"
"40920","Pulaski-Forest Park","2026-06-19T00:00:00.000","W","605"
"40930","Midway Airport","2026-06-19T00:00:00.000","W","5387"
"40940","Halsted/63rd","2026-06-19T00:00:00.000","W","301"
"40960","Pulaski-Orange","2026-06-19T00:00:00.000","W","2486"
"40970","Cicero-Forest Park","2026-06-19T00:00:00.000","W","541"
"40980","Harlem-Forest Park","2026-06-19T00:00:00.000","W","381"
"40990","69th","2026-06-19T00:00:00.000","W","2734"
"41000","Cermak-Chinatown","2026-06-19T00:00:00.000","W","8225"
"41010","Rockwell","2026-06-19T00:00:00.000","W","940"
"41020","Logan Square","2026-06-19T00:00:00.000","W","4643"
"41030","Polk","2026-06-19T00:00:00.000","W","1260"
"41040","Kedzie-Cermak","2026-06-19T00:00:00.000","W","707"
"41050","Linden","2026-06-19T00:00:00.000","W","1094"
"41060","Ashland-Orange","2026-06-19T00:00:00.000","W","1045"
"41070","Kedzie-Lake","2026-06-19T00:00:00.000","W","651"
"41080","47th-South Elevated","2026-06-19T00:00:00.000","W","763"
"41090","Monroe/State","2026-06-19T00:00:00.000","W","3710"
"41120","35-Bronzeville-IIT","2026-06-19T00:00:00.000","W","779"
"41130","Halsted-Orange","2026-06-19T00:00:00.000","W","1315"
"41140","King Drive","2026-06-19T00:00:00.000","W","266"
"41150","Kedzie-Midway","2026-06-19T00:00:00.000","W","2047"
"41160","Clinton-Lake","2026-06-19T00:00:00.000","W","2077"
"41170","Garfield-Dan Ryan","2026-06-19T00:00:00.000","W","2406"
"41180","Kedzie-Brown","2026-06-19T00:00:00.000","W","1403"
"41190","Jarvis","2026-06-19T00:00:00.000","W","1159"
"41200","Argyle","2026-06-19T00:00:00.000","W","2315"
"41210","Wellington","2026-06-19T00:00:00.000","W","1875"
"41220","Fullerton","2026-06-19T00:00:00.000","W","7125"
"41230","47th-Dan Ryan","2026-06-19T00:00:00.000","W","1972"
"41240","Addison-O'Hare","2026-06-19T00:00:00.000","W","1780"
"41250","Central-Evanston","2026-06-19T00:00:00.000","W","581"
"41260","Austin-Lake","2026-06-19T00:00:00.000","W","784"
"41270","43rd","2026-06-19T00:00:00.000","W","254"
"41280","Jefferson Park","2026-06-19T00:00:00.000","W","4361"
"41290","Kimball","2026-06-19T00:00:00.000","W","2225"
"41710","Damen-Lake","2026-06-18T00:00:00.000","W","954"
"41700","Washington/Wabash","2026-06-18T00:00:00.000","W","12069"
"41690","Cermak-McCormick Place","2026-06-18T00:00:00.000","W","1706"
"41680","Oakton-Skokie","2026-06-18T00:00:00.000","W","560"
"41670","Conservatory","2026-06-18T00:00:00.000","W","724"
"41660","Lake/State","2026-06-18T00:00:00.000","W","12188"
"41510","Morgan-Lake","2026-06-18T00:00:00.000","W","6081"
"41500","Montrose-Brown","2026-06-18T00:00:00.000","W","1761"
"41490","Harrison","2026-06-18T00:00:00.000","W","2331"
"41480","Western-Brown","2026-06-18T00:00:00.000","W","2023"
"41460","Irving Park-Brown","2026-06-18T00:00:00.000","W","1928"
"41450","Chicago/State","2026-06-18T00:00:00.000","W","8499"
"41440","Addison-Brown","2026-06-18T00:00:00.000","W","1382"
"41430","87th","2026-06-18T00:00:00.000","W","2299"
"41420","Addison-North Main","2026-06-18T00:00:00.000","W","5227"
"41410","Chicago/Milwaukee","2026-06-18T00:00:00.000","W","2262"
"41400","Roosevelt","2026-06-18T00:00:00.000","W","7862"
"41380","Bryn Mawr","2026-06-18T00:00:00.000","W","2848"
"41360","California-Lake","2026-06-18T00:00:00.000","W","866"
"41350","Oak Park-Lake","2026-06-18T00:00:00.000","W","882"
"41340","LaSalle","2026-06-18T00:00:00.000","W","1719"
"41330","Montrose-O'Hare","2026-06-18T00:00:00.000","W","1866"
"41320","Belmont-North Main","2026-06-18T00:00:00.000","W","8248"
"41310","Paulina","2026-06-18T00:00:00.000","W","1973"
"41300","Loyola","2026-06-18T00:00:00.000","W","3021"
"40010","Austin-Forest Park","2026-06-18T00:00:00.000","W","717"
"40020","Harlem-Lake","2026-06-18T00:00:00.000","W","2414"
"40030","Pulaski-Lake","2026-06-18T00:00:00.000","W","1034"
"40040","Quincy/Wells","2026-06-18T00:00:00.000","W","5912"
"40050","Davis","2026-06-18T00:00:00.000","W","2235"
"40060","Belmont-O'Hare","2026-06-18T00:00:00.000","W","4097"
"40070","Jackson/Dearborn","2026-06-18T00:00:00.000","W","4507"
"40080","Sheridan","2026-06-18T00:00:00.000","W","2799"
"40090","Damen-Brown","2026-06-18T00:00:00.000","W","1647"
"40100","Morse","2026-06-18T00:00:00.000","W","2759"
"40120","35th/Archer","2026-06-18T00:00:00.000","W","1914"
"40130","51st","2026-06-18T00:00:00.000","W","709"
"40140","Dempster-Skokie","2026-06-18T00:00:00.000","W","867"
"40150","Pulaski-Cermak","2026-06-18T00:00:00.000","W","777"
"40160","LaSalle/Van Buren","2026-06-18T00:00:00.000","W","2175"
"40170","Ashland-Lake","2026-06-18T00:00:00.000","W","2118"
"40180","Oak Park-Forest Park","2026-06-18T00:00:00.000","W","665"
"40190","Sox-35th-Dan Ryan","2026-06-18T00:00:00.000","W","2651"
"40210","Damen-Cermak","2026-06-18T00:00:00.000","W","1366"
"40220","Western-Forest Park","2026-06-18T00:00:00.000","W","647"
"40230","Cumberland","2026-06-18T00:00:00.000","W","2688"
"40240","79th","2026-06-18T00:00:00.000","W","3736"
"40250","Kedzie-Homan-Forest Park","2026-06-18T00:00:00.000","W","937"
"40260","State/Lake","2026-06-18T00:00:00.000","W","0"
"40270","Main","2026-06-18T00:00:00.000","W","728"
"40280","Central-Lake","2026-06-18T00:00:00.000","W","1306"
"40290","Ashland/63rd","2026-06-18T00:00:00.000","W","733"
"40300","Indiana","2026-06-18T00:00:00.000","W","798"
"40310","Western-Orange","2026-06-18T00:00:00.000","W","2586"
"40320","Division/Milwaukee","2026-06-18T00:00:00.000","W","4685"
"40330","Grand/State","2026-06-18T00:00:00.000","W","8041"
"40340","Berwyn","2026-06-18T00:00:00.000","W","1942"
"40350","UIC-Halsted","2026-06-18T00:00:00.000","W","2336"
"40360","Southport","2026-06-18T00:00:00.000","W","2551"
"40370","Washington/Dearborn","2026-06-18T00:00:00.000","W","9935"
"40380","Clark/Lake","2026-06-18T00:00:00.000","W","15943"
"40390","Forest Park","2026-06-18T00:00:00.000","W","1262"
"40400","Noyes","2026-06-18T00:00:00.000","W","665"
"40420","Cicero-Cermak","2026-06-18T00:00:00.000","W","786"
"40430","Clinton-Forest Park","2026-06-18T00:00:00.000","W","2374"
"40440","California-Cermak","2026-06-18T00:00:00.000","W","1047"
"40450","95th/Dan Ryan","2026-06-18T00:00:00.000","W","6149"
"40460","Merchandise Mart","2026-06-18T00:00:00.000","W","6445"
"40470","Racine","2026-06-18T00:00:00.000","W","655"
"40480","Cicero-Lake","2026-06-18T00:00:00.000","W","789"
"40490","Grand/Milwaukee","2026-06-18T00:00:00.000","W","3911"
"40510","Garfield-South Elevated","2026-06-18T00:00:00.000","W","1224"
"40520","Foster","2026-06-18T00:00:00.000","W","482"
"40530","Diversey","2026-06-18T00:00:00.000","W","3790"
"40540","Wilson","2026-06-18T00:00:00.000","W","4967"
"40550","Irving Park-O'Hare","2026-06-18T00:00:00.000","W","3045"
"40560","Jackson/State","2026-06-18T00:00:00.000","W","4016"
"40570","California/Milwaukee","2026-06-18T00:00:00.000","W","4013"
"40580","54th/Cermak","2026-06-18T00:00:00.000","W","1825"
"40590","Damen/Milwaukee","2026-06-18T00:00:00.000","W","5399"
"40600","Kostner","2026-06-18T00:00:00.000","W","269"
"40610","Ridgeland","2026-06-18T00:00:00.000","W","899"
"40630","Clark/Division","2026-06-18T00:00:00.000","W","5683"
"40650","North/Clybourn","2026-06-18T00:00:00.000","W","3846"
"40660","Armitage","2026-06-18T00:00:00.000","W","3358"
"40670","Western/Milwaukee","2026-06-18T00:00:00.000","W","4148"
"40680","Adams/Wabash","2026-06-18T00:00:00.000","W","4838"
"40690","Dempster","2026-06-18T00:00:00.000","W","629"
"40700","Laramie","2026-06-18T00:00:00.000","W","652"
"40710","Chicago/Franklin","2026-06-18T00:00:00.000","W","4839"
"40720","East 63rd-Cottage Grove","2026-06-18T00:00:00.000","W","931"
"40730","Washington/Wells","2026-06-18T00:00:00.000","W","6057"
"40740","Western-Cermak","2026-06-18T00:00:00.000","W","988"
"40750","Harlem-O'Hare","2026-06-18T00:00:00.000","W","1671"
"40760","Granville","2026-06-18T00:00:00.000","W","2281"
"40770","Lawrence","2026-06-18T00:00:00.000","W","2028"
"40780","Central Park","2026-06-18T00:00:00.000","W","783"
"40790","Monroe/Dearborn","2026-06-18T00:00:00.000","W","4024"
"40800","Sedgwick","2026-06-18T00:00:00.000","W","3267"
"40810","Medical Center","2026-06-18T00:00:00.000","W","1674"
"40820","Rosemont","2026-06-18T00:00:00.000","W","4561"
"40830","18th","2026-06-18T00:00:00.000","W","1638"
"40840","South Boulevard","2026-06-18T00:00:00.000","W","476"
"40850","Library","2026-06-18T00:00:00.000","W","2547"
"40870","Francisco","2026-06-18T00:00:00.000","W","1066"
"40880","Thorndale","2026-06-18T00:00:00.000","W","1831"
"40890","O'Hare Airport","2026-06-18T00:00:00.000","W","14289"
"40900","Howard","2026-06-18T00:00:00.000","W","3602"
"40910","63rd-Dan Ryan","2026-06-18T00:00:00.000","W","2007"
"40920","Pulaski-Forest Park","2026-06-18T00:00:00.000","W","633"
"40930","Midway Airport","2026-06-18T00:00:00.000","W","6144"
"40940","Halsted/63rd","2026-06-18T00:00:00.000","W","411"
"40960","Pulaski-Orange","2026-06-18T00:00:00.000","W","3124"
"40970","Cicero-Forest Park","2026-06-18T00:00:00.000","W","521"
"40980","Harlem-Forest Park","2026-06-18T00:00:00.000","W","481"
"40990","69th","2026-06-18T00:00:00.000","W","3054"
"41000","Cermak-Chinatown","2026-06-18T00:00:00.000","W","5897"
"41010","Rockwell","2026-06-18T00:00:00.000","W","1213"
"41020","Logan Square","2026-06-18T00:00:00.000","W","5680"
"41030","Polk","2026-06-18T00:00:00.000","W","2462"
"41040","Kedzie-Cermak","2026-06-18T00:00:00.000","W","828"
"41050","Linden","2026-06-18T00:00:00.000","W","589"
"41060","Ashland-Orange","2026-06-18T00:00:00.000","W","1241"
"41070","Kedzie-Lake","2026-06-18T00:00:00.000","W","686"
"41080","47th-South Elevated","2026-06-18T00:00:00.000","W","904"
"41090","Monroe/State","2026-06-18T00:00:00.000","W","4495"
"41120","35-Bronzeville-IIT","2026-06-18T00:00:00.000","W","1017"
"41130","Halsted-Orange","2026-06-18T00:00:00.000","W","1613"
"41140","King Drive","2026-06-18T00:00:00.000","W","343"
"41150","Kedzie-Midway","2026-06-18T00:00:00.000","W","2247"
"41160","Clinton-Lake","2026-06-18T00:00:00.000","W","3173"
"41170","Garfield-Dan Ryan","2026-06-18T00:00:00.000","W","2686"
"41180","Kedzie-Brown","2026-06-18T00:00:00.000","W","1461"
"41190","Jarvis","2026-06-18T00:00:00.000","W","1202"
"41200","Argyle","2026-06-18T00:00:00.000","W","2189"
"41210","Wellington","2026-06-18T00:00:00.000","W","2298"
"41220","Fullerton","2026-06-18T00:00:00.000","W","7230"
"41230","47th-Dan Ryan","2026-06-18T00:00:00.000","W","2114"
"41240","Addison-O'Hare","2026-06-18T00:00:00.000","W","2100"
"41250","Central-Evanston","2026-06-18T00:00:00.000","W","537"
"41260","Austin-Lake","2026-06-18T00:00:00.000","W","953"
"41270","43rd","2026-06-18T00:00:00.000","W","325"
"41280","Jefferson Park","2026-06-18T00:00:00.000","W","4860"
"41290","Kimball","2026-06-18T00:00:00.000","W","2435"
"41710","Damen-Lake","2026-06-17T00:00:00.000","W","1421"
"41700","Washington/Wabash","2026-06-17T00:00:00.000","W","9732"
"41690","Cermak-McCormick Place","2026-06-17T00:00:00.000","W","1570"
"41680","Oakton-Skokie","2026-06-17T00:00:00.000","W","506"
"41670","Conservatory","2026-06-17T00:00:00.000","W","615"
"41660","Lake/State","2026-06-17T00:00:00.000","W","11265"
"41510","Morgan-Lake","2026-06-17T00:00:00.000","W","4210"
"41500","Montrose-Brown","2026-06-17T00:00:00.000","W","1461"
"41490","Harrison","2026-06-17T00:00:00.000","W","1962"
"41480","Western-Brown","2026-06-17T00:00:00.000","W","1771"
"41460","Irving Park-Brown","2026-06-17T00:00:00.000","W","1766"
"41450","Chicago/State","2026-06-17T00:00:00.000","W","7718"
"41440","Addison-Brown","2026-06-17T00:00:00.000","W","1262"
"41430","87th","2026-06-17T00:00:00.000","W","1883"
"41420","Addison-North Main","2026-06-17T00:00:00.000","W","9817"
"41410","Chicago/Milwaukee","2026-06-17T00:00:00.000","W","1977"
"41400","Roosevelt","2026-06-17T00:00:00.000","W","6972"
"41380","Bryn Mawr","2026-06-17T00:00:00.000","W","2572"
"41360","California-Lake","2026-06-17T00:00:00.000","W","713"
"41350","Oak Park-Lake","2026-06-17T00:00:00.000","W","735"
"41340","LaSalle","2026-06-17T00:00:00.000","W","1549"
"41330","Montrose-O'Hare","2026-06-17T00:00:00.000","W","1593"
"41320","Belmont-North Main","2026-06-17T00:00:00.000","W","7323"
"41310","Paulina","2026-06-17T00:00:00.000","W","1753"
"41300","Loyola","2026-06-17T00:00:00.000","W","2700"
"40010","Austin-Forest Park","2026-06-17T00:00:00.000","W","647"
"40020","Harlem-Lake","2026-06-17T00:00:00.000","W","2156"
"40030","Pulaski-Lake","2026-06-17T00:00:00.000","W","898"
"40040","Quincy/Wells","2026-06-17T00:00:00.000","W","5812"
"40050","Davis","2026-06-17T00:00:00.000","W","2069"
"40060","Belmont-O'Hare","2026-06-17T00:00:00.000","W","3569"
"40070","Jackson/Dearborn","2026-06-17T00:00:00.000","W","4183"
"40080","Sheridan","2026-06-17T00:00:00.000","W","2709"
"40090","Damen-Brown","2026-06-17T00:00:00.000","W","1447"
"40100","Morse","2026-06-17T00:00:00.000","W","2561"
"40120","35th/Archer","2026-06-17T00:00:00.000","W","1551"
"40130","51st","2026-06-17T00:00:00.000","W","564"
"40140","Dempster-Skokie","2026-06-17T00:00:00.000","W","1010"
"40150","Pulaski-Cermak","2026-06-17T00:00:00.000","W","728"
"40160","LaSalle/Van Buren","2026-06-17T00:00:00.000","W","2200"
"40170","Ashland-Lake","2026-06-17T00:00:00.000","W","2101"
"40180","Oak Park-Forest Park","2026-06-17T00:00:00.000","W","636"
"40190","Sox-35th-Dan Ryan","2026-06-17T00:00:00.000","W","2219"
"40210","Damen-Cermak","2026-06-17T00:00:00.000","W","1133"
"40220","Western-Forest Park","2026-06-17T00:00:00.000","W","559"
"40230","Cumberland","2026-06-17T00:00:00.000","W","2510"
"40240","79th","2026-06-17T00:00:00.000","W","3290"
"40250","Kedzie-Homan-Forest Park","2026-06-17T00:00:00.000","W","777"
"40260","State/Lake","2026-06-17T00:00:00.000","W","0"
"40270","Main","2026-06-17T00:00:00.000","W","659"
"40280","Central-Lake","2026-06-17T00:00:00.000","W","1055"
"40290","Ashland/63rd","2026-06-17T00:00:00.000","W","640"
"40300","Indiana","2026-06-17T00:00:00.000","W","640"
"40310","Western-Orange","2026-06-17T00:00:00.000","W","2170"
"40320","Division/Milwaukee","2026-06-17T00:00:00.000","W","3883"
"40330","Grand/State","2026-06-17T00:00:00.000","W","7158"
"40340","Berwyn","2026-06-17T00:00:00.000","W","1802"
"40350","UIC-Halsted","2026-06-17T00:00:00.000","W","2174"
"40360","Southport","2026-06-17T00:00:00.000","W","2374"
"40370","Washington/Dearborn","2026-06-17T00:00:00.000","W","8481"
"40380","Clark/Lake","2026-06-17T00:00:00.000","W","13567"
"40390","Forest Park","2026-06-17T00:00:00.000","W","1104"
"40400","Noyes","2026-06-17T00:00:00.000","W","555"
"40420","Cicero-Cermak","2026-06-17T00:00:00.000","W","617"
"40430","Clinton-Forest Park","2026-06-17T00:00:00.000","W","1157"
"40440","California-Cermak","2026-06-17T00:00:00.000","W","930"
"40450","95th/Dan Ryan","2026-06-17T00:00:00.000","W","5274"
"40460","Merchandise Mart","2026-06-17T00:00:00.000","W","6045"
"40470","Racine","2026-06-17T00:00:00.000","W","550"
"40480","Cicero-Lake","2026-06-17T00:00:00.000","W","698"
"40490","Grand/Milwaukee","2026-06-17T00:00:00.000","W","2907"
"40510","Garfield-South Elevated","2026-06-17T00:00:00.000","W","807"
"40520","Foster","2026-06-17T00:00:00.000","W","460"
"40530","Diversey","2026-06-17T00:00:00.000","W","3340"
"40540","Wilson","2026-06-17T00:00:00.000","W","4375"
"40550","Irving Park-O'Hare","2026-06-17T00:00:00.000","W","2730"
"40560","Jackson/State","2026-06-17T00:00:00.000","W","3826"
"40570","California/Milwaukee","2026-06-17T00:00:00.000","W","3360"
"40580","54th/Cermak","2026-06-17T00:00:00.000","W","1568"
"40590","Damen/Milwaukee","2026-06-17T00:00:00.000","W","4062"
"40600","Kostner","2026-06-17T00:00:00.000","W","267"
"40610","Ridgeland","2026-06-17T00:00:00.000","W","836"
"40630","Clark/Division","2026-06-17T00:00:00.000","W","4920"
"40650","North/Clybourn","2026-06-17T00:00:00.000","W","3297"
"40660","Armitage","2026-06-17T00:00:00.000","W","2760"
"40670","Western/Milwaukee","2026-06-17T00:00:00.000","W","3567"
"40680","Adams/Wabash","2026-06-17T00:00:00.000","W","3984"
"40690","Dempster","2026-06-17T00:00:00.000","W","562"
"40700","Laramie","2026-06-17T00:00:00.000","W","591"
"40710","Chicago/Franklin","2026-06-17T00:00:00.000","W","4317"
"40720","East 63rd-Cottage Grove","2026-06-17T00:00:00.000","W","756"
"40730","Washington/Wells","2026-06-17T00:00:00.000","W","6257"
"40740","Western-Cermak","2026-06-17T00:00:00.000","W","745"
"40750","Harlem-O'Hare","2026-06-17T00:00:00.000","W","1432"
"40760","Granville","2026-06-17T00:00:00.000","W","1931"
"40770","Lawrence","2026-06-17T00:00:00.000","W","1853"
"40780","Central Park","2026-06-17T00:00:00.000","W","703"
"40790","Monroe/Dearborn","2026-06-17T00:00:00.000","W","3846"
"40800","Sedgwick","2026-06-17T00:00:00.000","W","2657"
"40810","Medical Center","2026-06-17T00:00:00.000","W","1714"
"40820","Rosemont","2026-06-17T00:00:00.000","W","3827"
"40830","18th","2026-06-17T00:00:00.000","W","1119"
"40840","South Boulevard","2026-06-17T00:00:00.000","W","457"
"40850","Library","2026-06-17T00:00:00.000","W","2192"
"40870","Francisco","2026-06-17T00:00:00.000","W","913"
"40880","Thorndale","2026-06-17T00:00:00.000","W","1623"
"40890","O'Hare Airport","2026-06-17T00:00:00.000","W","9124"
"40900","Howard","2026-06-17T00:00:00.000","W","3233"
"40910","63rd-Dan Ryan","2026-06-17T00:00:00.000","W","1626"
"40920","Pulaski-Forest Park","2026-06-17T00:00:00.000","W","524"
"40930","Midway Airport","2026-06-17T00:00:00.000","W","4651"
"40940","Halsted/63rd","2026-06-17T00:00:00.000","W","394"
"40960","Pulaski-Orange","2026-06-17T00:00:00.000","W","2583"
"40970","Cicero-Forest Park","2026-06-17T00:00:00.000","W","506"
"40980","Harlem-Forest Park","2026-06-17T00:00:00.000","W","423"
"40990","69th","2026-06-17T00:00:00.000","W","2651"
"41000","Cermak-Chinatown","2026-06-17T00:00:00.000","W","3717"
"41010","Rockwell","2026-06-17T00:00:00.000","W","1052"
"41020","Logan Square","2026-06-17T00:00:00.000","W","4800"
"41030","Polk","2026-06-17T00:00:00.000","W","2232"
"41040","Kedzie-Cermak","2026-06-17T00:00:00.000","W","654"
"41050","Linden","2026-06-17T00:00:00.000","W","754"
"41060","Ashland-Orange","2026-06-17T00:00:00.000","W","986"
"41070","Kedzie-Lake","2026-06-17T00:00:00.000","W","604"
"41080","47th-South Elevated","2026-06-17T00:00:00.000","W","782"
"41090","Monroe/State","2026-06-17T00:00:00.000","W","4185"
"41120","35-Bronzeville-IIT","2026-06-17T00:00:00.000","W","799"
"41130","Halsted-Orange","2026-06-17T00:00:00.000","W","1336"
"41140","King Drive","2026-06-17T00:00:00.000","W","288"
"41150","Kedzie-Midway","2026-06-17T00:00:00.000","W","1954"
"41160","Clinton-Lake","2026-06-17T00:00:00.000","W","3136"
"41170","Garfield-Dan Ryan","2026-06-17T00:00:00.000","W","2009"
"41180","Kedzie-Brown","2026-06-17T00:00:00.000","W","1352"
"41190","Jarvis","2026-06-17T00:00:00.000","W","1094"
"41200","Argyle","2026-06-17T00:00:00.000","W","2020"
"41210","Wellington","2026-06-17T00:00:00.000","W","2163"
"41220","Fullerton","2026-06-17T00:00:00.000","W","6200"
"41230","47th-Dan Ryan","2026-06-17T00:00:00.000","W","1757"
"41240","Addison-O'Hare","2026-06-17T00:00:00.000","W","1878"
"41250","Central-Evanston","2026-06-17T00:00:00.000","W","584"
"41260","Austin-Lake","2026-06-17T00:00:00.000","W","843"
"41270","43rd","2026-06-17T00:00:00.000","W","285"
"41280","Jefferson Park","2026-06-17T00:00:00.000","W","4430"
"41290","Kimball","2026-06-17T00:00:00.000","W","2183"
"41710","Damen-Lake","2026-06-16T00:00:00.000","W","935"
"41700","Washington/Wabash","2026-06-16T00:00:00.000","W","11535"
"41690","Cermak-McCormick Place","2026-06-16T00:00:00.000","W","1787"
"41680","Oakton-Skokie","2026-06-16T00:00:00.000","W","576"
"41670","Conservatory","2026-06-16T00:00:00.000","W","560"
"41660","Lake/State","2026-06-16T00:00:00.000","W","12816"
"41510","Morgan-Lake","2026-06-16T00:00:00.000","W","5124"
"41500","Montrose-Brown","2026-06-16T00:00:00.000","W","1733"
"41490","Harrison","2026-06-16T00:00:00.000","W","2149"
"41480","Western-Brown","2026-06-16T00:00:00.000","W","2008"
"41460","Irving Park-Brown","2026-06-16T00:00:00.000","W","2065"
"41450","Chicago/State","2026-06-16T00:00:00.000","W","8946"
"41440","Addison-Brown","2026-06-16T00:00:00.000","W","1478"
"41430","87th","2026-06-16T00:00:00.000","W","2276"
"41420","Addison-North Main","2026-06-16T00:00:00.000","W","11808"
"41410","Chicago/Milwaukee","2026-06-16T00:00:00.000","W","2291"
"41400","Roosevelt","2026-06-16T00:00:00.000","W","7731"
"41380","Bryn Mawr","2026-06-16T00:00:00.000","W","2798"
"41360","California-Lake","2026-06-16T00:00:00.000","W","828"
"41350","Oak Park-Lake","2026-06-16T00:00:00.000","W","905"
"41340","LaSalle","2026-06-16T00:00:00.000","W","1648"
"41330","Montrose-O'Hare","2026-06-16T00:00:00.000","W","1748"
"41320","Belmont-North Main","2026-06-16T00:00:00.000","W","8945"
"41310","Paulina","2026-06-16T00:00:00.000","W","2060"
"41300","Loyola","2026-06-16T00:00:00.000","W","3029"
"40010","Austin-Forest Park","2026-06-16T00:00:00.000","W","730"
"40020","Harlem-Lake","2026-06-16T00:00:00.000","W","2444"
"40030","Pulaski-Lake","2026-06-16T00:00:00.000","W","1037"
"40040","Quincy/Wells","2026-06-16T00:00:00.000","W","6895"
"40050","Davis","2026-06-16T00:00:00.000","W","2520"
"40060","Belmont-O'Hare","2026-06-16T00:00:00.000","W","3792"
"40070","Jackson/Dearborn","2026-06-16T00:00:00.000","W","4562"
"40080","Sheridan","2026-06-16T00:00:00.000","W","2949"
"40090","Damen-Brown","2026-06-16T00:00:00.000","W","1764"
"40100","Morse","2026-06-16T00:00:00.000","W","2795"
"40120","35th/Archer","2026-06-16T00:00:00.000","W","1912"
"40130","51st","2026-06-16T00:00:00.000","W","650"
"40140","Dempster-Skokie","2026-06-16T00:00:00.000","W","1243"
"40150","Pulaski-Cermak","2026-06-16T00:00:00.000","W","859"
"40160","LaSalle/Van Buren","2026-06-16T00:00:00.000","W","2404"
"40170","Ashland-Lake","2026-06-16T00:00:00.000","W","2025"
"40180","Oak Park-Forest Park","2026-06-16T00:00:00.000","W","737"
"40190","Sox-35th-Dan Ryan","2026-06-16T00:00:00.000","W","2553"
"40210","Damen-Cermak","2026-06-16T00:00:00.000","W","1229"
"40220","Western-Forest Park","2026-06-16T00:00:00.000","W","623"
"40230","Cumberland","2026-06-16T00:00:00.000","W","2687"
"40240","79th","2026-06-16T00:00:00.000","W","3729"
"40250","Kedzie-Homan-Forest Park","2026-06-16T00:00:00.000","W","940"
"40260","State/Lake","2026-06-16T00:00:00.000","W","0"
"40270","Main","2026-06-16T00:00:00.000","W","736"
"40280","Central-Lake","2026-06-16T00:00:00.000","W","1205"
"40290","Ashland/63rd","2026-06-16T00:00:00.000","W","748"
"40300","Indiana","2026-06-16T00:00:00.000","W","715"
"40310","Western-Orange","2026-06-16T00:00:00.000","W","2447"
"40320","Division/Milwaukee","2026-06-16T00:00:00.000","W","4521"
"40330","Grand/State","2026-06-16T00:00:00.000","W","8441"
"40340","Berwyn","2026-06-16T00:00:00.000","W","1955"
"40350","UIC-Halsted","2026-06-16T00:00:00.000","W","2457"
"40360","Southport","2026-06-16T00:00:00.000","W","2856"
"40370","Washington/Dearborn","2026-06-16T00:00:00.000","W","9671"
"40380","Clark/Lake","2026-06-16T00:00:00.000","W","15885"
"40390","Forest Park","2026-06-16T00:00:00.000","W","1260"
"40400","Noyes","2026-06-16T00:00:00.000","W","651"
"40420","Cicero-Cermak","2026-06-16T00:00:00.000","W","708"
"40430","Clinton-Forest Park","2026-06-16T00:00:00.000","W","18"
"40440","California-Cermak","2026-06-16T00:00:00.000","W","990"
"40450","95th/Dan Ryan","2026-06-16T00:00:00.000","W","5989"
"40460","Merchandise Mart","2026-06-16T00:00:00.000","W","7039"
"40470","Racine","2026-06-16T00:00:00.000","W","663"
"40480","Cicero-Lake","2026-06-16T00:00:00.000","W","759"
"40490","Grand/Milwaukee","2026-06-16T00:00:00.000","W","3471"
"40510","Garfield-South Elevated","2026-06-16T00:00:00.000","W","1031"
"40520","Foster","2026-06-16T00:00:00.000","W","577"
"40530","Diversey","2026-06-16T00:00:00.000","W","3918"
"40540","Wilson","2026-06-16T00:00:00.000","W","4918"
"40550","Irving Park-O'Hare","2026-06-16T00:00:00.000","W","2943"
"40560","Jackson/State","2026-06-16T00:00:00.000","W","4378"
"40570","California/Milwaukee","2026-06-16T00:00:00.000","W","3860"
"40580","54th/Cermak","2026-06-16T00:00:00.000","W","1898"
"40590","Damen/Milwaukee","2026-06-16T00:00:00.000","W","4879"
"40600","Kostner","2026-06-16T00:00:00.000","W","271"
"40610","Ridgeland","2026-06-16T00:00:00.000","W","989"
"40630","Clark/Division","2026-06-16T00:00:00.000","W","5765"
"40650","North/Clybourn","2026-06-16T00:00:00.000","W","3923"
"40660","Armitage","2026-06-16T00:00:00.000","W","3355"
"40670","Western/Milwaukee","2026-06-16T00:00:00.000","W","4121"
"40680","Adams/Wabash","2026-06-16T00:00:00.000","W","4477"
"40690","Dempster","2026-06-16T00:00:00.000","W","581"
"40700","Laramie","2026-06-16T00:00:00.000","W","684"
"40710","Chicago/Franklin","2026-06-16T00:00:00.000","W","4848"
"40720","East 63rd-Cottage Grove","2026-06-16T00:00:00.000","W","838"
"40730","Washington/Wells","2026-06-16T00:00:00.000","W","7001"
"40740","Western-Cermak","2026-06-16T00:00:00.000","W","880"
"40750","Harlem-O'Hare","2026-06-16T00:00:00.000","W","1638"
"40760","Granville","2026-06-16T00:00:00.000","W","2246"
"40770","Lawrence","2026-06-16T00:00:00.000","W","1990"
"40780","Central Park","2026-06-16T00:00:00.000","W","786"
"40790","Monroe/Dearborn","2026-06-16T00:00:00.000","W","4405"
"40800","Sedgwick","2026-06-16T00:00:00.000","W","3290"
"40810","Medical Center","2026-06-16T00:00:00.000","W","1658"
"40820","Rosemont","2026-06-16T00:00:00.000","W","4360"
"40830","18th","2026-06-16T00:00:00.000","W","1337"
"40840","South Boulevard","2026-06-16T00:00:00.000","W","493"
"40850","Library","2026-06-16T00:00:00.000","W","2445"
"40870","Francisco","2026-06-16T00:00:00.000","W","1113"
"40880","Thorndale","2026-06-16T00:00:00.000","W","1731"
"40890","O'Hare Airport","2026-06-16T00:00:00.000","W","10284"
"40900","Howard","2026-06-16T00:00:00.000","W","3490"
"40910","63rd-Dan Ryan","2026-06-16T00:00:00.000","W","1898"
"40920","Pulaski-Forest Park","2026-06-16T00:00:00.000","W","597"
"40930","Midway Airport","2026-06-16T00:00:00.000","W","5421"
"40940","Halsted/63rd","2026-06-16T00:00:00.000","W","399"
"40960","Pulaski-Orange","2026-06-16T00:00:00.000","W","3051"
"40970","Cicero-Forest Park","2026-06-16T00:00:00.000","W","593"
"40980","Harlem-Forest Park","2026-06-16T00:00:00.000","W","478"
"40990","69th","2026-06-16T00:00:00.000","W","2898"
"41000","Cermak-Chinatown","2026-06-16T00:00:00.000","W","5073"
"41010","Rockwell","2026-06-16T00:00:00.000","W","1260"
"41020","Logan Square","2026-06-16T00:00:00.000","W","5290"
"41030","Polk","2026-06-16T00:00:00.000","W","2414"
"41040","Kedzie-Cermak","2026-06-16T00:00:00.000","W","803"
"41050","Linden","2026-06-16T00:00:00.000","W","1000"
"41060","Ashland-Orange","2026-06-16T00:00:00.000","W","1310"
"41070","Kedzie-Lake","2026-06-16T00:00:00.000","W","742"
"41080","47th-South Elevated","2026-06-16T00:00:00.000","W","868"
"41090","Monroe/State","2026-06-16T00:00:00.000","W","4781"
"41120","35-Bronzeville-IIT","2026-06-16T00:00:00.000","W","982"
"41130","Halsted-Orange","2026-06-16T00:00:00.000","W","1657"
"41140","King Drive","2026-06-16T00:00:00.000","W","315"
"41150","Kedzie-Midway","2026-06-16T00:00:00.000","W","2289"
"41160","Clinton-Lake","2026-06-16T00:00:00.000","W","3278"
"41170","Garfield-Dan Ryan","2026-06-16T00:00:00.000","W","2309"
"41180","Kedzie-Brown","2026-06-16T00:00:00.000","W","1391"
"41190","Jarvis","2026-06-16T00:00:00.000","W","1133"
"41200","Argyle","2026-06-16T00:00:00.000","W","2131"
"41210","Wellington","2026-06-16T00:00:00.000","W","2425"
"41220","Fullerton","2026-06-16T00:00:00.000","W","7300"
"41230","47th-Dan Ryan","2026-06-16T00:00:00.000","W","1884"
"41240","Addison-O'Hare","2026-06-16T00:00:00.000","W","2081"
"41250","Central-Evanston","2026-06-16T00:00:00.000","W","631"
"41260","Austin-Lake","2026-06-16T00:00:00.000","W","982"
"41270","43rd","2026-06-16T00:00:00.000","W","367"
"41280","Jefferson Park","2026-06-16T00:00:00.000","W","4779"
"41290","Kimball","2026-06-16T00:00:00.000","W","2291"
"41710","Damen-Lake","2026-06-15T00:00:00.000","W","853"
"41700","Washington/Wabash","2026-06-15T00:00:00.000","W","11169"
"41690","Cermak-McCormick Place","2026-06-15T00:00:00.000","W","1840"
"41680","Oakton-Skokie","2026-06-15T00:00:00.000","W","545"
"41670","Conservatory","2026-06-15T00:00:00.000","W","502"
"41660","Lake/State","2026-06-15T00:00:00.000","W","11078"
"41510","Morgan-Lake","2026-06-15T00:00:00.000","W","3886"
"41500","Montrose-Brown","2026-06-15T00:00:00.000","W","1447"
"41490","Harrison","2026-06-15T00:00:00.000","W","2214"
"41480","Western-Brown","2026-06-15T00:00:00.000","W","1659"
"41460","Irving Park-Brown","2026-06-15T00:00:00.000","W","1669"
"41450","Chicago/State","2026-06-15T00:00:00.000","W","7912"
"41440","Addison-Brown","2026-06-15T00:00:00.000","W","1210"
"41430","87th","2026-06-15T00:00:00.000","W","1992"
"41420","Addison-North Main","2026-06-15T00:00:00.000","W","11610"
"41410","Chicago/Milwaukee","2026-06-15T00:00:00.000","W","1898"
"41400","Roosevelt","2026-06-15T00:00:00.000","W","7106"
"41380","Bryn Mawr","2026-06-15T00:00:00.000","W","2700"
"41360","California-Lake","2026-06-15T00:00:00.000","W","784"
"41350","Oak Park-Lake","2026-06-15T00:00:00.000","W","761"
"41340","LaSalle","2026-06-15T00:00:00.000","W","1426"
"41330","Montrose-O'Hare","2026-06-15T00:00:00.000","W","1665"
"41320","Belmont-North Main","2026-06-15T00:00:00.000","W","7597"
"41310","Paulina","2026-06-15T00:00:00.000","W","1666"
"41300","Loyola","2026-06-15T00:00:00.000","W","2792"
"40010","Austin-Forest Park","2026-06-15T00:00:00.000","W","687"
"40020","Harlem-Lake","2026-06-15T00:00:00.000","W","2277"
"40030","Pulaski-Lake","2026-06-15T00:00:00.000","W","1002"
"40040","Quincy/Wells","2026-06-15T00:00:00.000","W","5278"
"40050","Davis","2026-06-15T00:00:00.000","W","2367"
"40060","Belmont-O'Hare","2026-06-15T00:00:00.000","W","3395"
"40070","Jackson/Dearborn","2026-06-15T00:00:00.000","W","4019"
"40080","Sheridan","2026-06-15T00:00:00.000","W","2880"
"40090","Damen-Brown","2026-06-15T00:00:00.000","W","1506"
"40100","Morse","2026-06-15T00:00:00.000","W","2586"
"40120","35th/Archer","2026-06-15T00:00:00.000","W","1697"
"40130","51st","2026-06-15T00:00:00.000","W","588"
"40140","Dempster-Skokie","2026-06-15T00:00:00.000","W","1276"
"40150","Pulaski-Cermak","2026-06-15T00:00:00.000","W","838"
"40160","LaSalle/Van Buren","2026-06-15T00:00:00.000","W","1884"
"40170","Ashland-Lake","2026-06-15T00:00:00.000","W","1740"
"40180","Oak Park-Forest Park","2026-06-15T00:00:00.000","W","621"
"40190","Sox-35th-Dan Ryan","2026-06-15T00:00:00.000","W","2384"
"40210","Damen-Cermak","2026-06-15T00:00:00.000","W","1127"
"40220","Western-Forest Park","2026-06-15T00:00:00.000","W","572"
"40230","Cumberland","2026-06-15T00:00:00.000","W","2390"
"40240","79th","2026-06-15T00:00:00.000","W","3522"
"40250","Kedzie-Homan-Forest Park","2026-06-15T00:00:00.000","W","830"
"40260","State/Lake","2026-06-15T00:00:00.000","W","0"
"40270","Main","2026-06-15T00:00:00.000","W","728"
"40280","Central-Lake","2026-06-15T00:00:00.000","W","1348"
"40290","Ashland/63rd","2026-06-15T00:00:00.000","W","654"
"40300","Indiana","2026-06-15T00:00:00.000","W","655"
"40310","Western-Orange","2026-06-15T00:00:00.000","W","2405"
"40320","Division/Milwaukee","2026-06-15T00:00:00.000","W","3779"
"40330","Grand/State","2026-06-15T00:00:00.000","W","8098"
"40340","Berwyn","2026-06-15T00:00:00.000","W","1887"
"40350","UIC-Halsted","2026-06-15T00:00:00.000","W","2215"
"40360","Southport","2026-06-15T00:00:00.000","W","2505"
"40370","Washington/Dearborn","2026-06-15T00:00:00.000","W","8875"
"40380","Clark/Lake","2026-06-15T00:00:00.000","W","12896"
"40390","Forest Park","2026-06-15T00:00:00.000","W","1252"
"40400","Noyes","2026-06-15T00:00:00.000","W","704"
"40420","Cicero-Cermak","2026-06-15T00:00:00.000","W","703"
"40430","Clinton-Forest Park","2026-06-15T00:00:00.000","W","1743"
"40440","California-Cermak","2026-06-15T00:00:00.000","W","970"
"40450","95th/Dan Ryan","2026-06-15T00:00:00.000","W","5930"
"40460","Merchandise Mart","2026-06-15T00:00:00.000","W","5166"
"40470","Racine","2026-06-15T00:00:00.000","W","595"
"40480","Cicero-Lake","2026-06-15T00:00:00.000","W","692"
"40490","Grand/Milwaukee","2026-06-15T00:00:00.000","W","2812"
"40510","Garfield-South Elevated","2026-06-15T00:00:00.000","W","896"
"40520","Foster","2026-06-15T00:00:00.000","W","621"
"40530","Diversey","2026-06-15T00:00:00.000","W","3167"
"40540","Wilson","2026-06-15T00:00:00.000","W","4631"
"40550","Irving Park-O'Hare","2026-06-15T00:00:00.000","W","2575"
"40560","Jackson/State","2026-06-15T00:00:00.000","W","3970"
"40570","California/Milwaukee","2026-06-15T00:00:00.000","W","3204"
"40580","54th/Cermak","2026-06-15T00:00:00.000","W","1727"
"40590","Damen/Milwaukee","2026-06-15T00:00:00.000","W","4162"
"40600","Kostner","2026-06-15T00:00:00.000","W","265"
"40610","Ridgeland","2026-06-15T00:00:00.000","W","816"
"40630","Clark/Division","2026-06-15T00:00:00.000","W","4948"
"40650","North/Clybourn","2026-06-15T00:00:00.000","W","3396"
"40660","Armitage","2026-06-15T00:00:00.000","W","2918"
"40670","Western/Milwaukee","2026-06-15T00:00:00.000","W","3427"
"40680","Adams/Wabash","2026-06-15T00:00:00.000","W","4323"
"40690","Dempster","2026-06-15T00:00:00.000","W","573"
"40700","Laramie","2026-06-15T00:00:00.000","W","726"
"40710","Chicago/Franklin","2026-06-15T00:00:00.000","W","4237"
"40720","East 63rd-Cottage Grove","2026-06-15T00:00:00.000","W","812"
"40730","Washington/Wells","2026-06-15T00:00:00.000","W","5627"
"40740","Western-Cermak","2026-06-15T00:00:00.000","W","792"
"40750","Harlem-O'Hare","2026-06-15T00:00:00.000","W","1539"
"40760","Granville","2026-06-15T00:00:00.000","W","2121"
"40770","Lawrence","2026-06-15T00:00:00.000","W","1971"
"40780","Central Park","2026-06-15T00:00:00.000","W","750"
"40790","Monroe/Dearborn","2026-06-15T00:00:00.000","W","3546"
"40800","Sedgwick","2026-06-15T00:00:00.000","W","2586"
"40810","Medical Center","2026-06-15T00:00:00.000","W","1522"
"40820","Rosemont","2026-06-15T00:00:00.000","W","4263"
"40830","18th","2026-06-15T00:00:00.000","W","1277"
"40840","South Boulevard","2026-06-15T00:00:00.000","W","460"
"40850","Library","2026-06-15T00:00:00.000","W","2323"
"40870","Francisco","2026-06-15T00:00:00.000","W","857"
"40880","Thorndale","2026-06-15T00:00:00.000","W","1707"
"40890","O'Hare Airport","2026-06-15T00:00:00.000","W","11183"
"40900","Howard","2026-06-15T00:00:00.000","W","3400"
"40910","63rd-Dan Ryan","2026-06-15T00:00:00.000","W","1755"
"40920","Pulaski-Forest Park","2026-06-15T00:00:00.000","W","634"
"40930","Midway Airport","2026-06-15T00:00:00.000","W","5365"
"40940","Halsted/63rd","2026-06-15T00:00:00.000","W","383"
"40960","Pulaski-Orange","2026-06-15T00:00:00.000","W","2781"
"40970","Cicero-Forest Park","2026-06-15T00:00:00.000","W","514"
"40980","Harlem-Forest Park","2026-06-15T00:00:00.000","W","370"
"40990","69th","2026-06-15T00:00:00.000","W","2860"
"41000","Cermak-Chinatown","2026-06-15T00:00:00.000","W","5399"
"41010","Rockwell","2026-06-15T00:00:00.000","W","1116"
"41020","Logan Square","2026-06-15T00:00:00.000","W","4571"
"41030","Polk","2026-06-15T00:00:00.000","W","2315"
"41040","Kedzie-Cermak","2026-06-15T00:00:00.000","W","747"
"41050","Linden","2026-06-15T00:00:00.000","W","826"
"41060","Ashland-Orange","2026-06-15T00:00:00.000","W","1157"
"41070","Kedzie-Lake","2026-06-15T00:00:00.000","W","666"
"41080","47th-South Elevated","2026-06-15T00:00:00.000","W","798"
"41090","Monroe/State","2026-06-15T00:00:00.000","W","4384"
"41120","35-Bronzeville-IIT","2026-06-15T00:00:00.000","W","915"
"41130","Halsted-Orange","2026-06-15T00:00:00.000","W","1478"
"41140","King Drive","2026-06-15T00:00:00.000","W","328"
"41150","Kedzie-Midway","2026-06-15T00:00:00.000","W","2139"
"41160","Clinton-Lake","2026-06-15T00:00:00.000","W","2670"
"41170","Garfield-Dan Ryan","2026-06-15T00:00:00.000","W","2271"
"41180","Kedzie-Brown","2026-06-15T00:00:00.000","W","1301"
"41190","Jarvis","2026-06-15T00:00:00.000","W","1137"
"41200","Argyle","2026-06-15T00:00:00.000","W","2010"
"41210","Wellington","2026-06-15T00:00:00.000","W","1931"
"41220","Fullerton","2026-06-15T00:00:00.000","W","6615"
"41230","47th-Dan Ryan","2026-06-15T00:00:00.000","W","1958"
"41240","Addison-O'Hare","2026-06-15T00:00:00.000","W","1861"
"41250","Central-Evanston","2026-06-15T00:00:00.000","W","690"
"41260","Austin-Lake","2026-06-15T00:00:00.000","W","937"
"41270","43rd","2026-06-15T00:00:00.000","W","387"
"41280","Jefferson Park","2026-06-15T00:00:00.000","W","4364"
"41290","Kimball","2026-06-15T00:00:00.000","W","2198"
"41710","Damen-Lake","2026-06-14T00:00:00.000","U","810"
"41700","Washington/Wabash","2026-06-14T00:00:00.000","U","9845"
"41690","Cermak-McCormick Place","2026-06-14T00:00:00.000","U","1864"
"41680","Oakton-Skokie","2026-06-14T00:00:00.000","U","232"
"41670","Conservatory","2026-06-14T00:00:00.000","U","423"
"41660","Lake/State","2026-06-14T00:00:00.000","U","126"
"41510","Morgan-Lake","2026-06-14T00:00:00.000","U","3041"
"41500","Montrose-Brown","2026-06-14T00:00:00.000","U","926"
"41490","Harrison","2026-06-14T00:00:00.000","U","25"
"41480","Western-Brown","2026-06-14T00:00:00.000","U","0"
"41460","Irving Park-Brown","2026-06-14T00:00:00.000","U","959"
"41450","Chicago/State","2026-06-14T00:00:00.000","U","70"
"41440","Addison-Brown","2026-06-14T00:00:00.000","U","668"
"41430","87th","2026-06-14T00:00:00.000","U","1304"
"41420","Addison-North Main","2026-06-14T00:00:00.000","U","3512"
"41410","Chicago/Milwaukee","2026-06-14T00:00:00.000","U","1292"
"41400","Roosevelt","2026-06-14T00:00:00.000","U","5456"
"41380","Bryn Mawr","2026-06-14T00:00:00.000","U","2152"
"41360","California-Lake","2026-06-14T00:00:00.000","U","397"
"41350","Oak Park-Lake","2026-06-14T00:00:00.000","U","421"
"41340","LaSalle","2026-06-14T00:00:00.000","U","973"
"41330","Montrose-O'Hare","2026-06-14T00:00:00.000","U","830"
"41320","Belmont-North Main","2026-06-14T00:00:00.000","U","5610"
"41310","Paulina","2026-06-14T00:00:00.000","U","991"
"41300","Loyola","2026-06-14T00:00:00.000","U","1840"
"40010","Austin-Forest Park","2026-06-14T00:00:00.000","U","276"
"40020","Harlem-Lake","2026-06-14T00:00:00.000","U","1346"
"40030","Pulaski-Lake","2026-06-14T00:00:00.000","U","651"
"40040","Quincy/Wells","2026-06-14T00:00:00.000","U","1434"
"40050","Davis","2026-06-14T00:00:00.000","U","1257"
"40060","Belmont-O'Hare","2026-06-14T00:00:00.000","U","2223"
"40070","Jackson/Dearborn","2026-06-14T00:00:00.000","U","2507"
"40080","Sheridan","2026-06-14T00:00:00.000","U","2264"
"40090","Damen-Brown","2026-06-14T00:00:00.000","U","1455"
"40100","Morse","2026-06-14T00:00:00.000","U","2039"
"40120","35th/Archer","2026-06-14T00:00:00.000","U","817"
"40130","51st","2026-06-14T00:00:00.000","U","441"
"40140","Dempster-Skokie","2026-06-14T00:00:00.000","U","494"
"40150","Pulaski-Cermak","2026-06-14T00:00:00.000","U","348"
"40160","LaSalle/Van Buren","2026-06-14T00:00:00.000","U","659"
"40170","Ashland-Lake","2026-06-14T00:00:00.000","U","1067"
"40180","Oak Park-Forest Park","2026-06-14T00:00:00.000","U","227"
"40190","Sox-35th-Dan Ryan","2026-06-14T00:00:00.000","U","7209"
"40210","Damen-Cermak","2026-06-14T00:00:00.000","U","702"
"40220","Western-Forest Park","2026-06-14T00:00:00.000","U","404"
"40230","Cumberland","2026-06-14T00:00:00.000","U","1345"
"40240","79th","2026-06-14T00:00:00.000","U","2273"
"40250","Kedzie-Homan-Forest Park","2026-06-14T00:00:00.000","U","561"
"40260","State/Lake","2026-06-14T00:00:00.000","U","0"
"40270","Main","2026-06-14T00:00:00.000","U","414"
"40280","Central-Lake","2026-06-14T00:00:00.000","U","696"
"40290","Ashland/63rd","2026-06-14T00:00:00.000","U","450"
"40300","Indiana","2026-06-14T00:00:00.000","U","574"
"40310","Western-Orange","2026-06-14T00:00:00.000","U","1079"
"40320","Division/Milwaukee","2026-06-14T00:00:00.000","U","2706"
"40330","Grand/State","2026-06-14T00:00:00.000","U","62"
"40340","Berwyn","2026-06-14T00:00:00.000","U","1991"
"40350","UIC-Halsted","2026-06-14T00:00:00.000","U","1277"
"40360","Southport","2026-06-14T00:00:00.000","U","1571"
"40370","Washington/Dearborn","2026-06-14T00:00:00.000","U","4527"
"40380","Clark/Lake","2026-06-14T00:00:00.000","U","10593"
"40390","Forest Park","2026-06-14T00:00:00.000","U","610"
"40400","Noyes","2026-06-14T00:00:00.000","U","303"
"40420","Cicero-Cermak","2026-06-14T00:00:00.000","U","482"
"40430","Clinton-Forest Park","2026-06-14T00:00:00.000","U","751"
"40440","California-Cermak","2026-06-14T00:00:00.000","U","539"
"40450","95th/Dan Ryan","2026-06-14T00:00:00.000","U","3648"
"40460","Merchandise Mart","2026-06-14T00:00:00.000","U","2764"
"40470","Racine","2026-06-14T00:00:00.000","U","347"
"40480","Cicero-Lake","2026-06-14T00:00:00.000","U","431"
"40490","Grand/Milwaukee","2026-06-14T00:00:00.000","U","2370"
"40510","Garfield-South Elevated","2026-06-14T00:00:00.000","U","572"
"40520","Foster","2026-06-14T00:00:00.000","U","345"
"40530","Diversey","2026-06-14T00:00:00.000","U","1730"
"40540","Wilson","2026-06-14T00:00:00.000","U","2758"
"40550","Irving Park-O'Hare","2026-06-14T00:00:00.000","U","1619"
"40560","Jackson/State","2026-06-14T00:00:00.000","U","154"
"40570","California/Milwaukee","2026-06-14T00:00:00.000","U","2135"
"40580","54th/Cermak","2026-06-14T00:00:00.000","U","1125"
"40590","Damen/Milwaukee","2026-06-14T00:00:00.000","U","3582"
"40600","Kostner","2026-06-14T00:00:00.000","U","130"
"40610","Ridgeland","2026-06-14T00:00:00.000","U","300"
"40630","Clark/Division","2026-06-14T00:00:00.000","U","107"
"40650","North/Clybourn","2026-06-14T00:00:00.000","U","36"
"40660","Armitage","2026-06-14T00:00:00.000","U","2656"
"40670","Western/Milwaukee","2026-06-14T00:00:00.000","U","2033"
"40680","Adams/Wabash","2026-06-14T00:00:00.000","U","4298"
"40690","Dempster","2026-06-14T00:00:00.000","U","394"
"40700","Laramie","2026-06-14T00:00:00.000","U","324"
"40710","Chicago/Franklin","2026-06-14T00:00:00.000","U","4793"
"40720","East 63rd-Cottage Grove","2026-06-14T00:00:00.000","U","485"
"40730","Washington/Wells","2026-06-14T00:00:00.000","U","1073"
"40740","Western-Cermak","2026-06-14T00:00:00.000","U","448"
"40750","Harlem-O'Hare","2026-06-14T00:00:00.000","U","819"
"40760","Granville","2026-06-14T00:00:00.000","U","1511"
"40770","Lawrence","2026-06-14T00:00:00.000","U","1494"
"40780","Central Park","2026-06-14T00:00:00.000","U","444"
"40790","Monroe/Dearborn","2026-06-14T00:00:00.000","U","1386"
"40800","Sedgwick","2026-06-14T00:00:00.000","U","4107"
"40810","Medical Center","2026-06-14T00:00:00.000","U","533"
"40820","Rosemont","2026-06-14T00:00:00.000","U","3092"
"40830","18th","2026-06-14T00:00:00.000","U","896"
"40840","South Boulevard","2026-06-14T00:00:00.000","U","235"
"40850","Library","2026-06-14T00:00:00.000","U","1627"
"40870","Francisco","2026-06-14T00:00:00.000","U","541"
"40880","Thorndale","2026-06-14T00:00:00.000","U","1199"
"40890","O'Hare Airport","2026-06-14T00:00:00.000","U","10006"
"40900","Howard","2026-06-14T00:00:00.000","U","2344"
"40910","63rd-Dan Ryan","2026-06-14T00:00:00.000","U","1089"
"40920","Pulaski-Forest Park","2026-06-14T00:00:00.000","U","437"
"40930","Midway Airport","2026-06-14T00:00:00.000","U","2921"
"40940","Halsted/63rd","2026-06-14T00:00:00.000","U","220"
"40960","Pulaski-Orange","2026-06-14T00:00:00.000","U","1266"
"40970","Cicero-Forest Park","2026-06-14T00:00:00.000","U","289"
"40980","Harlem-Forest Park","2026-06-14T00:00:00.000","U","173"
"40990","69th","2026-06-14T00:00:00.000","U","1668"
"41000","Cermak-Chinatown","2026-06-14T00:00:00.000","U","6066"
"41010","Rockwell","2026-06-14T00:00:00.000","U","793"
"41020","Logan Square","2026-06-14T00:00:00.000","U","3466"
"41030","Polk","2026-06-14T00:00:00.000","U","549"
"41040","Kedzie-Cermak","2026-06-14T00:00:00.000","U","390"
"41050","Linden","2026-06-14T00:00:00.000","U","320"
"41060","Ashland-Orange","2026-06-14T00:00:00.000","U","605"
"41070","Kedzie-Lake","2026-06-14T00:00:00.000","U","393"
"41080","47th-South Elevated","2026-06-14T00:00:00.000","U","475"
"41090","Monroe/State","2026-06-14T00:00:00.000","U","86"
"41120","35-Bronzeville-IIT","2026-06-14T00:00:00.000","U","1644"
"41130","Halsted-Orange","2026-06-14T00:00:00.000","U","948"
"41140","King Drive","2026-06-14T00:00:00.000","U","216"
"41150","Kedzie-Midway","2026-06-14T00:00:00.000","U","1092"
"41160","Clinton-Lake","2026-06-14T00:00:00.000","U","1271"
"41170","Garfield-Dan Ryan","2026-06-14T00:00:00.000","U","1256"
"41180","Kedzie-Brown","2026-06-14T00:00:00.000","U","896"
"41190","Jarvis","2026-06-14T00:00:00.000","U","853"
"41200","Argyle","2026-06-14T00:00:00.000","U","1700"
"41210","Wellington","2026-06-14T00:00:00.000","U","1017"
"41220","Fullerton","2026-06-14T00:00:00.000","U","5242"
"41230","47th-Dan Ryan","2026-06-14T00:00:00.000","U","1279"
"41240","Addison-O'Hare","2026-06-14T00:00:00.000","U","931"
"41250","Central-Evanston","2026-06-14T00:00:00.000","U","353"
"41260","Austin-Lake","2026-06-14T00:00:00.000","U","491"
"41270","43rd","2026-06-14T00:00:00.000","U","7"
"41280","Jefferson Park","2026-06-14T00:00:00.000","U","2665"
"41290","Kimball","2026-06-14T00:00:00.000","U","1395"
"41710","Damen-Lake","2026-06-13T00:00:00.000","A","633"
"41700","Washington/Wabash","2026-06-13T00:00:00.000","A","13047"
"41690","Cermak-McCormick Place","2026-06-13T00:00:00.000","A","2882"
"41680","Oakton-Skokie","2026-06-13T00:00:00.000","A","289"
"41670","Conservatory","2026-06-13T00:00:00.000","A","532"
"41660","Lake/State","2026-06-13T00:00:00.000","A","151"
"41510","Morgan-Lake","2026-06-13T00:00:00.000","A","4477"
"41500","Montrose-Brown","2026-06-13T00:00:00.000","A","1374"
"41490","Harrison","2026-06-13T00:00:00.000","A","49"
"41480","Western-Brown","2026-06-13T00:00:00.000","A","1"
"41460","Irving Park-Brown","2026-06-13T00:00:00.000","A","1649"
"41450","Chicago/State","2026-06-13T00:00:00.000","A","108"
"41440","Addison-Brown","2026-06-13T00:00:00.000","A","1148"
"40010","Austin-Forest Park","2026-06-13T00:00:00.000","A","362"
"40020","Harlem-Lake","2026-06-13T00:00:00.000","A","1857"
"40030","Pulaski-Lake","2026-06-13T00:00:00.000","A","894"
"40040","Quincy/Wells","2026-06-13T00:00:00.000","A","1892"
"40050","Davis","2026-06-13T00:00:00.000","A","1801"
"40060","Belmont-O'Hare","2026-06-13T00:00:00.000","A","2734"
"40070","Jackson/Dearborn","2026-06-13T00:00:00.000","A","3465"
"40080","Sheridan","2026-06-13T00:00:00.000","A","3412"
"40090","Damen-Brown","2026-06-13T00:00:00.000","A","2298"
"40100","Morse","2026-06-13T00:00:00.000","A","2722"
"40120","35th/Archer","2026-06-13T00:00:00.000","A","1138"
"40130","51st","2026-06-13T00:00:00.000","A","579"
"40140","Dempster-Skokie","2026-06-13T00:00:00.000","A","711"
"40150","Pulaski-Cermak","2026-06-13T00:00:00.000","A","526"
"40160","LaSalle/Van Buren","2026-06-13T00:00:00.000","A","915"
"40170","Ashland-Lake","2026-06-13T00:00:00.000","A","1432"
"40180","Oak Park-Forest Park","2026-06-13T00:00:00.000","A","293"
"40190","Sox-35th-Dan Ryan","2026-06-13T00:00:00.000","A","7241"
"40210","Damen-Cermak","2026-06-13T00:00:00.000","A","918"
"40220","Western-Forest Park","2026-06-13T00:00:00.000","A","528"
"40230","Cumberland","2026-06-13T00:00:00.000","A","1796"
"40240","79th","2026-06-13T00:00:00.000","A","2893"
"40250","Kedzie-Homan-Forest Park","2026-06-13T00:00:00.000","A","666"
"40260","State/Lake","2026-06-13T00:00:00.000","A","0"
"40270","Main","2026-06-13T00:00:00.000","A","634"
"40280","Central-Lake","2026-06-13T00:00:00.000","A","961"
"40290","Ashland/63rd","2026-06-13T00:00:00.000","A","530"
"40300","Indiana","2026-06-13T00:00:00.000","A","779"
"40310","Western-Orange","2026-06-13T00:00:00.000","A","1476"
"40320","Division/Milwaukee","2026-06-13T00:00:00.000","A","3592"
"40330","Grand/State","2026-06-13T00:00:00.000","A","205"
"40340","Berwyn","2026-06-13T00:00:00.000","A","2918"
"40350","UIC-Halsted","2026-06-13T00:00:00.000","A","1659"
"40360","Southport","2026-06-13T00:00:00.000","A","2675"
"40370","Washington/Dearborn","2026-06-13T00:00:00.000","A","5591"
"40380","Clark/Lake","2026-06-13T00:00:00.000","A","13603"
"40390","Forest Park","2026-06-13T00:00:00.000","A","768"
"40400","Noyes","2026-06-13T00:00:00.000","A","468"
"40420","Cicero-Cermak","2026-06-13T00:00:00.000","A","789"
"40430","Clinton-Forest Park","2026-06-13T00:00:00.000","A","897"
"40440","California-Cermak","2026-06-13T00:00:00.000","A","645"
"40450","95th/Dan Ryan","2026-06-13T00:00:00.000","A","4442"
"40460","Merchandise Mart","2026-06-13T00:00:00.000","A","4318"
"40470","Racine","2026-06-13T00:00:00.000","A","431"
"40480","Cicero-Lake","2026-06-13T00:00:00.000","A","566"
"40490","Grand/Milwaukee","2026-06-13T00:00:00.000","A","2959"
"40510","Garfield-South Elevated","2026-06-13T00:00:00.000","A","734"
"40520","Foster","2026-06-13T00:00:00.000","A","552"
"40530","Diversey","2026-06-13T00:00:00.000","A","2908"
"40540","Wilson","2026-06-13T00:00:00.000","A","4215"
"40550","Irving Park-O'Hare","2026-06-13T00:00:00.000","A","2112"
"40560","Jackson/State","2026-06-13T00:00:00.000","A","168"
"40570","California/Milwaukee","2026-06-13T00:00:00.000","A","3218"
"40580","54th/Cermak","2026-06-13T00:00:00.000","A","1301"
"40590","Damen/Milwaukee","2026-06-13T00:00:00.000","A","4752"
"40600","Kostner","2026-06-13T00:00:00.000","A","194"
"40610","Ridgeland","2026-06-13T00:00:00.000","A","529"
"40630","Clark/Division","2026-06-13T00:00:00.000","A","143"
"40650","North/Clybourn","2026-06-13T00:00:00.000","A","49"
"40660","Armitage","2026-06-13T00:00:00.000","A","4130"
"40670","Western/Milwaukee","2026-06-13T00:00:00.000","A","3014"
"40680","Adams/Wabash","2026-06-13T00:00:00.000","A","6372"
"40690","Dempster","2026-06-13T00:00:00.000","A","513"
"40700","Laramie","2026-06-13T00:00:00.000","A","517"
"40710","Chicago/Franklin","2026-06-13T00:00:00.000","A","6904"
"40720","East 63rd-Cottage Grove","2026-06-13T00:00:00.000","A","643"
"40730","Washington/Wells","2026-06-13T00:00:00.000","A","1530"
"40740","Western-Cermak","2026-06-13T00:00:00.000","A","638"
"40750","Harlem-O'Hare","2026-06-13T00:00:00.000","A","998"
"40760","Granville","2026-06-13T00:00:00.000","A","1959"
"40770","Lawrence","2026-06-13T00:00:00.000","A","1969"
"40780","Central Park","2026-06-13T00:00:00.000","A","488"
"40790","Monroe/Dearborn","2026-06-13T00:00:00.000","A","1481"
"40800","Sedgwick","2026-06-13T00:00:00.000","A","6922"
"40810","Medical Center","2026-06-13T00:00:00.000","A","693"
"40820","Rosemont","2026-06-13T00:00:00.000","A","3792"
"40830","18th","2026-06-13T00:00:00.000","A","1188"
"40840","South Boulevard","2026-06-13T00:00:00.000","A","308"
"40850","Library","2026-06-13T00:00:00.000","A","2642"
"40870","Francisco","2026-06-13T00:00:00.000","A","755"
"40880","Thorndale","2026-06-13T00:00:00.000","A","1614"
"40890","O'Hare Airport","2026-06-13T00:00:00.000","A","9783"
"40900","Howard","2026-06-13T00:00:00.000","A","3004"
"40910","63rd-Dan Ryan","2026-06-13T00:00:00.000","A","1436"
"40920","Pulaski-Forest Park","2026-06-13T00:00:00.000","A","476"
"40930","Midway Airport","2026-06-13T00:00:00.000","A","3760"
"40940","Halsted/63rd","2026-06-13T00:00:00.000","A","245"
"40960","Pulaski-Orange","2026-06-13T00:00:00.000","A","1684"
"40970","Cicero-Forest Park","2026-06-13T00:00:00.000","A","352"
"40980","Harlem-Forest Park","2026-06-13T00:00:00.000","A","316"
"40990","69th","2026-06-13T00:00:00.000","A","2397"
"41000","Cermak-Chinatown","2026-06-13T00:00:00.000","A","7694"
"41010","Rockwell","2026-06-13T00:00:00.000","A","1282"
"41020","Logan Square","2026-06-13T00:00:00.000","A","3930"
"41030","Polk","2026-06-13T00:00:00.000","A","726"
"41040","Kedzie-Cermak","2026-06-13T00:00:00.000","A","536"
"41050","Linden","2026-06-13T00:00:00.000","A","449"
"41060","Ashland-Orange","2026-06-13T00:00:00.000","A","834"
"41070","Kedzie-Lake","2026-06-13T00:00:00.000","A","559"
"41080","47th-South Elevated","2026-06-13T00:00:00.000","A","642"
"41090","Monroe/State","2026-06-13T00:00:00.000","A","116"
"41120","35-Bronzeville-IIT","2026-06-13T00:00:00.000","A","2419"
"41130","Halsted-Orange","2026-06-13T00:00:00.000","A","1118"
"41140","King Drive","2026-06-13T00:00:00.000","A","263"
"41150","Kedzie-Midway","2026-06-13T00:00:00.000","A","1457"
"41160","Clinton-Lake","2026-06-13T00:00:00.000","A","1831"
"41170","Garfield-Dan Ryan","2026-06-13T00:00:00.000","A","1797"
"41180","Kedzie-Brown","2026-06-13T00:00:00.000","A","1164"
"41190","Jarvis","2026-06-13T00:00:00.000","A","1176"
"41200","Argyle","2026-06-13T00:00:00.000","A","2518"
"41210","Wellington","2026-06-13T00:00:00.000","A","1512"
"41220","Fullerton","2026-06-13T00:00:00.000","A","7862"
"41230","47th-Dan Ryan","2026-06-13T00:00:00.000","A","1671"
"41240","Addison-O'Hare","2026-06-13T00:00:00.000","A","1232"
"41250","Central-Evanston","2026-06-13T00:00:00.000","A","473"
"41260","Austin-Lake","2026-06-13T00:00:00.000","A","609"
"41270","43rd","2026-06-13T00:00:00.000","A","23"
"41280","Jefferson Park","2026-06-13T00:00:00.000","A","3337"
"41290","Kimball","2026-06-13T00:00:00.000","A","1801"
"41300","Loyola","2026-06-13T00:00:00.000","A","2631"
"41310","Paulina","2026-06-13T00:00:00.000","A","1652"
"41320","Belmont-North Main","2026-06-13T00:00:00.000","A","8429"
"41330","Montrose-O'Hare","2026-06-13T00:00:00.000","A","1225"
"41340","LaSalle","2026-06-13T00:00:00.000","A","1230"
"41350","Oak Park-Lake","2026-06-13T00:00:00.000","A","555"
"41360","California-Lake","2026-06-13T00:00:00.000","A","510"
"41380","Bryn Mawr","2026-06-13T00:00:00.000","A","3145"
"41400","Roosevelt","2026-06-13T00:00:00.000","A","8543"
"41410","Chicago/Milwaukee","2026-06-13T00:00:00.000","A","1725"
"41420","Addison-North Main","2026-06-13T00:00:00.000","A","6335"
"41430","87th","2026-06-13T00:00:00.000","A","1702"
"41710","Damen-Lake","2026-06-12T00:00:00.000","W","879"
"41700","Washington/Wabash","2026-06-12T00:00:00.000","W","11442"
"41690","Cermak-McCormick Place","2026-06-12T00:00:00.000","W","1736"
"41680","Oakton-Skokie","2026-06-12T00:00:00.000","W","498"
"41670","Conservatory","2026-06-12T00:00:00.000","W","639"
"41660","Lake/State","2026-06-12T00:00:00.000","W","12085"
"41510","Morgan-Lake","2026-06-12T00:00:00.000","W","4558"
"41500","Montrose-Brown","2026-06-12T00:00:00.000","W","1759"
"41490","Harrison","2026-06-12T00:00:00.000","W","2991"
"41480","Western-Brown","2026-06-12T00:00:00.000","W","1853"
"41460","Irving Park-Brown","2026-06-12T00:00:00.000","W","1778"
"41450","Chicago/State","2026-06-12T00:00:00.000","W","9845"
"41440","Addison-Brown","2026-06-12T00:00:00.000","W","1245"
"40010","Austin-Forest Park","2026-06-12T00:00:00.000","W","683"
"40020","Harlem-Lake","2026-06-12T00:00:00.000","W","2336"
"40030","Pulaski-Lake","2026-06-12T00:00:00.000","W","1071"
"40040","Quincy/Wells","2026-06-12T00:00:00.000","W","3792"
"40050","Davis","2026-06-12T00:00:00.000","W","2490"
"40060","Belmont-O'Hare","2026-06-12T00:00:00.000","W","3725"
"40070","Jackson/Dearborn","2026-06-12T00:00:00.000","W","4252"
"40080","Sheridan","2026-06-12T00:00:00.000","W","3503"
"40090","Damen-Brown","2026-06-12T00:00:00.000","W","1712"
"40100","Morse","2026-06-12T00:00:00.000","W","3115"
"40120","35th/Archer","2026-06-12T00:00:00.000","W","1774"
"40130","51st","2026-06-12T00:00:00.000","W","627"
"40140","Dempster-Skokie","2026-06-12T00:00:00.000","W","1089"
"40150","Pulaski-Cermak","2026-06-12T00:00:00.000","W","763"
"40160","LaSalle/Van Buren","2026-06-12T00:00:00.000","W","1660"
"40170","Ashland-Lake","2026-06-12T00:00:00.000","W","1903"
"40180","Oak Park-Forest Park","2026-06-12T00:00:00.000","W","591"
"40190","Sox-35th-Dan Ryan","2026-06-12T00:00:00.000","W","9800"
"40210","Damen-Cermak","2026-06-12T00:00:00.000","W","1210"
"40220","Western-Forest Park","2026-06-12T00:00:00.000","W","558"
"40230","Cumberland","2026-06-12T00:00:00.000","W","2652"
"40240","79th","2026-06-12T00:00:00.000","W","4033"
"40250","Kedzie-Homan-Forest Park","2026-06-12T00:00:00.000","W","875"
"40260","State/Lake","2026-06-12T00:00:00.000","W","0"
"40270","Main","2026-06-12T00:00:00.000","W","766"
"40280","Central-Lake","2026-06-12T00:00:00.000","W","1342"
"40290","Ashland/63rd","2026-06-12T00:00:00.000","W","712"
"40300","Indiana","2026-06-12T00:00:00.000","W","484"
"40310","Western-Orange","2026-06-12T00:00:00.000","W","2403"
"40320","Division/Milwaukee","2026-06-12T00:00:00.000","W","4236"
"40330","Grand/State","2026-06-12T00:00:00.000","W","9289"
"40340","Berwyn","2026-06-12T00:00:00.000","W","2329"
"40350","UIC-Halsted","2026-06-12T00:00:00.000","W","2243"
"40360","Southport","2026-06-12T00:00:00.000","W","2866"
"40370","Washington/Dearborn","2026-06-12T00:00:00.000","W","8815"
"40380","Clark/Lake","2026-06-12T00:00:00.000","W","12799"
"40390","Forest Park","2026-06-12T00:00:00.000","W","1190"
"40400","Noyes","2026-06-12T00:00:00.000","W","734"
"40420","Cicero-Cermak","2026-06-12T00:00:00.000","W","766"
"40430","Clinton-Forest Park","2026-06-12T00:00:00.000","W","1500"
"40440","California-Cermak","2026-06-12T00:00:00.000","W","1030"
"40450","95th/Dan Ryan","2026-06-12T00:00:00.000","W","6414"
"40460","Merchandise Mart","2026-06-12T00:00:00.000","W","4595"
"40470","Racine","2026-06-12T00:00:00.000","W","654"
"40480","Cicero-Lake","2026-06-12T00:00:00.000","W","785"
"40490","Grand/Milwaukee","2026-06-12T00:00:00.000","W","3344"
"40510","Garfield-South Elevated","2026-06-12T00:00:00.000","W","859"
"40520","Foster","2026-06-12T00:00:00.000","W","649"
"40530","Diversey","2026-06-12T00:00:00.000","W","3555"
"40540","Wilson","2026-06-12T00:00:00.000","W","4717"
"40550","Irving Park-O'Hare","2026-06-12T00:00:00.000","W","2886"
"40560","Jackson/State","2026-06-12T00:00:00.000","W","4628"
"40570","California/Milwaukee","2026-06-12T00:00:00.000","W","3808"
"40580","54th/Cermak","2026-06-12T00:00:00.000","W","1597"
"40590","Damen/Milwaukee","2026-06-12T00:00:00.000","W","4971"
"40600","Kostner","2026-06-12T00:00:00.000","W","268"
"40610","Ridgeland","2026-06-12T00:00:00.000","W","810"
"40630","Clark/Division","2026-06-12T00:00:00.000","W","6944"
"40650","North/Clybourn","2026-06-12T00:00:00.000","W","4039"
"40660","Armitage","2026-06-12T00:00:00.000","W","3406"
"40670","Western/Milwaukee","2026-06-12T00:00:00.000","W","3843"
"40680","Adams/Wabash","2026-06-12T00:00:00.000","W","4486"
"40690","Dempster","2026-06-12T00:00:00.000","W","589"
"40700","Laramie","2026-06-12T00:00:00.000","W","638"
"40710","Chicago/Franklin","2026-06-12T00:00:00.000","W","4806"
"40720","East 63rd-Cottage Grove","2026-06-12T00:00:00.000","W","826"
"40730","Washington/Wells","2026-06-12T00:00:00.000","W","4113"
"40740","Western-Cermak","2026-06-12T00:00:00.000","W","890"
"40750","Harlem-O'Hare","2026-06-12T00:00:00.000","W","1717"
"40760","Granville","2026-06-12T00:00:00.000","W","2333"
"40770","Lawrence","2026-06-12T00:00:00.000","W","2154"
"40780","Central Park","2026-06-12T00:00:00.000","W","808"
"40790","Monroe/Dearborn","2026-06-12T00:00:00.000","W","2902"
"40800","Sedgwick","2026-06-12T00:00:00.000","W","3348"
"40810","Medical Center","2026-06-12T00:00:00.000","W","1404"
"40820","Rosemont","2026-06-12T00:00:00.000","W","4762"
"40830","18th","2026-06-12T00:00:00.000","W","1379"
"40840","South Boulevard","2026-06-12T00:00:00.000","W","473"
"40850","Library","2026-06-12T00:00:00.000","W","2444"
"40870","Francisco","2026-06-12T00:00:00.000","W","994"
"40880","Thorndale","2026-06-12T00:00:00.000","W","1902"
"40890","O'Hare Airport","2026-06-12T00:00:00.000","W","14456"
"40900","Howard","2026-06-12T00:00:00.000","W","3555"
"40910","63rd-Dan Ryan","2026-06-12T00:00:00.000","W","1905"
"40920","Pulaski-Forest Park","2026-06-12T00:00:00.000","W","616"
"40930","Midway Airport","2026-06-12T00:00:00.000","W","5977"
"40940","Halsted/63rd","2026-06-12T00:00:00.000","W","360"
"40960","Pulaski-Orange","2026-06-12T00:00:00.000","W","2891"
"40970","Cicero-Forest Park","2026-06-12T00:00:00.000","W","568"
"40980","Harlem-Forest Park","2026-06-12T00:00:00.000","W","380"
"40990","69th","2026-06-12T00:00:00.000","W","3019"
"41000","Cermak-Chinatown","2026-06-12T00:00:00.000","W","6553"
"41010","Rockwell","2026-06-12T00:00:00.000","W","1107"
"41020","Logan Square","2026-06-12T00:00:00.000","W","5226"
"41030","Polk","2026-06-12T00:00:00.000","W","2141"
"41040","Kedzie-Cermak","2026-06-12T00:00:00.000","W","926"
"41050","Linden","2026-06-12T00:00:00.000","W","918"
"41060","Ashland-Orange","2026-06-12T00:00:00.000","W","1227"
"41070","Kedzie-Lake","2026-06-12T00:00:00.000","W","676"
"41080","47th-South Elevated","2026-06-12T00:00:00.000","W","741"
"41090","Monroe/State","2026-06-12T00:00:00.000","W","4039"
"41120","35-Bronzeville-IIT","2026-06-12T00:00:00.000","W","1830"
"41130","Halsted-Orange","2026-06-12T00:00:00.000","W","1579"
"41140","King Drive","2026-06-12T00:00:00.000","W","329"
"41150","Kedzie-Midway","2026-06-12T00:00:00.000","W","2285"
"41160","Clinton-Lake","2026-06-12T00:00:00.000","W","2669"
"41170","Garfield-Dan Ryan","2026-06-12T00:00:00.000","W","2493"
"41180","Kedzie-Brown","2026-06-12T00:00:00.000","W","1508"
"41190","Jarvis","2026-06-12T00:00:00.000","W","1218"
"41200","Argyle","2026-06-12T00:00:00.000","W","2493"
"41210","Wellington","2026-06-12T00:00:00.000","W","2071"
"41220","Fullerton","2026-06-12T00:00:00.000","W","8723"
"41230","47th-Dan Ryan","2026-06-12T00:00:00.000","W","2215"
"41240","Addison-O'Hare","2026-06-12T00:00:00.000","W","2040"
"41250","Central-Evanston","2026-06-12T00:00:00.000","W","583"
"41260","Austin-Lake","2026-06-12T00:00:00.000","W","954"
"41270","43rd","2026-06-12T00:00:00.000","W","695"
"41280","Jefferson Park","2026-06-12T00:00:00.000","W","4630"
"41290","Kimball","2026-06-12T00:00:00.000","W","2462"
"41300","Loyola","2026-06-12T00:00:00.000","W","3135"
"41310","Paulina","2026-06-12T00:00:00.000","W","1837"
"41320","Belmont-North Main","2026-06-12T00:00:00.000","W","10062"
"41330","Montrose-O'Hare","2026-06-12T00:00:00.000","W","1678"
"41340","LaSalle","2026-06-12T00:00:00.000","W","1604"
"41350","Oak Park-Lake","2026-06-12T00:00:00.000","W","825"
"41360","California-Lake","2026-06-12T00:00:00.000","W","849"
"41380","Bryn Mawr","2026-06-12T00:00:00.000","W","3268"
"41400","Roosevelt","2026-06-12T00:00:00.000","W","8665"
"41410","Chicago/Milwaukee","2026-06-12T00:00:00.000","W","1996"
"41420","Addison-North Main","2026-06-12T00:00:00.000","W","12247"
"41430","87th","2026-06-12T00:00:00.000","W","2250"
"41710","Damen-Lake","2026-06-11T00:00:00.000","W","1240"
"41700","Washington/Wabash","2026-06-11T00:00:00.000","W","10428"
"41690","Cermak-McCormick Place","2026-06-11T00:00:00.000","W","1463"
"41680","Oakton-Skokie","2026-06-11T00:00:00.000","W","483"
"41670","Conservatory","2026-06-11T00:00:00.000","W","583"
"41660","Lake/State","2026-06-11T00:00:00.000","W","11644"
"41510","Morgan-Lake","2026-06-11T00:00:00.000","W","5110"
"41500","Montrose-Brown","2026-06-11T00:00:00.000","W","1609"
"41490","Harrison","2026-06-11T00:00:00.000","W","2018"
"41480","Western-Brown","2026-06-11T00:00:00.000","W","1898"
"41460","Irving Park-Brown","2026-06-11T00:00:00.000","W","1778"
"41450","Chicago/State","2026-06-11T00:00:00.000","W","8061"
"41440","Addison-Brown","2026-06-11T00:00:00.000","W","1321"
"40010","Austin-Forest Park","2026-06-11T00:00:00.000","W","685"
"40020","Harlem-Lake","2026-06-11T00:00:00.000","W","2331"
"40030","Pulaski-Lake","2026-06-11T00:00:00.000","W","946"
"40040","Quincy/Wells","2026-06-11T00:00:00.000","W","6098"
"40050","Davis","2026-06-11T00:00:00.000","W","2279"
"40060","Belmont-O'Hare","2026-06-11T00:00:00.000","W","3710"
"40070","Jackson/Dearborn","2026-06-11T00:00:00.000","W","4342"
"40080","Sheridan","2026-06-11T00:00:00.000","W","2661"
"40090","Damen-Brown","2026-06-11T00:00:00.000","W","1637"
"40100","Morse","2026-06-11T00:00:00.000","W","2654"
"40120","35th/Archer","2026-06-11T00:00:00.000","W","1716"
"40130","51st","2026-06-11T00:00:00.000","W","648"
"40140","Dempster-Skokie","2026-06-11T00:00:00.000","W","879"
"40150","Pulaski-Cermak","2026-06-11T00:00:00.000","W","666"
"40160","LaSalle/Van Buren","2026-06-11T00:00:00.000","W","2252"
"40170","Ashland-Lake","2026-06-11T00:00:00.000","W","2009"
"40180","Oak Park-Forest Park","2026-06-11T00:00:00.000","W","678"
"40190","Sox-35th-Dan Ryan","2026-06-11T00:00:00.000","W","3865"
"40210","Damen-Cermak","2026-06-11T00:00:00.000","W","1146"
"40220","Western-Forest Park","2026-06-11T00:00:00.000","W","572"
"40230","Cumberland","2026-06-11T00:00:00.000","W","2610"
"40240","79th","2026-06-11T00:00:00.000","W","3391"
"40250","Kedzie-Homan-Forest Park","2026-06-11T00:00:00.000","W","812"
"40260","State/Lake","2026-06-11T00:00:00.000","W","0"
"40270","Main","2026-06-11T00:00:00.000","W","693"
"40280","Central-Lake","2026-06-11T00:00:00.000","W","1284"
"40290","Ashland/63rd","2026-06-11T00:00:00.000","W","677"
"40300","Indiana","2026-06-11T00:00:00.000","W","510"
"40310","Western-Orange","2026-06-11T00:00:00.000","W","2322"
"40320","Division/Milwaukee","2026-06-11T00:00:00.000","W","4240"
"40330","Grand/State","2026-06-11T00:00:00.000","W","7489"
"40340","Berwyn","2026-06-11T00:00:00.000","W","1932"
"40350","UIC-Halsted","2026-06-11T00:00:00.000","W","2091"
"40360","Southport","2026-06-11T00:00:00.000","W","2451"
"40370","Washington/Dearborn","2026-06-11T00:00:00.000","W","8693"
"40380","Clark/Lake","2026-06-11T00:00:00.000","W","14224"
"40390","Forest Park","2026-06-11T00:00:00.000","W","1170"
"40400","Noyes","2026-06-11T00:00:00.000","W","709"
"40420","Cicero-Cermak","2026-06-11T00:00:00.000","W","642"
"40430","Clinton-Forest Park","2026-06-11T00:00:00.000","W","2109"
"40440","California-Cermak","2026-06-11T00:00:00.000","W","997"
"40450","95th/Dan Ryan","2026-06-11T00:00:00.000","W","5847"
"40460","Merchandise Mart","2026-06-11T00:00:00.000","W","6516"
"40470","Racine","2026-06-11T00:00:00.000","W","615"
"40480","Cicero-Lake","2026-06-11T00:00:00.000","W","731"
"40490","Grand/Milwaukee","2026-06-11T00:00:00.000","W","3120"
"40510","Garfield-South Elevated","2026-06-11T00:00:00.000","W","900"
"40520","Foster","2026-06-11T00:00:00.000","W","577"
"40530","Diversey","2026-06-11T00:00:00.000","W","3751"
"40540","Wilson","2026-06-11T00:00:00.000","W","4549"
"40550","Irving Park-O'Hare","2026-06-11T00:00:00.000","W","2804"
"40560","Jackson/State","2026-06-11T00:00:00.000","W","4288"
"40570","California/Milwaukee","2026-06-11T00:00:00.000","W","3671"
"40580","54th/Cermak","2026-06-11T00:00:00.000","W","1756"
"40590","Damen/Milwaukee","2026-06-11T00:00:00.000","W","4428"
"40600","Kostner","2026-06-11T00:00:00.000","W","269"
"40610","Ridgeland","2026-06-11T00:00:00.000","W","879"
"40630","Clark/Division","2026-06-11T00:00:00.000","W","5355"
"40650","North/Clybourn","2026-06-11T00:00:00.000","W","3488"
"40660","Armitage","2026-06-11T00:00:00.000","W","3027"
"40670","Western/Milwaukee","2026-06-11T00:00:00.000","W","3799"
"40680","Adams/Wabash","2026-06-11T00:00:00.000","W","4794"
"40690","Dempster","2026-06-11T00:00:00.000","W","529"
"40700","Laramie","2026-06-11T00:00:00.000","W","592"
"40710","Chicago/Franklin","2026-06-11T00:00:00.000","W","4439"
"40720","East 63rd-Cottage Grove","2026-06-11T00:00:00.000","W","740"
"40730","Washington/Wells","2026-06-11T00:00:00.000","W","6491"
"40740","Western-Cermak","2026-06-11T00:00:00.000","W","852"
"40750","Harlem-O'Hare","2026-06-11T00:00:00.000","W","1543"
"40760","Granville","2026-06-11T00:00:00.000","W","2078"
"40770","Lawrence","2026-06-11T00:00:00.000","W","1942"
"40780","Central Park","2026-06-11T00:00:00.000","W","734"
"40790","Monroe/Dearborn","2026-06-11T00:00:00.000","W","3813"
"40800","Sedgwick","2026-06-11T00:00:00.000","W","2819"
"40810","Medical Center","2026-06-11T00:00:00.000","W","1599"
"40820","Rosemont","2026-06-11T00:00:00.000","W","4108"
"40830","18th","2026-06-11T00:00:00.000","W","1319"
"40840","South Boulevard","2026-06-11T00:00:00.000","W","445"
"40850","Library","2026-06-11T00:00:00.000","W","2417"
"40870","Francisco","2026-06-11T00:00:00.000","W","991"
"40880","Thorndale","2026-06-11T00:00:00.000","W","1610"
"40890","O'Hare Airport","2026-06-11T00:00:00.000","W","10624"
"40900","Howard","2026-06-11T00:00:00.000","W","3582"
"40910","63rd-Dan Ryan","2026-06-11T00:00:00.000","W","1741"
"40920","Pulaski-Forest Park","2026-06-11T00:00:00.000","W","577"
"40930","Midway Airport","2026-06-11T00:00:00.000","W","5583"
"40940","Halsted/63rd","2026-06-11T00:00:00.000","W","390"
"40960","Pulaski-Orange","2026-06-11T00:00:00.000","W","2729"
"40970","Cicero-Forest Park","2026-06-11T00:00:00.000","W","546"
"40980","Harlem-Forest Park","2026-06-11T00:00:00.000","W","422"
"40990","69th","2026-06-11T00:00:00.000","W","2724"
"41000","Cermak-Chinatown","2026-06-11T00:00:00.000","W","4260"
"41010","Rockwell","2026-06-11T00:00:00.000","W","1125"
"41020","Logan Square","2026-06-11T00:00:00.000","W","4979"
"41030","Polk","2026-06-11T00:00:00.000","W","2259"
"41040","Kedzie-Cermak","2026-06-11T00:00:00.000","W","863"
"41050","Linden","2026-06-11T00:00:00.000","W","971"
"41060","Ashland-Orange","2026-06-11T00:00:00.000","W","1149"
"41070","Kedzie-Lake","2026-06-11T00:00:00.000","W","729"
"41080","47th-South Elevated","2026-06-11T00:00:00.000","W","733"
"41090","Monroe/State","2026-06-11T00:00:00.000","W","4482"
"41120","35-Bronzeville-IIT","2026-06-11T00:00:00.000","W","941"
"41130","Halsted-Orange","2026-06-11T00:00:00.000","W","1400"
"41140","King Drive","2026-06-11T00:00:00.000","W","302"
"41150","Kedzie-Midway","2026-06-11T00:00:00.000","W","2110"
"41160","Clinton-Lake","2026-06-11T00:00:00.000","W","3024"
"41170","Garfield-Dan Ryan","2026-06-11T00:00:00.000","W","2181"
"41180","Kedzie-Brown","2026-06-11T00:00:00.000","W","1414"
"41190","Jarvis","2026-06-11T00:00:00.000","W","1134"
"41200","Argyle","2026-06-11T00:00:00.000","W","2098"
"41210","Wellington","2026-06-11T00:00:00.000","W","2199"
"41220","Fullerton","2026-06-11T00:00:00.000","W","8441"
"41230","47th-Dan Ryan","2026-06-11T00:00:00.000","W","1906"
"41240","Addison-O'Hare","2026-06-11T00:00:00.000","W","1842"
"41250","Central-Evanston","2026-06-11T00:00:00.000","W","595"
"41260","Austin-Lake","2026-06-11T00:00:00.000","W","863"
"41270","43rd","2026-06-11T00:00:00.000","W","695"
"41280","Jefferson Park","2026-06-11T00:00:00.000","W","4802"
"41290","Kimball","2026-06-11T00:00:00.000","W","2283"
"41300","Loyola","2026-06-11T00:00:00.000","W","2817"
"41310","Paulina","2026-06-11T00:00:00.000","W","1869"
"41320","Belmont-North Main","2026-06-11T00:00:00.000","W","7754"
"41330","Montrose-O'Hare","2026-06-11T00:00:00.000","W","1628"
"41340","LaSalle","2026-06-11T00:00:00.000","W","1565"
"41350","Oak Park-Lake","2026-06-11T00:00:00.000","W","815"
"41360","California-Lake","2026-06-11T00:00:00.000","W","816"
"41380","Bryn Mawr","2026-06-11T00:00:00.000","W","2760"
"41400","Roosevelt","2026-06-11T00:00:00.000","W","7255"
"41410","Chicago/Milwaukee","2026-06-11T00:00:00.000","W","2127"
"41420","Addison-North Main","2026-06-11T00:00:00.000","W","5466"
"41430","87th","2026-06-11T00:00:00.000","W","1811"
"41710","Damen-Lake","2026-06-10T00:00:00.000","W","968"
"41700","Washington/Wabash","2026-06-10T00:00:00.000","W","11193"
"41690","Cermak-McCormick Place","2026-06-10T00:00:00.000","W","1465"
"41680","Oakton-Skokie","2026-06-10T00:00:00.000","W","541"
"41670","Conservatory","2026-06-10T00:00:00.000","W","610"
"41660","Lake/State","2026-06-10T00:00:00.000","W","12053"
"41510","Morgan-Lake","2026-06-10T00:00:00.000","W","4939"
"41500","Montrose-Brown","2026-06-10T00:00:00.000","W","1655"
"41490","Harrison","2026-06-10T00:00:00.000","W","2116"
"41480","Western-Brown","2026-06-10T00:00:00.000","W","1958"
"41460","Irving Park-Brown","2026-06-10T00:00:00.000","W","1903"
"41450","Chicago/State","2026-06-10T00:00:00.000","W","8069"
"41440","Addison-Brown","2026-06-10T00:00:00.000","W","1357"
"40010","Austin-Forest Park","2026-06-10T00:00:00.000","W","795"
"40020","Harlem-Lake","2026-06-10T00:00:00.000","W","2358"
"40030","Pulaski-Lake","2026-06-10T00:00:00.000","W","1060"
"40040","Quincy/Wells","2026-06-10T00:00:00.000","W","6317"
"40050","Davis","2026-06-10T00:00:00.000","W","2284"
"40060","Belmont-O'Hare","2026-06-10T00:00:00.000","W","3716"
"40070","Jackson/Dearborn","2026-06-10T00:00:00.000","W","4633"
"40080","Sheridan","2026-06-10T00:00:00.000","W","2725"
"40090","Damen-Brown","2026-06-10T00:00:00.000","W","1584"
"40100","Morse","2026-06-10T00:00:00.000","W","2624"
"40120","35th/Archer","2026-06-10T00:00:00.000","W","1854"
"40130","51st","2026-06-10T00:00:00.000","W","623"
"40140","Dempster-Skokie","2026-06-10T00:00:00.000","W","796"
"40150","Pulaski-Cermak","2026-06-10T00:00:00.000","W","699"
"40160","LaSalle/Van Buren","2026-06-10T00:00:00.000","W","2459"
"40170","Ashland-Lake","2026-06-10T00:00:00.000","W","1931"
"40180","Oak Park-Forest Park","2026-06-10T00:00:00.000","W","674"
"40190","Sox-35th-Dan Ryan","2026-06-10T00:00:00.000","W","5038"
"40210","Damen-Cermak","2026-06-10T00:00:00.000","W","1355"
"40220","Western-Forest Park","2026-06-10T00:00:00.000","W","606"
"40230","Cumberland","2026-06-10T00:00:00.000","W","2594"
"40240","79th","2026-06-10T00:00:00.000","W","3276"
"40250","Kedzie-Homan-Forest Park","2026-06-10T00:00:00.000","W","859"
"40260","State/Lake","2026-06-10T00:00:00.000","W","0"
"40270","Main","2026-06-10T00:00:00.000","W","702"
"40280","Central-Lake","2026-06-10T00:00:00.000","W","1240"
"40290","Ashland/63rd","2026-06-10T00:00:00.000","W","712"
"40300","Indiana","2026-06-10T00:00:00.000","W","561"
"40310","Western-Orange","2026-06-10T00:00:00.000","W","2455"
"40320","Division/Milwaukee","2026-06-10T00:00:00.000","W","3639"
"40330","Grand/State","2026-06-10T00:00:00.000","W","6838"
"40340","Berwyn","2026-06-10T00:00:00.000","W","1874"
"40350","UIC-Halsted","2026-06-10T00:00:00.000","W","2182"
"40360","Southport","2026-06-10T00:00:00.000","W","2438"
"40370","Washington/Dearborn","2026-06-10T00:00:00.000","W","9420"
"40380","Clark/Lake","2026-06-10T00:00:00.000","W","15705"
"40390","Forest Park","2026-06-10T00:00:00.000","W","1225"
"40400","Noyes","2026-06-10T00:00:00.000","W","661"
"40420","Cicero-Cermak","2026-06-10T00:00:00.000","W","614"
"40430","Clinton-Forest Park","2026-06-10T00:00:00.000","W","2312"
"40440","California-Cermak","2026-06-10T00:00:00.000","W","954"
"40450","95th/Dan Ryan","2026-06-10T00:00:00.000","W","5661"
"40460","Merchandise Mart","2026-06-10T00:00:00.000","W","6900"
"40470","Racine","2026-06-10T00:00:00.000","W","564"
"40480","Cicero-Lake","2026-06-10T00:00:00.000","W","776"
"40490","Grand/Milwaukee","2026-06-10T00:00:00.000","W","3076"
"40510","Garfield-South Elevated","2026-06-10T00:00:00.000","W","973"
"40520","Foster","2026-06-10T00:00:00.000","W","596"
"40530","Diversey","2026-06-10T00:00:00.000","W","3775"
"40540","Wilson","2026-06-10T00:00:00.000","W","4643"
"40550","Irving Park-O'Hare","2026-06-10T00:00:00.000","W","2929"
"40560","Jackson/State","2026-06-10T00:00:00.000","W","4609"
"40570","California/Milwaukee","2026-06-10T00:00:00.000","W","3745"
"40580","54th/Cermak","2026-06-10T00:00:00.000","W","1847"
"40590","Damen/Milwaukee","2026-06-10T00:00:00.000","W","4521"
"40600","Kostner","2026-06-10T00:00:00.000","W","313"
"40610","Ridgeland","2026-06-10T00:00:00.000","W","938"
"40630","Clark/Division","2026-06-10T00:00:00.000","W","5284"
"40650","North/Clybourn","2026-06-10T00:00:00.000","W","3671"
"40660","Armitage","2026-06-10T00:00:00.000","W","3055"
"40670","Western/Milwaukee","2026-06-10T00:00:00.000","W","3947"
"40680","Adams/Wabash","2026-06-10T00:00:00.000","W","4875"
"40690","Dempster","2026-06-10T00:00:00.000","W","512"
"40700","Laramie","2026-06-10T00:00:00.000","W","646"
"40710","Chicago/Franklin","2026-06-10T00:00:00.000","W","4724"
"40720","East 63rd-Cottage Grove","2026-06-10T00:00:00.000","W","796"
"40730","Washington/Wells","2026-06-10T00:00:00.000","W","7500"
"40740","Western-Cermak","2026-06-10T00:00:00.000","W","868"
"40750","Harlem-O'Hare","2026-06-10T00:00:00.000","W","1666"
"40760","Granville","2026-06-10T00:00:00.000","W","2058"
"40770","Lawrence","2026-06-10T00:00:00.000","W","1970"
"40780","Central Park","2026-06-10T00:00:00.000","W","790"
"40790","Monroe/Dearborn","2026-06-10T00:00:00.000","W","4265"
"40800","Sedgwick","2026-06-10T00:00:00.000","W","2917"
"40810","Medical Center","2026-06-10T00:00:00.000","W","1604"
"40820","Rosemont","2026-06-10T00:00:00.000","W","4138"
"40830","18th","2026-06-10T00:00:00.000","W","1212"
"40840","South Boulevard","2026-06-10T00:00:00.000","W","482"
"40850","Library","2026-06-10T00:00:00.000","W","2515"
"40870","Francisco","2026-06-10T00:00:00.000","W","998"
"40880","Thorndale","2026-06-10T00:00:00.000","W","1613"
"40890","O'Hare Airport","2026-06-10T00:00:00.000","W","8756"
"40900","Howard","2026-06-10T00:00:00.000","W","3460"
"40910","63rd-Dan Ryan","2026-06-10T00:00:00.000","W","1841"
"40920","Pulaski-Forest Park","2026-06-10T00:00:00.000","W","628"
"40930","Midway Airport","2026-06-10T00:00:00.000","W","5393"
"40940","Halsted/63rd","2026-06-10T00:00:00.000","W","368"
"40960","Pulaski-Orange","2026-06-10T00:00:00.000","W","2971"
"40970","Cicero-Forest Park","2026-06-10T00:00:00.000","W","605"
"40980","Harlem-Forest Park","2026-06-10T00:00:00.000","W","430"
"40990","69th","2026-06-10T00:00:00.000","W","2796"
"41000","Cermak-Chinatown","2026-06-10T00:00:00.000","W","4144"
"41010","Rockwell","2026-06-10T00:00:00.000","W","1146"
"41020","Logan Square","2026-06-10T00:00:00.000","W","5201"
"41030","Polk","2026-06-10T00:00:00.000","W","2267"
"41040","Kedzie-Cermak","2026-06-10T00:00:00.000","W","733"
"41050","Linden","2026-06-10T00:00:00.000","W","608"
"41060","Ashland-Orange","2026-06-10T00:00:00.000","W","1163"
"41070","Kedzie-Lake","2026-06-10T00:00:00.000","W","724"
"41080","47th-South Elevated","2026-06-10T00:00:00.000","W","749"
"41090","Monroe/State","2026-06-10T00:00:00.000","W","4606"
"41120","35-Bronzeville-IIT","2026-06-10T00:00:00.000","W","1095"
"41130","Halsted-Orange","2026-06-10T00:00:00.000","W","1518"
"41140","King Drive","2026-06-10T00:00:00.000","W","296"
"41150","Kedzie-Midway","2026-06-10T00:00:00.000","W","2327"
"41160","Clinton-Lake","2026-06-10T00:00:00.000","W","3448"
"41170","Garfield-Dan Ryan","2026-06-10T00:00:00.000","W","2214"
"41180","Kedzie-Brown","2026-06-10T00:00:00.000","W","1391"
"41190","Jarvis","2026-06-10T00:00:00.000","W","1040"
"41200","Argyle","2026-06-10T00:00:00.000","W","2073"
"41210","Wellington","2026-06-10T00:00:00.000","W","2270"
"41220","Fullerton","2026-06-10T00:00:00.000","W","8242"
"41230","47th-Dan Ryan","2026-06-10T00:00:00.000","W","1938"
"41240","Addison-O'Hare","2026-06-10T00:00:00.000","W","1838"
"41250","Central-Evanston","2026-06-10T00:00:00.000","W","553"
"41260","Austin-Lake","2026-06-10T00:00:00.000","W","910"
"41270","43rd","2026-06-10T00:00:00.000","W","719"
"41280","Jefferson Park","2026-06-10T00:00:00.000","W","4530"
"41290","Kimball","2026-06-10T00:00:00.000","W","2326"
"41300","Loyola","2026-06-10T00:00:00.000","W","2816"
"41310","Paulina","2026-06-10T00:00:00.000","W","1945"
"41320","Belmont-North Main","2026-06-10T00:00:00.000","W","7811"
"41330","Montrose-O'Hare","2026-06-10T00:00:00.000","W","1743"
"41340","LaSalle","2026-06-10T00:00:00.000","W","1648"
"41350","Oak Park-Lake","2026-06-10T00:00:00.000","W","812"
"41360","California-Lake","2026-06-10T00:00:00.000","W","793"
"41380","Bryn Mawr","2026-06-10T00:00:00.000","W","2724"
"41400","Roosevelt","2026-06-10T00:00:00.000","W","7402"
"41410","Chicago/Milwaukee","2026-06-10T00:00:00.000","W","2177"
"41420","Addison-North Main","2026-06-10T00:00:00.000","W","4522"
"41430","87th","2026-06-10T00:00:00.000","W","1529"
"41710","Damen-Lake","2026-06-09T00:00:00.000","W","970"
"41700","Washington/Wabash","2026-06-09T00:00:00.000","W","11677"
"41690","Cermak-McCormick Place","2026-06-09T00:00:00.000","W","1758"
"41680","Oakton-Skokie","2026-06-09T00:00:00.000","W","537"
"41670","Conservatory","2026-06-09T00:00:00.000","W","556"
"41660","Lake/State","2026-06-09T00:00:00.000","W","11609"
"41510","Morgan-Lake","2026-06-09T00:00:00.000","W","5417"
"41500","Montrose-Brown","2026-06-09T00:00:00.000","W","1747"
"41490","Harrison","2026-06-09T00:00:00.000","W","2160"
"41480","Western-Brown","2026-06-09T00:00:00.000","W","2054"
"41460","Irving Park-Brown","2026-06-09T00:00:00.000","W","2022"
"41450","Chicago/State","2026-06-09T00:00:00.000","W","8222"
"41440","Addison-Brown","2026-06-09T00:00:00.000","W","1500"
"40010","Austin-Forest Park","2026-06-09T00:00:00.000","W","734"
"40020","Harlem-Lake","2026-06-09T00:00:00.000","W","2559"
"40030","Pulaski-Lake","2026-06-09T00:00:00.000","W","1144"
"40040","Quincy/Wells","2026-06-09T00:00:00.000","W","6837"
"40050","Davis","2026-06-09T00:00:00.000","W","2353"
"40060","Belmont-O'Hare","2026-06-09T00:00:00.000","W","3842"
"40070","Jackson/Dearborn","2026-06-09T00:00:00.000","W","4573"
"40080","Sheridan","2026-06-09T00:00:00.000","W","2809"
"40090","Damen-Brown","2026-06-09T00:00:00.000","W","1747"
"40100","Morse","2026-06-09T00:00:00.000","W","2767"
"40120","35th/Archer","2026-06-09T00:00:00.000","W","1914"
"40130","51st","2026-06-09T00:00:00.000","W","631"
"40140","Dempster-Skokie","2026-06-09T00:00:00.000","W","837"
"40150","Pulaski-Cermak","2026-06-09T00:00:00.000","W","710"
"40160","LaSalle/Van Buren","2026-06-09T00:00:00.000","W","2460"
"40170","Ashland-Lake","2026-06-09T00:00:00.000","W","1985"
"40180","Oak Park-Forest Park","2026-06-09T00:00:00.000","W","727"
"40190","Sox-35th-Dan Ryan","2026-06-09T00:00:00.000","W","6537"
"40210","Damen-Cermak","2026-06-09T00:00:00.000","W","1247"
"40220","Western-Forest Park","2026-06-09T00:00:00.000","W","601"
"40230","Cumberland","2026-06-09T00:00:00.000","W","2661"
"40240","79th","2026-06-09T00:00:00.000","W","3626"
"40250","Kedzie-Homan-Forest Park","2026-06-09T00:00:00.000","W","852"
"40260","State/Lake","2026-06-09T00:00:00.000","W","0"
"40270","Main","2026-06-09T00:00:00.000","W","745"
"40280","Central-Lake","2026-06-09T00:00:00.000","W","1350"
"40290","Ashland/63rd","2026-06-09T00:00:00.000","W","763"
"40300","Indiana","2026-06-09T00:00:00.000","W","596"
"40310","Western-Orange","2026-06-09T00:00:00.000","W","2468"
"40320","Division/Milwaukee","2026-06-09T00:00:00.000","W","4459"
"40330","Grand/State","2026-06-09T00:00:00.000","W","6699"
"40340","Berwyn","2026-06-09T00:00:00.000","W","1943"
"40350","UIC-Halsted","2026-06-09T00:00:00.000","W","2213"
"40360","Southport","2026-06-09T00:00:00.000","W","2644"
"40370","Washington/Dearborn","2026-06-09T00:00:00.000","W","9368"
"40380","Clark/Lake","2026-06-09T00:00:00.000","W","15793"
"40390","Forest Park","2026-06-09T00:00:00.000","W","1208"
"40400","Noyes","2026-06-09T00:00:00.000","W","655"
"40420","Cicero-Cermak","2026-06-09T00:00:00.000","W","703"
"40430","Clinton-Forest Park","2026-06-09T00:00:00.000","W","2152"
"40440","California-Cermak","2026-06-09T00:00:00.000","W","1030"
"40450","95th/Dan Ryan","2026-06-09T00:00:00.000","W","5897"
"40460","Merchandise Mart","2026-06-09T00:00:00.000","W","7356"
"40470","Racine","2026-06-09T00:00:00.000","W","611"
"40480","Cicero-Lake","2026-06-09T00:00:00.000","W","798"
"40490","Grand/Milwaukee","2026-06-09T00:00:00.000","W","3333"
"40510","Garfield-South Elevated","2026-06-09T00:00:00.000","W","877"
"40520","Foster","2026-06-09T00:00:00.000","W","574"
"40530","Diversey","2026-06-09T00:00:00.000","W","4088"
"40540","Wilson","2026-06-09T00:00:00.000","W","4814"
"40550","Irving Park-O'Hare","2026-06-09T00:00:00.000","W","2903"
"40560","Jackson/State","2026-06-09T00:00:00.000","W","4523"
"40570","California/Milwaukee","2026-06-09T00:00:00.000","W","3950"
"40580","54th/Cermak","2026-06-09T00:00:00.000","W","1925"
"40590","Damen/Milwaukee","2026-06-09T00:00:00.000","W","4689"
"40600","Kostner","2026-06-09T00:00:00.000","W","302"
"40610","Ridgeland","2026-06-09T00:00:00.000","W","1003"
"40630","Clark/Division","2026-06-09T00:00:00.000","W","5471"
"40650","North/Clybourn","2026-06-09T00:00:00.000","W","3578"
"40660","Armitage","2026-06-09T00:00:00.000","W","3268"
"40670","Western/Milwaukee","2026-06-09T00:00:00.000","W","4153"
"40680","Adams/Wabash","2026-06-09T00:00:00.000","W","4867"
"40690","Dempster","2026-06-09T00:00:00.000","W","538"
"40700","Laramie","2026-06-09T00:00:00.000","W","729"
"40710","Chicago/Franklin","2026-06-09T00:00:00.000","W","4769"
"40720","East 63rd-Cottage Grove","2026-06-09T00:00:00.000","W","824"
"40730","Washington/Wells","2026-06-09T00:00:00.000","W","7213"
"40740","Western-Cermak","2026-06-09T00:00:00.000","W","894"
"40750","Harlem-O'Hare","2026-06-09T00:00:00.000","W","1616"
"40760","Granville","2026-06-09T00:00:00.000","W","2138"
"40770","Lawrence","2026-06-09T00:00:00.000","W","1929"
"40780","Central Park","2026-06-09T00:00:00.000","W","816"
"40790","Monroe/Dearborn","2026-06-09T00:00:00.000","W","4242"
"40800","Sedgwick","2026-06-09T00:00:00.000","W","3261"
"40810","Medical Center","2026-06-09T00:00:00.000","W","1637"
"40820","Rosemont","2026-06-09T00:00:00.000","W","4257"
"40830","18th","2026-06-09T00:00:00.000","W","1370"
"40840","South Boulevard","2026-06-09T00:00:00.000","W","489"
"40850","Library","2026-06-09T00:00:00.000","W","2604"
"40870","Francisco","2026-06-09T00:00:00.000","W","993"
"40880","Thorndale","2026-06-09T00:00:00.000","W","1768"
"40890","O'Hare Airport","2026-06-09T00:00:00.000","W","9847"
"40900","Howard","2026-06-09T00:00:00.000","W","3298"
"40910","63rd-Dan Ryan","2026-06-09T00:00:00.000","W","1863"
"40920","Pulaski-Forest Park","2026-06-09T00:00:00.000","W","632"
"40930","Midway Airport","2026-06-09T00:00:00.000","W","5469"
"40940","Halsted/63rd","2026-06-09T00:00:00.000","W","405"
"40960","Pulaski-Orange","2026-06-09T00:00:00.000","W","3078"
"40970","Cicero-Forest Park","2026-06-09T00:00:00.000","W","596"
"40980","Harlem-Forest Park","2026-06-09T00:00:00.000","W","456"
"40990","69th","2026-06-09T00:00:00.000","W","2828"
"41000","Cermak-Chinatown","2026-06-09T00:00:00.000","W","4732"
"41010","Rockwell","2026-06-09T00:00:00.000","W","1192"
"41020","Logan Square","2026-06-09T00:00:00.000","W","5321"
"41030","Polk","2026-06-09T00:00:00.000","W","2449"
"41040","Kedzie-Cermak","2026-06-09T00:00:00.000","W","779"
"41050","Linden","2026-06-09T00:00:00.000","W","641"
"41060","Ashland-Orange","2026-06-09T00:00:00.000","W","1228"
"41070","Kedzie-Lake","2026-06-09T00:00:00.000","W","721"
"41080","47th-South Elevated","2026-06-09T00:00:00.000","W","776"
"41090","Monroe/State","2026-06-09T00:00:00.000","W","4444"
"41120","35-Bronzeville-IIT","2026-06-09T00:00:00.000","W","1380"
"41130","Halsted-Orange","2026-06-09T00:00:00.000","W","1633"
"41140","King Drive","2026-06-09T00:00:00.000","W","286"
"41150","Kedzie-Midway","2026-06-09T00:00:00.000","W","2362"
"41160","Clinton-Lake","2026-06-09T00:00:00.000","W","3284"
"41170","Garfield-Dan Ryan","2026-06-09T00:00:00.000","W","2189"
"41180","Kedzie-Brown","2026-06-09T00:00:00.000","W","1394"
"41190","Jarvis","2026-06-09T00:00:00.000","W","1117"
"41200","Argyle","2026-06-09T00:00:00.000","W","2110"
"41210","Wellington","2026-06-09T00:00:00.000","W","2369"
"41220","Fullerton","2026-06-09T00:00:00.000","W","8493"
"41230","47th-Dan Ryan","2026-06-09T00:00:00.000","W","1881"
"41240","Addison-O'Hare","2026-06-09T00:00:00.000","W","1880"
"41250","Central-Evanston","2026-06-09T00:00:00.000","W","590"
"41260","Austin-Lake","2026-06-09T00:00:00.000","W","989"
"41270","43rd","2026-06-09T00:00:00.000","W","685"
"41280","Jefferson Park","2026-06-09T00:00:00.000","W","4744"
"41290","Kimball","2026-06-09T00:00:00.000","W","2333"
"41300","Loyola","2026-06-09T00:00:00.000","W","2908"
"41310","Paulina","2026-06-09T00:00:00.000","W","2094"
"41320","Belmont-North Main","2026-06-09T00:00:00.000","W","8312"
"41330","Montrose-O'Hare","2026-06-09T00:00:00.000","W","1761"
"41340","LaSalle","2026-06-09T00:00:00.000","W","1669"
"41350","Oak Park-Lake","2026-06-09T00:00:00.000","W","846"
"41360","California-Lake","2026-06-09T00:00:00.000","W","940"
"41380","Bryn Mawr","2026-06-09T00:00:00.000","W","2793"
"41400","Roosevelt","2026-06-09T00:00:00.000","W","7618"
"41410","Chicago/Milwaukee","2026-06-09T00:00:00.000","W","2262"
"41420","Addison-North Main","2026-06-09T00:00:00.000","W","4754"
"41430","87th","2026-06-09T00:00:00.000","W","2131"
"41710","Damen-Lake","2026-06-08T00:00:00.000","W","882"
"41700","Washington/Wabash","2026-06-08T00:00:00.000","W","10429"
"41690","Cermak-McCormick Place","2026-06-08T00:00:00.000","W","1545"
"41680","Oakton-Skokie","2026-06-08T00:00:00.000","W","487"
"41670","Conservatory","2026-06-08T00:00:00.000","W","497"
"41660","Lake/State","2026-06-08T00:00:00.000","W","9051"
"41510","Morgan-Lake","2026-06-08T00:00:00.000","W","4311"
"41500","Montrose-Brown","2026-06-08T00:00:00.000","W","1381"
"41490","Harrison","2026-06-08T00:00:00.000","W","1756"
"41480","Western-Brown","2026-06-08T00:00:00.000","W","1676"
"41460","Irving Park-Brown","2026-06-08T00:00:00.000","W","1593"
"41450","Chicago/State","2026-06-08T00:00:00.000","W","7105"
"41440","Addison-Brown","2026-06-08T00:00:00.000","W","1182"
"40010","Austin-Forest Park","2026-06-08T00:00:00.000","W","605"
"40020","Harlem-Lake","2026-06-08T00:00:00.000","W","2104"
"40030","Pulaski-Lake","2026-06-08T00:00:00.000","W","1025"
"40040","Quincy/Wells","2026-06-08T00:00:00.000","W","5141"
"40050","Davis","2026-06-08T00:00:00.000","W","1942"
"40060","Belmont-O'Hare","2026-06-08T00:00:00.000","W","3367"
"40070","Jackson/Dearborn","2026-06-08T00:00:00.000","W","4536"
"40080","Sheridan","2026-06-08T00:00:00.000","W","2361"
"40090","Damen-Brown","2026-06-08T00:00:00.000","W","1456"
"40100","Morse","2026-06-08T00:00:00.000","W","2526"
"40120","35th/Archer","2026-06-08T00:00:00.000","W","1739"
"40130","51st","2026-06-08T00:00:00.000","W","581"
"40140","Dempster-Skokie","2026-06-08T00:00:00.000","W","705"
"40150","Pulaski-Cermak","2026-06-08T00:00:00.000","W","907"
"40160","LaSalle/Van Buren","2026-06-08T00:00:00.000","W","1952"
"40170","Ashland-Lake","2026-06-08T00:00:00.000","W","1647"
"40180","Oak Park-Forest Park","2026-06-08T00:00:00.000","W","532"
"40190","Sox-35th-Dan Ryan","2026-06-08T00:00:00.000","W","2282"
"40210","Damen-Cermak","2026-06-08T00:00:00.000","W","1061"
"40220","Western-Forest Park","2026-06-08T00:00:00.000","W","613"
"40230","Cumberland","2026-06-08T00:00:00.000","W","2198"
"40240","79th","2026-06-08T00:00:00.000","W","3499"
"40250","Kedzie-Homan-Forest Park","2026-06-08T00:00:00.000","W","845"
"40260","State/Lake","2026-06-08T00:00:00.000","W","0"
"40270","Main","2026-06-08T00:00:00.000","W","684"
"40280","Central-Lake","2026-06-08T00:00:00.000","W","1344"
"40290","Ashland/63rd","2026-06-08T00:00:00.000","W","706"
"40300","Indiana","2026-06-08T00:00:00.000","W","483"
"40310","Western-Orange","2026-06-08T00:00:00.000","W","2345"
"40320","Division/Milwaukee","2026-06-08T00:00:00.000","W","3688"
"40330","Grand/State","2026-06-08T00:00:00.000","W","5580"
"40340","Berwyn","2026-06-08T00:00:00.000","W","1716"
"40350","UIC-Halsted","2026-06-08T00:00:00.000","W","1949"
"40360","Southport","2026-06-08T00:00:00.000","W","2123"
"40370","Washington/Dearborn","2026-06-08T00:00:00.000","W","8866"
"40380","Clark/Lake","2026-06-08T00:00:00.000","W","13178"
"40390","Forest Park","2026-06-08T00:00:00.000","W","1175"
"40400","Noyes","2026-06-08T00:00:00.000","W","570"
"40420","Cicero-Cermak","2026-06-08T00:00:00.000","W","641"
"40430","Clinton-Forest Park","2026-06-08T00:00:00.000","W","1768"
"40440","California-Cermak","2026-06-08T00:00:00.000","W","932"
"40450","95th/Dan Ryan","2026-06-08T00:00:00.000","W","5711"
"40460","Merchandise Mart","2026-06-08T00:00:00.000","W","5675"
"40470","Racine","2026-06-08T00:00:00.000","W","541"
"40480","Cicero-Lake","2026-06-08T00:00:00.000","W","706"
"40490","Grand/Milwaukee","2026-06-08T00:00:00.000","W","2844"
"40510","Garfield-South Elevated","2026-06-08T00:00:00.000","W","834"
"40520","Foster","2026-06-08T00:00:00.000","W","481"
"40530","Diversey","2026-06-08T00:00:00.000","W","3166"
"40540","Wilson","2026-06-08T00:00:00.000","W","4166"
"40550","Irving Park-O'Hare","2026-06-08T00:00:00.000","W","2585"
"40560","Jackson/State","2026-06-08T00:00:00.000","W","3834"
"40570","California/Milwaukee","2026-06-08T00:00:00.000","W","3236"
"40580","54th/Cermak","2026-06-08T00:00:00.000","W","1748"
"40590","Damen/Milwaukee","2026-06-08T00:00:00.000","W","4023"
"40600","Kostner","2026-06-08T00:00:00.000","W","295"
"40610","Ridgeland","2026-06-08T00:00:00.000","W","858"
"40630","Clark/Division","2026-06-08T00:00:00.000","W","4148"
"40650","North/Clybourn","2026-06-08T00:00:00.000","W","3034"
"40660","Armitage","2026-06-08T00:00:00.000","W","2660"
"40670","Western/Milwaukee","2026-06-08T00:00:00.000","W","3317"
"40680","Adams/Wabash","2026-06-08T00:00:00.000","W","4772"
"40690","Dempster","2026-06-08T00:00:00.000","W","506"
"40700","Laramie","2026-06-08T00:00:00.000","W","678"
"40710","Chicago/Franklin","2026-06-08T00:00:00.000","W","4036"
"40720","East 63rd-Cottage Grove","2026-06-08T00:00:00.000","W","802"
"40730","Washington/Wells","2026-06-08T00:00:00.000","W","5633"
"40740","Western-Cermak","2026-06-08T00:00:00.000","W","856"
"40750","Harlem-O'Hare","2026-06-08T00:00:00.000","W","1501"
"40760","Granville","2026-06-08T00:00:00.000","W","1954"
"40770","Lawrence","2026-06-08T00:00:00.000","W","1847"
"40780","Central Park","2026-06-08T00:00:00.000","W","738"
"40790","Monroe/Dearborn","2026-06-08T00:00:00.000","W","3764"
"40800","Sedgwick","2026-06-08T00:00:00.000","W","2524"
"40810","Medical Center","2026-06-08T00:00:00.000","W","1376"
"40820","Rosemont","2026-06-08T00:00:00.000","W","4032"
"40830","18th","2026-06-08T00:00:00.000","W","1203"
"40840","South Boulevard","2026-06-08T00:00:00.000","W","432"
"40850","Library","2026-06-08T00:00:00.000","W","2385"
"40870","Francisco","2026-06-08T00:00:00.000","W","901"
"40880","Thorndale","2026-06-08T00:00:00.000","W","1592"
"40890","O'Hare Airport","2026-06-08T00:00:00.000","W","9144"
"40900","Howard","2026-06-08T00:00:00.000","W","3198"
"40910","63rd-Dan Ryan","2026-06-08T00:00:00.000","W","1715"
"40920","Pulaski-Forest Park","2026-06-08T00:00:00.000","W","605"
"40930","Midway Airport","2026-06-08T00:00:00.000","W","4939"
"40940","Halsted/63rd","2026-06-08T00:00:00.000","W","401"
"40960","Pulaski-Orange","2026-06-08T00:00:00.000","W","2746"
"40970","Cicero-Forest Park","2026-06-08T00:00:00.000","W","552"
"40980","Harlem-Forest Park","2026-06-08T00:00:00.000","W","364"
"40990","69th","2026-06-08T00:00:00.000","W","2632"
"41000","Cermak-Chinatown","2026-06-08T00:00:00.000","W","4521"
"41010","Rockwell","2026-06-08T00:00:00.000","W","954"
"41020","Logan Square","2026-06-08T00:00:00.000","W","4516"
"41030","Polk","2026-06-08T00:00:00.000","W","2352"
"41040","Kedzie-Cermak","2026-06-08T00:00:00.000","W","715"
"41050","Linden","2026-06-08T00:00:00.000","W","489"
"41060","Ashland-Orange","2026-06-08T00:00:00.000","W","1086"
"41070","Kedzie-Lake","2026-06-08T00:00:00.000","W","719"
"41080","47th-South Elevated","2026-06-08T00:00:00.000","W","694"
"41090","Monroe/State","2026-06-08T00:00:00.000","W","3711"
"41120","35-Bronzeville-IIT","2026-06-08T00:00:00.000","W","907"
"41130","Halsted-Orange","2026-06-08T00:00:00.000","W","1470"
"41140","King Drive","2026-06-08T00:00:00.000","W","329"
"41150","Kedzie-Midway","2026-06-08T00:00:00.000","W","2064"
"41160","Clinton-Lake","2026-06-08T00:00:00.000","W","2777"
"41170","Garfield-Dan Ryan","2026-06-08T00:00:00.000","W","2058"
"41180","Kedzie-Brown","2026-06-08T00:00:00.000","W","1265"
"41190","Jarvis","2026-06-08T00:00:00.000","W","991"
"41200","Argyle","2026-06-08T00:00:00.000","W","1917"
"41210","Wellington","2026-06-08T00:00:00.000","W","1946"
"41220","Fullerton","2026-06-08T00:00:00.000","W","7431"
"41230","47th-Dan Ryan","2026-06-08T00:00:00.000","W","1887"
"41240","Addison-O'Hare","2026-06-08T00:00:00.000","W","1649"
"41250","Central-Evanston","2026-06-08T00:00:00.000","W","533"
"41260","Austin-Lake","2026-06-08T00:00:00.000","W","902"
"41270","43rd","2026-06-08T00:00:00.000","W","599"
"41280","Jefferson Park","2026-06-08T00:00:00.000","W","4208"
"41290","Kimball","2026-06-08T00:00:00.000","W","2230"
"41300","Loyola","2026-06-08T00:00:00.000","W","2613"
"41310","Paulina","2026-06-08T00:00:00.000","W","1575"
"41320","Belmont-North Main","2026-06-08T00:00:00.000","W","6705"
"41330","Montrose-O'Hare","2026-06-08T00:00:00.000","W","1528"
"41340","LaSalle","2026-06-08T00:00:00.000","W","1493"
"41350","Oak Park-Lake","2026-06-08T00:00:00.000","W","773"
"41360","California-Lake","2026-06-08T00:00:00.000","W","754"
"41380","Bryn Mawr","2026-06-08T00:00:00.000","W","2394"
"41400","Roosevelt","2026-06-08T00:00:00.000","W","7618"
"41410","Chicago/Milwaukee","2026-06-08T00:00:00.000","W","1874"
"41420","Addison-North Main","2026-06-08T00:00:00.000","W","4171"
"41430","87th","2026-06-08T00:00:00.000","W","1895"
"41710","Damen-Lake","2026-06-07T00:00:00.000","U","774"
"41700","Washington/Wabash","2026-06-07T00:00:00.000","U","13623"
"41690","Cermak-McCormick Place","2026-06-07T00:00:00.000","U","1814"
"41680","Oakton-Skokie","2026-06-07T00:00:00.000","U","273"
"41670","Conservatory","2026-06-07T00:00:00.000","U","4081"
"41660","Lake/State","2026-06-07T00:00:00.000","U","126"
"41510","Morgan-Lake","2026-06-07T00:00:00.000","U","3791"
"41500","Montrose-Brown","2026-06-07T00:00:00.000","U","1034"
"41490","Harrison","2026-06-07T00:00:00.000","U","36"
"41480","Western-Brown","2026-06-07T00:00:00.000","U","1454"
"41460","Irving Park-Brown","2026-06-07T00:00:00.000","U","1780"
"41450","Chicago/State","2026-06-07T00:00:00.000","U","51"
"41440","Addison-Brown","2026-06-07T00:00:00.000","U","690"
"40010","Austin-Forest Park","2026-06-07T00:00:00.000","U","321"
"40020","Harlem-Lake","2026-06-07T00:00:00.000","U","1881"
"40030","Pulaski-Lake","2026-06-07T00:00:00.000","U","983"
"40040","Quincy/Wells","2026-06-07T00:00:00.000","U","1537"
"40050","Davis","2026-06-07T00:00:00.000","U","1413"
"40060","Belmont-O'Hare","2026-06-07T00:00:00.000","U","2313"
"40070","Jackson/Dearborn","2026-06-07T00:00:00.000","U","4126"
"40080","Sheridan","2026-06-07T00:00:00.000","U","2097"
"40090","Damen-Brown","2026-06-07T00:00:00.000","U","1086"
"40100","Morse","2026-06-07T00:00:00.000","U","2213"
"40120","35th/Archer","2026-06-07T00:00:00.000","U","1080"
"40130","51st","2026-06-07T00:00:00.000","U","496"
"40140","Dempster-Skokie","2026-06-07T00:00:00.000","U","955"
"40150","Pulaski-Cermak","2026-06-07T00:00:00.000","U","470"
"40160","LaSalle/Van Buren","2026-06-07T00:00:00.000","U","636"
"40170","Ashland-Lake","2026-06-07T00:00:00.000","U","1241"
"40180","Oak Park-Forest Park","2026-06-07T00:00:00.000","U","326"
"40190","Sox-35th-Dan Ryan","2026-06-07T00:00:00.000","U","1639"
"40210","Damen-Cermak","2026-06-07T00:00:00.000","U","775"
"40220","Western-Forest Park","2026-06-07T00:00:00.000","U","484"
"40230","Cumberland","2026-06-07T00:00:00.000","U","1895"
"40240","79th","2026-06-07T00:00:00.000","U","2401"
"40250","Kedzie-Homan-Forest Park","2026-06-07T00:00:00.000","U","747"
"40260","State/Lake","2026-06-07T00:00:00.000","U","0"
"40270","Main","2026-06-07T00:00:00.000","U","492"
"40280","Central-Lake","2026-06-07T00:00:00.000","U","808"
"40290","Ashland/63rd","2026-06-07T00:00:00.000","U","464"
"40300","Indiana","2026-06-07T00:00:00.000","U","358"
"40310","Western-Orange","2026-06-07T00:00:00.000","U","1262"
"40320","Division/Milwaukee","2026-06-07T00:00:00.000","U","2844"
"40330","Grand/State","2026-06-07T00:00:00.000","U","88"
"40340","Berwyn","2026-06-07T00:00:00.000","U","1440"
"40350","UIC-Halsted","2026-06-07T00:00:00.000","U","1369"
"40360","Southport","2026-06-07T00:00:00.000","U","1959"
"40370","Washington/Dearborn","2026-06-07T00:00:00.000","U","6271"
"40380","Clark/Lake","2026-06-07T00:00:00.000","U","11858"
"40390","Forest Park","2026-06-07T00:00:00.000","U","735"
"40400","Noyes","2026-06-07T00:00:00.000","U","345"
"40420","Cicero-Cermak","2026-06-07T00:00:00.000","U","443"
"40430","Clinton-Forest Park","2026-06-07T00:00:00.000","U","811"
"40440","California-Cermak","2026-06-07T00:00:00.000","U","673"
"40450","95th/Dan Ryan","2026-06-07T00:00:00.000","U","3679"
"40460","Merchandise Mart","2026-06-07T00:00:00.000","U","3275"
"40470","Racine","2026-06-07T00:00:00.000","U","453"
"40480","Cicero-Lake","2026-06-07T00:00:00.000","U","517"
"40490","Grand/Milwaukee","2026-06-07T00:00:00.000","U","2545"
"40510","Garfield-South Elevated","2026-06-07T00:00:00.000","U","689"
"40520","Foster","2026-06-07T00:00:00.000","U","352"
"40530","Diversey","2026-06-07T00:00:00.000","U","2710"
"40540","Wilson","2026-06-07T00:00:00.000","U","2951"
"40550","Irving Park-O'Hare","2026-06-07T00:00:00.000","U","1917"
"40560","Jackson/State","2026-06-07T00:00:00.000","U","192"
"40570","California/Milwaukee","2026-06-07T00:00:00.000","U","2466"
"40580","54th/Cermak","2026-06-07T00:00:00.000","U","1424"
"40590","Damen/Milwaukee","2026-06-07T00:00:00.000","U","3983"
"40600","Kostner","2026-06-07T00:00:00.000","U","149"
"40610","Ridgeland","2026-06-07T00:00:00.000","U","484"
"40630","Clark/Division","2026-06-07T00:00:00.000","U","98"
"40650","North/Clybourn","2026-06-07T00:00:00.000","U","32"
"40660","Armitage","2026-06-07T00:00:00.000","U","2783"
"40670","Western/Milwaukee","2026-06-07T00:00:00.000","U","2270"
"40680","Adams/Wabash","2026-06-07T00:00:00.000","U","6396"
"40690","Dempster","2026-06-07T00:00:00.000","U","448"
"40700","Laramie","2026-06-07T00:00:00.000","U","402"
"40710","Chicago/Franklin","2026-06-07T00:00:00.000","U","5029"
"40720","East 63rd-Cottage Grove","2026-06-07T00:00:00.000","U","493"
"40730","Washington/Wells","2026-06-07T00:00:00.000","U","1269"
"40740","Western-Cermak","2026-06-07T00:00:00.000","U","526"
"40750","Harlem-O'Hare","2026-06-07T00:00:00.000","U","964"
"40760","Granville","2026-06-07T00:00:00.000","U","1629"
"40770","Lawrence","2026-06-07T00:00:00.000","U","1595"
"40780","Central Park","2026-06-07T00:00:00.000","U","398"
"40790","Monroe/Dearborn","2026-06-07T00:00:00.000","U","1919"
"40800","Sedgwick","2026-06-07T00:00:00.000","U","3815"
"40810","Medical Center","2026-06-07T00:00:00.000","U","593"
"40820","Rosemont","2026-06-07T00:00:00.000","U","3706"
"40830","18th","2026-06-07T00:00:00.000","U","982"
"40840","South Boulevard","2026-06-07T00:00:00.000","U","235"
"40850","Library","2026-06-07T00:00:00.000","U","2368"
"40870","Francisco","2026-06-07T00:00:00.000","U","640"
"40880","Thorndale","2026-06-07T00:00:00.000","U","1246"
"40890","O'Hare Airport","2026-06-07T00:00:00.000","U","10452"
"40900","Howard","2026-06-07T00:00:00.000","U","2563"
"40910","63rd-Dan Ryan","2026-06-07T00:00:00.000","U","1147"
"40920","Pulaski-Forest Park","2026-06-07T00:00:00.000","U","596"
"40930","Midway Airport","2026-06-07T00:00:00.000","U","3553"
"40940","Halsted/63rd","2026-06-07T00:00:00.000","U","243"
"40960","Pulaski-Orange","2026-06-07T00:00:00.000","U","1586"
"40970","Cicero-Forest Park","2026-06-07T00:00:00.000","U","343"
"40980","Harlem-Forest Park","2026-06-07T00:00:00.000","U","236"
"40990","69th","2026-06-07T00:00:00.000","U","1820"
"41000","Cermak-Chinatown","2026-06-07T00:00:00.000","U","5581"
"41010","Rockwell","2026-06-07T00:00:00.000","U","719"
"41020","Logan Square","2026-06-07T00:00:00.000","U","3942"
"41030","Polk","2026-06-07T00:00:00.000","U","656"
"41040","Kedzie-Cermak","2026-06-07T00:00:00.000","U","464"
"41050","Linden","2026-06-07T00:00:00.000","U","465"
"41060","Ashland-Orange","2026-06-07T00:00:00.000","U","692"
"41070","Kedzie-Lake","2026-06-07T00:00:00.000","U","680"
"41080","47th-South Elevated","2026-06-07T00:00:00.000","U","468"
"41090","Monroe/State","2026-06-07T00:00:00.000","U","92"
"41120","35-Bronzeville-IIT","2026-06-07T00:00:00.000","U","570"
"41130","Halsted-Orange","2026-06-07T00:00:00.000","U","1045"
"41140","King Drive","2026-06-07T00:00:00.000","U","209"
"41150","Kedzie-Midway","2026-06-07T00:00:00.000","U","1136"
"41160","Clinton-Lake","2026-06-07T00:00:00.000","U","1614"
"41170","Garfield-Dan Ryan","2026-06-07T00:00:00.000","U","1369"
"41180","Kedzie-Brown","2026-06-07T00:00:00.000","U","1047"
"41190","Jarvis","2026-06-07T00:00:00.000","U","894"
"41200","Argyle","2026-06-07T00:00:00.000","U","1809"
"41210","Wellington","2026-06-07T00:00:00.000","U","1046"
"41220","Fullerton","2026-06-07T00:00:00.000","U","7181"
"41230","47th-Dan Ryan","2026-06-07T00:00:00.000","U","1321"
"41240","Addison-O'Hare","2026-06-07T00:00:00.000","U","1299"
"41250","Central-Evanston","2026-06-07T00:00:00.000","U","270"
"41260","Austin-Lake","2026-06-07T00:00:00.000","U","542"
"41270","43rd","2026-06-07T00:00:00.000","U","383"
"41280","Jefferson Park","2026-06-07T00:00:00.000","U","2834"
"41290","Kimball","2026-06-07T00:00:00.000","U","1620"
"41300","Loyola","2026-06-07T00:00:00.000","U","2156"
"41310","Paulina","2026-06-07T00:00:00.000","U","1084"
"41320","Belmont-North Main","2026-06-07T00:00:00.000","U","6225"
"41330","Montrose-O'Hare","2026-06-07T00:00:00.000","U","1011"
"41340","LaSalle","2026-06-07T00:00:00.000","U","1150"
"41350","Oak Park-Lake","2026-06-07T00:00:00.000","U","678"
"41360","California-Lake","2026-06-07T00:00:00.000","U","506"
"41380","Bryn Mawr","2026-06-07T00:00:00.000","U","2174"
"41400","Roosevelt","2026-06-07T00:00:00.000","U","8442"
"41410","Chicago/Milwaukee","2026-06-07T00:00:00.000","U","1458"
"41420","Addison-North Main","2026-06-07T00:00:00.000","U","8119"
"41430","87th","2026-06-07T00:00:00.000","U","1384"
"41710","Damen-Lake","2026-06-06T00:00:00.000","A","788"
"41700","Washington/Wabash","2026-06-06T00:00:00.000","A","17354"
"41690","Cermak-McCormick Place","2026-06-06T00:00:00.000","A","2586"
"41680","Oakton-Skokie","2026-06-06T00:00:00.000","A","393"
"41670","Conservatory","2026-06-06T00:00:00.000","A","625"
"41660","Lake/State","2026-06-06T00:00:00.000","A","168"
"41510","Morgan-Lake","2026-06-06T00:00:00.000","A","4330"
"41500","Montrose-Brown","2026-06-06T00:00:00.000","A","1511"
"41490","Harrison","2026-06-06T00:00:00.000","A","49"
"41480","Western-Brown","2026-06-06T00:00:00.000","A","2048"
"41460","Irving Park-Brown","2026-06-06T00:00:00.000","A","2564"
"41450","Chicago/State","2026-06-06T00:00:00.000","A","64"
"41440","Addison-Brown","2026-06-06T00:00:00.000","A","1190"
"40010","Austin-Forest Park","2026-06-06T00:00:00.000","A","406"
"40020","Harlem-Lake","2026-06-06T00:00:00.000","A","1983"
"40030","Pulaski-Lake","2026-06-06T00:00:00.000","A","880"
"40040","Quincy/Wells","2026-06-06T00:00:00.000","A","2042"
"40050","Davis","2026-06-06T00:00:00.000","A","2071"
"40060","Belmont-O'Hare","2026-06-06T00:00:00.000","A","2763"
"40070","Jackson/Dearborn","2026-06-06T00:00:00.000","A","4785"
"40080","Sheridan","2026-06-06T00:00:00.000","A","2873"
"40090","Damen-Brown","2026-06-06T00:00:00.000","A","1496"
"40100","Morse","2026-06-06T00:00:00.000","A","2646"
"40120","35th/Archer","2026-06-06T00:00:00.000","A","1364"
"40130","51st","2026-06-06T00:00:00.000","A","593"
"40140","Dempster-Skokie","2026-06-06T00:00:00.000","A","1356"
"40150","Pulaski-Cermak","2026-06-06T00:00:00.000","A","589"
"40160","LaSalle/Van Buren","2026-06-06T00:00:00.000","A","920"
"40170","Ashland-Lake","2026-06-06T00:00:00.000","A","1510"
"40180","Oak Park-Forest Park","2026-06-06T00:00:00.000","A","349"
"40190","Sox-35th-Dan Ryan","2026-06-06T00:00:00.000","A","2284"
"40210","Damen-Cermak","2026-06-06T00:00:00.000","A","990"
"40220","Western-Forest Park","2026-06-06T00:00:00.000","A","552"
"40230","Cumberland","2026-06-06T00:00:00.000","A","2617"
"40240","79th","2026-06-06T00:00:00.000","A","2990"
"40250","Kedzie-Homan-Forest Park","2026-06-06T00:00:00.000","A","659"
"40260","State/Lake","2026-06-06T00:00:00.000","A","0"
"40270","Main","2026-06-06T00:00:00.000","A","686"
"40280","Central-Lake","2026-06-06T00:00:00.000","A","1045"
"40290","Ashland/63rd","2026-06-06T00:00:00.000","A","527"
"40300","Indiana","2026-06-06T00:00:00.000","A","364"
"40310","Western-Orange","2026-06-06T00:00:00.000","A","1542"
"40320","Division/Milwaukee","2026-06-06T00:00:00.000","A","3447"
"40330","Grand/State","2026-06-06T00:00:00.000","A","65"
"40340","Berwyn","2026-06-06T00:00:00.000","A","1844"
"40350","UIC-Halsted","2026-06-06T00:00:00.000","A","1804"
"40360","Southport","2026-06-06T00:00:00.000","A","2938"
"40370","Washington/Dearborn","2026-06-06T00:00:00.000","A","7293"
"40380","Clark/Lake","2026-06-06T00:00:00.000","A","14227"
"40390","Forest Park","2026-06-06T00:00:00.000","A","912"
"40400","Noyes","2026-06-06T00:00:00.000","A","553"
"40420","Cicero-Cermak","2026-06-06T00:00:00.000","A","692"
"40430","Clinton-Forest Park","2026-06-06T00:00:00.000","A","1066"
"40440","California-Cermak","2026-06-06T00:00:00.000","A","698"
"40450","95th/Dan Ryan","2026-06-06T00:00:00.000","A","4356"
"40460","Merchandise Mart","2026-06-06T00:00:00.000","A","4350"
"40470","Racine","2026-06-06T00:00:00.000","A","772"
"40480","Cicero-Lake","2026-06-06T00:00:00.000","A","669"
"40490","Grand/Milwaukee","2026-06-06T00:00:00.000","A","2961"
"40510","Garfield-South Elevated","2026-06-06T00:00:00.000","A","831"
"40520","Foster","2026-06-06T00:00:00.000","A","620"
"40530","Diversey","2026-06-06T00:00:00.000","A","4192"
"40540","Wilson","2026-06-06T00:00:00.000","A","4035"
"40550","Irving Park-O'Hare","2026-06-06T00:00:00.000","A","2232"
"40560","Jackson/State","2026-06-06T00:00:00.000","A","134"
"40570","California/Milwaukee","2026-06-06T00:00:00.000","A","3043"
"40580","54th/Cermak","2026-06-06T00:00:00.000","A","1408"
"40590","Damen/Milwaukee","2026-06-06T00:00:00.000","A","4714"
"40600","Kostner","2026-06-06T00:00:00.000","A","176"
"40610","Ridgeland","2026-06-06T00:00:00.000","A","570"
"40630","Clark/Division","2026-06-06T00:00:00.000","A","133"
"40650","North/Clybourn","2026-06-06T00:00:00.000","A","57"
"40660","Armitage","2026-06-06T00:00:00.000","A","4431"
"40670","Western/Milwaukee","2026-06-06T00:00:00.000","A","2948"
"40680","Adams/Wabash","2026-06-06T00:00:00.000","A","8549"
"40690","Dempster","2026-06-06T00:00:00.000","A","580"
"40700","Laramie","2026-06-06T00:00:00.000","A","546"
"40710","Chicago/Franklin","2026-06-06T00:00:00.000","A","7491"
"40720","East 63rd-Cottage Grove","2026-06-06T00:00:00.000","A","612"
"40730","Washington/Wells","2026-06-06T00:00:00.000","A","1670"
"40740","Western-Cermak","2026-06-06T00:00:00.000","A","686"
"40750","Harlem-O'Hare","2026-06-06T00:00:00.000","A","1210"
"40760","Granville","2026-06-06T00:00:00.000","A","2180"
"40770","Lawrence","2026-06-06T00:00:00.000","A","2002"
"40780","Central Park","2026-06-06T00:00:00.000","A","507"
"40790","Monroe/Dearborn","2026-06-06T00:00:00.000","A","1896"
"40800","Sedgwick","2026-06-06T00:00:00.000","A","5595"
"40810","Medical Center","2026-06-06T00:00:00.000","A","760"
"40820","Rosemont","2026-06-06T00:00:00.000","A","5066"
"40830","18th","2026-06-06T00:00:00.000","A","1197"
"40840","South Boulevard","2026-06-06T00:00:00.000","A","343"
"40850","Library","2026-06-06T00:00:00.000","A","3411"
"40870","Francisco","2026-06-06T00:00:00.000","A","816"
"40880","Thorndale","2026-06-06T00:00:00.000","A","1767"
"40890","O'Hare Airport","2026-06-06T00:00:00.000","A","9464"
"40900","Howard","2026-06-06T00:00:00.000","A","3068"
"40910","63rd-Dan Ryan","2026-06-06T00:00:00.000","A","1407"
"40920","Pulaski-Forest Park","2026-06-06T00:00:00.000","A","483"
"40930","Midway Airport","2026-06-06T00:00:00.000","A","4528"
"40940","Halsted/63rd","2026-06-06T00:00:00.000","A","287"
"40960","Pulaski-Orange","2026-06-06T00:00:00.000","A","1946"
"40970","Cicero-Forest Park","2026-06-06T00:00:00.000","A","435"
"40980","Harlem-Forest Park","2026-06-06T00:00:00.000","A","267"
"40990","69th","2026-06-06T00:00:00.000","A","2233"
"41000","Cermak-Chinatown","2026-06-06T00:00:00.000","A","7666"
"41010","Rockwell","2026-06-06T00:00:00.000","A","952"
"41020","Logan Square","2026-06-06T00:00:00.000","A","4193"
"41030","Polk","2026-06-06T00:00:00.000","A","831"
"41040","Kedzie-Cermak","2026-06-06T00:00:00.000","A","592"
"41050","Linden","2026-06-06T00:00:00.000","A","925"
"41060","Ashland-Orange","2026-06-06T00:00:00.000","A","895"
"41070","Kedzie-Lake","2026-06-06T00:00:00.000","A","510"
"41080","47th-South Elevated","2026-06-06T00:00:00.000","A","558"
"41090","Monroe/State","2026-06-06T00:00:00.000","A","105"
"41120","35-Bronzeville-IIT","2026-06-06T00:00:00.000","A","848"
"41130","Halsted-Orange","2026-06-06T00:00:00.000","A","1300"
"41140","King Drive","2026-06-06T00:00:00.000","A","286"
"41150","Kedzie-Midway","2026-06-06T00:00:00.000","A","1491"
"41160","Clinton-Lake","2026-06-06T00:00:00.000","A","2211"
"41170","Garfield-Dan Ryan","2026-06-06T00:00:00.000","A","1898"
"41180","Kedzie-Brown","2026-06-06T00:00:00.000","A","1268"
"41190","Jarvis","2026-06-06T00:00:00.000","A","1268"
"41200","Argyle","2026-06-06T00:00:00.000","A","2278"
"41210","Wellington","2026-06-06T00:00:00.000","A","1669"
"41220","Fullerton","2026-06-06T00:00:00.000","A","10497"
"41230","47th-Dan Ryan","2026-06-06T00:00:00.000","A","1617"
"41240","Addison-O'Hare","2026-06-06T00:00:00.000","A","1488"
"41250","Central-Evanston","2026-06-06T00:00:00.000","A","308"
"41260","Austin-Lake","2026-06-06T00:00:00.000","A","644"
"41270","43rd","2026-06-06T00:00:00.000","A","496"
"41280","Jefferson Park","2026-06-06T00:00:00.000","A","3594"
"41290","Kimball","2026-06-06T00:00:00.000","A","2065"
"41300","Loyola","2026-06-06T00:00:00.000","A","2605"
"41310","Paulina","2026-06-06T00:00:00.000","A","1666"
"41320","Belmont-North Main","2026-06-06T00:00:00.000","A","8750"
"41330","Montrose-O'Hare","2026-06-06T00:00:00.000","A","1252"
"41340","LaSalle","2026-06-06T00:00:00.000","A","1661"
"41350","Oak Park-Lake","2026-06-06T00:00:00.000","A","693"
"41360","California-Lake","2026-06-06T00:00:00.000","A","564"
"41380","Bryn Mawr","2026-06-06T00:00:00.000","A","2845"
"41400","Roosevelt","2026-06-06T00:00:00.000","A","14551"
"41410","Chicago/Milwaukee","2026-06-06T00:00:00.000","A","1800"
"41420","Addison-North Main","2026-06-06T00:00:00.000","A","11760"
"41430","87th","2026-06-06T00:00:00.000","A","1694"
"41710","Damen-Lake","2026-06-05T00:00:00.000","W","910"
"41700","Washington/Wabash","2026-06-05T00:00:00.000","W","11659"
"41690","Cermak-McCormick Place","2026-06-05T00:00:00.000","W","2045"
"41680","Oakton-Skokie","2026-06-05T00:00:00.000","W","498"
"41670","Conservatory","2026-06-05T00:00:00.000","W","652"
"41660","Lake/State","2026-06-05T00:00:00.000","W","12506"
"41510","Morgan-Lake","2026-06-05T00:00:00.000","W","4317"
"41500","Montrose-Brown","2026-06-05T00:00:00.000","W","1597"
"41490","Harrison","2026-06-05T00:00:00.000","W","3168"
"41480","Western-Brown","2026-06-05T00:00:00.000","W","2037"
"41460","Irving Park-Brown","2026-06-05T00:00:00.000","W","2231"
"41450","Chicago/State","2026-06-05T00:00:00.000","W","9071"
"41440","Addison-Brown","2026-06-05T00:00:00.000","W","1243"
"40010","Austin-Forest Park","2026-06-05T00:00:00.000","W","621"
"40020","Harlem-Lake","2026-06-05T00:00:00.000","W","2338"
"40030","Pulaski-Lake","2026-06-05T00:00:00.000","W","1064"
"40040","Quincy/Wells","2026-06-05T00:00:00.000","W","3851"
"40050","Davis","2026-06-05T00:00:00.000","W","2427"
"40060","Belmont-O'Hare","2026-06-05T00:00:00.000","W","3563"
"40070","Jackson/Dearborn","2026-06-05T00:00:00.000","W","4442"
"40080","Sheridan","2026-06-05T00:00:00.000","W","3070"
"40090","Damen-Brown","2026-06-05T00:00:00.000","W","1640"
"40100","Morse","2026-06-05T00:00:00.000","W","2871"
"40120","35th/Archer","2026-06-05T00:00:00.000","W","1809"
"40130","51st","2026-06-05T00:00:00.000","W","677"
"40140","Dempster-Skokie","2026-06-05T00:00:00.000","W","1370"
"40150","Pulaski-Cermak","2026-06-05T00:00:00.000","W","707"
"40160","LaSalle/Van Buren","2026-06-05T00:00:00.000","W","1655"
"40170","Ashland-Lake","2026-06-05T00:00:00.000","W","1803"
"40180","Oak Park-Forest Park","2026-06-05T00:00:00.000","W","538"
"40190","Sox-35th-Dan Ryan","2026-06-05T00:00:00.000","W","2704"
"40210","Damen-Cermak","2026-06-05T00:00:00.000","W","1261"
"40220","Western-Forest Park","2026-06-05T00:00:00.000","W","617"
"40230","Cumberland","2026-06-05T00:00:00.000","W","2737"
"40240","79th","2026-06-05T00:00:00.000","W","3493"
"40250","Kedzie-Homan-Forest Park","2026-06-05T00:00:00.000","W","858"
"40260","State/Lake","2026-06-05T00:00:00.000","W","0"
"40270","Main","2026-06-05T00:00:00.000","W","749"
"40280","Central-Lake","2026-06-05T00:00:00.000","W","1323"
"40290","Ashland/63rd","2026-06-05T00:00:00.000","W","715"
"40300","Indiana","2026-06-05T00:00:00.000","W","476"
"40310","Western-Orange","2026-06-05T00:00:00.000","W","2294"
"40320","Division/Milwaukee","2026-06-05T00:00:00.000","W","4053"
"40330","Grand/State","2026-06-05T00:00:00.000","W","9288"
"40340","Berwyn","2026-06-05T00:00:00.000","W","1952"
"40350","UIC-Halsted","2026-06-05T00:00:00.000","W","1938"
"40360","Southport","2026-06-05T00:00:00.000","W","2618"
"40370","Washington/Dearborn","2026-06-05T00:00:00.000","W","9021"
"40380","Clark/Lake","2026-06-05T00:00:00.000","W","12080"
"40390","Forest Park","2026-06-05T00:00:00.000","W","1133"
"40400","Noyes","2026-06-05T00:00:00.000","W","654"
"40420","Cicero-Cermak","2026-06-05T00:00:00.000","W","662"
"40430","Clinton-Forest Park","2026-06-05T00:00:00.000","W","1444"
"40440","California-Cermak","2026-06-05T00:00:00.000","W","1016"
"40450","95th/Dan Ryan","2026-06-05T00:00:00.000","W","5967"
"40460","Merchandise Mart","2026-06-05T00:00:00.000","W","4269"
"40470","Racine","2026-06-05T00:00:00.000","W","565"
"40480","Cicero-Lake","2026-06-05T00:00:00.000","W","741"
"40490","Grand/Milwaukee","2026-06-05T00:00:00.000","W","2929"
"40510","Garfield-South Elevated","2026-06-05T00:00:00.000","W","846"
"40520","Foster","2026-06-05T00:00:00.000","W","595"
"40530","Diversey","2026-06-05T00:00:00.000","W","3603"
"40540","Wilson","2026-06-05T00:00:00.000","W","4651"
"40550","Irving Park-O'Hare","2026-06-05T00:00:00.000","W","2892"
"40560","Jackson/State","2026-06-05T00:00:00.000","W","4854"
"40570","California/Milwaukee","2026-06-05T00:00:00.000","W","3476"
"40580","54th/Cermak","2026-06-05T00:00:00.000","W","1537"
"40590","Damen/Milwaukee","2026-06-05T00:00:00.000","W","4673"
"40600","Kostner","2026-06-05T00:00:00.000","W","270"
"40610","Ridgeland","2026-06-05T00:00:00.000","W","712"
"40630","Clark/Division","2026-06-05T00:00:00.000","W","5908"
"40650","North/Clybourn","2026-06-05T00:00:00.000","W","5507"
"40660","Armitage","2026-06-05T00:00:00.000","W","3305"
"40670","Western/Milwaukee","2026-06-05T00:00:00.000","W","3282"
"40680","Adams/Wabash","2026-06-05T00:00:00.000","W","4983"
"40690","Dempster","2026-06-05T00:00:00.000","W","641"
"40700","Laramie","2026-06-05T00:00:00.000","W","734"
"40710","Chicago/Franklin","2026-06-05T00:00:00.000","W","4454"
"40720","East 63rd-Cottage Grove","2026-06-05T00:00:00.000","W","759"
"40730","Washington/Wells","2026-06-05T00:00:00.000","W","4081"
"40740","Western-Cermak","2026-06-05T00:00:00.000","W","898"
"40750","Harlem-O'Hare","2026-06-05T00:00:00.000","W","1560"
"40760","Granville","2026-06-05T00:00:00.000","W","2272"
"40770","Lawrence","2026-06-05T00:00:00.000","W","2071"
"40780","Central Park","2026-06-05T00:00:00.000","W","701"
"40790","Monroe/Dearborn","2026-06-05T00:00:00.000","W","3215"
"40800","Sedgwick","2026-06-05T00:00:00.000","W","2948"
"40810","Medical Center","2026-06-05T00:00:00.000","W","1368"
"40820","Rosemont","2026-06-05T00:00:00.000","W","4874"
"40830","18th","2026-06-05T00:00:00.000","W","1374"
"40840","South Boulevard","2026-06-05T00:00:00.000","W","404"
"40850","Library","2026-06-05T00:00:00.000","W","2513"
"40870","Francisco","2026-06-05T00:00:00.000","W","1013"
"40880","Thorndale","2026-06-05T00:00:00.000","W","1885"
"40890","O'Hare Airport","2026-06-05T00:00:00.000","W","13583"
"40900","Howard","2026-06-05T00:00:00.000","W","3532"
"40910","63rd-Dan Ryan","2026-06-05T00:00:00.000","W","1800"
"40920","Pulaski-Forest Park","2026-06-05T00:00:00.000","W","667"
"40930","Midway Airport","2026-06-05T00:00:00.000","W","6599"
"40940","Halsted/63rd","2026-06-05T00:00:00.000","W","345"
"40960","Pulaski-Orange","2026-06-05T00:00:00.000","W","2891"
"40970","Cicero-Forest Park","2026-06-05T00:00:00.000","W","607"
"40980","Harlem-Forest Park","2026-06-05T00:00:00.000","W","329"
"40990","69th","2026-06-05T00:00:00.000","W","2631"
"41000","Cermak-Chinatown","2026-06-05T00:00:00.000","W","6649"
"41010","Rockwell","2026-06-05T00:00:00.000","W","1028"
"41020","Logan Square","2026-06-05T00:00:00.000","W","4820"
"41030","Polk","2026-06-05T00:00:00.000","W","2171"
"41040","Kedzie-Cermak","2026-06-05T00:00:00.000","W","911"
"41050","Linden","2026-06-05T00:00:00.000","W","871"
"41060","Ashland-Orange","2026-06-05T00:00:00.000","W","1170"
"41070","Kedzie-Lake","2026-06-05T00:00:00.000","W","725"
"41080","47th-South Elevated","2026-06-05T00:00:00.000","W","727"
"41090","Monroe/State","2026-06-05T00:00:00.000","W","4610"
"41120","35-Bronzeville-IIT","2026-06-05T00:00:00.000","W","866"
"41130","Halsted-Orange","2026-06-05T00:00:00.000","W","1458"
"41140","King Drive","2026-06-05T00:00:00.000","W","325"
"41150","Kedzie-Midway","2026-06-05T00:00:00.000","W","2140"
"41160","Clinton-Lake","2026-06-05T00:00:00.000","W","2551"
"41170","Garfield-Dan Ryan","2026-06-05T00:00:00.000","W","2443"
"41180","Kedzie-Brown","2026-06-05T00:00:00.000","W","1459"
"41190","Jarvis","2026-06-05T00:00:00.000","W","1229"
"41200","Argyle","2026-06-05T00:00:00.000","W","2153"
"41210","Wellington","2026-06-05T00:00:00.000","W","1882"
"41220","Fullerton","2026-06-05T00:00:00.000","W","9082"
"41230","47th-Dan Ryan","2026-06-05T00:00:00.000","W","2009"
"41240","Addison-O'Hare","2026-06-05T00:00:00.000","W","1818"
"41250","Central-Evanston","2026-06-05T00:00:00.000","W","586"
"41260","Austin-Lake","2026-06-05T00:00:00.000","W","883"
"41270","43rd","2026-06-05T00:00:00.000","W","675"
"41280","Jefferson Park","2026-06-05T00:00:00.000","W","4508"
"41290","Kimball","2026-06-05T00:00:00.000","W","2440"
"41300","Loyola","2026-06-05T00:00:00.000","W","2893"
"41310","Paulina","2026-06-05T00:00:00.000","W","1812"
"41320","Belmont-North Main","2026-06-05T00:00:00.000","W","8586"
"41330","Montrose-O'Hare","2026-06-05T00:00:00.000","W","1535"
"41340","LaSalle","2026-06-05T00:00:00.000","W","1618"
"41350","Oak Park-Lake","2026-06-05T00:00:00.000","W","817"
"41360","California-Lake","2026-06-05T00:00:00.000","W","748"
"41380","Bryn Mawr","2026-06-05T00:00:00.000","W","2914"
"41400","Roosevelt","2026-06-05T00:00:00.000","W","9885"
"41410","Chicago/Milwaukee","2026-06-05T00:00:00.000","W","2046"
"41420","Addison-North Main","2026-06-05T00:00:00.000","W","14975"
"41430","87th","2026-06-05T00:00:00.000","W","2080"
"41710","Damen-Lake","2026-06-04T00:00:00.000","W","1070"
"41700","Washington/Wabash","2026-06-04T00:00:00.000","W","12399"
"41690","Cermak-McCormick Place","2026-06-04T00:00:00.000","W","2081"
"41680","Oakton-Skokie","2026-06-04T00:00:00.000","W","570"
"41670","Conservatory","2026-06-04T00:00:00.000","W","621"
"41660","Lake/State","2026-06-04T00:00:00.000","W","13912"
"41510","Morgan-Lake","2026-06-04T00:00:00.000","W","5108"
"41500","Montrose-Brown","2026-06-04T00:00:00.000","W","1893"
"41490","Harrison","2026-06-04T00:00:00.000","W","3234"
"41480","Western-Brown","2026-06-04T00:00:00.000","W","2113"
"41460","Irving Park-Brown","2026-06-04T00:00:00.000","W","2117"
"41450","Chicago/State","2026-06-04T00:00:00.000","W","9791"
"41440","Addison-Brown","2026-06-04T00:00:00.000","W","1527"
"40010","Austin-Forest Park","2026-06-04T00:00:00.000","W","722"
"40020","Harlem-Lake","2026-06-04T00:00:00.000","W","2669"
"40030","Pulaski-Lake","2026-06-04T00:00:00.000","W","1142"
"40040","Quincy/Wells","2026-06-04T00:00:00.000","W","6386"
"40050","Davis","2026-06-04T00:00:00.000","W","2642"
"40060","Belmont-O'Hare","2026-06-04T00:00:00.000","W","3930"
"40070","Jackson/Dearborn","2026-06-04T00:00:00.000","W","4940"
"40080","Sheridan","2026-06-04T00:00:00.000","W","3265"
"40090","Damen-Brown","2026-06-04T00:00:00.000","W","2015"
"40100","Morse","2026-06-04T00:00:00.000","W","2973"
"40120","35th/Archer","2026-06-04T00:00:00.000","W","2118"
"40130","51st","2026-06-04T00:00:00.000","W","697"
"40140","Dempster-Skokie","2026-06-04T00:00:00.000","W","1322"
"40150","Pulaski-Cermak","2026-06-04T00:00:00.000","W","747"
"40160","LaSalle/Van Buren","2026-06-04T00:00:00.000","W","2266"
"40170","Ashland-Lake","2026-06-04T00:00:00.000","W","2034"
"40180","Oak Park-Forest Park","2026-06-04T00:00:00.000","W","701"
"40190","Sox-35th-Dan Ryan","2026-06-04T00:00:00.000","W","2868"
"40210","Damen-Cermak","2026-06-04T00:00:00.000","W","1379"
"40220","Western-Forest Park","2026-06-04T00:00:00.000","W","656"
"40230","Cumberland","2026-06-04T00:00:00.000","W","2866"
"40240","79th","2026-06-04T00:00:00.000","W","3940"
"40250","Kedzie-Homan-Forest Park","2026-06-04T00:00:00.000","W","925"
"40260","State/Lake","2026-06-04T00:00:00.000","W","0"
"40270","Main","2026-06-04T00:00:00.000","W","815"
"40280","Central-Lake","2026-06-04T00:00:00.000","W","1357"
"40290","Ashland/63rd","2026-06-04T00:00:00.000","W","732"
"40300","Indiana","2026-06-04T00:00:00.000","W","601"
"40310","Western-Orange","2026-06-04T00:00:00.000","W","2761"
"40320","Division/Milwaukee","2026-06-04T00:00:00.000","W","4731"
"40330","Grand/State","2026-06-04T00:00:00.000","W","9381"
"40340","Berwyn","2026-06-04T00:00:00.000","W","2201"
"40350","UIC-Halsted","2026-06-04T00:00:00.000","W","2161"
"40360","Southport","2026-06-04T00:00:00.000","W","2954"
"40370","Washington/Dearborn","2026-06-04T00:00:00.000","W","9719"
"40380","Clark/Lake","2026-06-04T00:00:00.000","W","16143"
"40390","Forest Park","2026-06-04T00:00:00.000","W","1263"
"40400","Noyes","2026-06-04T00:00:00.000","W","661"
"40420","Cicero-Cermak","2026-06-04T00:00:00.000","W","700"
"40430","Clinton-Forest Park","2026-06-04T00:00:00.000","W","2060"
"40440","California-Cermak","2026-06-04T00:00:00.000","W","1126"
"40450","95th/Dan Ryan","2026-06-04T00:00:00.000","W","6440"
"40460","Merchandise Mart","2026-06-04T00:00:00.000","W","6778"
"40470","Racine","2026-06-04T00:00:00.000","W","875"
"40480","Cicero-Lake","2026-06-04T00:00:00.000","W","887"
"40490","Grand/Milwaukee","2026-06-04T00:00:00.000","W","3539"
"40510","Garfield-South Elevated","2026-06-04T00:00:00.000","W","970"
"40520","Foster","2026-06-04T00:00:00.000","W","636"
"40530","Diversey","2026-06-04T00:00:00.000","W","4143"
"40540","Wilson","2026-06-04T00:00:00.000","W","5263"
"40550","Irving Park-O'Hare","2026-06-04T00:00:00.000","W","3242"
"40560","Jackson/State","2026-06-04T00:00:00.000","W","5944"
"40570","California/Milwaukee","2026-06-04T00:00:00.000","W","4010"
"40580","54th/Cermak","2026-06-04T00:00:00.000","W","1819"
"40590","Damen/Milwaukee","2026-06-04T00:00:00.000","W","5037"
"40600","Kostner","2026-06-04T00:00:00.000","W","326"
"40610","Ridgeland","2026-06-04T00:00:00.000","W","889"
"40630","Clark/Division","2026-06-04T00:00:00.000","W","6951"
"40650","North/Clybourn","2026-06-04T00:00:00.000","W","5258"
"40660","Armitage","2026-06-04T00:00:00.000","W","3677"
"40670","Western/Milwaukee","2026-06-04T00:00:00.000","W","4183"
"40680","Adams/Wabash","2026-06-04T00:00:00.000","W","5660"
"40690","Dempster","2026-06-04T00:00:00.000","W","609"
"40700","Laramie","2026-06-04T00:00:00.000","W","802"
"40710","Chicago/Franklin","2026-06-04T00:00:00.000","W","4998"
"40720","East 63rd-Cottage Grove","2026-06-04T00:00:00.000","W","885"
"40730","Washington/Wells","2026-06-04T00:00:00.000","W","6642"
"40740","Western-Cermak","2026-06-04T00:00:00.000","W","984"
"40750","Harlem-O'Hare","2026-06-04T00:00:00.000","W","1841"
"40760","Granville","2026-06-04T00:00:00.000","W","2339"
"40770","Lawrence","2026-06-04T00:00:00.000","W","2095"
"40780","Central Park","2026-06-04T00:00:00.000","W","847"
"40790","Monroe/Dearborn","2026-06-04T00:00:00.000","W","4274"
"40800","Sedgwick","2026-06-04T00:00:00.000","W","3595"
"40810","Medical Center","2026-06-04T00:00:00.000","W","1626"
"40820","Rosemont","2026-06-04T00:00:00.000","W","4859"
"40830","18th","2026-06-04T00:00:00.000","W","1540"
"40840","South Boulevard","2026-06-04T00:00:00.000","W","524"
"40850","Library","2026-06-04T00:00:00.000","W","2909"
"40870","Francisco","2026-06-04T00:00:00.000","W","1153"
"40880","Thorndale","2026-06-04T00:00:00.000","W","1876"
"40890","O'Hare Airport","2026-06-04T00:00:00.000","W","14737"
"40900","Howard","2026-06-04T00:00:00.000","W","3727"
"40910","63rd-Dan Ryan","2026-06-04T00:00:00.000","W","1979"
"40920","Pulaski-Forest Park","2026-06-04T00:00:00.000","W","675"
"40930","Midway Airport","2026-06-04T00:00:00.000","W","7298"
"40940","Halsted/63rd","2026-06-04T00:00:00.000","W","426"
"40960","Pulaski-Orange","2026-06-04T00:00:00.000","W","3601"
"40970","Cicero-Forest Park","2026-06-04T00:00:00.000","W","595"
"40980","Harlem-Forest Park","2026-06-04T00:00:00.000","W","444"
"40990","69th","2026-06-04T00:00:00.000","W","3115"
"41000","Cermak-Chinatown","2026-06-04T00:00:00.000","W","5920"
"41010","Rockwell","2026-06-04T00:00:00.000","W","1277"
"41020","Logan Square","2026-06-04T00:00:00.000","W","5497"
"41030","Polk","2026-06-04T00:00:00.000","W","2340"
"41040","Kedzie-Cermak","2026-06-04T00:00:00.000","W","948"
"41050","Linden","2026-06-04T00:00:00.000","W","1032"
"41060","Ashland-Orange","2026-06-04T00:00:00.000","W","1367"
"41070","Kedzie-Lake","2026-06-04T00:00:00.000","W","889"
"41080","47th-South Elevated","2026-06-04T00:00:00.000","W","838"
"41090","Monroe/State","2026-06-04T00:00:00.000","W","5298"
"41120","35-Bronzeville-IIT","2026-06-04T00:00:00.000","W","1014"
"41130","Halsted-Orange","2026-06-04T00:00:00.000","W","1732"
"41140","King Drive","2026-06-04T00:00:00.000","W","317"
"41150","Kedzie-Midway","2026-06-04T00:00:00.000","W","2497"
"41160","Clinton-Lake","2026-06-04T00:00:00.000","W","3265"
"41170","Garfield-Dan Ryan","2026-06-04T00:00:00.000","W","2561"
"41180","Kedzie-Brown","2026-06-04T00:00:00.000","W","1564"
"41190","Jarvis","2026-06-04T00:00:00.000","W","1235"
"41200","Argyle","2026-06-04T00:00:00.000","W","2249"
"41210","Wellington","2026-06-04T00:00:00.000","W","2475"
"41220","Fullerton","2026-06-04T00:00:00.000","W","11488"
"41230","47th-Dan Ryan","2026-06-04T00:00:00.000","W","2106"
"41240","Addison-O'Hare","2026-06-04T00:00:00.000","W","2187"
"41250","Central-Evanston","2026-06-04T00:00:00.000","W","628"
"41260","Austin-Lake","2026-06-04T00:00:00.000","W","1027"
"41270","43rd","2026-06-04T00:00:00.000","W","753"
"41280","Jefferson Park","2026-06-04T00:00:00.000","W","4952"
"41290","Kimball","2026-06-04T00:00:00.000","W","2646"
"41300","Loyola","2026-06-04T00:00:00.000","W","3188"
"41310","Paulina","2026-06-04T00:00:00.000","W","2042"
"41320","Belmont-North Main","2026-06-04T00:00:00.000","W","8849"
"41330","Montrose-O'Hare","2026-06-04T00:00:00.000","W","1835"
"41340","LaSalle","2026-06-04T00:00:00.000","W","1672"
"41350","Oak Park-Lake","2026-06-04T00:00:00.000","W","972"
"41360","California-Lake","2026-06-04T00:00:00.000","W","813"
"41380","Bryn Mawr","2026-06-04T00:00:00.000","W","3183"
"41400","Roosevelt","2026-06-04T00:00:00.000","W","9060"
"41410","Chicago/Milwaukee","2026-06-04T00:00:00.000","W","2302"
"41420","Addison-North Main","2026-06-04T00:00:00.000","W","12172"
"41430","87th","2026-06-04T00:00:00.000","W","2279"
"41710","Damen-Lake","2026-06-03T00:00:00.000","W","1051"
"41700","Washington/Wabash","2026-06-03T00:00:00.000","W","11474"
"40010","Austin-Forest Park","2026-06-03T00:00:00.000","W","826"
"40020","Harlem-Lake","2026-06-03T00:00:00.000","W","2540"
"40030","Pulaski-Lake","2026-06-03T00:00:00.000","W","1081"
"40040","Quincy/Wells","2026-06-03T00:00:00.000","W","6633"
"40050","Davis","2026-06-03T00:00:00.000","W","2508"
"40060","Belmont-O'Hare","2026-06-03T00:00:00.000","W","3811"
"40070","Jackson/Dearborn","2026-06-03T00:00:00.000","W","4545"
"40080","Sheridan","2026-06-03T00:00:00.000","W","3155"
"40090","Damen-Brown","2026-06-03T00:00:00.000","W","1887"
"40100","Morse","2026-06-03T00:00:00.000","W","2969"
"40120","35th/Archer","2026-06-03T00:00:00.000","W","2046"
"40130","51st","2026-06-03T00:00:00.000","W","722"
"40140","Dempster-Skokie","2026-06-03T00:00:00.000","W","1325"
"40150","Pulaski-Cermak","2026-06-03T00:00:00.000","W","709"
"40160","LaSalle/Van Buren","2026-06-03T00:00:00.000","W","2339"
"40170","Ashland-Lake","2026-06-03T00:00:00.000","W","2024"
"40180","Oak Park-Forest Park","2026-06-03T00:00:00.000","W","764"
"40190","Sox-35th-Dan Ryan","2026-06-03T00:00:00.000","W","2826"
"40210","Damen-Cermak","2026-06-03T00:00:00.000","W","1324"
"40220","Western-Forest Park","2026-06-03T00:00:00.000","W","670"
"40230","Cumberland","2026-06-03T00:00:00.000","W","2826"
"40240","79th","2026-06-03T00:00:00.000","W","3949"
"40250","Kedzie-Homan-Forest Park","2026-06-03T00:00:00.000","W","877"
"40260","State/Lake","2026-06-03T00:00:00.000","W","0"
"40270","Main","2026-06-03T00:00:00.000","W","832"
"40280","Central-Lake","2026-06-03T00:00:00.000","W","1452"
"40290","Ashland/63rd","2026-06-03T00:00:00.000","W","749"
"40300","Indiana","2026-06-03T00:00:00.000","W","580"
"40310","Western-Orange","2026-06-03T00:00:00.000","W","2730"
"40320","Division/Milwaukee","2026-06-03T00:00:00.000","W","4484"
"40330","Grand/State","2026-06-03T00:00:00.000","W","7946"
"40340","Berwyn","2026-06-03T00:00:00.000","W","2140"
"40350","UIC-Halsted","2026-06-03T00:00:00.000","W","2026"
"40360","Southport","2026-06-03T00:00:00.000","W","2920"
"40370","Washington/Dearborn","2026-06-03T00:00:00.000","W","9002"
"40380","Clark/Lake","2026-06-03T00:00:00.000","W","15190"
"40390","Forest Park","2026-06-03T00:00:00.000","W","1244"
"40400","Noyes","2026-06-03T00:00:00.000","W","658"
"40420","Cicero-Cermak","2026-06-03T00:00:00.000","W","752"
"40430","Clinton-Forest Park","2026-06-03T00:00:00.000","W","1978"
"40440","California-Cermak","2026-06-03T00:00:00.000","W","1163"
"40450","95th/Dan Ryan","2026-06-03T00:00:00.000","W","6395"
"40460","Merchandise Mart","2026-06-03T00:00:00.000","W","6814"
"40470","Racine","2026-06-03T00:00:00.000","W","897"
"40480","Cicero-Lake","2026-06-03T00:00:00.000","W","803"
"40490","Grand/Milwaukee","2026-06-03T00:00:00.000","W","3056"
"40510","Garfield-South Elevated","2026-06-03T00:00:00.000","W","927"
"40520","Foster","2026-06-03T00:00:00.000","W","611"
"40530","Diversey","2026-06-03T00:00:00.000","W","4146"
"40540","Wilson","2026-06-03T00:00:00.000","W","5137"
"40550","Irving Park-O'Hare","2026-06-03T00:00:00.000","W","2976"
"40560","Jackson/State","2026-06-03T00:00:00.000","W","5500"
"40570","California/Milwaukee","2026-06-03T00:00:00.000","W","3962"
"40580","54th/Cermak","2026-06-03T00:00:00.000","W","1771"
"40590","Damen/Milwaukee","2026-06-03T00:00:00.000","W","4907"
"40600","Kostner","2026-06-03T00:00:00.000","W","494"
"40610","Ridgeland","2026-06-03T00:00:00.000","W","1019"
"40630","Clark/Division","2026-06-03T00:00:00.000","W","6114"
"40650","North/Clybourn","2026-06-03T00:00:00.000","W","4531"
"40660","Armitage","2026-06-03T00:00:00.000","W","3654"
"40670","Western/Milwaukee","2026-06-03T00:00:00.000","W","3967"
"40680","Adams/Wabash","2026-06-03T00:00:00.000","W","5369"
"40690","Dempster","2026-06-03T00:00:00.000","W","589"
"40700","Laramie","2026-06-03T00:00:00.000","W","731"
"40710","Chicago/Franklin","2026-06-03T00:00:00.000","W","4876"
"40720","East 63rd-Cottage Grove","2026-06-03T00:00:00.000","W","863"
"40730","Washington/Wells","2026-06-03T00:00:00.000","W","6714"
"40740","Western-Cermak","2026-06-03T00:00:00.000","W","935"
"40750","Harlem-O'Hare","2026-06-03T00:00:00.000","W","1775"
"40760","Granville","2026-06-03T00:00:00.000","W","2242"
"40770","Lawrence","2026-06-03T00:00:00.000","W","2029"
"40780","Central Park","2026-06-03T00:00:00.000","W","862"
"40790","Monroe/Dearborn","2026-06-03T00:00:00.000","W","4256"
"40800","Sedgwick","2026-06-03T00:00:00.000","W","3328"
"40810","Medical Center","2026-06-03T00:00:00.000","W","1574"
"40820","Rosemont","2026-06-03T00:00:00.000","W","4438"
"40830","18th","2026-06-03T00:00:00.000","W","1348"
"40840","South Boulevard","2026-06-03T00:00:00.000","W","505"
"40850","Library","2026-06-03T00:00:00.000","W","2772"
"40870","Francisco","2026-06-03T00:00:00.000","W","1133"
"40880","Thorndale","2026-06-03T00:00:00.000","W","1898"
"40890","O'Hare Airport","2026-06-03T00:00:00.000","W","10603"
"40900","Howard","2026-06-03T00:00:00.000","W","3702"
"40910","63rd-Dan Ryan","2026-06-03T00:00:00.000","W","1898"
"40920","Pulaski-Forest Park","2026-06-03T00:00:00.000","W","619"
"40930","Midway Airport","2026-06-03T00:00:00.000","W","6042"
"40940","Halsted/63rd","2026-06-03T00:00:00.000","W","434"
"40960","Pulaski-Orange","2026-06-03T00:00:00.000","W","3580"
"40970","Cicero-Forest Park","2026-06-03T00:00:00.000","W","623"
"40980","Harlem-Forest Park","2026-06-03T00:00:00.000","W","469"
"40990","69th","2026-06-03T00:00:00.000","W","3049"
"41000","Cermak-Chinatown","2026-06-03T00:00:00.000","W","5181"
"41010","Rockwell","2026-06-03T00:00:00.000","W","1290"
"41020","Logan Square","2026-06-03T00:00:00.000","W","5301"
"41030","Polk","2026-06-03T00:00:00.000","W","2374"
"41040","Kedzie-Cermak","2026-06-03T00:00:00.000","W","837"
"41050","Linden","2026-06-03T00:00:00.000","W","1000"
"41060","Ashland-Orange","2026-06-03T00:00:00.000","W","1372"
"41070","Kedzie-Lake","2026-06-03T00:00:00.000","W","765"
"41080","47th-South Elevated","2026-06-03T00:00:00.000","W","804"
"41090","Monroe/State","2026-06-03T00:00:00.000","W","5017"
"41120","35-Bronzeville-IIT","2026-06-03T00:00:00.000","W","979"
"41130","Halsted-Orange","2026-06-03T00:00:00.000","W","1590"
"41140","King Drive","2026-06-03T00:00:00.000","W","335"
"41150","Kedzie-Midway","2026-06-03T00:00:00.000","W","2451"
"41160","Clinton-Lake","2026-06-03T00:00:00.000","W","3227"
"41170","Garfield-Dan Ryan","2026-06-03T00:00:00.000","W","2500"
"41180","Kedzie-Brown","2026-06-03T00:00:00.000","W","1630"
"41190","Jarvis","2026-06-03T00:00:00.000","W","1187"
"41200","Argyle","2026-06-03T00:00:00.000","W","2297"
"41210","Wellington","2026-06-03T00:00:00.000","W","2466"
"41220","Fullerton","2026-06-03T00:00:00.000","W","10897"
"41230","47th-Dan Ryan","2026-06-03T00:00:00.000","W","2106"
"41240","Addison-O'Hare","2026-06-03T00:00:00.000","W","2198"
"41250","Central-Evanston","2026-06-03T00:00:00.000","W","619"
"41260","Austin-Lake","2026-06-03T00:00:00.000","W","1006"
"41270","43rd","2026-06-03T00:00:00.000","W","724"
"41280","Jefferson Park","2026-06-03T00:00:00.000","W","5127"
"41290","Kimball","2026-06-03T00:00:00.000","W","2621"
"41300","Loyola","2026-06-03T00:00:00.000","W","2956"
"41310","Paulina","2026-06-03T00:00:00.000","W","2047"
"41320","Belmont-North Main","2026-06-03T00:00:00.000","W","8672"
"41330","Montrose-O'Hare","2026-06-03T00:00:00.000","W","1845"
"41340","LaSalle","2026-06-03T00:00:00.000","W","1651"
"41350","Oak Park-Lake","2026-06-03T00:00:00.000","W","897"
"41360","California-Lake","2026-06-03T00:00:00.000","W","825"
"41380","Bryn Mawr","2026-06-03T00:00:00.000","W","2990"
"41400","Roosevelt","2026-06-03T00:00:00.000","W","8320"
"41410","Chicago/Milwaukee","2026-06-03T00:00:00.000","W","2205"
"41420","Addison-North Main","2026-06-03T00:00:00.000","W","10732"
"41430","87th","2026-06-03T00:00:00.000","W","2295"
"41440","Addison-Brown","2026-06-03T00:00:00.000","W","1591"
"41450","Chicago/State","2026-06-03T00:00:00.000","W","8755"
"41460","Irving Park-Brown","2026-06-03T00:00:00.000","W","2014"
"41480","Western-Brown","2026-06-03T00:00:00.000","W","2098"
"41490","Harrison","2026-06-03T00:00:00.000","W","2750"
"41500","Montrose-Brown","2026-06-03T00:00:00.000","W","1776"
"41510","Morgan-Lake","2026-06-03T00:00:00.000","W","4535"
"41660","Lake/State","2026-06-03T00:00:00.000","W","12270"
"41670","Conservatory","2026-06-03T00:00:00.000","W","690"
"41680","Oakton-Skokie","2026-06-03T00:00:00.000","W","597"
"41690","Cermak-McCormick Place","2026-06-03T00:00:00.000","W","1959"
"41710","Damen-Lake","2026-06-02T00:00:00.000","W","1039"
"41700","Washington/Wabash","2026-06-02T00:00:00.000","W","11268"
"40010","Austin-Forest Park","2026-06-02T00:00:00.000","W","773"
"40020","Harlem-Lake","2026-06-02T00:00:00.000","W","2511"
"40030","Pulaski-Lake","2026-06-02T00:00:00.000","W","1245"
"40040","Quincy/Wells","2026-06-02T00:00:00.000","W","6954"
"40050","Davis","2026-06-02T00:00:00.000","W","2547"
"40060","Belmont-O'Hare","2026-06-02T00:00:00.000","W","3690"
"40070","Jackson/Dearborn","2026-06-02T00:00:00.000","W","4697"
"40080","Sheridan","2026-06-02T00:00:00.000","W","3361"
"40090","Damen-Brown","2026-06-02T00:00:00.000","W","1919"
"40100","Morse","2026-06-02T00:00:00.000","W","2852"
"40120","35th/Archer","2026-06-02T00:00:00.000","W","1997"
"40130","51st","2026-06-02T00:00:00.000","W","712"
"40140","Dempster-Skokie","2026-06-02T00:00:00.000","W","1558"
"40150","Pulaski-Cermak","2026-06-02T00:00:00.000","W","765"
"40160","LaSalle/Van Buren","2026-06-02T00:00:00.000","W","2550"
"40170","Ashland-Lake","2026-06-02T00:00:00.000","W","2019"
"40180","Oak Park-Forest Park","2026-06-02T00:00:00.000","W","722"
"40190","Sox-35th-Dan Ryan","2026-06-02T00:00:00.000","W","2593"
"40210","Damen-Cermak","2026-06-02T00:00:00.000","W","1357"
"40220","Western-Forest Park","2026-06-02T00:00:00.000","W","625"
"40230","Cumberland","2026-06-02T00:00:00.000","W","2729"
"40240","79th","2026-06-02T00:00:00.000","W","3910"
"40250","Kedzie-Homan-Forest Park","2026-06-02T00:00:00.000","W","873"
"40260","State/Lake","2026-06-02T00:00:00.000","W","0"
"40270","Main","2026-06-02T00:00:00.000","W","784"
"40280","Central-Lake","2026-06-02T00:00:00.000","W","1442"
"40290","Ashland/63rd","2026-06-02T00:00:00.000","W","660"
"40300","Indiana","2026-06-02T00:00:00.000","W","540"
"40310","Western-Orange","2026-06-02T00:00:00.000","W","2707"
"40320","Division/Milwaukee","2026-06-02T00:00:00.000","W","4396"
"40330","Grand/State","2026-06-02T00:00:00.000","W","7713"
"40340","Berwyn","2026-06-02T00:00:00.000","W","1953"
"40350","UIC-Halsted","2026-06-02T00:00:00.000","W","2079"
"40360","Southport","2026-06-02T00:00:00.000","W","3012"
"40370","Washington/Dearborn","2026-06-02T00:00:00.000","W","9242"
"40380","Clark/Lake","2026-06-02T00:00:00.000","W","15221"
"40390","Forest Park","2026-06-02T00:00:00.000","W","1241"
"40400","Noyes","2026-06-02T00:00:00.000","W","659"
"40420","Cicero-Cermak","2026-06-02T00:00:00.000","W","654"
"40430","Clinton-Forest Park","2026-06-02T00:00:00.000","W","2373"
"40440","California-Cermak","2026-06-02T00:00:00.000","W","1071"
"40450","95th/Dan Ryan","2026-06-02T00:00:00.000","W","6518"
"40460","Merchandise Mart","2026-06-02T00:00:00.000","W","6898"
"40470","Racine","2026-06-02T00:00:00.000","W","910"
"40480","Cicero-Lake","2026-06-02T00:00:00.000","W","835"
"40490","Grand/Milwaukee","2026-06-02T00:00:00.000","W","3119"
"40510","Garfield-South Elevated","2026-06-02T00:00:00.000","W","917"
"40520","Foster","2026-06-02T00:00:00.000","W","535"
"40530","Diversey","2026-06-02T00:00:00.000","W","4269"
"40540","Wilson","2026-06-02T00:00:00.000","W","5010"
"40550","Irving Park-O'Hare","2026-06-02T00:00:00.000","W","3029"
"40560","Jackson/State","2026-06-02T00:00:00.000","W","5774"
"40570","California/Milwaukee","2026-06-02T00:00:00.000","W","3831"
"40580","54th/Cermak","2026-06-02T00:00:00.000","W","1715"
"40590","Damen/Milwaukee","2026-06-02T00:00:00.000","W","4914"
"40600","Kostner","2026-06-02T00:00:00.000","W","458"
"40610","Ridgeland","2026-06-02T00:00:00.000","W","957"
"40630","Clark/Division","2026-06-02T00:00:00.000","W","6169"
"40650","North/Clybourn","2026-06-02T00:00:00.000","W","3883"
"40660","Armitage","2026-06-02T00:00:00.000","W","3744"
"40670","Western/Milwaukee","2026-06-02T00:00:00.000","W","3987"
"40680","Adams/Wabash","2026-06-02T00:00:00.000","W","5411"
"40690","Dempster","2026-06-02T00:00:00.000","W","580"
"40700","Laramie","2026-06-02T00:00:00.000","W","778"
"40710","Chicago/Franklin","2026-06-02T00:00:00.000","W","4925"
"40720","East 63rd-Cottage Grove","2026-06-02T00:00:00.000","W","792"
"40730","Washington/Wells","2026-06-02T00:00:00.000","W","7139"
"40740","Western-Cermak","2026-06-02T00:00:00.000","W","913"
"40750","Harlem-O'Hare","2026-06-02T00:00:00.000","W","1798"
"40760","Granville","2026-06-02T00:00:00.000","W","2243"
"40770","Lawrence","2026-06-02T00:00:00.000","W","2095"
"40780","Central Park","2026-06-02T00:00:00.000","W","885"
"40790","Monroe/Dearborn","2026-06-02T00:00:00.000","W","4291"
"40800","Sedgwick","2026-06-02T00:00:00.000","W","3313"
"40810","Medical Center","2026-06-02T00:00:00.000","W","1597"
"40820","Rosemont","2026-06-02T00:00:00.000","W","4273"
"40830","18th","2026-06-02T00:00:00.000","W","1328"
"40840","South Boulevard","2026-06-02T00:00:00.000","W","569"
"40850","Library","2026-06-02T00:00:00.000","W","2723"
"40870","Francisco","2026-06-02T00:00:00.000","W","1065"
"40880","Thorndale","2026-06-02T00:00:00.000","W","1812"
"40890","O'Hare Airport","2026-06-02T00:00:00.000","W","9871"
"40900","Howard","2026-06-02T00:00:00.000","W","3728"
"40910","63rd-Dan Ryan","2026-06-02T00:00:00.000","W","1859"
"40920","Pulaski-Forest Park","2026-06-02T00:00:00.000","W","700"
"40930","Midway Airport","2026-06-02T00:00:00.000","W","5652"
"40940","Halsted/63rd","2026-06-02T00:00:00.000","W","384"
"40960","Pulaski-Orange","2026-06-02T00:00:00.000","W","3445"
"40970","Cicero-Forest Park","2026-06-02T00:00:00.000","W","629"
"40980","Harlem-Forest Park","2026-06-02T00:00:00.000","W","434"
"40990","69th","2026-06-02T00:00:00.000","W","3115"
"41000","Cermak-Chinatown","2026-06-02T00:00:00.000","W","4997"
"41010","Rockwell","2026-06-02T00:00:00.000","W","1392"
"41020","Logan Square","2026-06-02T00:00:00.000","W","5283"
"41030","Polk","2026-06-02T00:00:00.000","W","2357"
"41040","Kedzie-Cermak","2026-06-02T00:00:00.000","W","789"
"41050","Linden","2026-06-02T00:00:00.000","W","1029"
"41060","Ashland-Orange","2026-06-02T00:00:00.000","W","1379"
"41070","Kedzie-Lake","2026-06-02T00:00:00.000","W","776"
"41080","47th-South Elevated","2026-06-02T00:00:00.000","W","780"
"41090","Monroe/State","2026-06-02T00:00:00.000","W","4829"
"41120","35-Bronzeville-IIT","2026-06-02T00:00:00.000","W","1028"
"41130","Halsted-Orange","2026-06-02T00:00:00.000","W","1682"
"41140","King Drive","2026-06-02T00:00:00.000","W","324"
"41150","Kedzie-Midway","2026-06-02T00:00:00.000","W","2487"
"41160","Clinton-Lake","2026-06-02T00:00:00.000","W","3331"
"41170","Garfield-Dan Ryan","2026-06-02T00:00:00.000","W","2514"
"41180","Kedzie-Brown","2026-06-02T00:00:00.000","W","1561"
"41190","Jarvis","2026-06-02T00:00:00.000","W","1150"
"41200","Argyle","2026-06-02T00:00:00.000","W","2109"
"41210","Wellington","2026-06-02T00:00:00.000","W","2483"
"41220","Fullerton","2026-06-02T00:00:00.000","W","11113"
"41230","47th-Dan Ryan","2026-06-02T00:00:00.000","W","2062"
"41240","Addison-O'Hare","2026-06-02T00:00:00.000","W","2045"
"41250","Central-Evanston","2026-06-02T00:00:00.000","W","624"
"41260","Austin-Lake","2026-06-02T00:00:00.000","W","939"
"41270","43rd","2026-06-02T00:00:00.000","W","655"
"41280","Jefferson Park","2026-06-02T00:00:00.000","W","4844"
"41290","Kimball","2026-06-02T00:00:00.000","W","2444"
"41300","Loyola","2026-06-02T00:00:00.000","W","3036"
"41310","Paulina","2026-06-02T00:00:00.000","W","2132"
"41320","Belmont-North Main","2026-06-02T00:00:00.000","W","9067"
"41330","Montrose-O'Hare","2026-06-02T00:00:00.000","W","1791"
"41340","LaSalle","2026-06-02T00:00:00.000","W","1625"
"41350","Oak Park-Lake","2026-06-02T00:00:00.000","W","912"
"41360","California-Lake","2026-06-02T00:00:00.000","W","808"
"41380","Bryn Mawr","2026-06-02T00:00:00.000","W","2938"
"41400","Roosevelt","2026-06-02T00:00:00.000","W","7839"
"41410","Chicago/Milwaukee","2026-06-02T00:00:00.000","W","2238"
"41420","Addison-North Main","2026-06-02T00:00:00.000","W","10853"
"41430","87th","2026-06-02T00:00:00.000","W","2241"
"41440","Addison-Brown","2026-06-02T00:00:00.000","W","1666"
"41450","Chicago/State","2026-06-02T00:00:00.000","W","8405"
"41460","Irving Park-Brown","2026-06-02T00:00:00.000","W","2013"
"41480","Western-Brown","2026-06-02T00:00:00.000","W","2121"
"41490","Harrison","2026-06-02T00:00:00.000","W","2447"
"41500","Montrose-Brown","2026-06-02T00:00:00.000","W","1773"
"41510","Morgan-Lake","2026-06-02T00:00:00.000","W","4566"
"41660","Lake/State","2026-06-02T00:00:00.000","W","12583"
"41670","Conservatory","2026-06-02T00:00:00.000","W","561"
"41680","Oakton-Skokie","2026-06-02T00:00:00.000","W","587"
"41690","Cermak-McCormick Place","2026-06-02T00:00:00.000","W","1753"
"41710","Damen-Lake","2026-06-01T00:00:00.000","W","861"
"40010","Austin-Forest Park","2026-06-01T00:00:00.000","W","712"
"40020","Harlem-Lake","2026-06-01T00:00:00.000","W","2188"
"40030","Pulaski-Lake","2026-06-01T00:00:00.000","W","1091"
"40040","Quincy/Wells","2026-06-01T00:00:00.000","W","5219"
"40050","Davis","2026-06-01T00:00:00.000","W","2105"
"40060","Belmont-O'Hare","2026-06-01T00:00:00.000","W","3233"
"40070","Jackson/Dearborn","2026-06-01T00:00:00.000","W","4212"
"40080","Sheridan","2026-06-01T00:00:00.000","W","2537"
"40090","Damen-Brown","2026-06-01T00:00:00.000","W","1594"
"40100","Morse","2026-06-01T00:00:00.000","W","2556"
"40120","35th/Archer","2026-06-01T00:00:00.000","W","1787"
"40130","51st","2026-06-01T00:00:00.000","W","620"
"40140","Dempster-Skokie","2026-06-01T00:00:00.000","W","773"
"40150","Pulaski-Cermak","2026-06-01T00:00:00.000","W","1588"
"40160","LaSalle/Van Buren","2026-06-01T00:00:00.000","W","1885"
"40170","Ashland-Lake","2026-06-01T00:00:00.000","W","1607"
"40180","Oak Park-Forest Park","2026-06-01T00:00:00.000","W","570"
"40190","Sox-35th-Dan Ryan","2026-06-01T00:00:00.000","W","2284"
"40210","Damen-Cermak","2026-06-01T00:00:00.000","W","1118"
"40220","Western-Forest Park","2026-06-01T00:00:00.000","W","593"
"40230","Cumberland","2026-06-01T00:00:00.000","W","2285"
"40240","79th","2026-06-01T00:00:00.000","W","3625"
"40250","Kedzie-Homan-Forest Park","2026-06-01T00:00:00.000","W","785"
"40260","State/Lake","2026-06-01T00:00:00.000","W","0"
"40270","Main","2026-06-01T00:00:00.000","W","665"
"40280","Central-Lake","2026-06-01T00:00:00.000","W","1352"
"40290","Ashland/63rd","2026-06-01T00:00:00.000","W","777"
"40300","Indiana","2026-06-01T00:00:00.000","W","461"
"40310","Western-Orange","2026-06-01T00:00:00.000","W","2503"
"40320","Division/Milwaukee","2026-06-01T00:00:00.000","W","3548"
"40330","Grand/State","2026-06-01T00:00:00.000","W","5090"
"40340","Berwyn","2026-06-01T00:00:00.000","W","1653"
"40350","UIC-Halsted","2026-06-01T00:00:00.000","W","1795"
"40360","Southport","2026-06-01T00:00:00.000","W","2065"
"40370","Washington/Dearborn","2026-06-01T00:00:00.000","W","7783"
"40380","Clark/Lake","2026-06-01T00:00:00.000","W","11995"
"40390","Forest Park","2026-06-01T00:00:00.000","W","1195"
"40400","Noyes","2026-06-01T00:00:00.000","W","570"
"40420","Cicero-Cermak","2026-06-01T00:00:00.000","W","161"
"40430","Clinton-Forest Park","2026-06-01T00:00:00.000","W","1238"
"40440","California-Cermak","2026-06-01T00:00:00.000","W","915"
"40450","95th/Dan Ryan","2026-06-01T00:00:00.000","W","5874"
"40460","Merchandise Mart","2026-06-01T00:00:00.000","W","4897"
"40470","Racine","2026-06-01T00:00:00.000","W","845"
"40480","Cicero-Lake","2026-06-01T00:00:00.000","W","763"
"40490","Grand/Milwaukee","2026-06-01T00:00:00.000","W","2550"
"40510","Garfield-South Elevated","2026-06-01T00:00:00.000","W","861"
"40520","Foster","2026-06-01T00:00:00.000","W","477"
"40530","Diversey","2026-06-01T00:00:00.000","W","3316"
"40540","Wilson","2026-06-01T00:00:00.000","W","4530"
"40550","Irving Park-O'Hare","2026-06-01T00:00:00.000","W","2746"
"40560","Jackson/State","2026-06-01T00:00:00.000","W","4434"
"40570","California/Milwaukee","2026-06-01T00:00:00.000","W","3186"
"40580","54th/Cermak","2026-06-01T00:00:00.000","W","610"
"40590","Damen/Milwaukee","2026-06-01T00:00:00.000","W","3754"
"40600","Kostner","2026-06-01T00:00:00.000","W","89"
"40610","Ridgeland","2026-06-01T00:00:00.000","W","756"
"40630","Clark/Division","2026-06-01T00:00:00.000","W","4521"
"40650","North/Clybourn","2026-06-01T00:00:00.000","W","3290"
"40660","Armitage","2026-06-01T00:00:00.000","W","2980"
"40670","Western/Milwaukee","2026-06-01T00:00:00.000","W","3218"
"40680","Adams/Wabash","2026-06-01T00:00:00.000","W","5025"
"40690","Dempster","2026-06-01T00:00:00.000","W","462"
"40700","Laramie","2026-06-01T00:00:00.000","W","642"
"40710","Chicago/Franklin","2026-06-01T00:00:00.000","W","3910"
"40720","East 63rd-Cottage Grove","2026-06-01T00:00:00.000","W","748"
"40730","Washington/Wells","2026-06-01T00:00:00.000","W","5394"
"40740","Western-Cermak","2026-06-01T00:00:00.000","W","807"
"40750","Harlem-O'Hare","2026-06-01T00:00:00.000","W","1568"
"40760","Granville","2026-06-01T00:00:00.000","W","1977"
"40770","Lawrence","2026-06-01T00:00:00.000","W","1788"
"40780","Central Park","2026-06-01T00:00:00.000","W","801"
"40790","Monroe/Dearborn","2026-06-01T00:00:00.000","W","3514"
"40800","Sedgwick","2026-06-01T00:00:00.000","W","2452"
"40810","Medical Center","2026-06-01T00:00:00.000","W","1467"
"40820","Rosemont","2026-06-01T00:00:00.000","W","3874"
"40830","18th","2026-06-01T00:00:00.000","W","1102"
"40840","South Boulevard","2026-06-01T00:00:00.000","W","450"
"40850","Library","2026-06-01T00:00:00.000","W","2507"
"40870","Francisco","2026-06-01T00:00:00.000","W","890"
"40880","Thorndale","2026-06-01T00:00:00.000","W","1696"
"40890","O'Hare Airport","2026-06-01T00:00:00.000","W","10343"
"40900","Howard","2026-06-01T00:00:00.000","W","3196"
"40910","63rd-Dan Ryan","2026-06-01T00:00:00.000","W","1799"
"40920","Pulaski-Forest Park","2026-06-01T00:00:00.000","W","625"
"40930","Midway Airport","2026-06-01T00:00:00.000","W","4874"
"40940","Halsted/63rd","2026-06-01T00:00:00.000","W","399"
"40960","Pulaski-Orange","2026-06-01T00:00:00.000","W","3119"
"40970","Cicero-Forest Park","2026-06-01T00:00:00.000","W","602"
"40980","Harlem-Forest Park","2026-06-01T00:00:00.000","W","383"
"40990","69th","2026-06-01T00:00:00.000","W","2741"
"41000","Cermak-Chinatown","2026-06-01T00:00:00.000","W","4678"
"41010","Rockwell","2026-06-01T00:00:00.000","W","1040"
"41020","Logan Square","2026-06-01T00:00:00.000","W","4371"
"41030","Polk","2026-06-01T00:00:00.000","W","2108"
"41040","Kedzie-Cermak","2026-06-01T00:00:00.000","W","731"
"41050","Linden","2026-06-01T00:00:00.000","W","475"
"41060","Ashland-Orange","2026-06-01T00:00:00.000","W","1225"
"41070","Kedzie-Lake","2026-06-01T00:00:00.000","W","666"
"41080","47th-South Elevated","2026-06-01T00:00:00.000","W","699"
"41090","Monroe/State","2026-06-01T00:00:00.000","W","3703"
"41120","35-Bronzeville-IIT","2026-06-01T00:00:00.000","W","949"
"41130","Halsted-Orange","2026-06-01T00:00:00.000","W","1477"
"41140","King Drive","2026-06-01T00:00:00.000","W","351"
"41150","Kedzie-Midway","2026-06-01T00:00:00.000","W","2243"
"41160","Clinton-Lake","2026-06-01T00:00:00.000","W","2637"
"41170","Garfield-Dan Ryan","2026-06-01T00:00:00.000","W","2190"
"41180","Kedzie-Brown","2026-06-01T00:00:00.000","W","1325"
"41190","Jarvis","2026-06-01T00:00:00.000","W","1053"
"41200","Argyle","2026-06-01T00:00:00.000","W","2001"
"41210","Wellington","2026-06-01T00:00:00.000","W","1891"
"41220","Fullerton","2026-06-01T00:00:00.000","W","9213"
"41230","47th-Dan Ryan","2026-06-01T00:00:00.000","W","1886"
"41240","Addison-O'Hare","2026-06-01T00:00:00.000","W","1624"
"41250","Central-Evanston","2026-06-01T00:00:00.000","W","497"
"41260","Austin-Lake","2026-06-01T00:00:00.000","W","835"
"41270","43rd","2026-06-01T00:00:00.000","W","658"
"41280","Jefferson Park","2026-06-01T00:00:00.000","W","4411"
"41290","Kimball","2026-06-01T00:00:00.000","W","2290"
"41300","Loyola","2026-06-01T00:00:00.000","W","2570"
"41310","Paulina","2026-06-01T00:00:00.000","W","1666"
"41320","Belmont-North Main","2026-06-01T00:00:00.000","W","6922"
"41330","Montrose-O'Hare","2026-06-01T00:00:00.000","W","1508"
"41340","LaSalle","2026-06-01T00:00:00.000","W","1456"
"41350","Oak Park-Lake","2026-06-01T00:00:00.000","W","745"
"41360","California-Lake","2026-06-01T00:00:00.000","W","775"
"41380","Bryn Mawr","2026-06-01T00:00:00.000","W","2579"
"41400","Roosevelt","2026-06-01T00:00:00.000","W","6859"
"41410","Chicago/Milwaukee","2026-06-01T00:00:00.000","W","1956"
"41420","Addison-North Main","2026-06-01T00:00:00.000","W","4093"
"41430","87th","2026-06-01T00:00:00.000","W","2055"
"41440","Addison-Brown","2026-06-01T00:00:00.000","W","1320"
"41450","Chicago/State","2026-06-01T00:00:00.000","W","6573"
"41460","Irving Park-Brown","2026-06-01T00:00:00.000","W","1702"
"41480","Western-Brown","2026-06-01T00:00:00.000","W","1715"
"41490","Harrison","2026-06-01T00:00:00.000","W","1991"
"41500","Montrose-Brown","2026-06-01T00:00:00.000","W","1434"
"41510","Morgan-Lake","2026-06-01T00:00:00.000","W","3601"
"41660","Lake/State","2026-06-01T00:00:00.000","W","8770"
"41670","Conservatory","2026-06-01T00:00:00.000","W","445"
"41680","Oakton-Skokie","2026-06-01T00:00:00.000","W","471"
"41690","Cermak-McCormick Place","2026-06-01T00:00:00.000","W","1799"
"41700","Washington/Wabash","2026-06-01T00:00:00.000","W","9944"
"40010","Austin-Forest Park","2026-05-31T00:00:00.000","U","315"
"40020","Harlem-Lake","2026-05-31T00:00:00.000","U","1263"
"40030","Pulaski-Lake","2026-05-31T00:00:00.000","U","458"
"40040","Quincy/Wells","2026-05-31T00:00:00.000","U","1121"
"40050","Davis","2026-05-31T00:00:00.000","U","1274"
"40060","Belmont-O'Hare","2026-05-31T00:00:00.000","U","2169"
"40070","Jackson/Dearborn","2026-05-31T00:00:00.000","U","2401"
"40080","Sheridan","2026-05-31T00:00:00.000","U","1530"
"40090","Damen-Brown","2026-05-31T00:00:00.000","U","1015"
"40100","Morse","2026-05-31T00:00:00.000","U","1865"
"40120","35th/Archer","2026-05-31T00:00:00.000","U","862"
"40130","51st","2026-05-31T00:00:00.000","U","473"
"40140","Dempster-Skokie","2026-05-31T00:00:00.000","U","455"
"40150","Pulaski-Cermak","2026-05-31T00:00:00.000","U","1071"
"40160","LaSalle/Van Buren","2026-05-31T00:00:00.000","U","493"
"40170","Ashland-Lake","2026-05-31T00:00:00.000","U","880"
"40180","Oak Park-Forest Park","2026-05-31T00:00:00.000","U","248"
"40190","Sox-35th-Dan Ryan","2026-05-31T00:00:00.000","U","4958"
"40210","Damen-Cermak","2026-05-31T00:00:00.000","U","618"
"40220","Western-Forest Park","2026-05-31T00:00:00.000","U","372"
"40230","Cumberland","2026-05-31T00:00:00.000","U","1444"
"40240","79th","2026-05-31T00:00:00.000","U","2477"
"40250","Kedzie-Homan-Forest Park","2026-05-31T00:00:00.000","U","502"
"40260","State/Lake","2026-05-31T00:00:00.000","U","0"
"40270","Main","2026-05-31T00:00:00.000","U","384"
"40280","Central-Lake","2026-05-31T00:00:00.000","U","681"
"40290","Ashland/63rd","2026-05-31T00:00:00.000","U","442"
"40300","Indiana","2026-05-31T00:00:00.000","U","300"
"40310","Western-Orange","2026-05-31T00:00:00.000","U","1153"
"40320","Division/Milwaukee","2026-05-31T00:00:00.000","U","2780"
"40330","Grand/State","2026-05-31T00:00:00.000","U","60"
"40340","Berwyn","2026-05-31T00:00:00.000","U","1164"
"40350","UIC-Halsted","2026-05-31T00:00:00.000","U","1174"
"40360","Southport","2026-05-31T00:00:00.000","U","1937"
"40370","Washington/Dearborn","2026-05-31T00:00:00.000","U","3944"
"40380","Clark/Lake","2026-05-31T00:00:00.000","U","8423"
"40390","Forest Park","2026-05-31T00:00:00.000","U","638"
"40400","Noyes","2026-05-31T00:00:00.000","U","520"
"40420","Cicero-Cermak","2026-05-31T00:00:00.000","U","5"
"40430","Clinton-Forest Park","2026-05-31T00:00:00.000","U","883"
"40440","California-Cermak","2026-05-31T00:00:00.000","U","547"
"40450","95th/Dan Ryan","2026-05-31T00:00:00.000","U","3628"
"40460","Merchandise Mart","2026-05-31T00:00:00.000","U","2232"
"40470","Racine","2026-05-31T00:00:00.000","U","454"
"40480","Cicero-Lake","2026-05-31T00:00:00.000","U","437"
"40490","Grand/Milwaukee","2026-05-31T00:00:00.000","U","1939"
"40510","Garfield-South Elevated","2026-05-31T00:00:00.000","U","515"
"40520","Foster","2026-05-31T00:00:00.000","U","327"
"40530","Diversey","2026-05-31T00:00:00.000","U","1752"
"40540","Wilson","2026-05-31T00:00:00.000","U","2582"
"40550","Irving Park-O'Hare","2026-05-31T00:00:00.000","U","1800"
"40560","Jackson/State","2026-05-31T00:00:00.000","U","156"
"40570","California/Milwaukee","2026-05-31T00:00:00.000","U","2272"
"40580","54th/Cermak","2026-05-31T00:00:00.000","U","579"
"40590","Damen/Milwaukee","2026-05-31T00:00:00.000","U","4007"
"40600","Kostner","2026-05-31T00:00:00.000","U","4"
"40610","Ridgeland","2026-05-31T00:00:00.000","U","301"
"40630","Clark/Division","2026-05-31T00:00:00.000","U","103"
"40650","North/Clybourn","2026-05-31T00:00:00.000","U","35"
"40660","Armitage","2026-05-31T00:00:00.000","U","2579"
"40670","Western/Milwaukee","2026-05-31T00:00:00.000","U","2071"
"40680","Adams/Wabash","2026-05-31T00:00:00.000","U","3518"
"40690","Dempster","2026-05-31T00:00:00.000","U","402"
"40700","Laramie","2026-05-31T00:00:00.000","U","295"
"40710","Chicago/Franklin","2026-05-31T00:00:00.000","U","4084"
"40720","East 63rd-Cottage Grove","2026-05-31T00:00:00.000","U","471"
"40730","Washington/Wells","2026-05-31T00:00:00.000","U","843"
"40740","Western-Cermak","2026-05-31T00:00:00.000","U","430"
"40750","Harlem-O'Hare","2026-05-31T00:00:00.000","U","774"
"40760","Granville","2026-05-31T00:00:00.000","U","1470"
"40770","Lawrence","2026-05-31T00:00:00.000","U","1253"
"40780","Central Park","2026-05-31T00:00:00.000","U","446"
"40790","Monroe/Dearborn","2026-05-31T00:00:00.000","U","1322"
"40800","Sedgwick","2026-05-31T00:00:00.000","U","2614"
"40810","Medical Center","2026-05-31T00:00:00.000","U","544"
"40820","Rosemont","2026-05-31T00:00:00.000","U","2792"
"40830","18th","2026-05-31T00:00:00.000","U","858"
"40840","South Boulevard","2026-05-31T00:00:00.000","U","215"
"40850","Library","2026-05-31T00:00:00.000","U","1372"
"40870","Francisco","2026-05-31T00:00:00.000","U","551"
"40880","Thorndale","2026-05-31T00:00:00.000","U","1126"
"40890","O'Hare Airport","2026-05-31T00:00:00.000","U","9891"
"40900","Howard","2026-05-31T00:00:00.000","U","2264"
"40910","63rd-Dan Ryan","2026-05-31T00:00:00.000","U","1168"
"40920","Pulaski-Forest Park","2026-05-31T00:00:00.000","U","409"
"40930","Midway Airport","2026-05-31T00:00:00.000","U","2567"
"40940","Halsted/63rd","2026-05-31T00:00:00.000","U","243"
"40960","Pulaski-Orange","2026-05-31T00:00:00.000","U","1293"
"40970","Cicero-Forest Park","2026-05-31T00:00:00.000","U","353"
"40980","Harlem-Forest Park","2026-05-31T00:00:00.000","U","200"
"40990","69th","2026-05-31T00:00:00.000","U","1699"
"41000","Cermak-Chinatown","2026-05-31T00:00:00.000","U","4960"
"41010","Rockwell","2026-05-31T00:00:00.000","U","527"
"41020","Logan Square","2026-05-31T00:00:00.000","U","3587"
"41030","Polk","2026-05-31T00:00:00.000","U","430"
"41040","Kedzie-Cermak","2026-05-31T00:00:00.000","U","400"
"41050","Linden","2026-05-31T00:00:00.000","U","243"
"41060","Ashland-Orange","2026-05-31T00:00:00.000","U","607"
"41070","Kedzie-Lake","2026-05-31T00:00:00.000","U","351"
"41080","47th-South Elevated","2026-05-31T00:00:00.000","U","392"
"41090","Monroe/State","2026-05-31T00:00:00.000","U","88"
"41120","35-Bronzeville-IIT","2026-05-31T00:00:00.000","U","1131"
"41130","Halsted-Orange","2026-05-31T00:00:00.000","U","846"
"41140","King Drive","2026-05-31T00:00:00.000","U","235"
"41150","Kedzie-Midway","2026-05-31T00:00:00.000","U","1014"
"41160","Clinton-Lake","2026-05-31T00:00:00.000","U","1009"
"41170","Garfield-Dan Ryan","2026-05-31T00:00:00.000","U","1403"
"41180","Kedzie-Brown","2026-05-31T00:00:00.000","U","939"
"41190","Jarvis","2026-05-31T00:00:00.000","U","766"
"41200","Argyle","2026-05-31T00:00:00.000","U","1542"
"41210","Wellington","2026-05-31T00:00:00.000","U","880"
"41220","Fullerton","2026-05-31T00:00:00.000","U","5647"
"41230","47th-Dan Ryan","2026-05-31T00:00:00.000","U","1239"
"41240","Addison-O'Hare","2026-05-31T00:00:00.000","U","980"
"41250","Central-Evanston","2026-05-31T00:00:00.000","U","217"
"41260","Austin-Lake","2026-05-31T00:00:00.000","U","429"
"41270","43rd","2026-05-31T00:00:00.000","U","419"
"41280","Jefferson Park","2026-05-31T00:00:00.000","U","2521"
"41290","Kimball","2026-05-31T00:00:00.000","U","1455"
"41300","Loyola","2026-05-31T00:00:00.000","U","1743"
"41310","Paulina","2026-05-31T00:00:00.000","U","1006"
"41320","Belmont-North Main","2026-05-31T00:00:00.000","U","5268"
"41330","Montrose-O'Hare","2026-05-31T00:00:00.000","U","1021"
"41340","LaSalle","2026-05-31T00:00:00.000","U","884"
"41350","Oak Park-Lake","2026-05-31T00:00:00.000","U","397"
"41360","California-Lake","2026-05-31T00:00:00.000","U","335"
"41380","Bryn Mawr","2026-05-31T00:00:00.000","U","1816"
"41400","Roosevelt","2026-05-31T00:00:00.000","U","5123"
"41410","Chicago/Milwaukee","2026-05-31T00:00:00.000","U","1259"
"41420","Addison-North Main","2026-05-31T00:00:00.000","U","2894"
"41430","87th","2026-05-31T00:00:00.000","U","1364"
"41440","Addison-Brown","2026-05-31T00:00:00.000","U","698"
"41450","Chicago/State","2026-05-31T00:00:00.000","U","83"
"41460","Irving Park-Brown","2026-05-31T00:00:00.000","U","1001"
"41480","Western-Brown","2026-05-31T00:00:00.000","U","1676"
"41490","Harrison","2026-05-31T00:00:00.000","U","26"
"41500","Montrose-Brown","2026-05-31T00:00:00.000","U","902"
"41510","Morgan-Lake","2026-05-31T00:00:00.000","U","2523"
"41660","Lake/State","2026-05-31T00:00:00.000","U","86"
"41670","Conservatory","2026-05-31T00:00:00.000","U","345"
"41680","Oakton-Skokie","2026-05-31T00:00:00.000","U","206"
"41690","Cermak-McCormick Place","2026-05-31T00:00:00.000","U","1564"
"41700","Washington/Wabash","2026-05-31T00:00:00.000","U","8004"
"41710","Damen-Lake","2026-05-31T00:00:00.000","U","456"
"40010","Austin-Forest Park","2026-05-30T00:00:00.000","A","376"
"40020","Harlem-Lake","2026-05-30T00:00:00.000","A","1617"
"40030","Pulaski-Lake","2026-05-30T00:00:00.000","A","632"
"40040","Quincy/Wells","2026-05-30T00:00:00.000","A","1503"
"40050","Davis","2026-05-30T00:00:00.000","A","1820"
"40060","Belmont-O'Hare","2026-05-30T00:00:00.000","A","2728"
"40070","Jackson/Dearborn","2026-05-30T00:00:00.000","A","3064"
"40080","Sheridan","2026-05-30T00:00:00.000","A","2363"
"40090","Damen-Brown","2026-05-30T00:00:00.000","A","1289"
"40100","Morse","2026-05-30T00:00:00.000","A","2429"
"40120","35th/Archer","2026-05-30T00:00:00.000","A","1093"
"40130","51st","2026-05-30T00:00:00.000","A","554"
"40140","Dempster-Skokie","2026-05-30T00:00:00.000","A","579"
"40150","Pulaski-Cermak","2026-05-30T00:00:00.000","A","1283"
"40160","LaSalle/Van Buren","2026-05-30T00:00:00.000","A","741"
"40170","Ashland-Lake","2026-05-30T00:00:00.000","A","1183"
"40180","Oak Park-Forest Park","2026-05-30T00:00:00.000","A","337"
"40190","Sox-35th-Dan Ryan","2026-05-30T00:00:00.000","A","6428"
"40210","Damen-Cermak","2026-05-30T00:00:00.000","A","820"
"40220","Western-Forest Park","2026-05-30T00:00:00.000","A","508"
"40230","Cumberland","2026-05-30T00:00:00.000","A","1758"
"40240","79th","2026-05-30T00:00:00.000","A","3066"
"40250","Kedzie-Homan-Forest Park","2026-05-30T00:00:00.000","A","701"
"40260","State/Lake","2026-05-30T00:00:00.000","A","0"
"40270","Main","2026-05-30T00:00:00.000","A","586"
"40280","Central-Lake","2026-05-30T00:00:00.000","A","933"
"40290","Ashland/63rd","2026-05-30T00:00:00.000","A","495"
"40300","Indiana","2026-05-30T00:00:00.000","A","325"
"40310","Western-Orange","2026-05-30T00:00:00.000","A","1474"
"40320","Division/Milwaukee","2026-05-30T00:00:00.000","A","3597"
"40330","Grand/State","2026-05-30T00:00:00.000","A","62"
"40340","Berwyn","2026-05-30T00:00:00.000","A","1583"
"40350","UIC-Halsted","2026-05-30T00:00:00.000","A","1352"
"40360","Southport","2026-05-30T00:00:00.000","A","2203"
"40370","Washington/Dearborn","2026-05-30T00:00:00.000","A","5036"
"40380","Clark/Lake","2026-05-30T00:00:00.000","A","10884"
"40390","Forest Park","2026-05-30T00:00:00.000","A","755"
"40400","Noyes","2026-05-30T00:00:00.000","A","425"
"40420","Cicero-Cermak","2026-05-30T00:00:00.000","A","92"
"40430","Clinton-Forest Park","2026-05-30T00:00:00.000","A","865"
"40440","California-Cermak","2026-05-30T00:00:00.000","A","699"
"40450","95th/Dan Ryan","2026-05-30T00:00:00.000","A","4658"
"40460","Merchandise Mart","2026-05-30T00:00:00.000","A","3305"
"40470","Racine","2026-05-30T00:00:00.000","A","408"
"40480","Cicero-Lake","2026-05-30T00:00:00.000","A","568"
"40490","Grand/Milwaukee","2026-05-30T00:00:00.000","A","2757"
"40510","Garfield-South Elevated","2026-05-30T00:00:00.000","A","661"
"40520","Foster","2026-05-30T00:00:00.000","A","518"
"40530","Diversey","2026-05-30T00:00:00.000","A","2490"
"40540","Wilson","2026-05-30T00:00:00.000","A","3585"
"40550","Irving Park-O'Hare","2026-05-30T00:00:00.000","A","2133"
"40560","Jackson/State","2026-05-30T00:00:00.000","A","302"
"40570","California/Milwaukee","2026-05-30T00:00:00.000","A","2986"
"40580","54th/Cermak","2026-05-30T00:00:00.000","A","283"
"40590","Damen/Milwaukee","2026-05-30T00:00:00.000","A","4982"
"40600","Kostner","2026-05-30T00:00:00.000","A","37"
"40610","Ridgeland","2026-05-30T00:00:00.000","A","409"
"40630","Clark/Division","2026-05-30T00:00:00.000","A","150"
"40650","North/Clybourn","2026-05-30T00:00:00.000","A","51"
"40660","Armitage","2026-05-30T00:00:00.000","A","3667"
"40670","Western/Milwaukee","2026-05-30T00:00:00.000","A","2574"
"40680","Adams/Wabash","2026-05-30T00:00:00.000","A","4793"
"40690","Dempster","2026-05-30T00:00:00.000","A","407"
"40700","Laramie","2026-05-30T00:00:00.000","A","431"
"40710","Chicago/Franklin","2026-05-30T00:00:00.000","A","5445"
"40720","East 63rd-Cottage Grove","2026-05-30T00:00:00.000","A","532"
"40730","Washington/Wells","2026-05-30T00:00:00.000","A","1060"
"40740","Western-Cermak","2026-05-30T00:00:00.000","A","640"
"40750","Harlem-O'Hare","2026-05-30T00:00:00.000","A","993"
"40760","Granville","2026-05-30T00:00:00.000","A","1794"
"40770","Lawrence","2026-05-30T00:00:00.000","A","1722"
"40780","Central Park","2026-05-30T00:00:00.000","A","563"
"40790","Monroe/Dearborn","2026-05-30T00:00:00.000","A","1574"
"40800","Sedgwick","2026-05-30T00:00:00.000","A","3396"
"40810","Medical Center","2026-05-30T00:00:00.000","A","621"
"40820","Rosemont","2026-05-30T00:00:00.000","A","3637"
"40830","18th","2026-05-30T00:00:00.000","A","1036"
"40840","South Boulevard","2026-05-30T00:00:00.000","A","297"
"40850","Library","2026-05-30T00:00:00.000","A","2082"
"40870","Francisco","2026-05-30T00:00:00.000","A","807"
"40880","Thorndale","2026-05-30T00:00:00.000","A","1454"
"40890","O'Hare Airport","2026-05-30T00:00:00.000","A","8432"
"40900","Howard","2026-05-30T00:00:00.000","A","2734"
"40910","63rd-Dan Ryan","2026-05-30T00:00:00.000","A","1466"
"40920","Pulaski-Forest Park","2026-05-30T00:00:00.000","A","494"
"40930","Midway Airport","2026-05-30T00:00:00.000","A","3105"
"40940","Halsted/63rd","2026-05-30T00:00:00.000","A","285"
"40960","Pulaski-Orange","2026-05-30T00:00:00.000","A","1693"
"40970","Cicero-Forest Park","2026-05-30T00:00:00.000","A","440"
"40980","Harlem-Forest Park","2026-05-30T00:00:00.000","A","259"
"40990","69th","2026-05-30T00:00:00.000","A","2426"
"41000","Cermak-Chinatown","2026-05-30T00:00:00.000","A","6419"
"41010","Rockwell","2026-05-30T00:00:00.000","A","829"
"41020","Logan Square","2026-05-30T00:00:00.000","A","4015"
"41030","Polk","2026-05-30T00:00:00.000","A","590"
"41040","Kedzie-Cermak","2026-05-30T00:00:00.000","A","514"
"41050","Linden","2026-05-30T00:00:00.000","A","422"
"41060","Ashland-Orange","2026-05-30T00:00:00.000","A","760"
"41070","Kedzie-Lake","2026-05-30T00:00:00.000","A","524"
"41080","47th-South Elevated","2026-05-30T00:00:00.000","A","515"
"41090","Monroe/State","2026-05-30T00:00:00.000","A","140"
"41120","35-Bronzeville-IIT","2026-05-30T00:00:00.000","A","1419"
"41130","Halsted-Orange","2026-05-30T00:00:00.000","A","1083"
"41140","King Drive","2026-05-30T00:00:00.000","A","295"
"41150","Kedzie-Midway","2026-05-30T00:00:00.000","A","1421"
"41160","Clinton-Lake","2026-05-30T00:00:00.000","A","1371"
"41170","Garfield-Dan Ryan","2026-05-30T00:00:00.000","A","1769"
"41180","Kedzie-Brown","2026-05-30T00:00:00.000","A","1232"
"41190","Jarvis","2026-05-30T00:00:00.000","A","1033"
"41200","Argyle","2026-05-30T00:00:00.000","A","1964"
"41210","Wellington","2026-05-30T00:00:00.000","A","1323"
"41220","Fullerton","2026-05-30T00:00:00.000","A","7772"
"41230","47th-Dan Ryan","2026-05-30T00:00:00.000","A","1596"
"41240","Addison-O'Hare","2026-05-30T00:00:00.000","A","1247"
"41250","Central-Evanston","2026-05-30T00:00:00.000","A","285"
"41260","Austin-Lake","2026-05-30T00:00:00.000","A","591"
"41270","43rd","2026-05-30T00:00:00.000","A","411"
"41280","Jefferson Park","2026-05-30T00:00:00.000","A","3270"
"41290","Kimball","2026-05-30T00:00:00.000","A","1889"
"41300","Loyola","2026-05-30T00:00:00.000","A","2422"
"41310","Paulina","2026-05-30T00:00:00.000","A","1462"
"41320","Belmont-North Main","2026-05-30T00:00:00.000","A","7013"
"41330","Montrose-O'Hare","2026-05-30T00:00:00.000","A","1270"
"41340","LaSalle","2026-05-30T00:00:00.000","A","1172"
"41350","Oak Park-Lake","2026-05-30T00:00:00.000","A","582"
"41360","California-Lake","2026-05-30T00:00:00.000","A","422"
"41380","Bryn Mawr","2026-05-30T00:00:00.000","A","2360"
"41400","Roosevelt","2026-05-30T00:00:00.000","A","6555"
"41410","Chicago/Milwaukee","2026-05-30T00:00:00.000","A","1596"
"41420","Addison-North Main","2026-05-30T00:00:00.000","A","4182"
"41430","87th","2026-05-30T00:00:00.000","A","1915"
"41440","Addison-Brown","2026-05-30T00:00:00.000","A","943"
"41450","Chicago/State","2026-05-30T00:00:00.000","A","123"
"41460","Irving Park-Brown","2026-05-30T00:00:00.000","A","1502"
"41480","Western-Brown","2026-05-30T00:00:00.000","A","2805"
"41490","Harrison","2026-05-30T00:00:00.000","A","69"
"41500","Montrose-Brown","2026-05-30T00:00:00.000","A","1258"
"41510","Morgan-Lake","2026-05-30T00:00:00.000","A","3249"
"41660","Lake/State","2026-05-30T00:00:00.000","A","271"
"41670","Conservatory","2026-05-30T00:00:00.000","A","507"
"41680","Oakton-Skokie","2026-05-30T00:00:00.000","A","298"
"41690","Cermak-McCormick Place","2026-05-30T00:00:00.000","A","1965"
"41700","Washington/Wabash","2026-05-30T00:00:00.000","A","10353"
"41710","Damen-Lake","2026-05-30T00:00:00.000","A","576"
"40010","Austin-Forest Park","2026-05-29T00:00:00.000","W","659"
"40020","Harlem-Lake","2026-05-29T00:00:00.000","W","2254"
"40030","Pulaski-Lake","2026-05-29T00:00:00.000","W","929"
"40040","Quincy/Wells","2026-05-29T00:00:00.000","W","3503"
"40050","Davis","2026-05-29T00:00:00.000","W","2149"
"40060","Belmont-O'Hare","2026-05-29T00:00:00.000","W","3592"
"40070","Jackson/Dearborn","2026-05-29T00:00:00.000","W","3744"
"40080","Sheridan","2026-05-29T00:00:00.000","W","2721"
"40090","Damen-Brown","2026-05-29T00:00:00.000","W","1663"
"40100","Morse","2026-05-29T00:00:00.000","W","2948"
"40120","35th/Archer","2026-05-29T00:00:00.000","W","1815"
"40130","51st","2026-05-29T00:00:00.000","W","679"
"40140","Dempster-Skokie","2026-05-29T00:00:00.000","W","782"
"40150","Pulaski-Cermak","2026-05-29T00:00:00.000","W","802"
"40160","LaSalle/Van Buren","2026-05-29T00:00:00.000","W","1562"
"40170","Ashland-Lake","2026-05-29T00:00:00.000","W","1790"
"40180","Oak Park-Forest Park","2026-05-29T00:00:00.000","W","532"
"40190","Sox-35th-Dan Ryan","2026-05-29T00:00:00.000","W","7618"
"40210","Damen-Cermak","2026-05-29T00:00:00.000","W","1297"
"40220","Western-Forest Park","2026-05-29T00:00:00.000","W","636"
"40230","Cumberland","2026-05-29T00:00:00.000","W","2471"
"40240","79th","2026-05-29T00:00:00.000","W","3975"
"40250","Kedzie-Homan-Forest Park","2026-05-29T00:00:00.000","W","916"
"40260","State/Lake","2026-05-29T00:00:00.000","W","0"
"40270","Main","2026-05-29T00:00:00.000","W","761"
"40280","Central-Lake","2026-05-29T00:00:00.000","W","1265"
"40290","Ashland/63rd","2026-05-29T00:00:00.000","W","697"
"40300","Indiana","2026-05-29T00:00:00.000","W","524"
"40310","Western-Orange","2026-05-29T00:00:00.000","W","2672"
"40320","Division/Milwaukee","2026-05-29T00:00:00.000","W","4183"
"40330","Grand/State","2026-05-29T00:00:00.000","W","6437"
"40340","Berwyn","2026-05-29T00:00:00.000","W","1878"
"40350","UIC-Halsted","2026-05-29T00:00:00.000","W","1927"
"40360","Southport","2026-05-29T00:00:00.000","W","2208"
"40370","Washington/Dearborn","2026-05-29T00:00:00.000","W","8233"
"40380","Clark/Lake","2026-05-29T00:00:00.000","W","11733"
"40390","Forest Park","2026-05-29T00:00:00.000","W","1130"
"40400","Noyes","2026-05-29T00:00:00.000","W","681"
"40420","Cicero-Cermak","2026-05-29T00:00:00.000","W","919"
"40430","Clinton-Forest Park","2026-05-29T00:00:00.000","W","1303"
"40440","California-Cermak","2026-05-29T00:00:00.000","W","1047"
"40450","95th/Dan Ryan","2026-05-29T00:00:00.000","W","5958"
"40460","Merchandise Mart","2026-05-29T00:00:00.000","W","3821"
"40470","Racine","2026-05-29T00:00:00.000","W","859"
"40480","Cicero-Lake","2026-05-29T00:00:00.000","W","669"
"40490","Grand/Milwaukee","2026-05-29T00:00:00.000","W","2213"
"40510","Garfield-South Elevated","2026-05-29T00:00:00.000","W","919"
"40520","Foster","2026-05-29T00:00:00.000","W","589"
"40530","Diversey","2026-05-29T00:00:00.000","W","3176"
"40540","Wilson","2026-05-29T00:00:00.000","W","4638"
"40550","Irving Park-O'Hare","2026-05-29T00:00:00.000","W","3067"
"40560","Jackson/State","2026-05-29T00:00:00.000","W","3542"
"40570","California/Milwaukee","2026-05-29T00:00:00.000","W","3633"
"40580","54th/Cermak","2026-05-29T00:00:00.000","W","1569"
"40590","Damen/Milwaukee","2026-05-29T00:00:00.000","W","4697"
"40600","Kostner","2026-05-29T00:00:00.000","W","297"
"40610","Ridgeland","2026-05-29T00:00:00.000","W","799"
"40630","Clark/Division","2026-05-29T00:00:00.000","W","5536"
"40650","North/Clybourn","2026-05-29T00:00:00.000","W","3306"
"40660","Armitage","2026-05-29T00:00:00.000","W","3419"
"40670","Western/Milwaukee","2026-05-29T00:00:00.000","W","3544"
"40680","Adams/Wabash","2026-05-29T00:00:00.000","W","4186"
"40690","Dempster","2026-05-29T00:00:00.000","W","571"
"40700","Laramie","2026-05-29T00:00:00.000","W","697"
"40710","Chicago/Franklin","2026-05-29T00:00:00.000","W","4114"
"40720","East 63rd-Cottage Grove","2026-05-29T00:00:00.000","W","822"
"40730","Washington/Wells","2026-05-29T00:00:00.000","W","3809"
"40740","Western-Cermak","2026-05-29T00:00:00.000","W","919"
"40750","Harlem-O'Hare","2026-05-29T00:00:00.000","W","1737"
"40760","Granville","2026-05-29T00:00:00.000","W","2202"
"40770","Lawrence","2026-05-29T00:00:00.000","W","2033"
"40780","Central Park","2026-05-29T00:00:00.000","W","788"
"40790","Monroe/Dearborn","2026-05-29T00:00:00.000","W","2867"
"40800","Sedgwick","2026-05-29T00:00:00.000","W","2646"
"40810","Medical Center","2026-05-29T00:00:00.000","W","1436"
"40820","Rosemont","2026-05-29T00:00:00.000","W","4276"
"40830","18th","2026-05-29T00:00:00.000","W","1392"
"40840","South Boulevard","2026-05-29T00:00:00.000","W","467"
"40850","Library","2026-05-29T00:00:00.000","W","2210"
"40870","Francisco","2026-05-29T00:00:00.000","W","944"
"40880","Thorndale","2026-05-29T00:00:00.000","W","1922"
"40890","O'Hare Airport","2026-05-29T00:00:00.000","W","11930"
"40900","Howard","2026-05-29T00:00:00.000","W","3458"
"40910","63rd-Dan Ryan","2026-05-29T00:00:00.000","W","1816"
"40920","Pulaski-Forest Park","2026-05-29T00:00:00.000","W","622"
"40930","Midway Airport","2026-05-29T00:00:00.000","W","5455"
"40940","Halsted/63rd","2026-05-29T00:00:00.000","W","365"
"40960","Pulaski-Orange","2026-05-29T00:00:00.000","W","3329"
"40970","Cicero-Forest Park","2026-05-29T00:00:00.000","W","624"
"40980","Harlem-Forest Park","2026-05-29T00:00:00.000","W","409"
"40990","69th","2026-05-29T00:00:00.000","W","3170"
"41000","Cermak-Chinatown","2026-05-29T00:00:00.000","W","6367"
"41010","Rockwell","2026-05-29T00:00:00.000","W","1035"
"41020","Logan Square","2026-05-29T00:00:00.000","W","4833"
"41030","Polk","2026-05-29T00:00:00.000","W","2046"
"41040","Kedzie-Cermak","2026-05-29T00:00:00.000","W","980"
"41050","Linden","2026-05-29T00:00:00.000","W","509"
"41060","Ashland-Orange","2026-05-29T00:00:00.000","W","1337"
"41070","Kedzie-Lake","2026-05-29T00:00:00.000","W","812"
"41080","47th-South Elevated","2026-05-29T00:00:00.000","W","732"
"41090","Monroe/State","2026-05-29T00:00:00.000","W","3511"
"41120","35-Bronzeville-IIT","2026-05-29T00:00:00.000","W","1672"
"41130","Halsted-Orange","2026-05-29T00:00:00.000","W","1505"
"41140","King Drive","2026-05-29T00:00:00.000","W","320"
"41150","Kedzie-Midway","2026-05-29T00:00:00.000","W","2419"
"41160","Clinton-Lake","2026-05-29T00:00:00.000","W","2431"
"41170","Garfield-Dan Ryan","2026-05-29T00:00:00.000","W","2593"
"41180","Kedzie-Brown","2026-05-29T00:00:00.000","W","1570"
"41190","Jarvis","2026-05-29T00:00:00.000","W","1162"
"41200","Argyle","2026-05-29T00:00:00.000","W","2223"
"41210","Wellington","2026-05-29T00:00:00.000","W","1766"
"41220","Fullerton","2026-05-29T00:00:00.000","W","8272"
"41230","47th-Dan Ryan","2026-05-29T00:00:00.000","W","2282"
"41240","Addison-O'Hare","2026-05-29T00:00:00.000","W","1692"
"41250","Central-Evanston","2026-05-29T00:00:00.000","W","547"
"41260","Austin-Lake","2026-05-29T00:00:00.000","W","942"
"41270","43rd","2026-05-29T00:00:00.000","W","570"
"41280","Jefferson Park","2026-05-29T00:00:00.000","W","4649"
"41290","Kimball","2026-05-29T00:00:00.000","W","2562"
"41300","Loyola","2026-05-29T00:00:00.000","W","3026"
"41310","Paulina","2026-05-29T00:00:00.000","W","1722"
"41320","Belmont-North Main","2026-05-29T00:00:00.000","W","7689"
"41330","Montrose-O'Hare","2026-05-29T00:00:00.000","W","1715"
"41340","LaSalle","2026-05-29T00:00:00.000","W","1569"
"41350","Oak Park-Lake","2026-05-29T00:00:00.000","W","776"
"41360","California-Lake","2026-05-29T00:00:00.000","W","749"
"41380","Bryn Mawr","2026-05-29T00:00:00.000","W","2841"
"41400","Roosevelt","2026-05-29T00:00:00.000","W","7597"
"41410","Chicago/Milwaukee","2026-05-29T00:00:00.000","W","1954"
"41420","Addison-North Main","2026-05-29T00:00:00.000","W","4848"
"41430","87th","2026-05-29T00:00:00.000","W","2534"
"41440","Addison-Brown","2026-05-29T00:00:00.000","W","1306"
"41450","Chicago/State","2026-05-29T00:00:00.000","W","7437"
"41460","Irving Park-Brown","2026-05-29T00:00:00.000","W","1738"
"41480","Western-Brown","2026-05-29T00:00:00.000","W","2258"
"41490","Harrison","2026-05-29T00:00:00.000","W","2449"
"41500","Montrose-Brown","2026-05-29T00:00:00.000","W","1567"
"41510","Morgan-Lake","2026-05-29T00:00:00.000","W","3790"
"41660","Lake/State","2026-05-29T00:00:00.000","W","9451"
"41670","Conservatory","2026-05-29T00:00:00.000","W","601"
"41680","Oakton-Skokie","2026-05-29T00:00:00.000","W","453"
"41690","Cermak-McCormick Place","2026-05-29T00:00:00.000","W","2061"
"41700","Washington/Wabash","2026-05-29T00:00:00.000","W","10503"
"41710","Damen-Lake","2026-05-29T00:00:00.000","W","951"
"40010","Austin-Forest Park","2026-05-28T00:00:00.000","W","746"
"40020","Harlem-Lake","2026-05-28T00:00:00.000","W","2444"
"40030","Pulaski-Lake","2026-05-28T00:00:00.000","W","941"
"40040","Quincy/Wells","2026-05-28T00:00:00.000","W","5978"
"40050","Davis","2026-05-28T00:00:00.000","W","2221"
"40060","Belmont-O'Hare","2026-05-28T00:00:00.000","W","3854"
"40070","Jackson/Dearborn","2026-05-28T00:00:00.000","W","4463"
"40080","Sheridan","2026-05-28T00:00:00.000","W","2980"
"40090","Damen-Brown","2026-05-28T00:00:00.000","W","1873"
"40100","Morse","2026-05-28T00:00:00.000","W","2862"
"40120","35th/Archer","2026-05-28T00:00:00.000","W","1943"
"40130","51st","2026-05-28T00:00:00.000","W","682"
"40140","Dempster-Skokie","2026-05-28T00:00:00.000","W","883"
"40150","Pulaski-Cermak","2026-05-28T00:00:00.000","W","757"
"40160","LaSalle/Van Buren","2026-05-28T00:00:00.000","W","2269"
"40170","Ashland-Lake","2026-05-28T00:00:00.000","W","1968"
"40180","Oak Park-Forest Park","2026-05-28T00:00:00.000","W","726"
"40190","Sox-35th-Dan Ryan","2026-05-28T00:00:00.000","W","4853"
"40210","Damen-Cermak","2026-05-28T00:00:00.000","W","1427"
"40220","Western-Forest Park","2026-05-28T00:00:00.000","W","656"
"40230","Cumberland","2026-05-28T00:00:00.000","W","2572"
"40240","79th","2026-05-28T00:00:00.000","W","3820"
"40250","Kedzie-Homan-Forest Park","2026-05-28T00:00:00.000","W","1015"
"40260","State/Lake","2026-05-28T00:00:00.000","W","0"
"40270","Main","2026-05-28T00:00:00.000","W","769"
"40280","Central-Lake","2026-05-28T00:00:00.000","W","1266"
"40290","Ashland/63rd","2026-05-28T00:00:00.000","W","718"
"40300","Indiana","2026-05-28T00:00:00.000","W","543"
"40310","Western-Orange","2026-05-28T00:00:00.000","W","2649"
"40320","Division/Milwaukee","2026-05-28T00:00:00.000","W","4660"
"40330","Grand/State","2026-05-28T00:00:00.000","W","6958"
"40340","Berwyn","2026-05-28T00:00:00.000","W","1955"
"40350","UIC-Halsted","2026-05-28T00:00:00.000","W","1883"
"40360","Southport","2026-05-28T00:00:00.000","W","2567"
"40370","Washington/Dearborn","2026-05-28T00:00:00.000","W","9290"
"40380","Clark/Lake","2026-05-28T00:00:00.000","W","15195"
"40390","Forest Park","2026-05-28T00:00:00.000","W","1153"
"40400","Noyes","2026-05-28T00:00:00.000","W","674"
"40420","Cicero-Cermak","2026-05-28T00:00:00.000","W","792"
"40430","Clinton-Forest Park","2026-05-28T00:00:00.000","W","1367"
"40440","California-Cermak","2026-05-28T00:00:00.000","W","1138"
"40450","95th/Dan Ryan","2026-05-28T00:00:00.000","W","6519"
"40460","Merchandise Mart","2026-05-28T00:00:00.000","W","6173"
"40470","Racine","2026-05-28T00:00:00.000","W","920"
"40480","Cicero-Lake","2026-05-28T00:00:00.000","W","729"
"40490","Grand/Milwaukee","2026-05-28T00:00:00.000","W","3147"
"40510","Garfield-South Elevated","2026-05-28T00:00:00.000","W","924"
"40520","Foster","2026-05-28T00:00:00.000","W","550"
"40530","Diversey","2026-05-28T00:00:00.000","W","4095"
"40540","Wilson","2026-05-28T00:00:00.000","W","4837"
"40550","Irving Park-O'Hare","2026-05-28T00:00:00.000","W","3133"
"40560","Jackson/State","2026-05-28T00:00:00.000","W","5432"
"40570","California/Milwaukee","2026-05-28T00:00:00.000","W","4079"
"40580","54th/Cermak","2026-05-28T00:00:00.000","W","2136"
"40590","Damen/Milwaukee","2026-05-28T00:00:00.000","W","5025"
"40600","Kostner","2026-05-28T00:00:00.000","W","309"
"40610","Ridgeland","2026-05-28T00:00:00.000","W","1213"
"40630","Clark/Division","2026-05-28T00:00:00.000","W","5794"
"40650","North/Clybourn","2026-05-28T00:00:00.000","W","3551"
"40660","Armitage","2026-05-28T00:00:00.000","W","3663"
"40670","Western/Milwaukee","2026-05-28T00:00:00.000","W","3966"
"40680","Adams/Wabash","2026-05-28T00:00:00.000","W","5519"
"40690","Dempster","2026-05-28T00:00:00.000","W","535"
"40700","Laramie","2026-05-28T00:00:00.000","W","597"
"40710","Chicago/Franklin","2026-05-28T00:00:00.000","W","4652"
"40720","East 63rd-Cottage Grove","2026-05-28T00:00:00.000","W","812"
"40730","Washington/Wells","2026-05-28T00:00:00.000","W","6425"
"40740","Western-Cermak","2026-05-28T00:00:00.000","W","960"
"40750","Harlem-O'Hare","2026-05-28T00:00:00.000","W","1793"
"40760","Granville","2026-05-28T00:00:00.000","W","2323"
"40770","Lawrence","2026-05-28T00:00:00.000","W","2038"
"40780","Central Park","2026-05-28T00:00:00.000","W","823"
"40790","Monroe/Dearborn","2026-05-28T00:00:00.000","W","4131"
"40800","Sedgwick","2026-05-28T00:00:00.000","W","3071"
"40810","Medical Center","2026-05-28T00:00:00.000","W","1527"
"40820","Rosemont","2026-05-28T00:00:00.000","W","4545"
"40830","18th","2026-05-28T00:00:00.000","W","1335"
"40840","South Boulevard","2026-05-28T00:00:00.000","W","489"
"40850","Library","2026-05-28T00:00:00.000","W","2797"
"40870","Francisco","2026-05-28T00:00:00.000","W","1065"
"40880","Thorndale","2026-05-28T00:00:00.000","W","1845"
"40890","O'Hare Airport","2026-05-28T00:00:00.000","W","10967"
"40900","Howard","2026-05-28T00:00:00.000","W","3526"
"40910","63rd-Dan Ryan","2026-05-28T00:00:00.000","W","2184"
"40920","Pulaski-Forest Park","2026-05-28T00:00:00.000","W","631"
"40930","Midway Airport","2026-05-28T00:00:00.000","W","5557"
"40940","Halsted/63rd","2026-05-28T00:00:00.000","W","398"
"40960","Pulaski-Orange","2026-05-28T00:00:00.000","W","3468"
"40970","Cicero-Forest Park","2026-05-28T00:00:00.000","W","631"
"40980","Harlem-Forest Park","2026-05-28T00:00:00.000","W","428"
"40990","69th","2026-05-28T00:00:00.000","W","3076"
"41000","Cermak-Chinatown","2026-05-28T00:00:00.000","W","5413"
"41010","Rockwell","2026-05-28T00:00:00.000","W","1253"
"41020","Logan Square","2026-05-28T00:00:00.000","W","5276"
"41030","Polk","2026-05-28T00:00:00.000","W","2275"
"41040","Kedzie-Cermak","2026-05-28T00:00:00.000","W","897"
"41050","Linden","2026-05-28T00:00:00.000","W","670"
"41060","Ashland-Orange","2026-05-28T00:00:00.000","W","1386"
"41070","Kedzie-Lake","2026-05-28T00:00:00.000","W","818"
"41080","47th-South Elevated","2026-05-28T00:00:00.000","W","754"
"41090","Monroe/State","2026-05-28T00:00:00.000","W","4586"
"41120","35-Bronzeville-IIT","2026-05-28T00:00:00.000","W","1140"
"41130","Halsted-Orange","2026-05-28T00:00:00.000","W","1598"
"41140","King Drive","2026-05-28T00:00:00.000","W","349"
"41150","Kedzie-Midway","2026-05-28T00:00:00.000","W","2471"
"41160","Clinton-Lake","2026-05-28T00:00:00.000","W","3209"
"41170","Garfield-Dan Ryan","2026-05-28T00:00:00.000","W","2327"
"41180","Kedzie-Brown","2026-05-28T00:00:00.000","W","1508"
"41190","Jarvis","2026-05-28T00:00:00.000","W","1166"
"41200","Argyle","2026-05-28T00:00:00.000","W","2117"
"41210","Wellington","2026-05-28T00:00:00.000","W","2309"
"41220","Fullerton","2026-05-28T00:00:00.000","W","10716"
"41230","47th-Dan Ryan","2026-05-28T00:00:00.000","W","2141"
"41240","Addison-O'Hare","2026-05-28T00:00:00.000","W","2004"
"41250","Central-Evanston","2026-05-28T00:00:00.000","W","544"
"41260","Austin-Lake","2026-05-28T00:00:00.000","W","995"
"41270","43rd","2026-05-28T00:00:00.000","W","739"
"41280","Jefferson Park","2026-05-28T00:00:00.000","W","4949"
"41290","Kimball","2026-05-28T00:00:00.000","W","2614"
"41300","Loyola","2026-05-28T00:00:00.000","W","2971"
"41310","Paulina","2026-05-28T00:00:00.000","W","2014"
"41320","Belmont-North Main","2026-05-28T00:00:00.000","W","8046"
"41330","Montrose-O'Hare","2026-05-28T00:00:00.000","W","1806"
"41340","LaSalle","2026-05-28T00:00:00.000","W","1707"
"41350","Oak Park-Lake","2026-05-28T00:00:00.000","W","939"
"41360","California-Lake","2026-05-28T00:00:00.000","W","769"
"41380","Bryn Mawr","2026-05-28T00:00:00.000","W","2841"
"41400","Roosevelt","2026-05-28T00:00:00.000","W","7625"
"41410","Chicago/Milwaukee","2026-05-28T00:00:00.000","W","2191"
"41420","Addison-North Main","2026-05-28T00:00:00.000","W","4910"
"41430","87th","2026-05-28T00:00:00.000","W","2348"
"41440","Addison-Brown","2026-05-28T00:00:00.000","W","1524"
"41450","Chicago/State","2026-05-28T00:00:00.000","W","7944"
"41460","Irving Park-Brown","2026-05-28T00:00:00.000","W","2079"
"41480","Western-Brown","2026-05-28T00:00:00.000","W","1889"
"41490","Harrison","2026-05-28T00:00:00.000","W","2357"
"41500","Montrose-Brown","2026-05-28T00:00:00.000","W","1786"
"41510","Morgan-Lake","2026-05-28T00:00:00.000","W","4545"
"41660","Lake/State","2026-05-28T00:00:00.000","W","11462"
"41670","Conservatory","2026-05-28T00:00:00.000","W","609"
"41680","Oakton-Skokie","2026-05-28T00:00:00.000","W","503"
"41690","Cermak-McCormick Place","2026-05-28T00:00:00.000","W","1590"
"41700","Washington/Wabash","2026-05-28T00:00:00.000","W","10927"
"41710","Damen-Lake","2026-05-28T00:00:00.000","W","940"
"41710","Damen-Lake","2026-05-27T00:00:00.000","W","1227"
"41700","Washington/Wabash","2026-05-27T00:00:00.000","W","11190"
"41690","Cermak-McCormick Place","2026-05-27T00:00:00.000","W","1700"
"41680","Oakton-Skokie","2026-05-27T00:00:00.000","W","483"
"41670","Conservatory","2026-05-27T00:00:00.000","W","679"
"41660","Lake/State","2026-05-27T00:00:00.000","W","10821"
"40010","Austin-Forest Park","2026-05-27T00:00:00.000","W","807"
"40020","Harlem-Lake","2026-05-27T00:00:00.000","W","2389"
"40030","Pulaski-Lake","2026-05-27T00:00:00.000","W","953"
"40040","Quincy/Wells","2026-05-27T00:00:00.000","W","6303"
"40050","Davis","2026-05-27T00:00:00.000","W","2129"
"40060","Belmont-O'Hare","2026-05-27T00:00:00.000","W","3732"
"40070","Jackson/Dearborn","2026-05-27T00:00:00.000","W","4676"
"40080","Sheridan","2026-05-27T00:00:00.000","W","2972"
"40090","Damen-Brown","2026-05-27T00:00:00.000","W","1834"
"40100","Morse","2026-05-27T00:00:00.000","W","2827"
"40120","35th/Archer","2026-05-27T00:00:00.000","W","1989"
"40130","51st","2026-05-27T00:00:00.000","W","676"
"40140","Dempster-Skokie","2026-05-27T00:00:00.000","W","807"
"40150","Pulaski-Cermak","2026-05-27T00:00:00.000","W","699"
"40160","LaSalle/Van Buren","2026-05-27T00:00:00.000","W","2280"
"40170","Ashland-Lake","2026-05-27T00:00:00.000","W","2122"
"40180","Oak Park-Forest Park","2026-05-27T00:00:00.000","W","730"
"40190","Sox-35th-Dan Ryan","2026-05-27T00:00:00.000","W","4982"
"40210","Damen-Cermak","2026-05-27T00:00:00.000","W","1287"
"40220","Western-Forest Park","2026-05-27T00:00:00.000","W","621"
"40230","Cumberland","2026-05-27T00:00:00.000","W","2517"
"40240","79th","2026-05-27T00:00:00.000","W","3897"
"40250","Kedzie-Homan-Forest Park","2026-05-27T00:00:00.000","W","882"
"40260","State/Lake","2026-05-27T00:00:00.000","W","0"
"40270","Main","2026-05-27T00:00:00.000","W","709"
"40280","Central-Lake","2026-05-27T00:00:00.000","W","1294"
"40290","Ashland/63rd","2026-05-27T00:00:00.000","W","700"
"40300","Indiana","2026-05-27T00:00:00.000","W","562"
"40310","Western-Orange","2026-05-27T00:00:00.000","W","2582"
"40320","Division/Milwaukee","2026-05-27T00:00:00.000","W","4616"
"40330","Grand/State","2026-05-27T00:00:00.000","W","6690"
"40340","Berwyn","2026-05-27T00:00:00.000","W","1948"
"40350","UIC-Halsted","2026-05-27T00:00:00.000","W","2090"
"40360","Southport","2026-05-27T00:00:00.000","W","2465"
"40370","Washington/Dearborn","2026-05-27T00:00:00.000","W","8893"
"40380","Clark/Lake","2026-05-27T00:00:00.000","W","14905"
"40390","Forest Park","2026-05-27T00:00:00.000","W","1269"
"40400","Noyes","2026-05-27T00:00:00.000","W","650"
"40420","Cicero-Cermak","2026-05-27T00:00:00.000","W","738"
"40430","Clinton-Forest Park","2026-05-27T00:00:00.000","W","1814"
"40440","California-Cermak","2026-05-27T00:00:00.000","W","1068"
"40450","95th/Dan Ryan","2026-05-27T00:00:00.000","W","6535"
"40460","Merchandise Mart","2026-05-27T00:00:00.000","W","6282"
"40470","Racine","2026-05-27T00:00:00.000","W","915"
"40480","Cicero-Lake","2026-05-27T00:00:00.000","W","785"
"40490","Grand/Milwaukee","2026-05-27T00:00:00.000","W","3020"
"40510","Garfield-South Elevated","2026-05-27T00:00:00.000","W","956"
"40520","Foster","2026-05-27T00:00:00.000","W","493"
"40530","Diversey","2026-05-27T00:00:00.000","W","4042"
"40540","Wilson","2026-05-27T00:00:00.000","W","4845"
"40550","Irving Park-O'Hare","2026-05-27T00:00:00.000","W","3010"
"40560","Jackson/State","2026-05-27T00:00:00.000","W","5497"
"40570","California/Milwaukee","2026-05-27T00:00:00.000","W","3943"
"40580","54th/Cermak","2026-05-27T00:00:00.000","W","1930"
"40590","Damen/Milwaukee","2026-05-27T00:00:00.000","W","4588"
"40600","Kostner","2026-05-27T00:00:00.000","W","338"
"40610","Ridgeland","2026-05-27T00:00:00.000","W","977"
"40630","Clark/Division","2026-05-27T00:00:00.000","W","5652"
"40650","North/Clybourn","2026-05-27T00:00:00.000","W","3524"
"40660","Armitage","2026-05-27T00:00:00.000","W","3448"
"40670","Western/Milwaukee","2026-05-27T00:00:00.000","W","4030"
"40680","Adams/Wabash","2026-05-27T00:00:00.000","W","5770"
"40690","Dempster","2026-05-27T00:00:00.000","W","562"
"40700","Laramie","2026-05-27T00:00:00.000","W","639"
"40710","Chicago/Franklin","2026-05-27T00:00:00.000","W","4516"
"40720","East 63rd-Cottage Grove","2026-05-27T00:00:00.000","W","848"
"40730","Washington/Wells","2026-05-27T00:00:00.000","W","6430"
"40740","Western-Cermak","2026-05-27T00:00:00.000","W","912"
"40750","Harlem-O'Hare","2026-05-27T00:00:00.000","W","1859"
"40760","Granville","2026-05-27T00:00:00.000","W","2166"
"40770","Lawrence","2026-05-27T00:00:00.000","W","1939"
"40780","Central Park","2026-05-27T00:00:00.000","W","849"
"40790","Monroe/Dearborn","2026-05-27T00:00:00.000","W","4291"
"40800","Sedgwick","2026-05-27T00:00:00.000","W","3200"
"40810","Medical Center","2026-05-27T00:00:00.000","W","1668"
"40820","Rosemont","2026-05-27T00:00:00.000","W","4069"
"40830","18th","2026-05-27T00:00:00.000","W","1260"
"40840","South Boulevard","2026-05-27T00:00:00.000","W","503"
"40850","Library","2026-05-27T00:00:00.000","W","2826"
"40870","Francisco","2026-05-27T00:00:00.000","W","1049"
"40880","Thorndale","2026-05-27T00:00:00.000","W","1813"
"40890","O'Hare Airport","2026-05-27T00:00:00.000","W","9198"
"40900","Howard","2026-05-27T00:00:00.000","W","3505"
"40910","63rd-Dan Ryan","2026-05-27T00:00:00.000","W","1950"
"40920","Pulaski-Forest Park","2026-05-27T00:00:00.000","W","626"
"40930","Midway Airport","2026-05-27T00:00:00.000","W","5409"
"40940","Halsted/63rd","2026-05-27T00:00:00.000","W","390"
"40960","Pulaski-Orange","2026-05-27T00:00:00.000","W","3419"
"40970","Cicero-Forest Park","2026-05-27T00:00:00.000","W","656"
"40980","Harlem-Forest Park","2026-05-27T00:00:00.000","W","431"
"40990","69th","2026-05-27T00:00:00.000","W","3182"
"41000","Cermak-Chinatown","2026-05-27T00:00:00.000","W","5031"
"41010","Rockwell","2026-05-27T00:00:00.000","W","1202"
"41020","Logan Square","2026-05-27T00:00:00.000","W","5138"
"41030","Polk","2026-05-27T00:00:00.000","W","2387"
"41040","Kedzie-Cermak","2026-05-27T00:00:00.000","W","861"
"41050","Linden","2026-05-27T00:00:00.000","W","602"
"41060","Ashland-Orange","2026-05-27T00:00:00.000","W","1375"
"41070","Kedzie-Lake","2026-05-27T00:00:00.000","W","820"
"41080","47th-South Elevated","2026-05-27T00:00:00.000","W","750"
"41090","Monroe/State","2026-05-27T00:00:00.000","W","4866"
"41120","35-Bronzeville-IIT","2026-05-27T00:00:00.000","W","1153"
"41130","Halsted-Orange","2026-05-27T00:00:00.000","W","1523"
"41140","King Drive","2026-05-27T00:00:00.000","W","374"
"41150","Kedzie-Midway","2026-05-27T00:00:00.000","W","2531"
"41160","Clinton-Lake","2026-05-27T00:00:00.000","W","3250"
"41170","Garfield-Dan Ryan","2026-05-27T00:00:00.000","W","2363"
"41180","Kedzie-Brown","2026-05-27T00:00:00.000","W","1523"
"41190","Jarvis","2026-05-27T00:00:00.000","W","1086"
"41200","Argyle","2026-05-27T00:00:00.000","W","2179"
"41210","Wellington","2026-05-27T00:00:00.000","W","2424"
"41220","Fullerton","2026-05-27T00:00:00.000","W","10402"
"41230","47th-Dan Ryan","2026-05-27T00:00:00.000","W","2062"
"41240","Addison-O'Hare","2026-05-27T00:00:00.000","W","2066"
"41250","Central-Evanston","2026-05-27T00:00:00.000","W","546"
"41260","Austin-Lake","2026-05-27T00:00:00.000","W","986"
"41270","43rd","2026-05-27T00:00:00.000","W","753"
"41280","Jefferson Park","2026-05-27T00:00:00.000","W","4709"
"41290","Kimball","2026-05-27T00:00:00.000","W","2519"
"41300","Loyola","2026-05-27T00:00:00.000","W","3001"
"41310","Paulina","2026-05-27T00:00:00.000","W","2039"
"41320","Belmont-North Main","2026-05-27T00:00:00.000","W","8114"
"41330","Montrose-O'Hare","2026-05-27T00:00:00.000","W","1800"
"41340","LaSalle","2026-05-27T00:00:00.000","W","1767"
"41350","Oak Park-Lake","2026-05-27T00:00:00.000","W","861"
"41360","California-Lake","2026-05-27T00:00:00.000","W","774"
"41380","Bryn Mawr","2026-05-27T00:00:00.000","W","2855"
"41400","Roosevelt","2026-05-27T00:00:00.000","W","7730"
"41410","Chicago/Milwaukee","2026-05-27T00:00:00.000","W","2213"
"41420","Addison-North Main","2026-05-27T00:00:00.000","W","4837"
"41430","87th","2026-05-27T00:00:00.000","W","2223"
"41440","Addison-Brown","2026-05-27T00:00:00.000","W","1494"
"41450","Chicago/State","2026-05-27T00:00:00.000","W","7751"
"41460","Irving Park-Brown","2026-05-27T00:00:00.000","W","1995"
"41480","Western-Brown","2026-05-27T00:00:00.000","W","1878"
"41490","Harrison","2026-05-27T00:00:00.000","W","2175"
"41500","Montrose-Brown","2026-05-27T00:00:00.000","W","1610"
"41510","Morgan-Lake","2026-05-27T00:00:00.000","W","4219"
"41710","Damen-Lake","2026-05-26T00:00:00.000","W","924"
"41700","Washington/Wabash","2026-05-26T00:00:00.000","W","10732"
"41690","Cermak-McCormick Place","2026-05-26T00:00:00.000","W","1460"
"41680","Oakton-Skokie","2026-05-26T00:00:00.000","W","487"
"41670","Conservatory","2026-05-26T00:00:00.000","W","519"
"41660","Lake/State","2026-05-26T00:00:00.000","W","10400"
"40010","Austin-Forest Park","2026-05-26T00:00:00.000","W","762"
"40020","Harlem-Lake","2026-05-26T00:00:00.000","W","2329"
"40030","Pulaski-Lake","2026-05-26T00:00:00.000","W","906"
"40040","Quincy/Wells","2026-05-26T00:00:00.000","W","6239"
"40050","Davis","2026-05-26T00:00:00.000","W","2128"
"40060","Belmont-O'Hare","2026-05-26T00:00:00.000","W","3534"
"40070","Jackson/Dearborn","2026-05-26T00:00:00.000","W","4284"
"40080","Sheridan","2026-05-26T00:00:00.000","W","2673"
"40090","Damen-Brown","2026-05-26T00:00:00.000","W","1693"
"40100","Morse","2026-05-26T00:00:00.000","W","2677"
"40120","35th/Archer","2026-05-26T00:00:00.000","W","1815"
"40130","51st","2026-05-26T00:00:00.000","W","683"
"40140","Dempster-Skokie","2026-05-26T00:00:00.000","W","854"
"40150","Pulaski-Cermak","2026-05-26T00:00:00.000","W","987"
"40160","LaSalle/Van Buren","2026-05-26T00:00:00.000","W","2242"
"40170","Ashland-Lake","2026-05-26T00:00:00.000","W","1788"
"40180","Oak Park-Forest Park","2026-05-26T00:00:00.000","W","631"
"40190","Sox-35th-Dan Ryan","2026-05-26T00:00:00.000","W","5410"
"40210","Damen-Cermak","2026-05-26T00:00:00.000","W","1267"
"40220","Western-Forest Park","2026-05-26T00:00:00.000","W","562"
"40230","Cumberland","2026-05-26T00:00:00.000","W","2279"
"40240","79th","2026-05-26T00:00:00.000","W","3733"
"40250","Kedzie-Homan-Forest Park","2026-05-26T00:00:00.000","W","842"
"40260","State/Lake","2026-05-26T00:00:00.000","W","0"
"40270","Main","2026-05-26T00:00:00.000","W","698"
"40280","Central-Lake","2026-05-26T00:00:00.000","W","1272"
"40290","Ashland/63rd","2026-05-26T00:00:00.000","W","686"
"40300","Indiana","2026-05-26T00:00:00.000","W","516"
"40310","Western-Orange","2026-05-26T00:00:00.000","W","2557"
"40320","Division/Milwaukee","2026-05-26T00:00:00.000","W","4189"
"40330","Grand/State","2026-05-26T00:00:00.000","W","6562"
"40340","Berwyn","2026-05-26T00:00:00.000","W","1893"
"40350","UIC-Halsted","2026-05-26T00:00:00.000","W","1848"
"40360","Southport","2026-05-26T00:00:00.000","W","2285"
"40370","Washington/Dearborn","2026-05-26T00:00:00.000","W","8892"
"40380","Clark/Lake","2026-05-26T00:00:00.000","W","13872"
"40390","Forest Park","2026-05-26T00:00:00.000","W","1213"
"40400","Noyes","2026-05-26T00:00:00.000","W","640"
"40420","Cicero-Cermak","2026-05-26T00:00:00.000","W","776"
"40430","Clinton-Forest Park","2026-05-26T00:00:00.000","W","2407"
"40440","California-Cermak","2026-05-26T00:00:00.000","W","1056"
"40450","95th/Dan Ryan","2026-05-26T00:00:00.000","W","6503"
"40460","Merchandise Mart","2026-05-26T00:00:00.000","W","5843"
"40470","Racine","2026-05-26T00:00:00.000","W","851"
"40480","Cicero-Lake","2026-05-26T00:00:00.000","W","767"
"40490","Grand/Milwaukee","2026-05-26T00:00:00.000","W","2978"
"40510","Garfield-South Elevated","2026-05-26T00:00:00.000","W","912"
"40520","Foster","2026-05-26T00:00:00.000","W","492"
"40530","Diversey","2026-05-26T00:00:00.000","W","3678"
"40540","Wilson","2026-05-26T00:00:00.000","W","4580"
"40550","Irving Park-O'Hare","2026-05-26T00:00:00.000","W","2811"
"40560","Jackson/State","2026-05-26T00:00:00.000","W","4999"
"40570","California/Milwaukee","2026-05-26T00:00:00.000","W","3642"
"40580","54th/Cermak","2026-05-26T00:00:00.000","W","1691"
"40590","Damen/Milwaukee","2026-05-26T00:00:00.000","W","4326"
"40600","Kostner","2026-05-26T00:00:00.000","W","314"
"40610","Ridgeland","2026-05-26T00:00:00.000","W","931"
"40630","Clark/Division","2026-05-26T00:00:00.000","W","5285"
"40650","North/Clybourn","2026-05-26T00:00:00.000","W","3453"
"40660","Armitage","2026-05-26T00:00:00.000","W","3124"
"40670","Western/Milwaukee","2026-05-26T00:00:00.000","W","3662"
"40680","Adams/Wabash","2026-05-26T00:00:00.000","W","4967"
"40690","Dempster","2026-05-26T00:00:00.000","W","472"
"40700","Laramie","2026-05-26T00:00:00.000","W","552"
"40710","Chicago/Franklin","2026-05-26T00:00:00.000","W","4272"
"40720","East 63rd-Cottage Grove","2026-05-26T00:00:00.000","W","728"
"40730","Washington/Wells","2026-05-26T00:00:00.000","W","6361"
"40740","Western-Cermak","2026-05-26T00:00:00.000","W","848"
"40750","Harlem-O'Hare","2026-05-26T00:00:00.000","W","1624"
"40760","Granville","2026-05-26T00:00:00.000","W","1959"
"40770","Lawrence","2026-05-26T00:00:00.000","W","1899"
"40780","Central Park","2026-05-26T00:00:00.000","W","811"
"40790","Monroe/Dearborn","2026-05-26T00:00:00.000","W","4022"
"40800","Sedgwick","2026-05-26T00:00:00.000","W","2855"
"40810","Medical Center","2026-05-26T00:00:00.000","W","1447"
"40820","Rosemont","2026-05-26T00:00:00.000","W","3887"
"40830","18th","2026-05-26T00:00:00.000","W","1223"
"40840","South Boulevard","2026-05-26T00:00:00.000","W","474"
"40850","Library","2026-05-26T00:00:00.000","W","2698"
"40870","Francisco","2026-05-26T00:00:00.000","W","971"
"40880","Thorndale","2026-05-26T00:00:00.000","W","1663"
"40890","O'Hare Airport","2026-05-26T00:00:00.000","W","9938"
"40900","Howard","2026-05-26T00:00:00.000","W","3432"
"40910","63rd-Dan Ryan","2026-05-26T00:00:00.000","W","1812"
"40920","Pulaski-Forest Park","2026-05-26T00:00:00.000","W","644"
"40930","Midway Airport","2026-05-26T00:00:00.000","W","5244"
"40940","Halsted/63rd","2026-05-26T00:00:00.000","W","372"
"40960","Pulaski-Orange","2026-05-26T00:00:00.000","W","3332"
"40970","Cicero-Forest Park","2026-05-26T00:00:00.000","W","599"
"40980","Harlem-Forest Park","2026-05-26T00:00:00.000","W","429"
"40990","69th","2026-05-26T00:00:00.000","W","3005"
"41000","Cermak-Chinatown","2026-05-26T00:00:00.000","W","4919"
"41010","Rockwell","2026-05-26T00:00:00.000","W","1116"
"41020","Logan Square","2026-05-26T00:00:00.000","W","4774"
"41030","Polk","2026-05-26T00:00:00.000","W","2326"
"41040","Kedzie-Cermak","2026-05-26T00:00:00.000","W","762"
"41050","Linden","2026-05-26T00:00:00.000","W","660"
"41060","Ashland-Orange","2026-05-26T00:00:00.000","W","1290"
"41070","Kedzie-Lake","2026-05-26T00:00:00.000","W","806"
"41080","47th-South Elevated","2026-05-26T00:00:00.000","W","735"
"41090","Monroe/State","2026-05-26T00:00:00.000","W","4311"
"41120","35-Bronzeville-IIT","2026-05-26T00:00:00.000","W","1150"
"41130","Halsted-Orange","2026-05-26T00:00:00.000","W","1546"
"41140","King Drive","2026-05-26T00:00:00.000","W","305"
"41150","Kedzie-Midway","2026-05-26T00:00:00.000","W","2373"
"41160","Clinton-Lake","2026-05-26T00:00:00.000","W","3078"
"41170","Garfield-Dan Ryan","2026-05-26T00:00:00.000","W","2393"
"41180","Kedzie-Brown","2026-05-26T00:00:00.000","W","1435"
"41190","Jarvis","2026-05-26T00:00:00.000","W","1035"
"41200","Argyle","2026-05-26T00:00:00.000","W","1896"
"41210","Wellington","2026-05-26T00:00:00.000","W","2221"
"41220","Fullerton","2026-05-26T00:00:00.000","W","9969"
"41230","47th-Dan Ryan","2026-05-26T00:00:00.000","W","2124"
"41240","Addison-O'Hare","2026-05-26T00:00:00.000","W","1893"
"41250","Central-Evanston","2026-05-26T00:00:00.000","W","546"
"41260","Austin-Lake","2026-05-26T00:00:00.000","W","942"
"41270","43rd","2026-05-26T00:00:00.000","W","711"
"41280","Jefferson Park","2026-05-26T00:00:00.000","W","4519"
"41290","Kimball","2026-05-26T00:00:00.000","W","2302"
"41300","Loyola","2026-05-26T00:00:00.000","W","2774"
"41310","Paulina","2026-05-26T00:00:00.000","W","1873"
"41320","Belmont-North Main","2026-05-26T00:00:00.000","W","7291"
"41330","Montrose-O'Hare","2026-05-26T00:00:00.000","W","1666"
"41340","LaSalle","2026-05-26T00:00:00.000","W","1513"
"41350","Oak Park-Lake","2026-05-26T00:00:00.000","W","855"
"41360","California-Lake","2026-05-26T00:00:00.000","W","889"
"41380","Bryn Mawr","2026-05-26T00:00:00.000","W","2724"
"41400","Roosevelt","2026-05-26T00:00:00.000","W","7564"
"41410","Chicago/Milwaukee","2026-05-26T00:00:00.000","W","2092"
"41420","Addison-North Main","2026-05-26T00:00:00.000","W","4280"
"41430","87th","2026-05-26T00:00:00.000","W","2208"
"41440","Addison-Brown","2026-05-26T00:00:00.000","W","1501"
"41450","Chicago/State","2026-05-26T00:00:00.000","W","7616"
"41460","Irving Park-Brown","2026-05-26T00:00:00.000","W","1772"
"41480","Western-Brown","2026-05-26T00:00:00.000","W","1835"
"41490","Harrison","2026-05-26T00:00:00.000","W","2005"
"41500","Montrose-Brown","2026-05-26T00:00:00.000","W","1538"
"41510","Morgan-Lake","2026-05-26T00:00:00.000","W","4253"
"41710","Damen-Lake","2026-05-25T00:00:00.000","U","379"
"41700","Washington/Wabash","2026-05-25T00:00:00.000","U","6815"
"41690","Cermak-McCormick Place","2026-05-25T00:00:00.000","U","1090"
"41680","Oakton-Skokie","2026-05-25T00:00:00.000","U","225"
"41670","Conservatory","2026-05-25T00:00:00.000","U","375"
"41660","Lake/State","2026-05-25T00:00:00.000","U","7195"
"40010","Austin-Forest Park","2026-05-25T00:00:00.000","U","320"
"40020","Harlem-Lake","2026-05-25T00:00:00.000","U","1317"
"40030","Pulaski-Lake","2026-05-25T00:00:00.000","U","505"
"40040","Quincy/Wells","2026-05-25T00:00:00.000","U","1538"
"40050","Davis","2026-05-25T00:00:00.000","U","1375"
"40060","Belmont-O'Hare","2026-05-25T00:00:00.000","U","1981"
"40070","Jackson/Dearborn","2026-05-25T00:00:00.000","U","2222"
"40080","Sheridan","2026-05-25T00:00:00.000","U","1654"
"40090","Damen-Brown","2026-05-25T00:00:00.000","U","851"
"40100","Morse","2026-05-25T00:00:00.000","U","1956"
"40120","35th/Archer","2026-05-25T00:00:00.000","U","982"
"40130","51st","2026-05-25T00:00:00.000","U","499"
"40140","Dempster-Skokie","2026-05-25T00:00:00.000","U","521"
"40150","Pulaski-Cermak","2026-05-25T00:00:00.000","U","407"
"40160","LaSalle/Van Buren","2026-05-25T00:00:00.000","U","481"
"40170","Ashland-Lake","2026-05-25T00:00:00.000","U","788"
"40180","Oak Park-Forest Park","2026-05-25T00:00:00.000","U","271"
"40190","Sox-35th-Dan Ryan","2026-05-25T00:00:00.000","U","6681"
"40210","Damen-Cermak","2026-05-25T00:00:00.000","U","650"
"40220","Western-Forest Park","2026-05-25T00:00:00.000","U","406"
"40230","Cumberland","2026-05-25T00:00:00.000","U","1259"
"40240","79th","2026-05-25T00:00:00.000","U","2775"
"40250","Kedzie-Homan-Forest Park","2026-05-25T00:00:00.000","U","546"
"40260","State/Lake","2026-05-25T00:00:00.000","U","0"
"40270","Main","2026-05-25T00:00:00.000","U","391"
"40280","Central-Lake","2026-05-25T00:00:00.000","U","715"
"40290","Ashland/63rd","2026-05-25T00:00:00.000","U","447"
"40300","Indiana","2026-05-25T00:00:00.000","U","321"
"40310","Western-Orange","2026-05-25T00:00:00.000","U","1466"
"40320","Division/Milwaukee","2026-05-25T00:00:00.000","U","2036"
"40330","Grand/State","2026-05-25T00:00:00.000","U","6847"
"40340","Berwyn","2026-05-25T00:00:00.000","U","1419"
"40350","UIC-Halsted","2026-05-25T00:00:00.000","U","1052"
"40360","Southport","2026-05-25T00:00:00.000","U","1332"
"40370","Washington/Dearborn","2026-05-25T00:00:00.000","U","5891"
"40380","Clark/Lake","2026-05-25T00:00:00.000","U","6496"
"40390","Forest Park","2026-05-25T00:00:00.000","U","618"
"40400","Noyes","2026-05-25T00:00:00.000","U","321"
"40420","Cicero-Cermak","2026-05-25T00:00:00.000","U","564"
"40430","Clinton-Forest Park","2026-05-25T00:00:00.000","U","1003"
"40440","California-Cermak","2026-05-25T00:00:00.000","U","476"
"40450","95th/Dan Ryan","2026-05-25T00:00:00.000","U","4265"
"40460","Merchandise Mart","2026-05-25T00:00:00.000","U","1402"
"40470","Racine","2026-05-25T00:00:00.000","U","387"
"40480","Cicero-Lake","2026-05-25T00:00:00.000","U","436"
"40490","Grand/Milwaukee","2026-05-25T00:00:00.000","U","1830"
"40510","Garfield-South Elevated","2026-05-25T00:00:00.000","U","540"
"40520","Foster","2026-05-25T00:00:00.000","U","345"
"40530","Diversey","2026-05-25T00:00:00.000","U","1700"
"40540","Wilson","2026-05-25T00:00:00.000","U","3200"
"40550","Irving Park-O'Hare","2026-05-25T00:00:00.000","U","1537"
"40560","Jackson/State","2026-05-25T00:00:00.000","U","2241"
"40570","California/Milwaukee","2026-05-25T00:00:00.000","U","1904"
"40580","54th/Cermak","2026-05-25T00:00:00.000","U","1571"
"40590","Damen/Milwaukee","2026-05-25T00:00:00.000","U","2893"
"40600","Kostner","2026-05-25T00:00:00.000","U","197"
"40610","Ridgeland","2026-05-25T00:00:00.000","U","362"
"40630","Clark/Division","2026-05-25T00:00:00.000","U","4323"
"40650","North/Clybourn","2026-05-25T00:00:00.000","U","2589"
"40660","Armitage","2026-05-25T00:00:00.000","U","1678"
"40670","Western/Milwaukee","2026-05-25T00:00:00.000","U","1697"
"40680","Adams/Wabash","2026-05-25T00:00:00.000","U","2173"
"40690","Dempster","2026-05-25T00:00:00.000","U","318"
"40700","Laramie","2026-05-25T00:00:00.000","U","405"
"40710","Chicago/Franklin","2026-05-25T00:00:00.000","U","1766"
"40720","East 63rd-Cottage Grove","2026-05-25T00:00:00.000","U","460"
"40730","Washington/Wells","2026-05-25T00:00:00.000","U","942"
"40740","Western-Cermak","2026-05-25T00:00:00.000","U","492"
"40750","Harlem-O'Hare","2026-05-25T00:00:00.000","U","818"
"40760","Granville","2026-05-25T00:00:00.000","U","1434"
"40770","Lawrence","2026-05-25T00:00:00.000","U","1558"
"40780","Central Park","2026-05-25T00:00:00.000","U","443"
"40790","Monroe/Dearborn","2026-05-25T00:00:00.000","U","1176"
"40800","Sedgwick","2026-05-25T00:00:00.000","U","1782"
"40810","Medical Center","2026-05-25T00:00:00.000","U","506"
"40820","Rosemont","2026-05-25T00:00:00.000","U","2554"
"40830","18th","2026-05-25T00:00:00.000","U","843"
"40840","South Boulevard","2026-05-25T00:00:00.000","U","267"
"40850","Library","2026-05-25T00:00:00.000","U","1214"
"40870","Francisco","2026-05-25T00:00:00.000","U","505"
"40880","Thorndale","2026-05-25T00:00:00.000","U","1125"
"40890","O'Hare Airport","2026-05-25T00:00:00.000","U","11368"
"40900","Howard","2026-05-25T00:00:00.000","U","2429"
"40910","63rd-Dan Ryan","2026-05-25T00:00:00.000","U","1299"
"40920","Pulaski-Forest Park","2026-05-25T00:00:00.000","U","432"
"40930","Midway Airport","2026-05-25T00:00:00.000","U","3014"
"40940","Halsted/63rd","2026-05-25T00:00:00.000","U","249"
"40960","Pulaski-Orange","2026-05-25T00:00:00.000","U","1534"
"40970","Cicero-Forest Park","2026-05-25T00:00:00.000","U","301"
"40980","Harlem-Forest Park","2026-05-25T00:00:00.000","U","244"
"40990","69th","2026-05-25T00:00:00.000","U","2101"
"41000","Cermak-Chinatown","2026-05-25T00:00:00.000","U","6694"
"41010","Rockwell","2026-05-25T00:00:00.000","U","558"
"41020","Logan Square","2026-05-25T00:00:00.000","U","2503"
"41030","Polk","2026-05-25T00:00:00.000","U","538"
"41040","Kedzie-Cermak","2026-05-25T00:00:00.000","U","439"
"41050","Linden","2026-05-25T00:00:00.000","U","272"
"41060","Ashland-Orange","2026-05-25T00:00:00.000","U","556"
"41070","Kedzie-Lake","2026-05-25T00:00:00.000","U","433"
"41080","47th-South Elevated","2026-05-25T00:00:00.000","U","422"
"41090","Monroe/State","2026-05-25T00:00:00.000","U","2204"
"41120","35-Bronzeville-IIT","2026-05-25T00:00:00.000","U","1137"
"41130","Halsted-Orange","2026-05-25T00:00:00.000","U","888"
"41140","King Drive","2026-05-25T00:00:00.000","U","243"
"41150","Kedzie-Midway","2026-05-25T00:00:00.000","U","1214"
"41160","Clinton-Lake","2026-05-25T00:00:00.000","U","1013"
"41170","Garfield-Dan Ryan","2026-05-25T00:00:00.000","U","1443"
"41180","Kedzie-Brown","2026-05-25T00:00:00.000","U","873"
"41190","Jarvis","2026-05-25T00:00:00.000","U","845"
"41200","Argyle","2026-05-25T00:00:00.000","U","1667"
"41210","Wellington","2026-05-25T00:00:00.000","U","749"
"41220","Fullerton","2026-05-25T00:00:00.000","U","4771"
"41230","47th-Dan Ryan","2026-05-25T00:00:00.000","U","1368"
"41240","Addison-O'Hare","2026-05-25T00:00:00.000","U","905"
"41250","Central-Evanston","2026-05-25T00:00:00.000","U","223"
"41260","Austin-Lake","2026-05-25T00:00:00.000","U","448"
"41270","43rd","2026-05-25T00:00:00.000","U","375"
"41280","Jefferson Park","2026-05-25T00:00:00.000","U","2689"
"41290","Kimball","2026-05-25T00:00:00.000","U","1512"
"41300","Loyola","2026-05-25T00:00:00.000","U","2092"
"41310","Paulina","2026-05-25T00:00:00.000","U","825"
"41320","Belmont-North Main","2026-05-25T00:00:00.000","U","4866"
"41330","Montrose-O'Hare","2026-05-25T00:00:00.000","U","824"
"41340","LaSalle","2026-05-25T00:00:00.000","U","792"
"41350","Oak Park-Lake","2026-05-25T00:00:00.000","U","439"
"41360","California-Lake","2026-05-25T00:00:00.000","U","402"
"41380","Bryn Mawr","2026-05-25T00:00:00.000","U","2642"
"41400","Roosevelt","2026-05-25T00:00:00.000","U","5873"
"41410","Chicago/Milwaukee","2026-05-25T00:00:00.000","U","1096"
"41420","Addison-North Main","2026-05-25T00:00:00.000","U","3261"
"41430","87th","2026-05-25T00:00:00.000","U","1561"
"41440","Addison-Brown","2026-05-25T00:00:00.000","U","652"
"41450","Chicago/State","2026-05-25T00:00:00.000","U","6087"
"41460","Irving Park-Brown","2026-05-25T00:00:00.000","U","761"
"41480","Western-Brown","2026-05-25T00:00:00.000","U","1019"
"41490","Harrison","2026-05-25T00:00:00.000","U","1899"
"41500","Montrose-Brown","2026-05-25T00:00:00.000","U","787"
"41510","Morgan-Lake","2026-05-25T00:00:00.000","U","2399"
"41710","Damen-Lake","2026-05-24T00:00:00.000","U","458"
"41700","Washington/Wabash","2026-05-24T00:00:00.000","U","6922"
"41690","Cermak-McCormick Place","2026-05-24T00:00:00.000","U","1330"
"41680","Oakton-Skokie","2026-05-24T00:00:00.000","U","251"
"41670","Conservatory","2026-05-24T00:00:00.000","U","476"
"41660","Lake/State","2026-05-24T00:00:00.000","U","8970"
"40010","Austin-Forest Park","2026-05-24T00:00:00.000","U","328"
"40020","Harlem-Lake","2026-05-24T00:00:00.000","U","1356"
"40030","Pulaski-Lake","2026-05-24T00:00:00.000","U","545"
"40040","Quincy/Wells","2026-05-24T00:00:00.000","U","1588"
"40050","Davis","2026-05-24T00:00:00.000","U","1477"
"40060","Belmont-O'Hare","2026-05-24T00:00:00.000","U","2385"
"40070","Jackson/Dearborn","2026-05-24T00:00:00.000","U","3365"
"40080","Sheridan","2026-05-24T00:00:00.000","U","2244"
"40090","Damen-Brown","2026-05-24T00:00:00.000","U","1019"
"40100","Morse","2026-05-24T00:00:00.000","U","2092"
"40120","35th/Archer","2026-05-24T00:00:00.000","U","1110"
"40130","51st","2026-05-24T00:00:00.000","U","450"
"40140","Dempster-Skokie","2026-05-24T00:00:00.000","U","1097"
"40150","Pulaski-Cermak","2026-05-24T00:00:00.000","U","410"
"40160","LaSalle/Van Buren","2026-05-24T00:00:00.000","U","624"
"40170","Ashland-Lake","2026-05-24T00:00:00.000","U","1944"
"40180","Oak Park-Forest Park","2026-05-24T00:00:00.000","U","300"
"40190","Sox-35th-Dan Ryan","2026-05-24T00:00:00.000","U","1615"
"40210","Damen-Cermak","2026-05-24T00:00:00.000","U","831"
"40220","Western-Forest Park","2026-05-24T00:00:00.000","U","376"
"40230","Cumberland","2026-05-24T00:00:00.000","U","1600"
"40240","79th","2026-05-24T00:00:00.000","U","2385"
"40250","Kedzie-Homan-Forest Park","2026-05-24T00:00:00.000","U","607"
"40260","State/Lake","2026-05-24T00:00:00.000","U","0"
"40270","Main","2026-05-24T00:00:00.000","U","522"
"40280","Central-Lake","2026-05-24T00:00:00.000","U","651"
"40290","Ashland/63rd","2026-05-24T00:00:00.000","U","437"
"40300","Indiana","2026-05-24T00:00:00.000","U","319"
"40310","Western-Orange","2026-05-24T00:00:00.000","U","1511"
"40320","Division/Milwaukee","2026-05-24T00:00:00.000","U","2799"
"40330","Grand/State","2026-05-24T00:00:00.000","U","9894"
"40340","Berwyn","2026-05-24T00:00:00.000","U","1528"
"40350","UIC-Halsted","2026-05-24T00:00:00.000","U","1139"
"40360","Southport","2026-05-24T00:00:00.000","U","2096"
"40370","Washington/Dearborn","2026-05-24T00:00:00.000","U","5775"
"40380","Clark/Lake","2026-05-24T00:00:00.000","U","6743"
"40390","Forest Park","2026-05-24T00:00:00.000","U","604"
"40400","Noyes","2026-05-24T00:00:00.000","U","547"
"40420","Cicero-Cermak","2026-05-24T00:00:00.000","U","540"
"40430","Clinton-Forest Park","2026-05-24T00:00:00.000","U","982"
"40440","California-Cermak","2026-05-24T00:00:00.000","U","603"
"40450","95th/Dan Ryan","2026-05-24T00:00:00.000","U","3603"
"40460","Merchandise Mart","2026-05-24T00:00:00.000","U","1927"
"40470","Racine","2026-05-24T00:00:00.000","U","382"
"40480","Cicero-Lake","2026-05-24T00:00:00.000","U","386"
"40490","Grand/Milwaukee","2026-05-24T00:00:00.000","U","2117"
"40510","Garfield-South Elevated","2026-05-24T00:00:00.000","U","539"
"40520","Foster","2026-05-24T00:00:00.000","U","402"
"40530","Diversey","2026-05-24T00:00:00.000","U","1851"
"40540","Wilson","2026-05-24T00:00:00.000","U","3019"
"40550","Irving Park-O'Hare","2026-05-24T00:00:00.000","U","1727"
"40560","Jackson/State","2026-05-24T00:00:00.000","U","3389"
"40570","California/Milwaukee","2026-05-24T00:00:00.000","U","2473"
"40580","54th/Cermak","2026-05-24T00:00:00.000","U","1702"
"40590","Damen/Milwaukee","2026-05-24T00:00:00.000","U","3789"
"40600","Kostner","2026-05-24T00:00:00.000","U","188"
"40610","Ridgeland","2026-05-24T00:00:00.000","U","363"
"40630","Clark/Division","2026-05-24T00:00:00.000","U","4700"
"40650","North/Clybourn","2026-05-24T00:00:00.000","U","3292"
"40660","Armitage","2026-05-24T00:00:00.000","U","2432"
"40670","Western/Milwaukee","2026-05-24T00:00:00.000","U","2197"
"40680","Adams/Wabash","2026-05-24T00:00:00.000","U","4077"
"40690","Dempster","2026-05-24T00:00:00.000","U","441"
"40700","Laramie","2026-05-24T00:00:00.000","U","349"
"40710","Chicago/Franklin","2026-05-24T00:00:00.000","U","2235"
"40720","East 63rd-Cottage Grove","2026-05-24T00:00:00.000","U","493"
"40730","Washington/Wells","2026-05-24T00:00:00.000","U","1005"
"40740","Western-Cermak","2026-05-24T00:00:00.000","U","537"
"40750","Harlem-O'Hare","2026-05-24T00:00:00.000","U","815"
"40760","Granville","2026-05-24T00:00:00.000","U","1571"
"40770","Lawrence","2026-05-24T00:00:00.000","U","2532"
"40780","Central Park","2026-05-24T00:00:00.000","U","465"
"40790","Monroe/Dearborn","2026-05-24T00:00:00.000","U","1346"
"40800","Sedgwick","2026-05-24T00:00:00.000","U","1869"
"40810","Medical Center","2026-05-24T00:00:00.000","U","485"
"40820","Rosemont","2026-05-24T00:00:00.000","U","3059"
"40830","18th","2026-05-24T00:00:00.000","U","1130"
"40840","South Boulevard","2026-05-24T00:00:00.000","U","236"
"40850","Library","2026-05-24T00:00:00.000","U","2299"
"40870","Francisco","2026-05-24T00:00:00.000","U","604"
"40880","Thorndale","2026-05-24T00:00:00.000","U","1261"
"40890","O'Hare Airport","2026-05-24T00:00:00.000","U","8807"
"40900","Howard","2026-05-24T00:00:00.000","U","2484"
"40910","63rd-Dan Ryan","2026-05-24T00:00:00.000","U","1260"
"40920","Pulaski-Forest Park","2026-05-24T00:00:00.000","U","399"
"40930","Midway Airport","2026-05-24T00:00:00.000","U","3326"
"40940","Halsted/63rd","2026-05-24T00:00:00.000","U","217"
"40960","Pulaski-Orange","2026-05-24T00:00:00.000","U","1838"
"40970","Cicero-Forest Park","2026-05-24T00:00:00.000","U","324"
"40980","Harlem-Forest Park","2026-05-24T00:00:00.000","U","176"
"40990","69th","2026-05-24T00:00:00.000","U","1855"
"41000","Cermak-Chinatown","2026-05-24T00:00:00.000","U","7806"
"41010","Rockwell","2026-05-24T00:00:00.000","U","742"
"41020","Logan Square","2026-05-24T00:00:00.000","U","3908"
"41030","Polk","2026-05-24T00:00:00.000","U","529"
"41040","Kedzie-Cermak","2026-05-24T00:00:00.000","U","472"
"41050","Linden","2026-05-24T00:00:00.000","U","844"
"41060","Ashland-Orange","2026-05-24T00:00:00.000","U","643"
"41070","Kedzie-Lake","2026-05-24T00:00:00.000","U","413"
"41080","47th-South Elevated","2026-05-24T00:00:00.000","U","448"
"41090","Monroe/State","2026-05-24T00:00:00.000","U","2914"
"41120","35-Bronzeville-IIT","2026-05-24T00:00:00.000","U","514"
"41130","Halsted-Orange","2026-05-24T00:00:00.000","U","953"
"41140","King Drive","2026-05-24T00:00:00.000","U","241"
"41150","Kedzie-Midway","2026-05-24T00:00:00.000","U","1224"
"41160","Clinton-Lake","2026-05-24T00:00:00.000","U","1334"
"41170","Garfield-Dan Ryan","2026-05-24T00:00:00.000","U","1486"
"41180","Kedzie-Brown","2026-05-24T00:00:00.000","U","1033"
"41190","Jarvis","2026-05-24T00:00:00.000","U","890"
"41200","Argyle","2026-05-24T00:00:00.000","U","1863"
"41210","Wellington","2026-05-24T00:00:00.000","U","978"
"41220","Fullerton","2026-05-24T00:00:00.000","U","6002"
"41230","47th-Dan Ryan","2026-05-24T00:00:00.000","U","1259"
"41240","Addison-O'Hare","2026-05-24T00:00:00.000","U","1186"
"41250","Central-Evanston","2026-05-24T00:00:00.000","U","237"
"41260","Austin-Lake","2026-05-24T00:00:00.000","U","458"
"41270","43rd","2026-05-24T00:00:00.000","U","341"
"41280","Jefferson Park","2026-05-24T00:00:00.000","U","2593"
"41290","Kimball","2026-05-24T00:00:00.000","U","1648"
"41300","Loyola","2026-05-24T00:00:00.000","U","2279"
"41310","Paulina","2026-05-24T00:00:00.000","U","963"
"41320","Belmont-North Main","2026-05-24T00:00:00.000","U","8265"
"41330","Montrose-O'Hare","2026-05-24T00:00:00.000","U","907"
"41340","LaSalle","2026-05-24T00:00:00.000","U","1061"
"41350","Oak Park-Lake","2026-05-24T00:00:00.000","U","408"
"41360","California-Lake","2026-05-24T00:00:00.000","U","372"
"41380","Bryn Mawr","2026-05-24T00:00:00.000","U","2098"
"41400","Roosevelt","2026-05-24T00:00:00.000","U","7671"
"41410","Chicago/Milwaukee","2026-05-24T00:00:00.000","U","1346"
"41420","Addison-North Main","2026-05-24T00:00:00.000","U","12216"
"41430","87th","2026-05-24T00:00:00.000","U","1348"
"41440","Addison-Brown","2026-05-24T00:00:00.000","U","753"
"41450","Chicago/State","2026-05-24T00:00:00.000","U","6891"
"41460","Irving Park-Brown","2026-05-24T00:00:00.000","U","1752"
"41480","Western-Brown","2026-05-24T00:00:00.000","U","1298"
"41490","Harrison","2026-05-24T00:00:00.000","U","3156"
"41500","Montrose-Brown","2026-05-24T00:00:00.000","U","1195"
"41510","Morgan-Lake","2026-05-24T00:00:00.000","U","3302"
"41710","Damen-Lake","2026-05-23T00:00:00.000","A","595"
"41700","Washington/Wabash","2026-05-23T00:00:00.000","A","8837"
"41690","Cermak-McCormick Place","2026-05-23T00:00:00.000","A","1952"
"41680","Oakton-Skokie","2026-05-23T00:00:00.000","A","317"
"41670","Conservatory","2026-05-23T00:00:00.000","A","576"
"41660","Lake/State","2026-05-23T00:00:00.000","A","11407"
"40010","Austin-Forest Park","2026-05-23T00:00:00.000","A","413"
"40020","Harlem-Lake","2026-05-23T00:00:00.000","A","1824"
"40030","Pulaski-Lake","2026-05-23T00:00:00.000","A","710"
"40040","Quincy/Wells","2026-05-23T00:00:00.000","A","1811"
"40050","Davis","2026-05-23T00:00:00.000","A","1913"
"40060","Belmont-O'Hare","2026-05-23T00:00:00.000","A","2826"
"40070","Jackson/Dearborn","2026-05-23T00:00:00.000","A","4131"
"40080","Sheridan","2026-05-23T00:00:00.000","A","2686"
"40090","Damen-Brown","2026-05-23T00:00:00.000","A","1363"
"40100","Morse","2026-05-23T00:00:00.000","A","2530"
"40120","35th/Archer","2026-05-23T00:00:00.000","A","1358"
"40130","51st","2026-05-23T00:00:00.000","A","549"
"40140","Dempster-Skokie","2026-05-23T00:00:00.000","A","1218"
"40150","Pulaski-Cermak","2026-05-23T00:00:00.000","A","551"
"40160","LaSalle/Van Buren","2026-05-23T00:00:00.000","A","716"
"40170","Ashland-Lake","2026-05-23T00:00:00.000","A","2562"
"40180","Oak Park-Forest Park","2026-05-23T00:00:00.000","A","332"
"40190","Sox-35th-Dan Ryan","2026-05-23T00:00:00.000","A","2007"
"40210","Damen-Cermak","2026-05-23T00:00:00.000","A","988"
"40220","Western-Forest Park","2026-05-23T00:00:00.000","A","488"
"40230","Cumberland","2026-05-23T00:00:00.000","A","2056"
"40240","79th","2026-05-23T00:00:00.000","A","3071"
"40250","Kedzie-Homan-Forest Park","2026-05-23T00:00:00.000","A","666"
"40260","State/Lake","2026-05-23T00:00:00.000","A","0"
"40270","Main","2026-05-23T00:00:00.000","A","626"
"40280","Central-Lake","2026-05-23T00:00:00.000","A","928"
"40290","Ashland/63rd","2026-05-23T00:00:00.000","A","513"
"40300","Indiana","2026-05-23T00:00:00.000","A","352"
"40310","Western-Orange","2026-05-23T00:00:00.000","A","1777"
"40320","Division/Milwaukee","2026-05-23T00:00:00.000","A","3257"
"40330","Grand/State","2026-05-23T00:00:00.000","A","11058"
"40340","Berwyn","2026-05-23T00:00:00.000","A","1726"
"40350","UIC-Halsted","2026-05-23T00:00:00.000","A","1397"
"40360","Southport","2026-05-23T00:00:00.000","A","2465"
"40370","Washington/Dearborn","2026-05-23T00:00:00.000","A","7050"
"40380","Clark/Lake","2026-05-23T00:00:00.000","A","8031"
"40390","Forest Park","2026-05-23T00:00:00.000","A","878"
"40400","Noyes","2026-05-23T00:00:00.000","A","465"
"40420","Cicero-Cermak","2026-05-23T00:00:00.000","A","706"
"40430","Clinton-Forest Park","2026-05-23T00:00:00.000","A","1282"
"40440","California-Cermak","2026-05-23T00:00:00.000","A","760"
"40450","95th/Dan Ryan","2026-05-23T00:00:00.000","A","4566"
"40460","Merchandise Mart","2026-05-23T00:00:00.000","A","2453"
"40470","Racine","2026-05-23T00:00:00.000","A","484"
"40480","Cicero-Lake","2026-05-23T00:00:00.000","A","588"
"40490","Grand/Milwaukee","2026-05-23T00:00:00.000","A","2349"
"40510","Garfield-South Elevated","2026-05-23T00:00:00.000","A","630"
"40520","Foster","2026-05-23T00:00:00.000","A","542"
"40530","Diversey","2026-05-23T00:00:00.000","A","2547"
"40540","Wilson","2026-05-23T00:00:00.000","A","3696"
"40550","Irving Park-O'Hare","2026-05-23T00:00:00.000","A","2091"
"40560","Jackson/State","2026-05-23T00:00:00.000","A","4273"
"40570","California/Milwaukee","2026-05-23T00:00:00.000","A","3100"
"40580","54th/Cermak","2026-05-23T00:00:00.000","A","1502"
"40590","Damen/Milwaukee","2026-05-23T00:00:00.000","A","4831"
"40600","Kostner","2026-05-23T00:00:00.000","A","210"
"40610","Ridgeland","2026-05-23T00:00:00.000","A","430"
"40630","Clark/Division","2026-05-23T00:00:00.000","A","5670"
"40650","North/Clybourn","2026-05-23T00:00:00.000","A","3806"
"40660","Armitage","2026-05-23T00:00:00.000","A","3059"
"40670","Western/Milwaukee","2026-05-23T00:00:00.000","A","2701"
"40680","Adams/Wabash","2026-05-23T00:00:00.000","A","4636"
"40690","Dempster","2026-05-23T00:00:00.000","A","460"
"40700","Laramie","2026-05-23T00:00:00.000","A","406"
"40710","Chicago/Franklin","2026-05-23T00:00:00.000","A","3083"
"40720","East 63rd-Cottage Grove","2026-05-23T00:00:00.000","A","621"
"40730","Washington/Wells","2026-05-23T00:00:00.000","A","1325"
"40740","Western-Cermak","2026-05-23T00:00:00.000","A","676"
"40750","Harlem-O'Hare","2026-05-23T00:00:00.000","A","1015"
"40760","Granville","2026-05-23T00:00:00.000","A","2009"
"40770","Lawrence","2026-05-23T00:00:00.000","A","2631"
"40780","Central Park","2026-05-23T00:00:00.000","A","598"
"40790","Monroe/Dearborn","2026-05-23T00:00:00.000","A","1528"
"40800","Sedgwick","2026-05-23T00:00:00.000","A","2304"
"40810","Medical Center","2026-05-23T00:00:00.000","A","587"
"40820","Rosemont","2026-05-23T00:00:00.000","A","3729"
"40830","18th","2026-05-23T00:00:00.000","A","1273"
"40840","South Boulevard","2026-05-23T00:00:00.000","A","306"
"40850","Library","2026-05-23T00:00:00.000","A","2935"
"40870","Francisco","2026-05-23T00:00:00.000","A","773"
"40880","Thorndale","2026-05-23T00:00:00.000","A","1513"
"40890","O'Hare Airport","2026-05-23T00:00:00.000","A","10308"
"40900","Howard","2026-05-23T00:00:00.000","A","2888"
"40910","63rd-Dan Ryan","2026-05-23T00:00:00.000","A","1376"
"40920","Pulaski-Forest Park","2026-05-23T00:00:00.000","A","472"
"40930","Midway Airport","2026-05-23T00:00:00.000","A","4294"
"40940","Halsted/63rd","2026-05-23T00:00:00.000","A","264"
"40960","Pulaski-Orange","2026-05-23T00:00:00.000","A","2057"
"40970","Cicero-Forest Park","2026-05-23T00:00:00.000","A","388"
"40980","Harlem-Forest Park","2026-05-23T00:00:00.000","A","249"
"40990","69th","2026-05-23T00:00:00.000","A","2396"
"41000","Cermak-Chinatown","2026-05-23T00:00:00.000","A","9009"
"41010","Rockwell","2026-05-23T00:00:00.000","A","902"
"41020","Logan Square","2026-05-23T00:00:00.000","A","3994"
"41030","Polk","2026-05-23T00:00:00.000","A","710"
"41040","Kedzie-Cermak","2026-05-23T00:00:00.000","A","618"
"41050","Linden","2026-05-23T00:00:00.000","A","792"
"41060","Ashland-Orange","2026-05-23T00:00:00.000","A","839"
"41070","Kedzie-Lake","2026-05-23T00:00:00.000","A","504"
"41080","47th-South Elevated","2026-05-23T00:00:00.000","A","607"
"41090","Monroe/State","2026-05-23T00:00:00.000","A","3622"
"41120","35-Bronzeville-IIT","2026-05-23T00:00:00.000","A","657"
"41130","Halsted-Orange","2026-05-23T00:00:00.000","A","1139"
"41140","King Drive","2026-05-23T00:00:00.000","A","250"
"41150","Kedzie-Midway","2026-05-23T00:00:00.000","A","1558"
"41160","Clinton-Lake","2026-05-23T00:00:00.000","A","1649"
"41170","Garfield-Dan Ryan","2026-05-23T00:00:00.000","A","1983"
"41180","Kedzie-Brown","2026-05-23T00:00:00.000","A","1254"
"41190","Jarvis","2026-05-23T00:00:00.000","A","1158"
"41200","Argyle","2026-05-23T00:00:00.000","A","2317"
"41210","Wellington","2026-05-23T00:00:00.000","A","1189"
"41220","Fullerton","2026-05-23T00:00:00.000","A","7574"
"41230","47th-Dan Ryan","2026-05-23T00:00:00.000","A","1741"
"41240","Addison-O'Hare","2026-05-23T00:00:00.000","A","1400"
"41250","Central-Evanston","2026-05-23T00:00:00.000","A","307"
"41260","Austin-Lake","2026-05-23T00:00:00.000","A","608"
"41270","43rd","2026-05-23T00:00:00.000","A","487"
"41280","Jefferson Park","2026-05-23T00:00:00.000","A","3448"
"41290","Kimball","2026-05-23T00:00:00.000","A","2046"
"41300","Loyola","2026-05-23T00:00:00.000","A","2832"
"41310","Paulina","2026-05-23T00:00:00.000","A","1431"
"41320","Belmont-North Main","2026-05-23T00:00:00.000","A","9860"
"41330","Montrose-O'Hare","2026-05-23T00:00:00.000","A","1084"
"41340","LaSalle","2026-05-23T00:00:00.000","A","1277"
"41350","Oak Park-Lake","2026-05-23T00:00:00.000","A","600"
"41360","California-Lake","2026-05-23T00:00:00.000","A","498"
"41380","Bryn Mawr","2026-05-23T00:00:00.000","A","2523"
"41400","Roosevelt","2026-05-23T00:00:00.000","A","10751"
"41410","Chicago/Milwaukee","2026-05-23T00:00:00.000","A","1632"
"41420","Addison-North Main","2026-05-23T00:00:00.000","A","13356"
"41430","87th","2026-05-23T00:00:00.000","A","1635"
"41440","Addison-Brown","2026-05-23T00:00:00.000","A","903"
"41450","Chicago/State","2026-05-23T00:00:00.000","A","8340"
"41460","Irving Park-Brown","2026-05-23T00:00:00.000","A","2169"
"41480","Western-Brown","2026-05-23T00:00:00.000","A","1734"
"41490","Harrison","2026-05-23T00:00:00.000","A","4250"
"41500","Montrose-Brown","2026-05-23T00:00:00.000","A","1549"
"41510","Morgan-Lake","2026-05-23T00:00:00.000","A","4091"
"41710","Damen-Lake","2026-05-22T00:00:00.000","W","816"
"41700","Washington/Wabash","2026-05-22T00:00:00.000","W","9678"
"41690","Cermak-McCormick Place","2026-05-22T00:00:00.000","W","1485"
"41680","Oakton-Skokie","2026-05-22T00:00:00.000","W","444"
"41670","Conservatory","2026-05-22T00:00:00.000","W","619"
"41660","Lake/State","2026-05-22T00:00:00.000","W","11811"
"40010","Austin-Forest Park","2026-05-22T00:00:00.000","W","597"
"40020","Harlem-Lake","2026-05-22T00:00:00.000","W","2288"
"40030","Pulaski-Lake","2026-05-22T00:00:00.000","W","817"
"40040","Quincy/Wells","2026-05-22T00:00:00.000","W","3369"
"40050","Davis","2026-05-22T00:00:00.000","W","2351"
"40060","Belmont-O'Hare","2026-05-22T00:00:00.000","W","3498"
"40070","Jackson/Dearborn","2026-05-22T00:00:00.000","W","3626"
"40080","Sheridan","2026-05-22T00:00:00.000","W","3030"
"40090","Damen-Brown","2026-05-22T00:00:00.000","W","1719"
"40100","Morse","2026-05-22T00:00:00.000","W","2807"
"40120","35th/Archer","2026-05-22T00:00:00.000","W","1798"
"40130","51st","2026-05-22T00:00:00.000","W","714"
"40140","Dempster-Skokie","2026-05-22T00:00:00.000","W","1380"
"40150","Pulaski-Cermak","2026-05-22T00:00:00.000","W","650"
"40160","LaSalle/Van Buren","2026-05-22T00:00:00.000","W","1382"
"40170","Ashland-Lake","2026-05-22T00:00:00.000","W","1982"
"40180","Oak Park-Forest Park","2026-05-22T00:00:00.000","W","516"
"40190","Sox-35th-Dan Ryan","2026-05-22T00:00:00.000","W","2717"
"40210","Damen-Cermak","2026-05-22T00:00:00.000","W","1241"
"40220","Western-Forest Park","2026-05-22T00:00:00.000","W","582"
"40230","Cumberland","2026-05-22T00:00:00.000","W","2453"
"40240","79th","2026-05-22T00:00:00.000","W","3795"
"40250","Kedzie-Homan-Forest Park","2026-05-22T00:00:00.000","W","880"
"40260","State/Lake","2026-05-22T00:00:00.000","W","0"
"40270","Main","2026-05-22T00:00:00.000","W","761"
"40280","Central-Lake","2026-05-22T00:00:00.000","W","1222"
"40290","Ashland/63rd","2026-05-22T00:00:00.000","W","666"
"40300","Indiana","2026-05-22T00:00:00.000","W","475"
"40310","Western-Orange","2026-05-22T00:00:00.000","W","2603"
"40320","Division/Milwaukee","2026-05-22T00:00:00.000","W","4016"
"40330","Grand/State","2026-05-22T00:00:00.000","W","8873"
"40340","Berwyn","2026-05-22T00:00:00.000","W","1999"
"40350","UIC-Halsted","2026-05-22T00:00:00.000","W","1662"
"40360","Southport","2026-05-22T00:00:00.000","W","2337"
"40370","Washington/Dearborn","2026-05-22T00:00:00.000","W","8105"
"40380","Clark/Lake","2026-05-22T00:00:00.000","W","10319"
"40390","Forest Park","2026-05-22T00:00:00.000","W","1106"
"40400","Noyes","2026-05-22T00:00:00.000","W","914"
"40420","Cicero-Cermak","2026-05-22T00:00:00.000","W","796"
"40430","Clinton-Forest Park","2026-05-22T00:00:00.000","W","1728"
"40440","California-Cermak","2026-05-22T00:00:00.000","W","1070"
"40450","95th/Dan Ryan","2026-05-22T00:00:00.000","W","6235"
"40460","Merchandise Mart","2026-05-22T00:00:00.000","W","3327"
"40470","Racine","2026-05-22T00:00:00.000","W","915"
"40480","Cicero-Lake","2026-05-22T00:00:00.000","W","748"
"40490","Grand/Milwaukee","2026-05-22T00:00:00.000","W","2785"
"40510","Garfield-South Elevated","2026-05-22T00:00:00.000","W","890"
"40520","Foster","2026-05-22T00:00:00.000","W","640"
"40530","Diversey","2026-05-22T00:00:00.000","W","3014"
"40540","Wilson","2026-05-22T00:00:00.000","W","4575"
"40550","Irving Park-O'Hare","2026-05-22T00:00:00.000","W","2742"
"40560","Jackson/State","2026-05-22T00:00:00.000","W","4223"
"40570","California/Milwaukee","2026-05-22T00:00:00.000","W","3418"
"40580","54th/Cermak","2026-05-22T00:00:00.000","W","1472"
"40590","Damen/Milwaukee","2026-05-22T00:00:00.000","W","4505"
"40600","Kostner","2026-05-22T00:00:00.000","W","261"
"40610","Ridgeland","2026-05-22T00:00:00.000","W","800"
"40630","Clark/Division","2026-05-22T00:00:00.000","W","6017"
"40650","North/Clybourn","2026-05-22T00:00:00.000","W","3876"
"40660","Armitage","2026-05-22T00:00:00.000","W","3205"
"40670","Western/Milwaukee","2026-05-22T00:00:00.000","W","3206"
"40680","Adams/Wabash","2026-05-22T00:00:00.000","W","3842"
"40690","Dempster","2026-05-22T00:00:00.000","W","596"
"40700","Laramie","2026-05-22T00:00:00.000","W","661"
"40710","Chicago/Franklin","2026-05-22T00:00:00.000","W","3796"
"40720","East 63rd-Cottage Grove","2026-05-22T00:00:00.000","W","867"
"40730","Washington/Wells","2026-05-22T00:00:00.000","W","3379"
"40740","Western-Cermak","2026-05-22T00:00:00.000","W","907"
"40750","Harlem-O'Hare","2026-05-22T00:00:00.000","W","1615"
"40760","Granville","2026-05-22T00:00:00.000","W","2260"
"40770","Lawrence","2026-05-22T00:00:00.000","W","2220"
"40780","Central Park","2026-05-22T00:00:00.000","W","754"
"40790","Monroe/Dearborn","2026-05-22T00:00:00.000","W","2753"
"40800","Sedgwick","2026-05-22T00:00:00.000","W","2337"
"40810","Medical Center","2026-05-22T00:00:00.000","W","1246"
"40820","Rosemont","2026-05-22T00:00:00.000","W","3971"
"40830","18th","2026-05-22T00:00:00.000","W","1444"
"40840","South Boulevard","2026-05-22T00:00:00.000","W","436"
"40850","Library","2026-05-22T00:00:00.000","W","2274"
"40870","Francisco","2026-05-22T00:00:00.000","W","885"
"40880","Thorndale","2026-05-22T00:00:00.000","W","1860"
"40890","O'Hare Airport","2026-05-22T00:00:00.000","W","13479"
"40900","Howard","2026-05-22T00:00:00.000","W","3546"
"40910","63rd-Dan Ryan","2026-05-22T00:00:00.000","W","1846"
"40920","Pulaski-Forest Park","2026-05-22T00:00:00.000","W","582"
"40930","Midway Airport","2026-05-22T00:00:00.000","W","5640"
"40940","Halsted/63rd","2026-05-22T00:00:00.000","W","344"
"40960","Pulaski-Orange","2026-05-22T00:00:00.000","W","3260"
"40970","Cicero-Forest Park","2026-05-22T00:00:00.000","W","627"
"40980","Harlem-Forest Park","2026-05-22T00:00:00.000","W","342"
"40990","69th","2026-05-22T00:00:00.000","W","3066"
"41000","Cermak-Chinatown","2026-05-22T00:00:00.000","W","6501"
"41010","Rockwell","2026-05-22T00:00:00.000","W","949"
"41020","Logan Square","2026-05-22T00:00:00.000","W","4652"
"41030","Polk","2026-05-22T00:00:00.000","W","2030"
"41040","Kedzie-Cermak","2026-05-22T00:00:00.000","W","852"
"41050","Linden","2026-05-22T00:00:00.000","W","900"
"41060","Ashland-Orange","2026-05-22T00:00:00.000","W","1211"
"41070","Kedzie-Lake","2026-05-22T00:00:00.000","W","709"
"41080","47th-South Elevated","2026-05-22T00:00:00.000","W","710"
"41090","Monroe/State","2026-05-22T00:00:00.000","W","4121"
"41120","35-Bronzeville-IIT","2026-05-22T00:00:00.000","W","866"
"41130","Halsted-Orange","2026-05-22T00:00:00.000","W","1448"
"41140","King Drive","2026-05-22T00:00:00.000","W","307"
"41150","Kedzie-Midway","2026-05-22T00:00:00.000","W","2338"
"41160","Clinton-Lake","2026-05-22T00:00:00.000","W","2278"
"41170","Garfield-Dan Ryan","2026-05-22T00:00:00.000","W","2514"
"41180","Kedzie-Brown","2026-05-22T00:00:00.000","W","1512"
"41190","Jarvis","2026-05-22T00:00:00.000","W","1183"
"41200","Argyle","2026-05-22T00:00:00.000","W","2279"
"41210","Wellington","2026-05-22T00:00:00.000","W","1663"
"41220","Fullerton","2026-05-22T00:00:00.000","W","8143"
"41230","47th-Dan Ryan","2026-05-22T00:00:00.000","W","2178"
"41240","Addison-O'Hare","2026-05-22T00:00:00.000","W","2031"
"41250","Central-Evanston","2026-05-22T00:00:00.000","W","606"
"41260","Austin-Lake","2026-05-22T00:00:00.000","W","858"
"41270","43rd","2026-05-22T00:00:00.000","W","652"
"41280","Jefferson Park","2026-05-22T00:00:00.000","W","4477"
"41290","Kimball","2026-05-22T00:00:00.000","W","2485"
"41300","Loyola","2026-05-22T00:00:00.000","W","2975"
"41310","Paulina","2026-05-22T00:00:00.000","W","1559"
"41320","Belmont-North Main","2026-05-22T00:00:00.000","W","8773"
"41330","Montrose-O'Hare","2026-05-22T00:00:00.000","W","1642"
"41340","LaSalle","2026-05-22T00:00:00.000","W","1579"
"41350","Oak Park-Lake","2026-05-22T00:00:00.000","W","757"
"41360","California-Lake","2026-05-22T00:00:00.000","W","730"
"41380","Bryn Mawr","2026-05-22T00:00:00.000","W","2938"
"41400","Roosevelt","2026-05-22T00:00:00.000","W","8339"
"41410","Chicago/Milwaukee","2026-05-22T00:00:00.000","W","1907"
"41420","Addison-North Main","2026-05-22T00:00:00.000","W","12815"
"41430","87th","2026-05-22T00:00:00.000","W","2487"
"41440","Addison-Brown","2026-05-22T00:00:00.000","W","1246"
"41450","Chicago/State","2026-05-22T00:00:00.000","W","8673"
"41460","Irving Park-Brown","2026-05-22T00:00:00.000","W","1705"
"41480","Western-Brown","2026-05-22T00:00:00.000","W","1782"
"41490","Harrison","2026-05-22T00:00:00.000","W","2693"
"41500","Montrose-Brown","2026-05-22T00:00:00.000","W","1464"
"41510","Morgan-Lake","2026-05-22T00:00:00.000","W","3749"
"41710","Damen-Lake","2026-05-21T00:00:00.000","W","924"
"41700","Washington/Wabash","2026-05-21T00:00:00.000","W","10723"
"41690","Cermak-McCormick Place","2026-05-21T00:00:00.000","W","1515"
"41680","Oakton-Skokie","2026-05-21T00:00:00.000","W","474"
"41670","Conservatory","2026-05-21T00:00:00.000","W","580"
"41660","Lake/State","2026-05-21T00:00:00.000","W","10861"
"40010","Austin-Forest Park","2026-05-21T00:00:00.000","W","724"
"40020","Harlem-Lake","2026-05-21T00:00:00.000","W","2345"
"40030","Pulaski-Lake","2026-05-21T00:00:00.000","W","836"
"40040","Quincy/Wells","2026-05-21T00:00:00.000","W","5859"
"40050","Davis","2026-05-21T00:00:00.000","W","2281"
"40060","Belmont-O'Hare","2026-05-21T00:00:00.000","W","4014"
"40070","Jackson/Dearborn","2026-05-21T00:00:00.000","W","4508"
"40080","Sheridan","2026-05-21T00:00:00.000","W","2905"
"40090","Damen-Brown","2026-05-21T00:00:00.000","W","1920"
"40100","Morse","2026-05-21T00:00:00.000","W","2846"
"40120","35th/Archer","2026-05-21T00:00:00.000","W","1890"
"40130","51st","2026-05-21T00:00:00.000","W","656"
"40140","Dempster-Skokie","2026-05-21T00:00:00.000","W","878"
"40150","Pulaski-Cermak","2026-05-21T00:00:00.000","W","726"
"40160","LaSalle/Van Buren","2026-05-21T00:00:00.000","W","2185"
"40170","Ashland-Lake","2026-05-21T00:00:00.000","W","1926"
"40180","Oak Park-Forest Park","2026-05-21T00:00:00.000","W","681"
"40190","Sox-35th-Dan Ryan","2026-05-21T00:00:00.000","W","2757"
"40210","Damen-Cermak","2026-05-21T00:00:00.000","W","1344"
"40220","Western-Forest Park","2026-05-21T00:00:00.000","W","592"
"40230","Cumberland","2026-05-21T00:00:00.000","W","2590"
"40240","79th","2026-05-21T00:00:00.000","W","3748"
"40250","Kedzie-Homan-Forest Park","2026-05-21T00:00:00.000","W","930"
"40260","State/Lake","2026-05-21T00:00:00.000","W","0"
"40270","Main","2026-05-21T00:00:00.000","W","736"
"40280","Central-Lake","2026-05-21T00:00:00.000","W","1297"
"40290","Ashland/63rd","2026-05-21T00:00:00.000","W","712"
"40300","Indiana","2026-05-21T00:00:00.000","W","608"
"40310","Western-Orange","2026-05-21T00:00:00.000","W","2658"
"40320","Division/Milwaukee","2026-05-21T00:00:00.000","W","4608"
"40330","Grand/State","2026-05-21T00:00:00.000","W","7241"
"40340","Berwyn","2026-05-21T00:00:00.000","W","2004"
"40350","UIC-Halsted","2026-05-21T00:00:00.000","W","1937"
"40360","Southport","2026-05-21T00:00:00.000","W","2423"
"40370","Washington/Dearborn","2026-05-21T00:00:00.000","W","9089"
"40380","Clark/Lake","2026-05-21T00:00:00.000","W","14686"
"40390","Forest Park","2026-05-21T00:00:00.000","W","1172"
"40400","Noyes","2026-05-21T00:00:00.000","W","682"
"40420","Cicero-Cermak","2026-05-21T00:00:00.000","W","783"
"40430","Clinton-Forest Park","2026-05-21T00:00:00.000","W","2377"
"40440","California-Cermak","2026-05-21T00:00:00.000","W","1036"
"40450","95th/Dan Ryan","2026-05-21T00:00:00.000","W","6301"
"40460","Merchandise Mart","2026-05-21T00:00:00.000","W","5818"
"40470","Racine","2026-05-21T00:00:00.000","W","897"
"40480","Cicero-Lake","2026-05-21T00:00:00.000","W","810"
"40490","Grand/Milwaukee","2026-05-21T00:00:00.000","W","3293"
"40510","Garfield-South Elevated","2026-05-21T00:00:00.000","W","918"
"40520","Foster","2026-05-21T00:00:00.000","W","531"
"40530","Diversey","2026-05-21T00:00:00.000","W","3930"
"40540","Wilson","2026-05-21T00:00:00.000","W","4630"
"40550","Irving Park-O'Hare","2026-05-21T00:00:00.000","W","2904"
"40560","Jackson/State","2026-05-21T00:00:00.000","W","4977"
"40570","California/Milwaukee","2026-05-21T00:00:00.000","W","3866"
"40580","54th/Cermak","2026-05-21T00:00:00.000","W","1850"
"40590","Damen/Milwaukee","2026-05-21T00:00:00.000","W","4893"
"40600","Kostner","2026-05-21T00:00:00.000","W","316"
"40610","Ridgeland","2026-05-21T00:00:00.000","W","852"
"40630","Clark/Division","2026-05-21T00:00:00.000","W","5467"
"40650","North/Clybourn","2026-05-21T00:00:00.000","W","3561"
"40660","Armitage","2026-05-21T00:00:00.000","W","3490"
"40670","Western/Milwaukee","2026-05-21T00:00:00.000","W","3958"
"40680","Adams/Wabash","2026-05-21T00:00:00.000","W","5481"
"40690","Dempster","2026-05-21T00:00:00.000","W","522"
"40700","Laramie","2026-05-21T00:00:00.000","W","633"
"40710","Chicago/Franklin","2026-05-21T00:00:00.000","W","4487"
"40720","East 63rd-Cottage Grove","2026-05-21T00:00:00.000","W","846"
"40730","Washington/Wells","2026-05-21T00:00:00.000","W","6084"
"40740","Western-Cermak","2026-05-21T00:00:00.000","W","962"
"40750","Harlem-O'Hare","2026-05-21T00:00:00.000","W","1774"
"40760","Granville","2026-05-21T00:00:00.000","W","2221"
"40770","Lawrence","2026-05-21T00:00:00.000","W","2155"
"40780","Central Park","2026-05-21T00:00:00.000","W","806"
"40790","Monroe/Dearborn","2026-05-21T00:00:00.000","W","4374"
"40800","Sedgwick","2026-05-21T00:00:00.000","W","2934"
"40810","Medical Center","2026-05-21T00:00:00.000","W","1421"
"40820","Rosemont","2026-05-21T00:00:00.000","W","4127"
"40830","18th","2026-05-21T00:00:00.000","W","1284"
"40840","South Boulevard","2026-05-21T00:00:00.000","W","460"
"40850","Library","2026-05-21T00:00:00.000","W","2582"
"40870","Francisco","2026-05-21T00:00:00.000","W","1035"
"40880","Thorndale","2026-05-21T00:00:00.000","W","1804"
"40890","O'Hare Airport","2026-05-21T00:00:00.000","W","12053"
"40900","Howard","2026-05-21T00:00:00.000","W","3688"
"40910","63rd-Dan Ryan","2026-05-21T00:00:00.000","W","1966"
"40920","Pulaski-Forest Park","2026-05-21T00:00:00.000","W","664"
"40930","Midway Airport","2026-05-21T00:00:00.000","W","5732"
"40940","Halsted/63rd","2026-05-21T00:00:00.000","W","363"
"40960","Pulaski-Orange","2026-05-21T00:00:00.000","W","3403"
"40970","Cicero-Forest Park","2026-05-21T00:00:00.000","W","578"
"40980","Harlem-Forest Park","2026-05-21T00:00:00.000","W","408"
"40990","69th","2026-05-21T00:00:00.000","W","3128"
"41000","Cermak-Chinatown","2026-05-21T00:00:00.000","W","5346"
"41010","Rockwell","2026-05-21T00:00:00.000","W","1195"
"41020","Logan Square","2026-05-21T00:00:00.000","W","5284"
"41030","Polk","2026-05-21T00:00:00.000","W","2285"
"41040","Kedzie-Cermak","2026-05-21T00:00:00.000","W","920"
"41050","Linden","2026-05-21T00:00:00.000","W","633"
"41060","Ashland-Orange","2026-05-21T00:00:00.000","W","1313"
"41070","Kedzie-Lake","2026-05-21T00:00:00.000","W","788"
"41080","47th-South Elevated","2026-05-21T00:00:00.000","W","759"
"41090","Monroe/State","2026-05-21T00:00:00.000","W","4553"
"41120","35-Bronzeville-IIT","2026-05-21T00:00:00.000","W","1010"
"41130","Halsted-Orange","2026-05-21T00:00:00.000","W","1601"
"41140","King Drive","2026-05-21T00:00:00.000","W","310"
"41150","Kedzie-Midway","2026-05-21T00:00:00.000","W","2425"
"41160","Clinton-Lake","2026-05-21T00:00:00.000","W","3022"
"41170","Garfield-Dan Ryan","2026-05-21T00:00:00.000","W","2457"
"41180","Kedzie-Brown","2026-05-21T00:00:00.000","W","1519"
"41190","Jarvis","2026-05-21T00:00:00.000","W","1076"
"41200","Argyle","2026-05-21T00:00:00.000","W","2078"
"41210","Wellington","2026-05-21T00:00:00.000","W","2209"
"41220","Fullerton","2026-05-21T00:00:00.000","W","10522"
"41230","47th-Dan Ryan","2026-05-21T00:00:00.000","W","2157"
"41240","Addison-O'Hare","2026-05-21T00:00:00.000","W","2113"
"41250","Central-Evanston","2026-05-21T00:00:00.000","W","527"
"41260","Austin-Lake","2026-05-21T00:00:00.000","W","958"
"41270","43rd","2026-05-21T00:00:00.000","W","703"
"41280","Jefferson Park","2026-05-21T00:00:00.000","W","4962"
"41290","Kimball","2026-05-21T00:00:00.000","W","2572"
"41300","Loyola","2026-05-21T00:00:00.000","W","2947"
"41310","Paulina","2026-05-21T00:00:00.000","W","1994"
"41320","Belmont-North Main","2026-05-21T00:00:00.000","W","7780"
"41330","Montrose-O'Hare","2026-05-21T00:00:00.000","W","1820"
"41340","LaSalle","2026-05-21T00:00:00.000","W","1698"
"41350","Oak Park-Lake","2026-05-21T00:00:00.000","W","801"
"41360","California-Lake","2026-05-21T00:00:00.000","W","772"
"41380","Bryn Mawr","2026-05-21T00:00:00.000","W","2884"
"41400","Roosevelt","2026-05-21T00:00:00.000","W","7532"
"41410","Chicago/Milwaukee","2026-05-21T00:00:00.000","W","2277"
"41420","Addison-North Main","2026-05-21T00:00:00.000","W","5071"
"41430","87th","2026-05-21T00:00:00.000","W","2172"
"41440","Addison-Brown","2026-05-21T00:00:00.000","W","1503"
"41450","Chicago/State","2026-05-21T00:00:00.000","W","7643"
"41460","Irving Park-Brown","2026-05-21T00:00:00.000","W","1981"
"41480","Western-Brown","2026-05-21T00:00:00.000","W","2036"
"41490","Harrison","2026-05-21T00:00:00.000","W","2329"
"41500","Montrose-Brown","2026-05-21T00:00:00.000","W","1671"
"41510","Morgan-Lake","2026-05-21T00:00:00.000","W","4415"
"41710","Damen-Lake","2026-05-20T00:00:00.000","W","979"
"41700","Washington/Wabash","2026-05-20T00:00:00.000","W","10944"
"41690","Cermak-McCormick Place","2026-05-20T00:00:00.000","W","1741"
"41680","Oakton-Skokie","2026-05-20T00:00:00.000","W","528"
"41670","Conservatory","2026-05-20T00:00:00.000","W","673"
"41660","Lake/State","2026-05-20T00:00:00.000","W","12180"
"40010","Austin-Forest Park","2026-05-20T00:00:00.000","W","796"
"40020","Harlem-Lake","2026-05-20T00:00:00.000","W","2585"
"40030","Pulaski-Lake","2026-05-20T00:00:00.000","W","916"
"40040","Quincy/Wells","2026-05-20T00:00:00.000","W","6682"
"40050","Davis","2026-05-20T00:00:00.000","W","2364"
"40060","Belmont-O'Hare","2026-05-20T00:00:00.000","W","3870"
"40070","Jackson/Dearborn","2026-05-20T00:00:00.000","W","4759"
"40080","Sheridan","2026-05-20T00:00:00.000","W","3180"
"40090","Damen-Brown","2026-05-20T00:00:00.000","W","1994"
"40100","Morse","2026-05-20T00:00:00.000","W","2960"
"40120","35th/Archer","2026-05-20T00:00:00.000","W","1958"
"40130","51st","2026-05-20T00:00:00.000","W","686"
"40140","Dempster-Skokie","2026-05-20T00:00:00.000","W","1310"
"40150","Pulaski-Cermak","2026-05-20T00:00:00.000","W","741"
"40160","LaSalle/Van Buren","2026-05-20T00:00:00.000","W","2326"
"40170","Ashland-Lake","2026-05-20T00:00:00.000","W","1891"
"40180","Oak Park-Forest Park","2026-05-20T00:00:00.000","W","747"
"40190","Sox-35th-Dan Ryan","2026-05-20T00:00:00.000","W","2913"
"40210","Damen-Cermak","2026-05-20T00:00:00.000","W","1338"
"40220","Western-Forest Park","2026-05-20T00:00:00.000","W","661"
"40230","Cumberland","2026-05-20T00:00:00.000","W","2643"
"40240","79th","2026-05-20T00:00:00.000","W","4013"
"40250","Kedzie-Homan-Forest Park","2026-05-20T00:00:00.000","W","939"
"40260","State/Lake","2026-05-20T00:00:00.000","W","0"
"40270","Main","2026-05-20T00:00:00.000","W","703"
"40280","Central-Lake","2026-05-20T00:00:00.000","W","1281"
"40290","Ashland/63rd","2026-05-20T00:00:00.000","W","702"
"40300","Indiana","2026-05-20T00:00:00.000","W","507"
"40310","Western-Orange","2026-05-20T00:00:00.000","W","2743"
"40320","Division/Milwaukee","2026-05-20T00:00:00.000","W","4694"
"40330","Grand/State","2026-05-20T00:00:00.000","W","7450"
"40340","Berwyn","2026-05-20T00:00:00.000","W","2029"
"40350","UIC-Halsted","2026-05-20T00:00:00.000","W","2152"
"40360","Southport","2026-05-20T00:00:00.000","W","2681"
"40370","Washington/Dearborn","2026-05-20T00:00:00.000","W","9193"
"40380","Clark/Lake","2026-05-20T00:00:00.000","W","14979"
"40390","Forest Park","2026-05-20T00:00:00.000","W","1242"
"40400","Noyes","2026-05-20T00:00:00.000","W","701"
"40420","Cicero-Cermak","2026-05-20T00:00:00.000","W","772"
"40430","Clinton-Forest Park","2026-05-20T00:00:00.000","W","2469"
"40440","California-Cermak","2026-05-20T00:00:00.000","W","1068"
"40450","95th/Dan Ryan","2026-05-20T00:00:00.000","W","6572"
"40460","Merchandise Mart","2026-05-20T00:00:00.000","W","6264"
"40470","Racine","2026-05-20T00:00:00.000","W","892"
"40480","Cicero-Lake","2026-05-20T00:00:00.000","W","772"
"40490","Grand/Milwaukee","2026-05-20T00:00:00.000","W","3122"
"40510","Garfield-South Elevated","2026-05-20T00:00:00.000","W","973"
"40520","Foster","2026-05-20T00:00:00.000","W","559"
"40530","Diversey","2026-05-20T00:00:00.000","W","4044"
"40540","Wilson","2026-05-20T00:00:00.000","W","5029"
"40550","Irving Park-O'Hare","2026-05-20T00:00:00.000","W","3185"
"40560","Jackson/State","2026-05-20T00:00:00.000","W","5703"
"40570","California/Milwaukee","2026-05-20T00:00:00.000","W","3987"
"40580","54th/Cermak","2026-05-20T00:00:00.000","W","2023"
"40590","Damen/Milwaukee","2026-05-20T00:00:00.000","W","4701"
"40600","Kostner","2026-05-20T00:00:00.000","W","303"
"40610","Ridgeland","2026-05-20T00:00:00.000","W","965"
"40630","Clark/Division","2026-05-20T00:00:00.000","W","6024"
"40650","North/Clybourn","2026-05-20T00:00:00.000","W","3997"
"40660","Armitage","2026-05-20T00:00:00.000","W","3745"
"40670","Western/Milwaukee","2026-05-20T00:00:00.000","W","3974"
"40680","Adams/Wabash","2026-05-20T00:00:00.000","W","5487"
"40690","Dempster","2026-05-20T00:00:00.000","W","599"
"40700","Laramie","2026-05-20T00:00:00.000","W","635"
"40710","Chicago/Franklin","2026-05-20T00:00:00.000","W","4755"
"40720","East 63rd-Cottage Grove","2026-05-20T00:00:00.000","W","822"
"40730","Washington/Wells","2026-05-20T00:00:00.000","W","6792"
"40740","Western-Cermak","2026-05-20T00:00:00.000","W","931"
"40750","Harlem-O'Hare","2026-05-20T00:00:00.000","W","1755"
"40760","Granville","2026-05-20T00:00:00.000","W","2339"
"40770","Lawrence","2026-05-20T00:00:00.000","W","2003"
"40780","Central Park","2026-05-20T00:00:00.000","W","854"
"40790","Monroe/Dearborn","2026-05-20T00:00:00.000","W","4339"
"40800","Sedgwick","2026-05-20T00:00:00.000","W","3127"
"40810","Medical Center","2026-05-20T00:00:00.000","W","1487"
"40820","Rosemont","2026-05-20T00:00:00.000","W","4366"
"40830","18th","2026-05-20T00:00:00.000","W","1372"
"40840","South Boulevard","2026-05-20T00:00:00.000","W","503"
"40850","Library","2026-05-20T00:00:00.000","W","2826"
"40870","Francisco","2026-05-20T00:00:00.000","W","1084"
"40880","Thorndale","2026-05-20T00:00:00.000","W","1961"
"40890","O'Hare Airport","2026-05-20T00:00:00.000","W","9717"
"40900","Howard","2026-05-20T00:00:00.000","W","3725"
"40910","63rd-Dan Ryan","2026-05-20T00:00:00.000","W","1953"
"40920","Pulaski-Forest Park","2026-05-20T00:00:00.000","W","742"
"40930","Midway Airport","2026-05-20T00:00:00.000","W","5815"
"40940","Halsted/63rd","2026-05-20T00:00:00.000","W","378"
"40960","Pulaski-Orange","2026-05-20T00:00:00.000","W","3484"
"40970","Cicero-Forest Park","2026-05-20T00:00:00.000","W","590"
"40980","Harlem-Forest Park","2026-05-20T00:00:00.000","W","470"
"40990","69th","2026-05-20T00:00:00.000","W","3164"
"41000","Cermak-Chinatown","2026-05-20T00:00:00.000","W","5092"
"41010","Rockwell","2026-05-20T00:00:00.000","W","1249"
"41020","Logan Square","2026-05-20T00:00:00.000","W","5363"
"41030","Polk","2026-05-20T00:00:00.000","W","2333"
"41040","Kedzie-Cermak","2026-05-20T00:00:00.000","W","822"
"41050","Linden","2026-05-20T00:00:00.000","W","1006"
"41060","Ashland-Orange","2026-05-20T00:00:00.000","W","1383"
"41070","Kedzie-Lake","2026-05-20T00:00:00.000","W","797"
"41080","47th-South Elevated","2026-05-20T00:00:00.000","W","791"
"41090","Monroe/State","2026-05-20T00:00:00.000","W","5149"
"41120","35-Bronzeville-IIT","2026-05-20T00:00:00.000","W","1019"
"41130","Halsted-Orange","2026-05-20T00:00:00.000","W","1664"
"41140","King Drive","2026-05-20T00:00:00.000","W","356"
"41150","Kedzie-Midway","2026-05-20T00:00:00.000","W","2502"
"41160","Clinton-Lake","2026-05-20T00:00:00.000","W","3118"
"41170","Garfield-Dan Ryan","2026-05-20T00:00:00.000","W","2506"
"41180","Kedzie-Brown","2026-05-20T00:00:00.000","W","1581"
"41190","Jarvis","2026-05-20T00:00:00.000","W","1157"
"41200","Argyle","2026-05-20T00:00:00.000","W","2191"
"41210","Wellington","2026-05-20T00:00:00.000","W","2415"
"41220","Fullerton","2026-05-20T00:00:00.000","W","10837"
"41230","47th-Dan Ryan","2026-05-20T00:00:00.000","W","2122"
"41240","Addison-O'Hare","2026-05-20T00:00:00.000","W","2266"
"41250","Central-Evanston","2026-05-20T00:00:00.000","W","579"
"41260","Austin-Lake","2026-05-20T00:00:00.000","W","940"
"41270","43rd","2026-05-20T00:00:00.000","W","747"
"41280","Jefferson Park","2026-05-20T00:00:00.000","W","4910"
"41290","Kimball","2026-05-20T00:00:00.000","W","2615"
"41300","Loyola","2026-05-20T00:00:00.000","W","3045"
"41310","Paulina","2026-05-20T00:00:00.000","W","2050"
"41320","Belmont-North Main","2026-05-20T00:00:00.000","W","8722"
"41330","Montrose-O'Hare","2026-05-20T00:00:00.000","W","1706"
"41340","LaSalle","2026-05-20T00:00:00.000","W","1694"
"41350","Oak Park-Lake","2026-05-20T00:00:00.000","W","870"
"41360","California-Lake","2026-05-20T00:00:00.000","W","803"
"41380","Bryn Mawr","2026-05-20T00:00:00.000","W","2883"
"41400","Roosevelt","2026-05-20T00:00:00.000","W","8074"
"41410","Chicago/Milwaukee","2026-05-20T00:00:00.000","W","2286"
"41420","Addison-North Main","2026-05-20T00:00:00.000","W","11201"
"41430","87th","2026-05-20T00:00:00.000","W","2240"
"41440","Addison-Brown","2026-05-20T00:00:00.000","W","1609"
"41450","Chicago/State","2026-05-20T00:00:00.000","W","8194"
"41460","Irving Park-Brown","2026-05-20T00:00:00.000","W","2030"
"41480","Western-Brown","2026-05-20T00:00:00.000","W","1969"
"41490","Harrison","2026-05-20T00:00:00.000","W","2352"
"41500","Montrose-Brown","2026-05-20T00:00:00.000","W","1866"
"41510","Morgan-Lake","2026-05-20T00:00:00.000","W","4656"
"41710","Damen-Lake","2026-05-19T00:00:00.000","W","1032"
"41700","Washington/Wabash","2026-05-19T00:00:00.000","W","10715"
"41690","Cermak-McCormick Place","2026-05-19T00:00:00.000","W","1902"
"41680","Oakton-Skokie","2026-05-19T00:00:00.000","W","550"
"41670","Conservatory","2026-05-19T00:00:00.000","W","509"
"41660","Lake/State","2026-05-19T00:00:00.000","W","11841"
"40010","Austin-Forest Park","2026-05-19T00:00:00.000","W","778"
"40020","Harlem-Lake","2026-05-19T00:00:00.000","W","2331"
"40030","Pulaski-Lake","2026-05-19T00:00:00.000","W","981"
"40040","Quincy/Wells","2026-05-19T00:00:00.000","W","6871"
"40050","Davis","2026-05-19T00:00:00.000","W","2856"
"40060","Belmont-O'Hare","2026-05-19T00:00:00.000","W","3653"
"40070","Jackson/Dearborn","2026-05-19T00:00:00.000","W","4647"
"40080","Sheridan","2026-05-19T00:00:00.000","W","3316"
"40090","Damen-Brown","2026-05-19T00:00:00.000","W","1884"
"40100","Morse","2026-05-19T00:00:00.000","W","2830"
"40120","35th/Archer","2026-05-19T00:00:00.000","W","1949"
"40130","51st","2026-05-19T00:00:00.000","W","665"
"40140","Dempster-Skokie","2026-05-19T00:00:00.000","W","1604"
"40150","Pulaski-Cermak","2026-05-19T00:00:00.000","W","715"
"40160","LaSalle/Van Buren","2026-05-19T00:00:00.000","W","2423"
"40170","Ashland-Lake","2026-05-19T00:00:00.000","W","2055"
"40180","Oak Park-Forest Park","2026-05-19T00:00:00.000","W","679"
"40190","Sox-35th-Dan Ryan","2026-05-19T00:00:00.000","W","2662"
"40210","Damen-Cermak","2026-05-19T00:00:00.000","W","1388"
"40220","Western-Forest Park","2026-05-19T00:00:00.000","W","652"
"40230","Cumberland","2026-05-19T00:00:00.000","W","2697"
"40240","79th","2026-05-19T00:00:00.000","W","3934"
"40250","Kedzie-Homan-Forest Park","2026-05-19T00:00:00.000","W","877"
"40260","State/Lake","2026-05-19T00:00:00.000","W","0"
"40270","Main","2026-05-19T00:00:00.000","W","734"
"40280","Central-Lake","2026-05-19T00:00:00.000","W","1246"
"40290","Ashland/63rd","2026-05-19T00:00:00.000","W","768"
"40300","Indiana","2026-05-19T00:00:00.000","W","564"
"40310","Western-Orange","2026-05-19T00:00:00.000","W","2688"
"40320","Division/Milwaukee","2026-05-19T00:00:00.000","W","4528"
"40330","Grand/State","2026-05-19T00:00:00.000","W","7408"
"40340","Berwyn","2026-05-19T00:00:00.000","W","1956"
"40350","UIC-Halsted","2026-05-19T00:00:00.000","W","2066"
"40360","Southport","2026-05-19T00:00:00.000","W","2891"
"40370","Washington/Dearborn","2026-05-19T00:00:00.000","W","9075"
"40380","Clark/Lake","2026-05-19T00:00:00.000","W","14889"
"40390","Forest Park","2026-05-19T00:00:00.000","W","1199"
"40400","Noyes","2026-05-19T00:00:00.000","W","1126"
"40420","Cicero-Cermak","2026-05-19T00:00:00.000","W","752"
"40430","Clinton-Forest Park","2026-05-19T00:00:00.000","W","2463"
"40440","California-Cermak","2026-05-19T00:00:00.000","W","1053"
"40450","95th/Dan Ryan","2026-05-19T00:00:00.000","W","6463"
"40460","Merchandise Mart","2026-05-19T00:00:00.000","W","6540"
"40470","Racine","2026-05-19T00:00:00.000","W","1096"
"40480","Cicero-Lake","2026-05-19T00:00:00.000","W","791"
"40490","Grand/Milwaukee","2026-05-19T00:00:00.000","W","3107"
"40510","Garfield-South Elevated","2026-05-19T00:00:00.000","W","980"
"40520","Foster","2026-05-19T00:00:00.000","W","1291"
"40530","Diversey","2026-05-19T00:00:00.000","W","4103"
"40540","Wilson","2026-05-19T00:00:00.000","W","4913"
"40550","Irving Park-O'Hare","2026-05-19T00:00:00.000","W","3136"
"40560","Jackson/State","2026-05-19T00:00:00.000","W","5438"
"40570","California/Milwaukee","2026-05-19T00:00:00.000","W","3866"
"40580","54th/Cermak","2026-05-19T00:00:00.000","W","1860"
"40590","Damen/Milwaukee","2026-05-19T00:00:00.000","W","4665"
"40600","Kostner","2026-05-19T00:00:00.000","W","302"
"40610","Ridgeland","2026-05-19T00:00:00.000","W","926"
"40630","Clark/Division","2026-05-19T00:00:00.000","W","5954"
"40650","North/Clybourn","2026-05-19T00:00:00.000","W","3648"
"40660","Armitage","2026-05-19T00:00:00.000","W","3716"
"40670","Western/Milwaukee","2026-05-19T00:00:00.000","W","3816"
"40680","Adams/Wabash","2026-05-19T00:00:00.000","W","5269"
"40690","Dempster","2026-05-19T00:00:00.000","W","619"
"40700","Laramie","2026-05-19T00:00:00.000","W","663"
"40710","Chicago/Franklin","2026-05-19T00:00:00.000","W","4809"
"40720","East 63rd-Cottage Grove","2026-05-19T00:00:00.000","W","805"
"40730","Washington/Wells","2026-05-19T00:00:00.000","W","6941"
"40740","Western-Cermak","2026-05-19T00:00:00.000","W","868"
"40750","Harlem-O'Hare","2026-05-19T00:00:00.000","W","1819"
"40760","Granville","2026-05-19T00:00:00.000","W","2222"
"40770","Lawrence","2026-05-19T00:00:00.000","W","2051"
"40780","Central Park","2026-05-19T00:00:00.000","W","835"
"40790","Monroe/Dearborn","2026-05-19T00:00:00.000","W","4314"
"40800","Sedgwick","2026-05-19T00:00:00.000","W","3208"
"40810","Medical Center","2026-05-19T00:00:00.000","W","1411"
"40820","Rosemont","2026-05-19T00:00:00.000","W","4235"
"40830","18th","2026-05-19T00:00:00.000","W","1378"
"40840","South Boulevard","2026-05-19T00:00:00.000","W","487"
"40850","Library","2026-05-19T00:00:00.000","W","2704"
"40870","Francisco","2026-05-19T00:00:00.000","W","1079"
"40880","Thorndale","2026-05-19T00:00:00.000","W","1892"
"40890","O'Hare Airport","2026-05-19T00:00:00.000","W","9866"
"40900","Howard","2026-05-19T00:00:00.000","W","3588"
"40910","63rd-Dan Ryan","2026-05-19T00:00:00.000","W","1915"
"40920","Pulaski-Forest Park","2026-05-19T00:00:00.000","W","669"
"40930","Midway Airport","2026-05-19T00:00:00.000","W","5371"
"40940","Halsted/63rd","2026-05-19T00:00:00.000","W","358"
"40960","Pulaski-Orange","2026-05-19T00:00:00.000","W","3492"
"40970","Cicero-Forest Park","2026-05-19T00:00:00.000","W","605"
"40980","Harlem-Forest Park","2026-05-19T00:00:00.000","W","451"
"40990","69th","2026-05-19T00:00:00.000","W","3011"
"41000","Cermak-Chinatown","2026-05-19T00:00:00.000","W","5380"
"41010","Rockwell","2026-05-19T00:00:00.000","W","1257"
"41020","Logan Square","2026-05-19T00:00:00.000","W","5119"
"41030","Polk","2026-05-19T00:00:00.000","W","2411"
"41040","Kedzie-Cermak","2026-05-19T00:00:00.000","W","812"
"41050","Linden","2026-05-19T00:00:00.000","W","1112"
"41060","Ashland-Orange","2026-05-19T00:00:00.000","W","1356"
"41070","Kedzie-Lake","2026-05-19T00:00:00.000","W","761"
"41080","47th-South Elevated","2026-05-19T00:00:00.000","W","720"
"41090","Monroe/State","2026-05-19T00:00:00.000","W","4902"
"41120","35-Bronzeville-IIT","2026-05-19T00:00:00.000","W","1003"
"41130","Halsted-Orange","2026-05-19T00:00:00.000","W","1577"
"41140","King Drive","2026-05-19T00:00:00.000","W","305"
"41150","Kedzie-Midway","2026-05-19T00:00:00.000","W","2436"
"41160","Clinton-Lake","2026-05-19T00:00:00.000","W","3177"
"41170","Garfield-Dan Ryan","2026-05-19T00:00:00.000","W","2507"
"41180","Kedzie-Brown","2026-05-19T00:00:00.000","W","1558"
"41190","Jarvis","2026-05-19T00:00:00.000","W","1176"
"41200","Argyle","2026-05-19T00:00:00.000","W","2122"
"41210","Wellington","2026-05-19T00:00:00.000","W","2412"
"41220","Fullerton","2026-05-19T00:00:00.000","W","10884"
"41230","47th-Dan Ryan","2026-05-19T00:00:00.000","W","2039"
"41240","Addison-O'Hare","2026-05-19T00:00:00.000","W","2044"
"41250","Central-Evanston","2026-05-19T00:00:00.000","W","624"
"41260","Austin-Lake","2026-05-19T00:00:00.000","W","968"
"41270","43rd","2026-05-19T00:00:00.000","W","707"
"41280","Jefferson Park","2026-05-19T00:00:00.000","W","4817"
"41290","Kimball","2026-05-19T00:00:00.000","W","2656"
"41300","Loyola","2026-05-19T00:00:00.000","W","3069"
"41310","Paulina","2026-05-19T00:00:00.000","W","2043"
"41320","Belmont-North Main","2026-05-19T00:00:00.000","W","8718"
"41330","Montrose-O'Hare","2026-05-19T00:00:00.000","W","1761"
"41340","LaSalle","2026-05-19T00:00:00.000","W","1632"
"41350","Oak Park-Lake","2026-05-19T00:00:00.000","W","856"
"41360","California-Lake","2026-05-19T00:00:00.000","W","803"
"41380","Bryn Mawr","2026-05-19T00:00:00.000","W","2811"
"41400","Roosevelt","2026-05-19T00:00:00.000","W","7597"
"41410","Chicago/Milwaukee","2026-05-19T00:00:00.000","W","2259"
"41420","Addison-North Main","2026-05-19T00:00:00.000","W","12096"
"41430","87th","2026-05-19T00:00:00.000","W","2243"
"41440","Addison-Brown","2026-05-19T00:00:00.000","W","1611"
"41450","Chicago/State","2026-05-19T00:00:00.000","W","8075"
"41460","Irving Park-Brown","2026-05-19T00:00:00.000","W","2082"
"41480","Western-Brown","2026-05-19T00:00:00.000","W","2086"
"41490","Harrison","2026-05-19T00:00:00.000","W","2051"
"41500","Montrose-Brown","2026-05-19T00:00:00.000","W","1775"
"41510","Morgan-Lake","2026-05-19T00:00:00.000","W","4426"
"41710","Damen-Lake","2026-05-18T00:00:00.000","W","731"
"41700","Washington/Wabash","2026-05-18T00:00:00.000","W","9468"
"41690","Cermak-McCormick Place","2026-05-18T00:00:00.000","W","2711"
"41680","Oakton-Skokie","2026-05-18T00:00:00.000","W","475"
"41670","Conservatory","2026-05-18T00:00:00.000","W","445"
"40010","Austin-Forest Park","2026-05-18T00:00:00.000","W","687"
"40020","Harlem-Lake","2026-05-18T00:00:00.000","W","2058"
"40030","Pulaski-Lake","2026-05-18T00:00:00.000","W","825"
"40040","Quincy/Wells","2026-05-18T00:00:00.000","W","4922"
"40050","Davis","2026-05-18T00:00:00.000","W","2196"
"40060","Belmont-O'Hare","2026-05-18T00:00:00.000","W","3226"
"40070","Jackson/Dearborn","2026-05-18T00:00:00.000","W","4226"
"40080","Sheridan","2026-05-18T00:00:00.000","W","2830"
"40090","Damen-Brown","2026-05-18T00:00:00.000","W","1574"
"40100","Morse","2026-05-18T00:00:00.000","W","2527"
"40120","35th/Archer","2026-05-18T00:00:00.000","W","1732"
"40130","51st","2026-05-18T00:00:00.000","W","597"
"40140","Dempster-Skokie","2026-05-18T00:00:00.000","W","1514"
"40150","Pulaski-Cermak","2026-05-18T00:00:00.000","W","664"
"40160","LaSalle/Van Buren","2026-05-18T00:00:00.000","W","1896"
"40170","Ashland-Lake","2026-05-18T00:00:00.000","W","1577"
"40180","Oak Park-Forest Park","2026-05-18T00:00:00.000","W","559"
"40190","Sox-35th-Dan Ryan","2026-05-18T00:00:00.000","W","2440"
"40210","Damen-Cermak","2026-05-18T00:00:00.000","W","1150"
"40220","Western-Forest Park","2026-05-18T00:00:00.000","W","531"
"40230","Cumberland","2026-05-18T00:00:00.000","W","2184"
"40240","79th","2026-05-18T00:00:00.000","W","3539"
"40250","Kedzie-Homan-Forest Park","2026-05-18T00:00:00.000","W","865"
"40260","State/Lake","2026-05-18T00:00:00.000","W","0"
"40270","Main","2026-05-18T00:00:00.000","W","633"
"40280","Central-Lake","2026-05-18T00:00:00.000","W","1192"
"40290","Ashland/63rd","2026-05-18T00:00:00.000","W","700"
"40300","Indiana","2026-05-18T00:00:00.000","W","495"
"40310","Western-Orange","2026-05-18T00:00:00.000","W","2488"
"40320","Division/Milwaukee","2026-05-18T00:00:00.000","W","3629"
"40330","Grand/State","2026-05-18T00:00:00.000","W","6741"
"40340","Berwyn","2026-05-18T00:00:00.000","W","1775"
"40350","UIC-Halsted","2026-05-18T00:00:00.000","W","1808"
"40360","Southport","2026-05-18T00:00:00.000","W","2167"
"40370","Washington/Dearborn","2026-05-18T00:00:00.000","W","7873"
"40380","Clark/Lake","2026-05-18T00:00:00.000","W","11764"
"40390","Forest Park","2026-05-18T00:00:00.000","W","1146"
"40400","Noyes","2026-05-18T00:00:00.000","W","606"
"40420","Cicero-Cermak","2026-05-18T00:00:00.000","W","739"
"40430","Clinton-Forest Park","2026-05-18T00:00:00.000","W","2010"
"40440","California-Cermak","2026-05-18T00:00:00.000","W","917"
"40450","95th/Dan Ryan","2026-05-18T00:00:00.000","W","5709"
"40460","Merchandise Mart","2026-05-18T00:00:00.000","W","4584"
"40470","Racine","2026-05-18T00:00:00.000","W","691"
"40480","Cicero-Lake","2026-05-18T00:00:00.000","W","694"
"40490","Grand/Milwaukee","2026-05-18T00:00:00.000","W","2485"
"40510","Garfield-South Elevated","2026-05-18T00:00:00.000","W","797"
"40520","Foster","2026-05-18T00:00:00.000","W","514"
"40530","Diversey","2026-05-18T00:00:00.000","W","3135"
"40540","Wilson","2026-05-18T00:00:00.000","W","4357"
"40550","Irving Park-O'Hare","2026-05-18T00:00:00.000","W","2730"
"40560","Jackson/State","2026-05-18T00:00:00.000","W","4763"
"40570","California/Milwaukee","2026-05-18T00:00:00.000","W","3023"
"40580","54th/Cermak","2026-05-18T00:00:00.000","W","1665"
"40590","Damen/Milwaukee","2026-05-18T00:00:00.000","W","3803"
"40600","Kostner","2026-05-18T00:00:00.000","W","287"
"40610","Ridgeland","2026-05-18T00:00:00.000","W","751"
"40630","Clark/Division","2026-05-18T00:00:00.000","W","5212"
"40650","North/Clybourn","2026-05-18T00:00:00.000","W","3228"
"40660","Armitage","2026-05-18T00:00:00.000","W","3108"
"40670","Western/Milwaukee","2026-05-18T00:00:00.000","W","3164"
"40680","Adams/Wabash","2026-05-18T00:00:00.000","W","4762"
"40690","Dempster","2026-05-18T00:00:00.000","W","474"
"40700","Laramie","2026-05-18T00:00:00.000","W","636"
"40710","Chicago/Franklin","2026-05-18T00:00:00.000","W","3905"
"40720","East 63rd-Cottage Grove","2026-05-18T00:00:00.000","W","709"
"40730","Washington/Wells","2026-05-18T00:00:00.000","W","5284"
"40740","Western-Cermak","2026-05-18T00:00:00.000","W","815"
"40750","Harlem-O'Hare","2026-05-18T00:00:00.000","W","1602"
"40760","Granville","2026-05-18T00:00:00.000","W","1984"
"40770","Lawrence","2026-05-18T00:00:00.000","W","1770"
"40780","Central Park","2026-05-18T00:00:00.000","W","759"
"40790","Monroe/Dearborn","2026-05-18T00:00:00.000","W","3371"
"40800","Sedgwick","2026-05-18T00:00:00.000","W","2553"
"40810","Medical Center","2026-05-18T00:00:00.000","W","1359"
"40820","Rosemont","2026-05-18T00:00:00.000","W","3805"
"40830","18th","2026-05-18T00:00:00.000","W","1132"
"40840","South Boulevard","2026-05-18T00:00:00.000","W","430"
"40850","Library","2026-05-18T00:00:00.000","W","2412"
"40870","Francisco","2026-05-18T00:00:00.000","W","902"
"40880","Thorndale","2026-05-18T00:00:00.000","W","1669"
"40890","O'Hare Airport","2026-05-18T00:00:00.000","W","9985"
"40900","Howard","2026-05-18T00:00:00.000","W","3433"
"40910","63rd-Dan Ryan","2026-05-18T00:00:00.000","W","2044"
"40920","Pulaski-Forest Park","2026-05-18T00:00:00.000","W","583"
"40930","Midway Airport","2026-05-18T00:00:00.000","W","5104"
"40940","Halsted/63rd","2026-05-18T00:00:00.000","W","235"
"40960","Pulaski-Orange","2026-05-18T00:00:00.000","W","3103"
"40970","Cicero-Forest Park","2026-05-18T00:00:00.000","W","534"
"40980","Harlem-Forest Park","2026-05-18T00:00:00.000","W","359"
"40990","69th","2026-05-18T00:00:00.000","W","2795"
"41000","Cermak-Chinatown","2026-05-18T00:00:00.000","W","5385"
"41010","Rockwell","2026-05-18T00:00:00.000","W","1028"
"41020","Logan Square","2026-05-18T00:00:00.000","W","4296"
"41030","Polk","2026-05-18T00:00:00.000","W","2118"
"41040","Kedzie-Cermak","2026-05-18T00:00:00.000","W","762"
"41050","Linden","2026-05-18T00:00:00.000","W","885"
"41060","Ashland-Orange","2026-05-18T00:00:00.000","W","1150"
"41070","Kedzie-Lake","2026-05-18T00:00:00.000","W","742"
"41080","47th-South Elevated","2026-05-18T00:00:00.000","W","637"
"41090","Monroe/State","2026-05-18T00:00:00.000","W","4134"
"41120","35-Bronzeville-IIT","2026-05-18T00:00:00.000","W","880"
"41130","Halsted-Orange","2026-05-18T00:00:00.000","W","1391"
"41140","King Drive","2026-05-18T00:00:00.000","W","317"
"41150","Kedzie-Midway","2026-05-18T00:00:00.000","W","2113"
"41160","Clinton-Lake","2026-05-18T00:00:00.000","W","2728"
"41170","Garfield-Dan Ryan","2026-05-18T00:00:00.000","W","2192"
"41180","Kedzie-Brown","2026-05-18T00:00:00.000","W","1316"
"41190","Jarvis","2026-05-18T00:00:00.000","W","1032"
"41200","Argyle","2026-05-18T00:00:00.000","W","1934"
"41210","Wellington","2026-05-18T00:00:00.000","W","1820"
"41220","Fullerton","2026-05-18T00:00:00.000","W","9266"
"41230","47th-Dan Ryan","2026-05-18T00:00:00.000","W","1768"
"41240","Addison-O'Hare","2026-05-18T00:00:00.000","W","1663"
"41250","Central-Evanston","2026-05-18T00:00:00.000","W","548"
"41260","Austin-Lake","2026-05-18T00:00:00.000","W","871"
"41270","43rd","2026-05-18T00:00:00.000","W","597"
"41280","Jefferson Park","2026-05-18T00:00:00.000","W","4320"
"41290","Kimball","2026-05-18T00:00:00.000","W","2384"
"41300","Loyola","2026-05-18T00:00:00.000","W","2721"
"41310","Paulina","2026-05-18T00:00:00.000","W","1584"
"41320","Belmont-North Main","2026-05-18T00:00:00.000","W","7417"
"41330","Montrose-O'Hare","2026-05-18T00:00:00.000","W","1529"
"41340","LaSalle","2026-05-18T00:00:00.000","W","1549"
"41350","Oak Park-Lake","2026-05-18T00:00:00.000","W","694"
"41360","California-Lake","2026-05-18T00:00:00.000","W","773"
"41380","Bryn Mawr","2026-05-18T00:00:00.000","W","2511"
"41400","Roosevelt","2026-05-18T00:00:00.000","W","8450"
"41410","Chicago/Milwaukee","2026-05-18T00:00:00.000","W","1882"
"41420","Addison-North Main","2026-05-18T00:00:00.000","W","9892"
"41430","87th","2026-05-18T00:00:00.000","W","1953"
"41440","Addison-Brown","2026-05-18T00:00:00.000","W","1326"
"41450","Chicago/State","2026-05-18T00:00:00.000","W","7411"
"41460","Irving Park-Brown","2026-05-18T00:00:00.000","W","1676"
"41480","Western-Brown","2026-05-18T00:00:00.000","W","1752"
"41490","Harrison","2026-05-18T00:00:00.000","W","2134"
"41500","Montrose-Brown","2026-05-18T00:00:00.000","W","1400"
"41510","Morgan-Lake","2026-05-18T00:00:00.000","W","3515"
"41660","Lake/State","2026-05-18T00:00:00.000","W","10266"
"41710","Damen-Lake","2026-05-17T00:00:00.000","U","463"
"41700","Washington/Wabash","2026-05-17T00:00:00.000","U","6946"
"41690","Cermak-McCormick Place","2026-05-17T00:00:00.000","U","1852"
"41680","Oakton-Skokie","2026-05-17T00:00:00.000","U","232"
"41670","Conservatory","2026-05-17T00:00:00.000","U","401"
"40010","Austin-Forest Park","2026-05-17T00:00:00.000","U","296"
"40020","Harlem-Lake","2026-05-17T00:00:00.000","U","1356"
"40030","Pulaski-Lake","2026-05-17T00:00:00.000","U","490"
"40040","Quincy/Wells","2026-05-17T00:00:00.000","U","1332"
"40050","Davis","2026-05-17T00:00:00.000","U","1487"
"40060","Belmont-O'Hare","2026-05-17T00:00:00.000","U","2221"
"40070","Jackson/Dearborn","2026-05-17T00:00:00.000","U","2988"
"40080","Sheridan","2026-05-17T00:00:00.000","U","2044"
"40090","Damen-Brown","2026-05-17T00:00:00.000","U","1342"
"40100","Morse","2026-05-17T00:00:00.000","U","2016"
"40120","35th/Archer","2026-05-17T00:00:00.000","U","936"
"40130","51st","2026-05-17T00:00:00.000","U","425"
"40140","Dempster-Skokie","2026-05-17T00:00:00.000","U","530"
"40150","Pulaski-Cermak","2026-05-17T00:00:00.000","U","408"
"40160","LaSalle/Van Buren","2026-05-17T00:00:00.000","U","499"
"40170","Ashland-Lake","2026-05-17T00:00:00.000","U","996"
"40180","Oak Park-Forest Park","2026-05-17T00:00:00.000","U","259"
"40190","Sox-35th-Dan Ryan","2026-05-17T00:00:00.000","U","8166"
"40210","Damen-Cermak","2026-05-17T00:00:00.000","U","730"
"40220","Western-Forest Park","2026-05-17T00:00:00.000","U","394"
"40230","Cumberland","2026-05-17T00:00:00.000","U","1628"
"40240","79th","2026-05-17T00:00:00.000","U","2627"
"40250","Kedzie-Homan-Forest Park","2026-05-17T00:00:00.000","U","635"
"40260","State/Lake","2026-05-17T00:00:00.000","U","0"
"40270","Main","2026-05-17T00:00:00.000","U","440"
"40280","Central-Lake","2026-05-17T00:00:00.000","U","665"
"40290","Ashland/63rd","2026-05-17T00:00:00.000","U","164"
"40300","Indiana","2026-05-17T00:00:00.000","U","304"
"40310","Western-Orange","2026-05-17T00:00:00.000","U","1311"
"40320","Division/Milwaukee","2026-05-17T00:00:00.000","U","2594"
"40330","Grand/State","2026-05-17T00:00:00.000","U","6372"
"40340","Berwyn","2026-05-17T00:00:00.000","U","1462"
"40350","UIC-Halsted","2026-05-17T00:00:00.000","U","1347"
"40360","Southport","2026-05-17T00:00:00.000","U","1811"
"40370","Washington/Dearborn","2026-05-17T00:00:00.000","U","5393"
"40380","Clark/Lake","2026-05-17T00:00:00.000","U","6340"
"40390","Forest Park","2026-05-17T00:00:00.000","U","646"
"40400","Noyes","2026-05-17T00:00:00.000","U","421"
"40420","Cicero-Cermak","2026-05-17T00:00:00.000","U","551"
"40430","Clinton-Forest Park","2026-05-17T00:00:00.000","U","1006"
"40440","California-Cermak","2026-05-17T00:00:00.000","U","571"
"40450","95th/Dan Ryan","2026-05-17T00:00:00.000","U","3590"
"40460","Merchandise Mart","2026-05-17T00:00:00.000","U","1596"
"40470","Racine","2026-05-17T00:00:00.000","U","738"
"40480","Cicero-Lake","2026-05-17T00:00:00.000","U","474"
"40490","Grand/Milwaukee","2026-05-17T00:00:00.000","U","1891"
"40510","Garfield-South Elevated","2026-05-17T00:00:00.000","U","648"
"40520","Foster","2026-05-17T00:00:00.000","U","507"
"40530","Diversey","2026-05-17T00:00:00.000","U","2048"
"40540","Wilson","2026-05-17T00:00:00.000","U","2950"
"40550","Irving Park-O'Hare","2026-05-17T00:00:00.000","U","1648"
"40560","Jackson/State","2026-05-17T00:00:00.000","U","2497"
"40570","California/Milwaukee","2026-05-17T00:00:00.000","U","2342"
"40580","54th/Cermak","2026-05-17T00:00:00.000","U","1432"
"40590","Damen/Milwaukee","2026-05-17T00:00:00.000","U","3679"
"40600","Kostner","2026-05-17T00:00:00.000","U","143"
"40610","Ridgeland","2026-05-17T00:00:00.000","U","327"
"40630","Clark/Division","2026-05-17T00:00:00.000","U","4337"
"40650","North/Clybourn","2026-05-17T00:00:00.000","U","2765"
"40660","Armitage","2026-05-17T00:00:00.000","U","3198"
"40670","Western/Milwaukee","2026-05-17T00:00:00.000","U","2132"
"40680","Adams/Wabash","2026-05-17T00:00:00.000","U","3098"
"40690","Dempster","2026-05-17T00:00:00.000","U","405"
"40700","Laramie","2026-05-17T00:00:00.000","U","393"
"40710","Chicago/Franklin","2026-05-17T00:00:00.000","U","2182"
"40720","East 63rd-Cottage Grove","2026-05-17T00:00:00.000","U","594"
"40730","Washington/Wells","2026-05-17T00:00:00.000","U","962"
"40740","Western-Cermak","2026-05-17T00:00:00.000","U","455"
"40750","Harlem-O'Hare","2026-05-17T00:00:00.000","U","825"
"40760","Granville","2026-05-17T00:00:00.000","U","1517"
"40770","Lawrence","2026-05-17T00:00:00.000","U","1663"
"40780","Central Park","2026-05-17T00:00:00.000","U","391"
"40790","Monroe/Dearborn","2026-05-17T00:00:00.000","U","1465"
"40800","Sedgwick","2026-05-17T00:00:00.000","U","1898"
"40810","Medical Center","2026-05-17T00:00:00.000","U","521"
"40820","Rosemont","2026-05-17T00:00:00.000","U","3756"
"40830","18th","2026-05-17T00:00:00.000","U","915"
"40840","South Boulevard","2026-05-17T00:00:00.000","U","232"
"40850","Library","2026-05-17T00:00:00.000","U","1510"
"40870","Francisco","2026-05-17T00:00:00.000","U","2662"
"40880","Thorndale","2026-05-17T00:00:00.000","U","1202"
"40890","O'Hare Airport","2026-05-17T00:00:00.000","U","10844"
"40900","Howard","2026-05-17T00:00:00.000","U","2296"
"40910","63rd-Dan Ryan","2026-05-17T00:00:00.000","U","1415"
"40920","Pulaski-Forest Park","2026-05-17T00:00:00.000","U","415"
"40930","Midway Airport","2026-05-17T00:00:00.000","U","3151"
"40940","Halsted/63rd","2026-05-17T00:00:00.000","U","96"
"40960","Pulaski-Orange","2026-05-17T00:00:00.000","U","1539"
"40970","Cicero-Forest Park","2026-05-17T00:00:00.000","U","263"
"40980","Harlem-Forest Park","2026-05-17T00:00:00.000","U","173"
"40990","69th","2026-05-17T00:00:00.000","U","2068"
"41000","Cermak-Chinatown","2026-05-17T00:00:00.000","U","7545"
"41010","Rockwell","2026-05-17T00:00:00.000","U","900"
"41020","Logan Square","2026-05-17T00:00:00.000","U","3896"
"41030","Polk","2026-05-17T00:00:00.000","U","559"
"41040","Kedzie-Cermak","2026-05-17T00:00:00.000","U","465"
"41050","Linden","2026-05-17T00:00:00.000","U","322"
"41060","Ashland-Orange","2026-05-17T00:00:00.000","U","665"
"41070","Kedzie-Lake","2026-05-17T00:00:00.000","U","367"
"41080","47th-South Elevated","2026-05-17T00:00:00.000","U","427"
"41090","Monroe/State","2026-05-17T00:00:00.000","U","2949"
"41120","35-Bronzeville-IIT","2026-05-17T00:00:00.000","U","1619"
"41130","Halsted-Orange","2026-05-17T00:00:00.000","U","1009"
"41140","King Drive","2026-05-17T00:00:00.000","U","221"
"41150","Kedzie-Midway","2026-05-17T00:00:00.000","U","1211"
"41160","Clinton-Lake","2026-05-17T00:00:00.000","U","1270"
"41170","Garfield-Dan Ryan","2026-05-17T00:00:00.000","U","1414"
"41180","Kedzie-Brown","2026-05-17T00:00:00.000","U","1242"
"41190","Jarvis","2026-05-17T00:00:00.000","U","915"
"41200","Argyle","2026-05-17T00:00:00.000","U","1754"
"41210","Wellington","2026-05-17T00:00:00.000","U","962"
"41220","Fullerton","2026-05-17T00:00:00.000","U","5986"
"41230","47th-Dan Ryan","2026-05-17T00:00:00.000","U","1452"
"41240","Addison-O'Hare","2026-05-17T00:00:00.000","U","1063"
"41250","Central-Evanston","2026-05-17T00:00:00.000","U","328"
"41260","Austin-Lake","2026-05-17T00:00:00.000","U","493"
"41270","43rd","2026-05-17T00:00:00.000","U","416"
"41280","Jefferson Park","2026-05-17T00:00:00.000","U","2647"
"41290","Kimball","2026-05-17T00:00:00.000","U","1744"
"41300","Loyola","2026-05-17T00:00:00.000","U","2061"
"41310","Paulina","2026-05-17T00:00:00.000","U","1407"
"41320","Belmont-North Main","2026-05-17T00:00:00.000","U","6082"
"41330","Montrose-O'Hare","2026-05-17T00:00:00.000","U","908"
"41340","LaSalle","2026-05-17T00:00:00.000","U","1029"
"41350","Oak Park-Lake","2026-05-17T00:00:00.000","U","488"
"41360","California-Lake","2026-05-17T00:00:00.000","U","375"
"41380","Bryn Mawr","2026-05-17T00:00:00.000","U","2324"
"41400","Roosevelt","2026-05-17T00:00:00.000","U","9620"
"41410","Chicago/Milwaukee","2026-05-17T00:00:00.000","U","1287"
"41420","Addison-North Main","2026-05-17T00:00:00.000","U","4063"
"41430","87th","2026-05-17T00:00:00.000","U","1403"
"41440","Addison-Brown","2026-05-17T00:00:00.000","U","815"
"41450","Chicago/State","2026-05-17T00:00:00.000","U","5536"
"41460","Irving Park-Brown","2026-05-17T00:00:00.000","U","1163"
"41480","Western-Brown","2026-05-17T00:00:00.000","U","1470"
"41490","Harrison","2026-05-17T00:00:00.000","U","1952"
"41500","Montrose-Brown","2026-05-17T00:00:00.000","U","1186"
"41510","Morgan-Lake","2026-05-17T00:00:00.000","U","3009"
"41660","Lake/State","2026-05-17T00:00:00.000","U","7148"
"41710","Damen-Lake","2026-05-16T00:00:00.000","A","532"
"41700","Washington/Wabash","2026-05-16T00:00:00.000","A","8208"
"41690","Cermak-McCormick Place","2026-05-16T00:00:00.000","A","1636"
"41680","Oakton-Skokie","2026-05-16T00:00:00.000","A","298"
"41670","Conservatory","2026-05-16T00:00:00.000","A","517"
"40010","Austin-Forest Park","2026-05-16T00:00:00.000","A","416"
"40020","Harlem-Lake","2026-05-16T00:00:00.000","A","1732"
"40030","Pulaski-Lake","2026-05-16T00:00:00.000","A","594"
"40040","Quincy/Wells","2026-05-16T00:00:00.000","A","1515"
"40050","Davis","2026-05-16T00:00:00.000","A","1581"
"40060","Belmont-O'Hare","2026-05-16T00:00:00.000","A","2649"
"40070","Jackson/Dearborn","2026-05-16T00:00:00.000","A","3023"
"40080","Sheridan","2026-05-16T00:00:00.000","A","2593"
"40090","Damen-Brown","2026-05-16T00:00:00.000","A","1472"
"40100","Morse","2026-05-16T00:00:00.000","A","2549"
"40120","35th/Archer","2026-05-16T00:00:00.000","A","1284"
"40130","51st","2026-05-16T00:00:00.000","A","563"
"40140","Dempster-Skokie","2026-05-16T00:00:00.000","A","647"
"40150","Pulaski-Cermak","2026-05-16T00:00:00.000","A","542"
"40160","LaSalle/Van Buren","2026-05-16T00:00:00.000","A","677"
"40170","Ashland-Lake","2026-05-16T00:00:00.000","A","1292"
"40180","Oak Park-Forest Park","2026-05-16T00:00:00.000","A","341"
"40190","Sox-35th-Dan Ryan","2026-05-16T00:00:00.000","A","7908"
"40210","Damen-Cermak","2026-05-16T00:00:00.000","A","932"
"40220","Western-Forest Park","2026-05-16T00:00:00.000","A","461"
"40230","Cumberland","2026-05-16T00:00:00.000","A","1938"
"40240","79th","2026-05-16T00:00:00.000","A","3213"
"40250","Kedzie-Homan-Forest Park","2026-05-16T00:00:00.000","A","698"
"40260","State/Lake","2026-05-16T00:00:00.000","A","0"
"40270","Main","2026-05-16T00:00:00.000","A","608"
"40280","Central-Lake","2026-05-16T00:00:00.000","A","955"
"40290","Ashland/63rd","2026-05-16T00:00:00.000","A","202"
"40300","Indiana","2026-05-16T00:00:00.000","A","351"
"40310","Western-Orange","2026-05-16T00:00:00.000","A","1588"
"40320","Division/Milwaukee","2026-05-16T00:00:00.000","A","3320"
"40330","Grand/State","2026-05-16T00:00:00.000","A","7886"
"40340","Berwyn","2026-05-16T00:00:00.000","A","1880"
"40350","UIC-Halsted","2026-05-16T00:00:00.000","A","1588"
"40360","Southport","2026-05-16T00:00:00.000","A","2465"
"40370","Washington/Dearborn","2026-05-16T00:00:00.000","A","6423"
"40380","Clark/Lake","2026-05-16T00:00:00.000","A","7613"
"40390","Forest Park","2026-05-16T00:00:00.000","A","686"
"40400","Noyes","2026-05-16T00:00:00.000","A","325"
"40420","Cicero-Cermak","2026-05-16T00:00:00.000","A","638"
"40430","Clinton-Forest Park","2026-05-16T00:00:00.000","A","1257"
"40440","California-Cermak","2026-05-16T00:00:00.000","A","742"
"40450","95th/Dan Ryan","2026-05-16T00:00:00.000","A","4573"
"40460","Merchandise Mart","2026-05-16T00:00:00.000","A","2511"
"40470","Racine","2026-05-16T00:00:00.000","A","646"
"40480","Cicero-Lake","2026-05-16T00:00:00.000","A","579"
"40490","Grand/Milwaukee","2026-05-16T00:00:00.000","A","2291"
"40510","Garfield-South Elevated","2026-05-16T00:00:00.000","A","751"
"40520","Foster","2026-05-16T00:00:00.000","A","403"
"40530","Diversey","2026-05-16T00:00:00.000","A","2857"
"40540","Wilson","2026-05-16T00:00:00.000","A","3968"
"40550","Irving Park-O'Hare","2026-05-16T00:00:00.000","A","2043"
"40560","Jackson/State","2026-05-16T00:00:00.000","A","3091"
"40570","California/Milwaukee","2026-05-16T00:00:00.000","A","3031"
"40580","54th/Cermak","2026-05-16T00:00:00.000","A","1670"
"40590","Damen/Milwaukee","2026-05-16T00:00:00.000","A","4551"
"40600","Kostner","2026-05-16T00:00:00.000","A","187"
"40610","Ridgeland","2026-05-16T00:00:00.000","A","413"
"40630","Clark/Division","2026-05-16T00:00:00.000","A","6062"
"40650","North/Clybourn","2026-05-16T00:00:00.000","A","3815"
"40660","Armitage","2026-05-16T00:00:00.000","A","5751"
"40670","Western/Milwaukee","2026-05-16T00:00:00.000","A","2596"
"40680","Adams/Wabash","2026-05-16T00:00:00.000","A","3009"
"40690","Dempster","2026-05-16T00:00:00.000","A","486"
"40700","Laramie","2026-05-16T00:00:00.000","A","406"
"40710","Chicago/Franklin","2026-05-16T00:00:00.000","A","3213"
"40720","East 63rd-Cottage Grove","2026-05-16T00:00:00.000","A","616"
"40730","Washington/Wells","2026-05-16T00:00:00.000","A","1123"
"40740","Western-Cermak","2026-05-16T00:00:00.000","A","591"
"40750","Harlem-O'Hare","2026-05-16T00:00:00.000","A","1154"
"40760","Granville","2026-05-16T00:00:00.000","A","1923"
"40770","Lawrence","2026-05-16T00:00:00.000","A","1987"
"40780","Central Park","2026-05-16T00:00:00.000","A","548"
"40790","Monroe/Dearborn","2026-05-16T00:00:00.000","A","1315"
"40800","Sedgwick","2026-05-16T00:00:00.000","A","2858"
"40810","Medical Center","2026-05-16T00:00:00.000","A","691"
"40820","Rosemont","2026-05-16T00:00:00.000","A","4309"
"40830","18th","2026-05-16T00:00:00.000","A","1076"
"40840","South Boulevard","2026-05-16T00:00:00.000","A","314"
"40850","Library","2026-05-16T00:00:00.000","A","1974"
"40870","Francisco","2026-05-16T00:00:00.000","A","762"
"40880","Thorndale","2026-05-16T00:00:00.000","A","1545"
"40890","O'Hare Airport","2026-05-16T00:00:00.000","A","9696"
"40900","Howard","2026-05-16T00:00:00.000","A","2948"
"40910","63rd-Dan Ryan","2026-05-16T00:00:00.000","A","1564"
"40920","Pulaski-Forest Park","2026-05-16T00:00:00.000","A","484"
"40930","Midway Airport","2026-05-16T00:00:00.000","A","4080"
"40940","Halsted/63rd","2026-05-16T00:00:00.000","A","72"
"40960","Pulaski-Orange","2026-05-16T00:00:00.000","A","1806"
"40970","Cicero-Forest Park","2026-05-16T00:00:00.000","A","414"
"40980","Harlem-Forest Park","2026-05-16T00:00:00.000","A","265"
"40990","69th","2026-05-16T00:00:00.000","A","2517"
"41000","Cermak-Chinatown","2026-05-16T00:00:00.000","A","7863"
"41010","Rockwell","2026-05-16T00:00:00.000","A","838"
"41020","Logan Square","2026-05-16T00:00:00.000","A","3887"
"41030","Polk","2026-05-16T00:00:00.000","A","675"
"41040","Kedzie-Cermak","2026-05-16T00:00:00.000","A","542"
"41050","Linden","2026-05-16T00:00:00.000","A","494"
"41060","Ashland-Orange","2026-05-16T00:00:00.000","A","823"
"41070","Kedzie-Lake","2026-05-16T00:00:00.000","A","545"
"41080","47th-South Elevated","2026-05-16T00:00:00.000","A","526"
"41090","Monroe/State","2026-05-16T00:00:00.000","A","2907"
"41120","35-Bronzeville-IIT","2026-05-16T00:00:00.000","A","1336"
"41130","Halsted-Orange","2026-05-16T00:00:00.000","A","1117"
"41140","King Drive","2026-05-16T00:00:00.000","A","286"
"41150","Kedzie-Midway","2026-05-16T00:00:00.000","A","1574"
"41160","Clinton-Lake","2026-05-16T00:00:00.000","A","1608"
"41170","Garfield-Dan Ryan","2026-05-16T00:00:00.000","A","2136"
"41180","Kedzie-Brown","2026-05-16T00:00:00.000","A","1187"
"41190","Jarvis","2026-05-16T00:00:00.000","A","1086"
"41200","Argyle","2026-05-16T00:00:00.000","A","2057"
"41210","Wellington","2026-05-16T00:00:00.000","A","1511"
"41220","Fullerton","2026-05-16T00:00:00.000","A","7961"
"41230","47th-Dan Ryan","2026-05-16T00:00:00.000","A","1880"
"41240","Addison-O'Hare","2026-05-16T00:00:00.000","A","1251"
"41250","Central-Evanston","2026-05-16T00:00:00.000","A","289"
"41260","Austin-Lake","2026-05-16T00:00:00.000","A","650"
"41270","43rd","2026-05-16T00:00:00.000","A","440"
"41280","Jefferson Park","2026-05-16T00:00:00.000","A","3446"
"41290","Kimball","2026-05-16T00:00:00.000","A","2051"
"41300","Loyola","2026-05-16T00:00:00.000","A","2563"
"41310","Paulina","2026-05-16T00:00:00.000","A","1920"
"41320","Belmont-North Main","2026-05-16T00:00:00.000","A","7715"
"41330","Montrose-O'Hare","2026-05-16T00:00:00.000","A","1135"
"41340","LaSalle","2026-05-16T00:00:00.000","A","1209"
"41350","Oak Park-Lake","2026-05-16T00:00:00.000","A","632"
"41360","California-Lake","2026-05-16T00:00:00.000","A","436"
"41380","Bryn Mawr","2026-05-16T00:00:00.000","A","3050"
"41400","Roosevelt","2026-05-16T00:00:00.000","A","9504"
"41410","Chicago/Milwaukee","2026-05-16T00:00:00.000","A","1566"
"41420","Addison-North Main","2026-05-16T00:00:00.000","A","5389"
"41430","87th","2026-05-16T00:00:00.000","A","1709"
"41440","Addison-Brown","2026-05-16T00:00:00.000","A","993"
"41450","Chicago/State","2026-05-16T00:00:00.000","A","7172"
"41460","Irving Park-Brown","2026-05-16T00:00:00.000","A","1597"
"41480","Western-Brown","2026-05-16T00:00:00.000","A","1677"
"41490","Harrison","2026-05-16T00:00:00.000","A","2912"
"41500","Montrose-Brown","2026-05-16T00:00:00.000","A","1438"
"41510","Morgan-Lake","2026-05-16T00:00:00.000","A","3381"
"41660","Lake/State","2026-05-16T00:00:00.000","A","9019"
"41710","Damen-Lake","2026-05-15T00:00:00.000","W","822"
"41700","Washington/Wabash","2026-05-15T00:00:00.000","W","10217"
"41690","Cermak-McCormick Place","2026-05-15T00:00:00.000","W","1624"
"41680","Oakton-Skokie","2026-05-15T00:00:00.000","W","469"
"41670","Conservatory","2026-05-15T00:00:00.000","W","593"
"40010","Austin-Forest Park","2026-05-15T00:00:00.000","W","662"
"40020","Harlem-Lake","2026-05-15T00:00:00.000","W","2147"
"40030","Pulaski-Lake","2026-05-15T00:00:00.000","W","1024"
"40040","Quincy/Wells","2026-05-15T00:00:00.000","W","3468"
"40050","Davis","2026-05-15T00:00:00.000","W","2260"
"40060","Belmont-O'Hare","2026-05-15T00:00:00.000","W","3634"
"40070","Jackson/Dearborn","2026-05-15T00:00:00.000","W","3853"
"40080","Sheridan","2026-05-15T00:00:00.000","W","2797"
"40090","Damen-Brown","2026-05-15T00:00:00.000","W","1785"
"40100","Morse","2026-05-15T00:00:00.000","W","2805"
"40120","35th/Archer","2026-05-15T00:00:00.000","W","1871"
"40130","51st","2026-05-15T00:00:00.000","W","659"
"40140","Dempster-Skokie","2026-05-15T00:00:00.000","W","752"
"40150","Pulaski-Cermak","2026-05-15T00:00:00.000","W","713"
"40160","LaSalle/Van Buren","2026-05-15T00:00:00.000","W","1489"
"40170","Ashland-Lake","2026-05-15T00:00:00.000","W","1709"
"40180","Oak Park-Forest Park","2026-05-15T00:00:00.000","W","557"
"40190","Sox-35th-Dan Ryan","2026-05-15T00:00:00.000","W","9728"
"40210","Damen-Cermak","2026-05-15T00:00:00.000","W","1262"
"40220","Western-Forest Park","2026-05-15T00:00:00.000","W","594"
"40230","Cumberland","2026-05-15T00:00:00.000","W","2472"
"40240","79th","2026-05-15T00:00:00.000","W","3968"
"40250","Kedzie-Homan-Forest Park","2026-05-15T00:00:00.000","W","923"
"40260","State/Lake","2026-05-15T00:00:00.000","W","0"
"40270","Main","2026-05-15T00:00:00.000","W","735"
"40280","Central-Lake","2026-05-15T00:00:00.000","W","1216"
"40290","Ashland/63rd","2026-05-15T00:00:00.000","W","713"
"40300","Indiana","2026-05-15T00:00:00.000","W","523"
"40310","Western-Orange","2026-05-15T00:00:00.000","W","2625"
"40320","Division/Milwaukee","2026-05-15T00:00:00.000","W","4105"
"40330","Grand/State","2026-05-15T00:00:00.000","W","7356"
"40340","Berwyn","2026-05-15T00:00:00.000","W","1876"
"40350","UIC-Halsted","2026-05-15T00:00:00.000","W","1829"
"40360","Southport","2026-05-15T00:00:00.000","W","2147"
"40370","Washington/Dearborn","2026-05-15T00:00:00.000","W","8106"
"40380","Clark/Lake","2026-05-15T00:00:00.000","W","10789"
"40390","Forest Park","2026-05-15T00:00:00.000","W","1071"
"40400","Noyes","2026-05-15T00:00:00.000","W","847"
"40420","Cicero-Cermak","2026-05-15T00:00:00.000","W","764"
"40430","Clinton-Forest Park","2026-05-15T00:00:00.000","W","1752"
"40440","California-Cermak","2026-05-15T00:00:00.000","W","1040"
"40450","95th/Dan Ryan","2026-05-15T00:00:00.000","W","6108"
"40460","Merchandise Mart","2026-05-15T00:00:00.000","W","3568"
"40470","Racine","2026-05-15T00:00:00.000","W","845"
"40480","Cicero-Lake","2026-05-15T00:00:00.000","W","649"
"40490","Grand/Milwaukee","2026-05-15T00:00:00.000","W","2742"
"40510","Garfield-South Elevated","2026-05-15T00:00:00.000","W","893"
"40520","Foster","2026-05-15T00:00:00.000","W","633"
"40530","Diversey","2026-05-15T00:00:00.000","W","3196"
"40540","Wilson","2026-05-15T00:00:00.000","W","4446"
"40550","Irving Park-O'Hare","2026-05-15T00:00:00.000","W","2865"
"40560","Jackson/State","2026-05-15T00:00:00.000","W","3892"
"40570","California/Milwaukee","2026-05-15T00:00:00.000","W","3441"
"40580","54th/Cermak","2026-05-15T00:00:00.000","W","1476"
"40590","Damen/Milwaukee","2026-05-15T00:00:00.000","W","4657"
"40600","Kostner","2026-05-15T00:00:00.000","W","275"
"40610","Ridgeland","2026-05-15T00:00:00.000","W","705"
"40630","Clark/Division","2026-05-15T00:00:00.000","W","5882"
"40650","North/Clybourn","2026-05-15T00:00:00.000","W","3500"
"40660","Armitage","2026-05-15T00:00:00.000","W","4039"
"40670","Western/Milwaukee","2026-05-15T00:00:00.000","W","3525"
"40680","Adams/Wabash","2026-05-15T00:00:00.000","W","4335"
"40690","Dempster","2026-05-15T00:00:00.000","W","596"
"40700","Laramie","2026-05-15T00:00:00.000","W","618"
"40710","Chicago/Franklin","2026-05-15T00:00:00.000","W","4030"
"40720","East 63rd-Cottage Grove","2026-05-15T00:00:00.000","W","794"
"40730","Washington/Wells","2026-05-15T00:00:00.000","W","3610"
"40740","Western-Cermak","2026-05-15T00:00:00.000","W","1020"
"40750","Harlem-O'Hare","2026-05-15T00:00:00.000","W","1642"
"40760","Granville","2026-05-15T00:00:00.000","W","2267"
"40770","Lawrence","2026-05-15T00:00:00.000","W","2052"
"40780","Central Park","2026-05-15T00:00:00.000","W","761"
"40790","Monroe/Dearborn","2026-05-15T00:00:00.000","W","3100"
"40800","Sedgwick","2026-05-15T00:00:00.000","W","2568"
"40810","Medical Center","2026-05-15T00:00:00.000","W","1423"
"40820","Rosemont","2026-05-15T00:00:00.000","W","5020"
"40830","18th","2026-05-15T00:00:00.000","W","1341"
"40840","South Boulevard","2026-05-15T00:00:00.000","W","388"
"40850","Library","2026-05-15T00:00:00.000","W","2277"
"40870","Francisco","2026-05-15T00:00:00.000","W","937"
"40880","Thorndale","2026-05-15T00:00:00.000","W","1812"
"40890","O'Hare Airport","2026-05-15T00:00:00.000","W","12539"
"40900","Howard","2026-05-15T00:00:00.000","W","3504"
"40910","63rd-Dan Ryan","2026-05-15T00:00:00.000","W","1924"
"40920","Pulaski-Forest Park","2026-05-15T00:00:00.000","W","634"
"40930","Midway Airport","2026-05-15T00:00:00.000","W","5532"
"40940","Halsted/63rd","2026-05-15T00:00:00.000","W","433"
"40960","Pulaski-Orange","2026-05-15T00:00:00.000","W","3274"
"40970","Cicero-Forest Park","2026-05-15T00:00:00.000","W","622"
"40980","Harlem-Forest Park","2026-05-15T00:00:00.000","W","373"
"40990","69th","2026-05-15T00:00:00.000","W","3122"
"41000","Cermak-Chinatown","2026-05-15T00:00:00.000","W","6888"
"41010","Rockwell","2026-05-15T00:00:00.000","W","1029"
"41020","Logan Square","2026-05-15T00:00:00.000","W","4846"
"41030","Polk","2026-05-15T00:00:00.000","W","2097"
"41040","Kedzie-Cermak","2026-05-15T00:00:00.000","W","831"
"41050","Linden","2026-05-15T00:00:00.000","W","628"
"41060","Ashland-Orange","2026-05-15T00:00:00.000","W","1226"
"41070","Kedzie-Lake","2026-05-15T00:00:00.000","W","777"
"41080","47th-South Elevated","2026-05-15T00:00:00.000","W","764"
"41090","Monroe/State","2026-05-15T00:00:00.000","W","4056"
"41120","35-Bronzeville-IIT","2026-05-15T00:00:00.000","W","1945"
"41130","Halsted-Orange","2026-05-15T00:00:00.000","W","1536"
"41140","King Drive","2026-05-15T00:00:00.000","W","358"
"41150","Kedzie-Midway","2026-05-15T00:00:00.000","W","2394"
"41160","Clinton-Lake","2026-05-15T00:00:00.000","W","2386"
"41170","Garfield-Dan Ryan","2026-05-15T00:00:00.000","W","2604"
"41180","Kedzie-Brown","2026-05-15T00:00:00.000","W","1411"
"41190","Jarvis","2026-05-15T00:00:00.000","W","1127"
"41200","Argyle","2026-05-15T00:00:00.000","W","2100"
"41210","Wellington","2026-05-15T00:00:00.000","W","1912"
"41220","Fullerton","2026-05-15T00:00:00.000","W","8486"
"41230","47th-Dan Ryan","2026-05-15T00:00:00.000","W","2224"
"41240","Addison-O'Hare","2026-05-15T00:00:00.000","W","2010"
"41250","Central-Evanston","2026-05-15T00:00:00.000","W","562"
"41260","Austin-Lake","2026-05-15T00:00:00.000","W","936"
"41270","43rd","2026-05-15T00:00:00.000","W","688"
"41280","Jefferson Park","2026-05-15T00:00:00.000","W","4752"
"41290","Kimball","2026-05-15T00:00:00.000","W","2447"
"41300","Loyola","2026-05-15T00:00:00.000","W","2903"
"41310","Paulina","2026-05-15T00:00:00.000","W","1751"
"41320","Belmont-North Main","2026-05-15T00:00:00.000","W","7743"
"41330","Montrose-O'Hare","2026-05-15T00:00:00.000","W","1617"
"41340","LaSalle","2026-05-15T00:00:00.000","W","1656"
"41350","Oak Park-Lake","2026-05-15T00:00:00.000","W","733"
"41360","California-Lake","2026-05-15T00:00:00.000","W","775"
"41380","Bryn Mawr","2026-05-15T00:00:00.000","W","2806"
"41400","Roosevelt","2026-05-15T00:00:00.000","W","7750"
"41410","Chicago/Milwaukee","2026-05-15T00:00:00.000","W","2017"
"41420","Addison-North Main","2026-05-15T00:00:00.000","W","5060"
"41430","87th","2026-05-15T00:00:00.000","W","2322"
"41440","Addison-Brown","2026-05-15T00:00:00.000","W","1293"
"41450","Chicago/State","2026-05-15T00:00:00.000","W","7665"
"41460","Irving Park-Brown","2026-05-15T00:00:00.000","W","1739"
"41480","Western-Brown","2026-05-15T00:00:00.000","W","1794"
"41490","Harrison","2026-05-15T00:00:00.000","W","2559"
"41500","Montrose-Brown","2026-05-15T00:00:00.000","W","1579"
"41510","Morgan-Lake","2026-05-15T00:00:00.000","W","3710"
"41660","Lake/State","2026-05-15T00:00:00.000","W","10434"
"41710","Damen-Lake","2026-05-14T00:00:00.000","W","960"
"41700","Washington/Wabash","2026-05-14T00:00:00.000","W","11584"
"41690","Cermak-McCormick Place","2026-05-14T00:00:00.000","W","1685"
"41680","Oakton-Skokie","2026-05-14T00:00:00.000","W","489"
"41670","Conservatory","2026-05-14T00:00:00.000","W","637"
"40010","Austin-Forest Park","2026-05-14T00:00:00.000","W","722"
"40020","Harlem-Lake","2026-05-14T00:00:00.000","W","2297"
"40030","Pulaski-Lake","2026-05-14T00:00:00.000","W","965"
"40040","Quincy/Wells","2026-05-14T00:00:00.000","W","5555"
"40050","Davis","2026-05-14T00:00:00.000","W","2340"
"40060","Belmont-O'Hare","2026-05-14T00:00:00.000","W","4122"
"40070","Jackson/Dearborn","2026-05-14T00:00:00.000","W","4904"
"40080","Sheridan","2026-05-14T00:00:00.000","W","3041"
"40090","Damen-Brown","2026-05-14T00:00:00.000","W","1929"
"40100","Morse","2026-05-14T00:00:00.000","W","2838"
"40120","35th/Archer","2026-05-14T00:00:00.000","W","1960"
"40130","51st","2026-05-14T00:00:00.000","W","716"
"40140","Dempster-Skokie","2026-05-14T00:00:00.000","W","836"
"40150","Pulaski-Cermak","2026-05-14T00:00:00.000","W","746"
"40160","LaSalle/Van Buren","2026-05-14T00:00:00.000","W","2183"
"40170","Ashland-Lake","2026-05-14T00:00:00.000","W","2024"
"40180","Oak Park-Forest Park","2026-05-14T00:00:00.000","W","668"
"40190","Sox-35th-Dan Ryan","2026-05-14T00:00:00.000","W","5116"
"40210","Damen-Cermak","2026-05-14T00:00:00.000","W","1390"
"40220","Western-Forest Park","2026-05-14T00:00:00.000","W","603"
"40230","Cumberland","2026-05-14T00:00:00.000","W","2811"
"40240","79th","2026-05-14T00:00:00.000","W","3912"
"40250","Kedzie-Homan-Forest Park","2026-05-14T00:00:00.000","W","906"
"40260","State/Lake","2026-05-14T00:00:00.000","W","0"
"40270","Main","2026-05-14T00:00:00.000","W","734"
"40280","Central-Lake","2026-05-14T00:00:00.000","W","1273"
"40290","Ashland/63rd","2026-05-14T00:00:00.000","W","791"
"40300","Indiana","2026-05-14T00:00:00.000","W","625"
"40310","Western-Orange","2026-05-14T00:00:00.000","W","2742"
"40320","Division/Milwaukee","2026-05-14T00:00:00.000","W","4726"
"40330","Grand/State","2026-05-14T00:00:00.000","W","6860"
"40340","Berwyn","2026-05-14T00:00:00.000","W","2024"
"40350","UIC-Halsted","2026-05-14T00:00:00.000","W","1949"
"40360","Southport","2026-05-14T00:00:00.000","W","2545"
"40370","Washington/Dearborn","2026-05-14T00:00:00.000","W","9179"
"40380","Clark/Lake","2026-05-14T00:00:00.000","W","14833"
"40390","Forest Park","2026-05-14T00:00:00.000","W","1201"
"40400","Noyes","2026-05-14T00:00:00.000","W","715"
"40420","Cicero-Cermak","2026-05-14T00:00:00.000","W","814"
"40430","Clinton-Forest Park","2026-05-14T00:00:00.000","W","2482"
"40440","California-Cermak","2026-05-14T00:00:00.000","W","1057"
"40450","95th/Dan Ryan","2026-05-14T00:00:00.000","W","6365"
"40460","Merchandise Mart","2026-05-14T00:00:00.000","W","6140"
"40470","Racine","2026-05-14T00:00:00.000","W","845"
"40480","Cicero-Lake","2026-05-14T00:00:00.000","W","668"
"40490","Grand/Milwaukee","2026-05-14T00:00:00.000","W","3167"
"40510","Garfield-South Elevated","2026-05-14T00:00:00.000","W","938"
"40520","Foster","2026-05-14T00:00:00.000","W","628"
"40530","Diversey","2026-05-14T00:00:00.000","W","4083"
"40540","Wilson","2026-05-14T00:00:00.000","W","4782"
"40550","Irving Park-O'Hare","2026-05-14T00:00:00.000","W","3082"
"40560","Jackson/State","2026-05-14T00:00:00.000","W","5642"
"40570","California/Milwaukee","2026-05-14T00:00:00.000","W","4041"
"40580","54th/Cermak","2026-05-14T00:00:00.000","W","1770"
"40590","Damen/Milwaukee","2026-05-14T00:00:00.000","W","4886"
"40600","Kostner","2026-05-14T00:00:00.000","W","306"
"40610","Ridgeland","2026-05-14T00:00:00.000","W","931"
"40630","Clark/Division","2026-05-14T00:00:00.000","W","5805"
"40650","North/Clybourn","2026-05-14T00:00:00.000","W","3456"
"40660","Armitage","2026-05-14T00:00:00.000","W","3637"
"40670","Western/Milwaukee","2026-05-14T00:00:00.000","W","4032"
"40680","Adams/Wabash","2026-05-14T00:00:00.000","W","6942"
"40690","Dempster","2026-05-14T00:00:00.000","W","529"
"40700","Laramie","2026-05-14T00:00:00.000","W","758"
"40710","Chicago/Franklin","2026-05-14T00:00:00.000","W","4556"
"40720","East 63rd-Cottage Grove","2026-05-14T00:00:00.000","W","819"
"40730","Washington/Wells","2026-05-14T00:00:00.000","W","6108"
"40740","Western-Cermak","2026-05-14T00:00:00.000","W","956"
"40750","Harlem-O'Hare","2026-05-14T00:00:00.000","W","1745"
"40760","Granville","2026-05-14T00:00:00.000","W","2243"
"40770","Lawrence","2026-05-14T00:00:00.000","W","1998"
"40780","Central Park","2026-05-14T00:00:00.000","W","816"
"40790","Monroe/Dearborn","2026-05-14T00:00:00.000","W","4482"
"40800","Sedgwick","2026-05-14T00:00:00.000","W","2996"
"40810","Medical Center","2026-05-14T00:00:00.000","W","1432"
"40820","Rosemont","2026-05-14T00:00:00.000","W","4429"
"40830","18th","2026-05-14T00:00:00.000","W","1411"
"40840","South Boulevard","2026-05-14T00:00:00.000","W","513"
"40850","Library","2026-05-14T00:00:00.000","W","2930"
"40870","Francisco","2026-05-14T00:00:00.000","W","1032"
"40880","Thorndale","2026-05-14T00:00:00.000","W","1798"
"40890","O'Hare Airport","2026-05-14T00:00:00.000","W","11876"
"40900","Howard","2026-05-14T00:00:00.000","W","3480"
"40910","63rd-Dan Ryan","2026-05-14T00:00:00.000","W","1976"
"40920","Pulaski-Forest Park","2026-05-14T00:00:00.000","W","659"
"40930","Midway Airport","2026-05-14T00:00:00.000","W","5426"
"40940","Halsted/63rd","2026-05-14T00:00:00.000","W","422"
"40960","Pulaski-Orange","2026-05-14T00:00:00.000","W","3424"
"40970","Cicero-Forest Park","2026-05-14T00:00:00.000","W","569"
"40980","Harlem-Forest Park","2026-05-14T00:00:00.000","W","406"
"40990","69th","2026-05-14T00:00:00.000","W","2874"
"41000","Cermak-Chinatown","2026-05-14T00:00:00.000","W","4857"
"41010","Rockwell","2026-05-14T00:00:00.000","W","1251"
"41020","Logan Square","2026-05-14T00:00:00.000","W","5302"
"41030","Polk","2026-05-14T00:00:00.000","W","2313"
"41040","Kedzie-Cermak","2026-05-14T00:00:00.000","W","866"
"41050","Linden","2026-05-14T00:00:00.000","W","628"
"41060","Ashland-Orange","2026-05-14T00:00:00.000","W","1377"
"41070","Kedzie-Lake","2026-05-14T00:00:00.000","W","826"
"41080","47th-South Elevated","2026-05-14T00:00:00.000","W","645"
"41090","Monroe/State","2026-05-14T00:00:00.000","W","4901"
"41120","35-Bronzeville-IIT","2026-05-14T00:00:00.000","W","1270"
"41130","Halsted-Orange","2026-05-14T00:00:00.000","W","1590"
"41140","King Drive","2026-05-14T00:00:00.000","W","340"
"41150","Kedzie-Midway","2026-05-14T00:00:00.000","W","2462"
"41160","Clinton-Lake","2026-05-14T00:00:00.000","W","3107"
"41170","Garfield-Dan Ryan","2026-05-14T00:00:00.000","W","2334"
"41180","Kedzie-Brown","2026-05-14T00:00:00.000","W","1463"
"41190","Jarvis","2026-05-14T00:00:00.000","W","1163"
"41200","Argyle","2026-05-14T00:00:00.000","W","2138"
"41210","Wellington","2026-05-14T00:00:00.000","W","2380"
"41220","Fullerton","2026-05-14T00:00:00.000","W","10775"
"41230","47th-Dan Ryan","2026-05-14T00:00:00.000","W","2068"
"41240","Addison-O'Hare","2026-05-14T00:00:00.000","W","2197"
"41250","Central-Evanston","2026-05-14T00:00:00.000","W","557"
"41260","Austin-Lake","2026-05-14T00:00:00.000","W","990"
"41270","43rd","2026-05-14T00:00:00.000","W","660"
"41280","Jefferson Park","2026-05-14T00:00:00.000","W","5111"
"41290","Kimball","2026-05-14T00:00:00.000","W","2612"
"41300","Loyola","2026-05-14T00:00:00.000","W","2995"
"41310","Paulina","2026-05-14T00:00:00.000","W","2034"
"41320","Belmont-North Main","2026-05-14T00:00:00.000","W","8219"
"41330","Montrose-O'Hare","2026-05-14T00:00:00.000","W","1869"
"41340","LaSalle","2026-05-14T00:00:00.000","W","1787"
"41350","Oak Park-Lake","2026-05-14T00:00:00.000","W","900"
"41360","California-Lake","2026-05-14T00:00:00.000","W","782"
"41380","Bryn Mawr","2026-05-14T00:00:00.000","W","2832"
"41400","Roosevelt","2026-05-14T00:00:00.000","W","7675"
"41410","Chicago/Milwaukee","2026-05-14T00:00:00.000","W","2342"
"41420","Addison-North Main","2026-05-14T00:00:00.000","W","5124"
"41430","87th","2026-05-14T00:00:00.000","W","2172"
"41440","Addison-Brown","2026-05-14T00:00:00.000","W","1484"
"41450","Chicago/State","2026-05-14T00:00:00.000","W","7669"
"41460","Irving Park-Brown","2026-05-14T00:00:00.000","W","2038"
"41480","Western-Brown","2026-05-14T00:00:00.000","W","1993"
"41490","Harrison","2026-05-14T00:00:00.000","W","2419"
"41500","Montrose-Brown","2026-05-14T00:00:00.000","W","1848"
"41510","Morgan-Lake","2026-05-14T00:00:00.000","W","4580"
"41660","Lake/State","2026-05-14T00:00:00.000","W","10890"
"41710","Damen-Lake","2026-05-13T00:00:00.000","W","970"
"41700","Washington/Wabash","2026-05-13T00:00:00.000","W","10715"
"41690","Cermak-McCormick Place","2026-05-13T00:00:00.000","W","1511"
"41680","Oakton-Skokie","2026-05-13T00:00:00.000","W","505"
"41670","Conservatory","2026-05-13T00:00:00.000","W","633"
"40010","Austin-Forest Park","2026-05-13T00:00:00.000","W","737"
"40020","Harlem-Lake","2026-05-13T00:00:00.000","W","2239"
"40030","Pulaski-Lake","2026-05-13T00:00:00.000","W","964"
"40040","Quincy/Wells","2026-05-13T00:00:00.000","W","6226"
"40050","Davis","2026-05-13T00:00:00.000","W","2216"
"40060","Belmont-O'Hare","2026-05-13T00:00:00.000","W","3828"
"40070","Jackson/Dearborn","2026-05-13T00:00:00.000","W","4465"
"40080","Sheridan","2026-05-13T00:00:00.000","W","2905"
"40090","Damen-Brown","2026-05-13T00:00:00.000","W","1895"
"40100","Morse","2026-05-13T00:00:00.000","W","2810"
"40120","35th/Archer","2026-05-13T00:00:00.000","W","1945"
"40130","51st","2026-05-13T00:00:00.000","W","704"
"40140","Dempster-Skokie","2026-05-13T00:00:00.000","W","806"
"40150","Pulaski-Cermak","2026-05-13T00:00:00.000","W","684"
"40160","LaSalle/Van Buren","2026-05-13T00:00:00.000","W","2390"
"40170","Ashland-Lake","2026-05-13T00:00:00.000","W","2020"
"40180","Oak Park-Forest Park","2026-05-13T00:00:00.000","W","696"
"40190","Sox-35th-Dan Ryan","2026-05-13T00:00:00.000","W","4353"
"40210","Damen-Cermak","2026-05-13T00:00:00.000","W","1342"
"40220","Western-Forest Park","2026-05-13T00:00:00.000","W","650"
"40230","Cumberland","2026-05-13T00:00:00.000","W","2560"
"40240","79th","2026-05-13T00:00:00.000","W","3796"
"40250","Kedzie-Homan-Forest Park","2026-05-13T00:00:00.000","W","910"
"40260","State/Lake","2026-05-13T00:00:00.000","W","0"
"40270","Main","2026-05-13T00:00:00.000","W","688"
"40280","Central-Lake","2026-05-13T00:00:00.000","W","1307"
"40290","Ashland/63rd","2026-05-13T00:00:00.000","W","731"
"40300","Indiana","2026-05-13T00:00:00.000","W","568"
"40310","Western-Orange","2026-05-13T00:00:00.000","W","2781"
"40320","Division/Milwaukee","2026-05-13T00:00:00.000","W","4549"
"40330","Grand/State","2026-05-13T00:00:00.000","W","6515"
"40340","Berwyn","2026-05-13T00:00:00.000","W","1918"
"40350","UIC-Halsted","2026-05-13T00:00:00.000","W","2066"
"40360","Southport","2026-05-13T00:00:00.000","W","2525"
"40370","Washington/Dearborn","2026-05-13T00:00:00.000","W","8793"
"40380","Clark/Lake","2026-05-13T00:00:00.000","W","14400"
"40390","Forest Park","2026-05-13T00:00:00.000","W","1215"
"40400","Noyes","2026-05-13T00:00:00.000","W","624"
"40420","Cicero-Cermak","2026-05-13T00:00:00.000","W","746"
"40430","Clinton-Forest Park","2026-05-13T00:00:00.000","W","2410"
"40440","California-Cermak","2026-05-13T00:00:00.000","W","1071"
"40450","95th/Dan Ryan","2026-05-13T00:00:00.000","W","6371"
"40460","Merchandise Mart","2026-05-13T00:00:00.000","W","6294"
"40470","Racine","2026-05-13T00:00:00.000","W","894"
"40480","Cicero-Lake","2026-05-13T00:00:00.000","W","699"
"40490","Grand/Milwaukee","2026-05-13T00:00:00.000","W","2022"
"40510","Garfield-South Elevated","2026-05-13T00:00:00.000","W","886"
"40520","Foster","2026-05-13T00:00:00.000","W","524"
"40530","Diversey","2026-05-13T00:00:00.000","W","3991"
"40540","Wilson","2026-05-13T00:00:00.000","W","4694"
"40550","Irving Park-O'Hare","2026-05-13T00:00:00.000","W","2906"
"40560","Jackson/State","2026-05-13T00:00:00.000","W","5255"
"40570","California/Milwaukee","2026-05-13T00:00:00.000","W","3794"
"40580","54th/Cermak","2026-05-13T00:00:00.000","W","1872"
"40590","Damen/Milwaukee","2026-05-13T00:00:00.000","W","4617"
"40600","Kostner","2026-05-13T00:00:00.000","W","282"
"40610","Ridgeland","2026-05-13T00:00:00.000","W","876"
"40630","Clark/Division","2026-05-13T00:00:00.000","W","5293"
"40650","North/Clybourn","2026-05-13T00:00:00.000","W","3490"
"40660","Armitage","2026-05-13T00:00:00.000","W","3654"
"40670","Western/Milwaukee","2026-05-13T00:00:00.000","W","3966"
"40680","Adams/Wabash","2026-05-13T00:00:00.000","W","5490"
"40690","Dempster","2026-05-13T00:00:00.000","W","549"
"40700","Laramie","2026-05-13T00:00:00.000","W","818"
"40710","Chicago/Franklin","2026-05-13T00:00:00.000","W","4597"
"40720","East 63rd-Cottage Grove","2026-05-13T00:00:00.000","W","823"
"40730","Washington/Wells","2026-05-13T00:00:00.000","W","6496"
"40740","Western-Cermak","2026-05-13T00:00:00.000","W","901"
"40750","Harlem-O'Hare","2026-05-13T00:00:00.000","W","1721"
"40760","Granville","2026-05-13T00:00:00.000","W","2170"
"40770","Lawrence","2026-05-13T00:00:00.000","W","1948"
"40780","Central Park","2026-05-13T00:00:00.000","W","863"
"40790","Monroe/Dearborn","2026-05-13T00:00:00.000","W","4464"
"40800","Sedgwick","2026-05-13T00:00:00.000","W","2957"
"40810","Medical Center","2026-05-13T00:00:00.000","W","1462"
"40820","Rosemont","2026-05-13T00:00:00.000","W","4037"
"40830","18th","2026-05-13T00:00:00.000","W","1371"
"40840","South Boulevard","2026-05-13T00:00:00.000","W","472"
"40850","Library","2026-05-13T00:00:00.000","W","2769"
"40870","Francisco","2026-05-13T00:00:00.000","W","1024"
"40880","Thorndale","2026-05-13T00:00:00.000","W","1761"
"40890","O'Hare Airport","2026-05-13T00:00:00.000","W","9437"
"40900","Howard","2026-05-13T00:00:00.000","W","3606"
"40910","63rd-Dan Ryan","2026-05-13T00:00:00.000","W","1849"
"40920","Pulaski-Forest Park","2026-05-13T00:00:00.000","W","574"
"40930","Midway Airport","2026-05-13T00:00:00.000","W","5344"
"40940","Halsted/63rd","2026-05-13T00:00:00.000","W","421"
"40960","Pulaski-Orange","2026-05-13T00:00:00.000","W","3494"
"40970","Cicero-Forest Park","2026-05-13T00:00:00.000","W","553"
"40980","Harlem-Forest Park","2026-05-13T00:00:00.000","W","404"
"40990","69th","2026-05-13T00:00:00.000","W","3048"
"41000","Cermak-Chinatown","2026-05-13T00:00:00.000","W","4718"
"41010","Rockwell","2026-05-13T00:00:00.000","W","1199"
"41020","Logan Square","2026-05-13T00:00:00.000","W","5295"
"41030","Polk","2026-05-13T00:00:00.000","W","2404"
"41040","Kedzie-Cermak","2026-05-13T00:00:00.000","W","848"
"41050","Linden","2026-05-13T00:00:00.000","W","601"
"41060","Ashland-Orange","2026-05-13T00:00:00.000","W","1333"
"41070","Kedzie-Lake","2026-05-13T00:00:00.000","W","794"
"41080","47th-South Elevated","2026-05-13T00:00:00.000","W","760"
"41090","Monroe/State","2026-05-13T00:00:00.000","W","4629"
"41120","35-Bronzeville-IIT","2026-05-13T00:00:00.000","W","1186"
"41130","Halsted-Orange","2026-05-13T00:00:00.000","W","1618"
"41140","King Drive","2026-05-13T00:00:00.000","W","330"
"41150","Kedzie-Midway","2026-05-13T00:00:00.000","W","2457"
"41160","Clinton-Lake","2026-05-13T00:00:00.000","W","3131"
"41170","Garfield-Dan Ryan","2026-05-13T00:00:00.000","W","2462"
"41180","Kedzie-Brown","2026-05-13T00:00:00.000","W","1501"
"41190","Jarvis","2026-05-13T00:00:00.000","W","1111"
"41200","Argyle","2026-05-13T00:00:00.000","W","2119"
"41210","Wellington","2026-05-13T00:00:00.000","W","2324"
"41220","Fullerton","2026-05-13T00:00:00.000","W","10477"
"41230","47th-Dan Ryan","2026-05-13T00:00:00.000","W","2042"
"41240","Addison-O'Hare","2026-05-13T00:00:00.000","W","2097"
"41250","Central-Evanston","2026-05-13T00:00:00.000","W","529"
"41260","Austin-Lake","2026-05-13T00:00:00.000","W","979"
"41270","43rd","2026-05-13T00:00:00.000","W","722"
"41280","Jefferson Park","2026-05-13T00:00:00.000","W","4799"
"41290","Kimball","2026-05-13T00:00:00.000","W","2666"
"41300","Loyola","2026-05-13T00:00:00.000","W","2894"
"41310","Paulina","2026-05-13T00:00:00.000","W","2031"
"41320","Belmont-North Main","2026-05-13T00:00:00.000","W","8124"
"41330","Montrose-O'Hare","2026-05-13T00:00:00.000","W","1813"
"41340","LaSalle","2026-05-13T00:00:00.000","W","1785"
"41350","Oak Park-Lake","2026-05-13T00:00:00.000","W","883"
"41360","California-Lake","2026-05-13T00:00:00.000","W","788"
"41380","Bryn Mawr","2026-05-13T00:00:00.000","W","2780"
"41400","Roosevelt","2026-05-13T00:00:00.000","W","7421"
"41410","Chicago/Milwaukee","2026-05-13T00:00:00.000","W","2307"
"41420","Addison-North Main","2026-05-13T00:00:00.000","W","4820"
"41430","87th","2026-05-13T00:00:00.000","W","2155"
"41440","Addison-Brown","2026-05-13T00:00:00.000","W","1544"
"41450","Chicago/State","2026-05-13T00:00:00.000","W","7583"
"41460","Irving Park-Brown","2026-05-13T00:00:00.000","W","1961"
"41480","Western-Brown","2026-05-13T00:00:00.000","W","1911"
"41490","Harrison","2026-05-13T00:00:00.000","W","2385"
"41500","Montrose-Brown","2026-05-13T00:00:00.000","W","1789"
"41510","Morgan-Lake","2026-05-13T00:00:00.000","W","4153"
"41660","Lake/State","2026-05-13T00:00:00.000","W","11063"
"41710","Damen-Lake","2026-05-12T00:00:00.000","W","933"
"41700","Washington/Wabash","2026-05-12T00:00:00.000","W","10286"
"41690","Cermak-McCormick Place","2026-05-12T00:00:00.000","W","1483"
"41680","Oakton-Skokie","2026-05-12T00:00:00.000","W","469"
"41670","Conservatory","2026-05-12T00:00:00.000","W","469"
"41660","Lake/State","2026-05-12T00:00:00.000","W","10619"
"41510","Morgan-Lake","2026-05-12T00:00:00.000","W","4283"
"41500","Montrose-Brown","2026-05-12T00:00:00.000","W","1747"
"41490","Harrison","2026-05-12T00:00:00.000","W","2305"
"41480","Western-Brown","2026-05-12T00:00:00.000","W","1950"
"41460","Irving Park-Brown","2026-05-12T00:00:00.000","W","1985"
"41450","Chicago/State","2026-05-12T00:00:00.000","W","7219"
"41440","Addison-Brown","2026-05-12T00:00:00.000","W","1575"
"41430","87th","2026-05-12T00:00:00.000","W","2100"
"41420","Addison-North Main","2026-05-12T00:00:00.000","W","4600"
"41410","Chicago/Milwaukee","2026-05-12T00:00:00.000","W","2052"
"41400","Roosevelt","2026-05-12T00:00:00.000","W","7091"
"41380","Bryn Mawr","2026-05-12T00:00:00.000","W","2696"
"41360","California-Lake","2026-05-12T00:00:00.000","W","848"
"41350","Oak Park-Lake","2026-05-12T00:00:00.000","W","816"
"40010","Austin-Forest Park","2026-05-12T00:00:00.000","W","727"
"40020","Harlem-Lake","2026-05-12T00:00:00.000","W","2241"
"40030","Pulaski-Lake","2026-05-12T00:00:00.000","W","999"
"40040","Quincy/Wells","2026-05-12T00:00:00.000","W","6908"
"40050","Davis","2026-05-12T00:00:00.000","W","2130"
"40060","Belmont-O'Hare","2026-05-12T00:00:00.000","W","3710"
"40070","Jackson/Dearborn","2026-05-12T00:00:00.000","W","4339"
"40080","Sheridan","2026-05-12T00:00:00.000","W","2784"
"40090","Damen-Brown","2026-05-12T00:00:00.000","W","1779"
"40100","Morse","2026-05-12T00:00:00.000","W","2725"
"40120","35th/Archer","2026-05-12T00:00:00.000","W","1836"
"40130","51st","2026-05-12T00:00:00.000","W","677"
"40140","Dempster-Skokie","2026-05-12T00:00:00.000","W","848"
"40150","Pulaski-Cermak","2026-05-12T00:00:00.000","W","689"
"40160","LaSalle/Van Buren","2026-05-12T00:00:00.000","W","2430"
"40170","Ashland-Lake","2026-05-12T00:00:00.000","W","1847"
"40180","Oak Park-Forest Park","2026-05-12T00:00:00.000","W","643"
"40190","Sox-35th-Dan Ryan","2026-05-12T00:00:00.000","W","4947"
"40210","Damen-Cermak","2026-05-12T00:00:00.000","W","1294"
"40220","Western-Forest Park","2026-05-12T00:00:00.000","W","649"
"40230","Cumberland","2026-05-12T00:00:00.000","W","2347"
"40240","79th","2026-05-12T00:00:00.000","W","3895"
"40250","Kedzie-Homan-Forest Park","2026-05-12T00:00:00.000","W","913"
"40260","State/Lake","2026-05-12T00:00:00.000","W","0"
"40270","Main","2026-05-12T00:00:00.000","W","679"
"40280","Central-Lake","2026-05-12T00:00:00.000","W","1300"
"40290","Ashland/63rd","2026-05-12T00:00:00.000","W","719"
"40300","Indiana","2026-05-12T00:00:00.000","W","508"
"40310","Western-Orange","2026-05-12T00:00:00.000","W","2579"
"40320","Division/Milwaukee","2026-05-12T00:00:00.000","W","4229"
"40330","Grand/State","2026-05-12T00:00:00.000","W","6170"
"40340","Berwyn","2026-05-12T00:00:00.000","W","1844"
"40350","UIC-Halsted","2026-05-12T00:00:00.000","W","2013"
"40360","Southport","2026-05-12T00:00:00.000","W","2539"
"40370","Washington/Dearborn","2026-05-12T00:00:00.000","W","8327"
"40380","Clark/Lake","2026-05-12T00:00:00.000","W","14532"
"40390","Forest Park","2026-05-12T00:00:00.000","W","1090"
"40400","Noyes","2026-05-12T00:00:00.000","W","620"
"40420","Cicero-Cermak","2026-05-12T00:00:00.000","W","724"
"40430","Clinton-Forest Park","2026-05-12T00:00:00.000","W","2356"
"40440","California-Cermak","2026-05-12T00:00:00.000","W","965"
"40450","95th/Dan Ryan","2026-05-12T00:00:00.000","W","6288"
"40460","Merchandise Mart","2026-05-12T00:00:00.000","W","6403"
"40470","Racine","2026-05-12T00:00:00.000","W","881"
"40480","Cicero-Lake","2026-05-12T00:00:00.000","W","678"
"40490","Grand/Milwaukee","2026-05-12T00:00:00.000","W","2687"
"40510","Garfield-South Elevated","2026-05-12T00:00:00.000","W","884"
"40520","Foster","2026-05-12T00:00:00.000","W","503"
"40530","Diversey","2026-05-12T00:00:00.000","W","4076"
"40540","Wilson","2026-05-12T00:00:00.000","W","4621"
"40550","Irving Park-O'Hare","2026-05-12T00:00:00.000","W","2810"
"40560","Jackson/State","2026-05-12T00:00:00.000","W","5470"
"40570","California/Milwaukee","2026-05-12T00:00:00.000","W","3605"
"40580","54th/Cermak","2026-05-12T00:00:00.000","W","1952"
"40590","Damen/Milwaukee","2026-05-12T00:00:00.000","W","4342"
"40600","Kostner","2026-05-12T00:00:00.000","W","292"
"40610","Ridgeland","2026-05-12T00:00:00.000","W","890"
"40630","Clark/Division","2026-05-12T00:00:00.000","W","5345"
"40650","North/Clybourn","2026-05-12T00:00:00.000","W","3296"
"40660","Armitage","2026-05-12T00:00:00.000","W","3501"
"40670","Western/Milwaukee","2026-05-12T00:00:00.000","W","3749"
"40680","Adams/Wabash","2026-05-12T00:00:00.000","W","5620"
"40690","Dempster","2026-05-12T00:00:00.000","W","518"
"40700","Laramie","2026-05-12T00:00:00.000","W","769"
"40710","Chicago/Franklin","2026-05-12T00:00:00.000","W","4547"
"40720","East 63rd-Cottage Grove","2026-05-12T00:00:00.000","W","782"
"40730","Washington/Wells","2026-05-12T00:00:00.000","W","7074"
"40740","Western-Cermak","2026-05-12T00:00:00.000","W","857"
"40750","Harlem-O'Hare","2026-05-12T00:00:00.000","W","1701"
"40760","Granville","2026-05-12T00:00:00.000","W","2255"
"40770","Lawrence","2026-05-12T00:00:00.000","W","1996"
"40780","Central Park","2026-05-12T00:00:00.000","W","816"
"40790","Monroe/Dearborn","2026-05-12T00:00:00.000","W","4357"
"40800","Sedgwick","2026-05-12T00:00:00.000","W","2833"
"40810","Medical Center","2026-05-12T00:00:00.000","W","1436"
"40820","Rosemont","2026-05-12T00:00:00.000","W","3777"
"40830","18th","2026-05-12T00:00:00.000","W","1227"
"40840","South Boulevard","2026-05-12T00:00:00.000","W","453"
"40850","Library","2026-05-12T00:00:00.000","W","2758"
"40870","Francisco","2026-05-12T00:00:00.000","W","1003"
"40880","Thorndale","2026-05-12T00:00:00.000","W","1773"
"40890","O'Hare Airport","2026-05-12T00:00:00.000","W","8644"
"40900","Howard","2026-05-12T00:00:00.000","W","3274"
"40910","63rd-Dan Ryan","2026-05-12T00:00:00.000","W","1889"
"40920","Pulaski-Forest Park","2026-05-12T00:00:00.000","W","604"
"40930","Midway Airport","2026-05-12T00:00:00.000","W","5307"
"40940","Halsted/63rd","2026-05-12T00:00:00.000","W","397"
"40960","Pulaski-Orange","2026-05-12T00:00:00.000","W","3387"
"40970","Cicero-Forest Park","2026-05-12T00:00:00.000","W","565"
"40980","Harlem-Forest Park","2026-05-12T00:00:00.000","W","436"
"40990","69th","2026-05-12T00:00:00.000","W","2919"
"41000","Cermak-Chinatown","2026-05-12T00:00:00.000","W","4065"
"41010","Rockwell","2026-05-12T00:00:00.000","W","1204"
"41020","Logan Square","2026-05-12T00:00:00.000","W","5045"
"41030","Polk","2026-05-12T00:00:00.000","W","2304"
"41040","Kedzie-Cermak","2026-05-12T00:00:00.000","W","746"
"41050","Linden","2026-05-12T00:00:00.000","W","578"
"41060","Ashland-Orange","2026-05-12T00:00:00.000","W","1249"
"41070","Kedzie-Lake","2026-05-12T00:00:00.000","W","801"
"41080","47th-South Elevated","2026-05-12T00:00:00.000","W","724"
"41090","Monroe/State","2026-05-12T00:00:00.000","W","4541"
"41120","35-Bronzeville-IIT","2026-05-12T00:00:00.000","W","1099"
"41130","Halsted-Orange","2026-05-12T00:00:00.000","W","1546"
"41140","King Drive","2026-05-12T00:00:00.000","W","324"
"41150","Kedzie-Midway","2026-05-12T00:00:00.000","W","2345"
"41160","Clinton-Lake","2026-05-12T00:00:00.000","W","3248"
"41170","Garfield-Dan Ryan","2026-05-12T00:00:00.000","W","2348"
"41180","Kedzie-Brown","2026-05-12T00:00:00.000","W","1441"
"41190","Jarvis","2026-05-12T00:00:00.000","W","1054"
"41200","Argyle","2026-05-12T00:00:00.000","W","2068"
"41210","Wellington","2026-05-12T00:00:00.000","W","2373"
"41220","Fullerton","2026-05-12T00:00:00.000","W","10398"
"41230","47th-Dan Ryan","2026-05-12T00:00:00.000","W","1876"
"41240","Addison-O'Hare","2026-05-12T00:00:00.000","W","2059"
"41250","Central-Evanston","2026-05-12T00:00:00.000","W","538"
"41260","Austin-Lake","2026-05-12T00:00:00.000","W","918"
"41270","43rd","2026-05-12T00:00:00.000","W","679"
"41280","Jefferson Park","2026-05-12T00:00:00.000","W","4564"
"41290","Kimball","2026-05-12T00:00:00.000","W","2452"
"41300","Loyola","2026-05-12T00:00:00.000","W","2723"
"41310","Paulina","2026-05-12T00:00:00.000","W","2046"
"41320","Belmont-North Main","2026-05-12T00:00:00.000","W","8109"
"41330","Montrose-O'Hare","2026-05-12T00:00:00.000","W","1693"
"41340","LaSalle","2026-05-12T00:00:00.000","W","1617"
"41710","Damen-Lake","2026-05-11T00:00:00.000","W","778"
"41700","Washington/Wabash","2026-05-11T00:00:00.000","W","9211"
"41690","Cermak-McCormick Place","2026-05-11T00:00:00.000","W","1329"
"41680","Oakton-Skokie","2026-05-11T00:00:00.000","W","463"
"41670","Conservatory","2026-05-11T00:00:00.000","W","444"
"41660","Lake/State","2026-05-11T00:00:00.000","W","8842"
"41510","Morgan-Lake","2026-05-11T00:00:00.000","W","3297"
"41500","Montrose-Brown","2026-05-11T00:00:00.000","W","1440"
"41490","Harrison","2026-05-11T00:00:00.000","W","2030"
"41480","Western-Brown","2026-05-11T00:00:00.000","W","1631"
"41460","Irving Park-Brown","2026-05-11T00:00:00.000","W","1612"
"41450","Chicago/State","2026-05-11T00:00:00.000","W","6448"
"41440","Addison-Brown","2026-05-11T00:00:00.000","W","1334"
"41430","87th","2026-05-11T00:00:00.000","W","1942"
"41420","Addison-North Main","2026-05-11T00:00:00.000","W","3885"
"41410","Chicago/Milwaukee","2026-05-11T00:00:00.000","W","1855"
"41400","Roosevelt","2026-05-11T00:00:00.000","W","6354"
"41380","Bryn Mawr","2026-05-11T00:00:00.000","W","2435"
"41360","California-Lake","2026-05-11T00:00:00.000","W","772"
"41350","Oak Park-Lake","2026-05-11T00:00:00.000","W","712"
"40010","Austin-Forest Park","2026-05-11T00:00:00.000","W","678"
"40020","Harlem-Lake","2026-05-11T00:00:00.000","W","1959"
"40030","Pulaski-Lake","2026-05-11T00:00:00.000","W","824"
"40040","Quincy/Wells","2026-05-11T00:00:00.000","W","5035"
"40050","Davis","2026-05-11T00:00:00.000","W","1933"
"40060","Belmont-O'Hare","2026-05-11T00:00:00.000","W","3128"
"40070","Jackson/Dearborn","2026-05-11T00:00:00.000","W","3905"
"40080","Sheridan","2026-05-11T00:00:00.000","W","2470"
"40090","Damen-Brown","2026-05-11T00:00:00.000","W","1625"
"40100","Morse","2026-05-11T00:00:00.000","W","2535"
"40120","35th/Archer","2026-05-11T00:00:00.000","W","1714"
"40130","51st","2026-05-11T00:00:00.000","W","628"
"40140","Dempster-Skokie","2026-05-11T00:00:00.000","W","781"
"40150","Pulaski-Cermak","2026-05-11T00:00:00.000","W","666"
"40160","LaSalle/Van Buren","2026-05-11T00:00:00.000","W","1835"
"40170","Ashland-Lake","2026-05-11T00:00:00.000","W","1571"
"40180","Oak Park-Forest Park","2026-05-11T00:00:00.000","W","589"
"40190","Sox-35th-Dan Ryan","2026-05-11T00:00:00.000","W","2289"
"40210","Damen-Cermak","2026-05-11T00:00:00.000","W","1170"
"40220","Western-Forest Park","2026-05-11T00:00:00.000","W","609"
"40230","Cumberland","2026-05-11T00:00:00.000","W","2019"
"40240","79th","2026-05-11T00:00:00.000","W","3635"
"40250","Kedzie-Homan-Forest Park","2026-05-11T00:00:00.000","W","870"
"40260","State/Lake","2026-05-11T00:00:00.000","W","0"
"40270","Main","2026-05-11T00:00:00.000","W","639"
"40280","Central-Lake","2026-05-11T00:00:00.000","W","1155"
"40290","Ashland/63rd","2026-05-11T00:00:00.000","W","727"
"40300","Indiana","2026-05-11T00:00:00.000","W","487"
"40310","Western-Orange","2026-05-11T00:00:00.000","W","2340"
"40320","Division/Milwaukee","2026-05-11T00:00:00.000","W","3699"
"40330","Grand/State","2026-05-11T00:00:00.000","W","5403"
"40340","Berwyn","2026-05-11T00:00:00.000","W","1689"
"40350","UIC-Halsted","2026-05-11T00:00:00.000","W","1874"
"40360","Southport","2026-05-11T00:00:00.000","W","1898"
"40370","Washington/Dearborn","2026-05-11T00:00:00.000","W","7546"
"40380","Clark/Lake","2026-05-11T00:00:00.000","W","11113"
"40390","Forest Park","2026-05-11T00:00:00.000","W","1181"
"40400","Noyes","2026-05-11T00:00:00.000","W","584"
"40420","Cicero-Cermak","2026-05-11T00:00:00.000","W","727"
"40430","Clinton-Forest Park","2026-05-11T00:00:00.000","W","1926"
"40440","California-Cermak","2026-05-11T00:00:00.000","W","949"
"40450","95th/Dan Ryan","2026-05-11T00:00:00.000","W","5813"
"40460","Merchandise Mart","2026-05-11T00:00:00.000","W","4645"
"40470","Racine","2026-05-11T00:00:00.000","W","752"
"40480","Cicero-Lake","2026-05-11T00:00:00.000","W","628"
"40490","Grand/Milwaukee","2026-05-11T00:00:00.000","W","2346"
"40510","Garfield-South Elevated","2026-05-11T00:00:00.000","W","826"
"40520","Foster","2026-05-11T00:00:00.000","W","492"
"40530","Diversey","2026-05-11T00:00:00.000","W","3228"
"40540","Wilson","2026-05-11T00:00:00.000","W","4073"
"40550","Irving Park-O'Hare","2026-05-11T00:00:00.000","W","2564"
"40560","Jackson/State","2026-05-11T00:00:00.000","W","4577"
"40570","California/Milwaukee","2026-05-11T00:00:00.000","W","3035"
"40580","54th/Cermak","2026-05-11T00:00:00.000","W","1593"
"40590","Damen/Milwaukee","2026-05-11T00:00:00.000","W","3705"
"40600","Kostner","2026-05-11T00:00:00.000","W","270"
"40610","Ridgeland","2026-05-11T00:00:00.000","W","762"
"40630","Clark/Division","2026-05-11T00:00:00.000","W","4590"
"40650","North/Clybourn","2026-05-11T00:00:00.000","W","2952"
"40660","Armitage","2026-05-11T00:00:00.000","W","2961"
"40670","Western/Milwaukee","2026-05-11T00:00:00.000","W","3114"
"40680","Adams/Wabash","2026-05-11T00:00:00.000","W","4835"
"40690","Dempster","2026-05-11T00:00:00.000","W","485"
"40700","Laramie","2026-05-11T00:00:00.000","W","684"
"40710","Chicago/Franklin","2026-05-11T00:00:00.000","W","3679"
"40720","East 63rd-Cottage Grove","2026-05-11T00:00:00.000","W","641"
"40730","Washington/Wells","2026-05-11T00:00:00.000","W","5286"
"40740","Western-Cermak","2026-05-11T00:00:00.000","W","845"
"40750","Harlem-O'Hare","2026-05-11T00:00:00.000","W","1573"
"40760","Granville","2026-05-11T00:00:00.000","W","1962"
"40770","Lawrence","2026-05-11T00:00:00.000","W","1771"
"40780","Central Park","2026-05-11T00:00:00.000","W","749"
"40790","Monroe/Dearborn","2026-05-11T00:00:00.000","W","3510"
"40800","Sedgwick","2026-05-11T00:00:00.000","W","2404"
"40810","Medical Center","2026-05-11T00:00:00.000","W","1346"
"40820","Rosemont","2026-05-11T00:00:00.000","W","3565"
"40830","18th","2026-05-11T00:00:00.000","W","1255"
"40840","South Boulevard","2026-05-11T00:00:00.000","W","400"
"40850","Library","2026-05-11T00:00:00.000","W","2483"
"40870","Francisco","2026-05-11T00:00:00.000","W","911"
"40880","Thorndale","2026-05-11T00:00:00.000","W","1627"
"40890","O'Hare Airport","2026-05-11T00:00:00.000","W","9697"
"40900","Howard","2026-05-11T00:00:00.000","W","3323"
"40910","63rd-Dan Ryan","2026-05-11T00:00:00.000","W","1754"
"40920","Pulaski-Forest Park","2026-05-11T00:00:00.000","W","611"
"40930","Midway Airport","2026-05-11T00:00:00.000","W","4860"
"40940","Halsted/63rd","2026-05-11T00:00:00.000","W","382"
"40960","Pulaski-Orange","2026-05-11T00:00:00.000","W","3029"
"40970","Cicero-Forest Park","2026-05-11T00:00:00.000","W","551"
"40980","Harlem-Forest Park","2026-05-11T00:00:00.000","W","332"
"40990","69th","2026-05-11T00:00:00.000","W","2702"
"41000","Cermak-Chinatown","2026-05-11T00:00:00.000","W","4192"
"41010","Rockwell","2026-05-11T00:00:00.000","W","1013"
"41020","Logan Square","2026-05-11T00:00:00.000","W","4267"
"41030","Polk","2026-05-11T00:00:00.000","W","2142"
"41040","Kedzie-Cermak","2026-05-11T00:00:00.000","W","724"
"41050","Linden","2026-05-11T00:00:00.000","W","459"
"41060","Ashland-Orange","2026-05-11T00:00:00.000","W","1249"
"41070","Kedzie-Lake","2026-05-11T00:00:00.000","W","651"
"41080","47th-South Elevated","2026-05-11T00:00:00.000","W","642"
"41090","Monroe/State","2026-05-11T00:00:00.000","W","3714"
"41120","35-Bronzeville-IIT","2026-05-11T00:00:00.000","W","982"
"41130","Halsted-Orange","2026-05-11T00:00:00.000","W","1403"
"41140","King Drive","2026-05-11T00:00:00.000","W","294"
"41150","Kedzie-Midway","2026-05-11T00:00:00.000","W","2238"
"41160","Clinton-Lake","2026-05-11T00:00:00.000","W","2550"
"41170","Garfield-Dan Ryan","2026-05-11T00:00:00.000","W","1949"
"41180","Kedzie-Brown","2026-05-11T00:00:00.000","W","1268"
"41190","Jarvis","2026-05-11T00:00:00.000","W","957"
"41200","Argyle","2026-05-11T00:00:00.000","W","1835"
"41210","Wellington","2026-05-11T00:00:00.000","W","1807"
"41220","Fullerton","2026-05-11T00:00:00.000","W","8850"
"41230","47th-Dan Ryan","2026-05-11T00:00:00.000","W","1813"
"41240","Addison-O'Hare","2026-05-11T00:00:00.000","W","1707"
"41250","Central-Evanston","2026-05-11T00:00:00.000","W","517"
"41260","Austin-Lake","2026-05-11T00:00:00.000","W","803"
"41270","43rd","2026-05-11T00:00:00.000","W","637"
"41280","Jefferson Park","2026-05-11T00:00:00.000","W","4257"
"41290","Kimball","2026-05-11T00:00:00.000","W","2290"
"41300","Loyola","2026-05-11T00:00:00.000","W","2579"
"41310","Paulina","2026-05-11T00:00:00.000","W","1597"
"41320","Belmont-North Main","2026-05-11T00:00:00.000","W","6757"
"41330","Montrose-O'Hare","2026-05-11T00:00:00.000","W","1427"
"41340","LaSalle","2026-05-11T00:00:00.000","W","1546"
"41710","Damen-Lake","2026-05-10T00:00:00.000","U","448"
"41700","Washington/Wabash","2026-05-10T00:00:00.000","U","5016"
"41690","Cermak-McCormick Place","2026-05-10T00:00:00.000","U","900"
"41680","Oakton-Skokie","2026-05-10T00:00:00.000","U","213"
"41670","Conservatory","2026-05-10T00:00:00.000","U","447"
"41660","Lake/State","2026-05-10T00:00:00.000","U","5617"
"41510","Morgan-Lake","2026-05-10T00:00:00.000","U","2383"
"41500","Montrose-Brown","2026-05-10T00:00:00.000","U","792"
"41490","Harrison","2026-05-10T00:00:00.000","U","1592"
"41480","Western-Brown","2026-05-10T00:00:00.000","U","893"
"41460","Irving Park-Brown","2026-05-10T00:00:00.000","U","748"
"41450","Chicago/State","2026-05-10T00:00:00.000","U","4716"
"41440","Addison-Brown","2026-05-10T00:00:00.000","U","617"
"41430","87th","2026-05-10T00:00:00.000","U","1310"
"41420","Addison-North Main","2026-05-10T00:00:00.000","U","3030"
"41410","Chicago/Milwaukee","2026-05-10T00:00:00.000","U","1151"
"41400","Roosevelt","2026-05-10T00:00:00.000","U","4678"
"41380","Bryn Mawr","2026-05-10T00:00:00.000","U","1715"
"41360","California-Lake","2026-05-10T00:00:00.000","U","382"
"40010","Austin-Forest Park","2026-05-10T00:00:00.000","U","266"
"40020","Harlem-Lake","2026-05-10T00:00:00.000","U","1144"
"40030","Pulaski-Lake","2026-05-10T00:00:00.000","U","441"
"40040","Quincy/Wells","2026-05-10T00:00:00.000","U","1146"
"40050","Davis","2026-05-10T00:00:00.000","U","1214"
"40060","Belmont-O'Hare","2026-05-10T00:00:00.000","U","1941"
"40070","Jackson/Dearborn","2026-05-10T00:00:00.000","U","2026"
"40080","Sheridan","2026-05-10T00:00:00.000","U","1637"
"40090","Damen-Brown","2026-05-10T00:00:00.000","U","808"
"40100","Morse","2026-05-10T00:00:00.000","U","1788"
"40120","35th/Archer","2026-05-10T00:00:00.000","U","763"
"40130","51st","2026-05-10T00:00:00.000","U","418"
"40140","Dempster-Skokie","2026-05-10T00:00:00.000","U","420"
"40150","Pulaski-Cermak","2026-05-10T00:00:00.000","U","367"
"40160","LaSalle/Van Buren","2026-05-10T00:00:00.000","U","403"
"40170","Ashland-Lake","2026-05-10T00:00:00.000","U","827"
"40180","Oak Park-Forest Park","2026-05-10T00:00:00.000","U","205"
"40190","Sox-35th-Dan Ryan","2026-05-10T00:00:00.000","U","3814"
"40210","Damen-Cermak","2026-05-10T00:00:00.000","U","552"
"40220","Western-Forest Park","2026-05-10T00:00:00.000","U","321"
"40230","Cumberland","2026-05-10T00:00:00.000","U","1014"
"40240","79th","2026-05-10T00:00:00.000","U","2537"
"40250","Kedzie-Homan-Forest Park","2026-05-10T00:00:00.000","U","563"
"40260","State/Lake","2026-05-10T00:00:00.000","U","0"
"40270","Main","2026-05-10T00:00:00.000","U","344"
"40280","Central-Lake","2026-05-10T00:00:00.000","U","664"
"40290","Ashland/63rd","2026-05-10T00:00:00.000","U","394"
"40300","Indiana","2026-05-10T00:00:00.000","U","256"
"40310","Western-Orange","2026-05-10T00:00:00.000","U","981"
"40320","Division/Milwaukee","2026-05-10T00:00:00.000","U","2414"
"40330","Grand/State","2026-05-10T00:00:00.000","U","5716"
"40340","Berwyn","2026-05-10T00:00:00.000","U","1234"
"40350","UIC-Halsted","2026-05-10T00:00:00.000","U","1057"
"40360","Southport","2026-05-10T00:00:00.000","U","1324"
"40370","Washington/Dearborn","2026-05-10T00:00:00.000","U","4643"
"40380","Clark/Lake","2026-05-10T00:00:00.000","U","5436"
"40390","Forest Park","2026-05-10T00:00:00.000","U","591"
"40400","Noyes","2026-05-10T00:00:00.000","U","320"
"40420","Cicero-Cermak","2026-05-10T00:00:00.000","U","458"
"40430","Clinton-Forest Park","2026-05-10T00:00:00.000","U","952"
"40440","California-Cermak","2026-05-10T00:00:00.000","U","487"
"40450","95th/Dan Ryan","2026-05-10T00:00:00.000","U","3456"
"40460","Merchandise Mart","2026-05-10T00:00:00.000","U","1340"
"40470","Racine","2026-05-10T00:00:00.000","U","360"
"40480","Cicero-Lake","2026-05-10T00:00:00.000","U","356"
"40490","Grand/Milwaukee","2026-05-10T00:00:00.000","U","1899"
"40510","Garfield-South Elevated","2026-05-10T00:00:00.000","U","499"
"40520","Foster","2026-05-10T00:00:00.000","U","328"
"40530","Diversey","2026-05-10T00:00:00.000","U","1417"
"40540","Wilson","2026-05-10T00:00:00.000","U","2671"
"40550","Irving Park-O'Hare","2026-05-10T00:00:00.000","U","1463"
"40560","Jackson/State","2026-05-10T00:00:00.000","U","1781"
"40570","California/Milwaukee","2026-05-10T00:00:00.000","U","2027"
"40580","54th/Cermak","2026-05-10T00:00:00.000","U","1266"
"40590","Damen/Milwaukee","2026-05-10T00:00:00.000","U","3214"
"40600","Kostner","2026-05-10T00:00:00.000","U","139"
"40610","Ridgeland","2026-05-10T00:00:00.000","U","264"
"40630","Clark/Division","2026-05-10T00:00:00.000","U","3237"
"40650","North/Clybourn","2026-05-10T00:00:00.000","U","2580"
"40660","Armitage","2026-05-10T00:00:00.000","U","1607"
"40670","Western/Milwaukee","2026-05-10T00:00:00.000","U","1896"
"40680","Adams/Wabash","2026-05-10T00:00:00.000","U","1955"
"40690","Dempster","2026-05-10T00:00:00.000","U","372"
"40700","Laramie","2026-05-10T00:00:00.000","U","439"
"40710","Chicago/Franklin","2026-05-10T00:00:00.000","U","1760"
"40720","East 63rd-Cottage Grove","2026-05-10T00:00:00.000","U","426"
"40730","Washington/Wells","2026-05-10T00:00:00.000","U","757"
"40740","Western-Cermak","2026-05-10T00:00:00.000","U","405"
"40750","Harlem-O'Hare","2026-05-10T00:00:00.000","U","694"
"40760","Granville","2026-05-10T00:00:00.000","U","1371"
"40770","Lawrence","2026-05-10T00:00:00.000","U","1320"
"40780","Central Park","2026-05-10T00:00:00.000","U","354"
"40790","Monroe/Dearborn","2026-05-10T00:00:00.000","U","984"
"40800","Sedgwick","2026-05-10T00:00:00.000","U","1279"
"40810","Medical Center","2026-05-10T00:00:00.000","U","513"
"40820","Rosemont","2026-05-10T00:00:00.000","U","2429"
"40830","18th","2026-05-10T00:00:00.000","U","722"
"40840","South Boulevard","2026-05-10T00:00:00.000","U","210"
"40850","Library","2026-05-10T00:00:00.000","U","1036"
"40870","Francisco","2026-05-10T00:00:00.000","U","462"
"40880","Thorndale","2026-05-10T00:00:00.000","U","979"
"40890","O'Hare Airport","2026-05-10T00:00:00.000","U","9761"
"40900","Howard","2026-05-10T00:00:00.000","U","2127"
"40910","63rd-Dan Ryan","2026-05-10T00:00:00.000","U","1095"
"40920","Pulaski-Forest Park","2026-05-10T00:00:00.000","U","417"
"40930","Midway Airport","2026-05-10T00:00:00.000","U","2201"
"40940","Halsted/63rd","2026-05-10T00:00:00.000","U","216"
"40960","Pulaski-Orange","2026-05-10T00:00:00.000","U","1106"
"40970","Cicero-Forest Park","2026-05-10T00:00:00.000","U","271"
"40980","Harlem-Forest Park","2026-05-10T00:00:00.000","U","156"
"40990","69th","2026-05-10T00:00:00.000","U","1779"
"41000","Cermak-Chinatown","2026-05-10T00:00:00.000","U","4788"
"41010","Rockwell","2026-05-10T00:00:00.000","U","441"
"41020","Logan Square","2026-05-10T00:00:00.000","U","3633"
"41030","Polk","2026-05-10T00:00:00.000","U","437"
"41040","Kedzie-Cermak","2026-05-10T00:00:00.000","U","384"
"41050","Linden","2026-05-10T00:00:00.000","U","279"
"41060","Ashland-Orange","2026-05-10T00:00:00.000","U","566"
"41070","Kedzie-Lake","2026-05-10T00:00:00.000","U","368"
"41080","47th-South Elevated","2026-05-10T00:00:00.000","U","371"
"41090","Monroe/State","2026-05-10T00:00:00.000","U","1716"
"41120","35-Bronzeville-IIT","2026-05-10T00:00:00.000","U","657"
"41130","Halsted-Orange","2026-05-10T00:00:00.000","U","738"
"41140","King Drive","2026-05-10T00:00:00.000","U","260"
"41150","Kedzie-Midway","2026-05-10T00:00:00.000","U","952"
"41160","Clinton-Lake","2026-05-10T00:00:00.000","U","1014"
"41170","Garfield-Dan Ryan","2026-05-10T00:00:00.000","U","1431"
"41180","Kedzie-Brown","2026-05-10T00:00:00.000","U","852"
"41190","Jarvis","2026-05-10T00:00:00.000","U","794"
"41200","Argyle","2026-05-10T00:00:00.000","U","1497"
"41210","Wellington","2026-05-10T00:00:00.000","U","720"
"41220","Fullerton","2026-05-10T00:00:00.000","U","4401"
"41230","47th-Dan Ryan","2026-05-10T00:00:00.000","U","1398"
"41240","Addison-O'Hare","2026-05-10T00:00:00.000","U","868"
"41250","Central-Evanston","2026-05-10T00:00:00.000","U","202"
"41260","Austin-Lake","2026-05-10T00:00:00.000","U","400"
"41270","43rd","2026-05-10T00:00:00.000","U","345"
"41280","Jefferson Park","2026-05-10T00:00:00.000","U","2487"
"41290","Kimball","2026-05-10T00:00:00.000","U","1438"
"41300","Loyola","2026-05-10T00:00:00.000","U","1768"
"41310","Paulina","2026-05-10T00:00:00.000","U","812"
"41320","Belmont-North Main","2026-05-10T00:00:00.000","U","4645"
"41330","Montrose-O'Hare","2026-05-10T00:00:00.000","U","781"
"41340","LaSalle","2026-05-10T00:00:00.000","U","793"
"41350","Oak Park-Lake","2026-05-10T00:00:00.000","U","373"
"41710","Damen-Lake","2026-05-09T00:00:00.000","A","595"
"41700","Washington/Wabash","2026-05-09T00:00:00.000","A","7810"
"41690","Cermak-McCormick Place","2026-05-09T00:00:00.000","A","1318"
"41680","Oakton-Skokie","2026-05-09T00:00:00.000","A","245"
"41670","Conservatory","2026-05-09T00:00:00.000","A","544"
"41660","Lake/State","2026-05-09T00:00:00.000","A","8299"
"41510","Morgan-Lake","2026-05-09T00:00:00.000","A","3244"
"41500","Montrose-Brown","2026-05-09T00:00:00.000","A","1305"
"41490","Harrison","2026-05-09T00:00:00.000","A","2434"
"41480","Western-Brown","2026-05-09T00:00:00.000","A","1571"
"41460","Irving Park-Brown","2026-05-09T00:00:00.000","A","1309"
"41450","Chicago/State","2026-05-09T00:00:00.000","A","6623"
"41440","Addison-Brown","2026-05-09T00:00:00.000","A","820"
"41430","87th","2026-05-09T00:00:00.000","A","1748"
"41420","Addison-North Main","2026-05-09T00:00:00.000","A","5929"
"41410","Chicago/Milwaukee","2026-05-09T00:00:00.000","A","1544"
"41400","Roosevelt","2026-05-09T00:00:00.000","A","7726"
"41380","Bryn Mawr","2026-05-09T00:00:00.000","A","2511"
"41360","California-Lake","2026-05-09T00:00:00.000","A","534"
"40010","Austin-Forest Park","2026-05-09T00:00:00.000","A","375"
"40020","Harlem-Lake","2026-05-09T00:00:00.000","A","1590"
"40030","Pulaski-Lake","2026-05-09T00:00:00.000","A","605"
"40040","Quincy/Wells","2026-05-09T00:00:00.000","A","1374"
"40050","Davis","2026-05-09T00:00:00.000","A","1912"
"40060","Belmont-O'Hare","2026-05-09T00:00:00.000","A","2398"
"40070","Jackson/Dearborn","2026-05-09T00:00:00.000","A","2643"
"40080","Sheridan","2026-05-09T00:00:00.000","A","2402"
"40090","Damen-Brown","2026-05-09T00:00:00.000","A","1369"
"40100","Morse","2026-05-09T00:00:00.000","A","2533"
"40120","35th/Archer","2026-05-09T00:00:00.000","A","1153"
"40130","51st","2026-05-09T00:00:00.000","A","515"
"40140","Dempster-Skokie","2026-05-09T00:00:00.000","A","574"
"40150","Pulaski-Cermak","2026-05-09T00:00:00.000","A","524"
"40160","LaSalle/Van Buren","2026-05-09T00:00:00.000","A","560"
"40170","Ashland-Lake","2026-05-09T00:00:00.000","A","1659"
"40180","Oak Park-Forest Park","2026-05-09T00:00:00.000","A","251"
"40190","Sox-35th-Dan Ryan","2026-05-09T00:00:00.000","A","5849"
"40210","Damen-Cermak","2026-05-09T00:00:00.000","A","912"
"40220","Western-Forest Park","2026-05-09T00:00:00.000","A","488"
"40230","Cumberland","2026-05-09T00:00:00.000","A","1380"
"40240","79th","2026-05-09T00:00:00.000","A","3147"
"40250","Kedzie-Homan-Forest Park","2026-05-09T00:00:00.000","A","631"
"40260","State/Lake","2026-05-09T00:00:00.000","A","0"
"40270","Main","2026-05-09T00:00:00.000","A","557"
"40280","Central-Lake","2026-05-09T00:00:00.000","A","890"
"40290","Ashland/63rd","2026-05-09T00:00:00.000","A","542"
"40300","Indiana","2026-05-09T00:00:00.000","A","398"
"40310","Western-Orange","2026-05-09T00:00:00.000","A","1472"
