"route","date","daytype","rides"
"X9","2026-07-31T00:00:00.000","W","4659"
"X49","2026-07-31T00:00:00.000","W","3124"
"X4","2026-07-31T00:00:00.000","W","2157"
"N5","2026-07-31T00:00:00.000","W","364"
"J14","2026-07-31T00:00:00.000","W","7588"
"97","2026-07-31T00:00:00.000","W","2132"
"96","2026-07-31T00:00:00.000","W","591"
"95","2026-07-31T00:00:00.000","W","5318"
"94","2026-07-31T00:00:00.000","W","8279"
"93","2026-07-31T00:00:00.000","W","3336"
"92","2026-07-31T00:00:00.000","W","4218"
"91","2026-07-31T00:00:00.000","W","3398"
"90","2026-07-31T00:00:00.000","W","3579"
"9","2026-07-31T00:00:00.000","W","17299"
"8A","2026-07-31T00:00:00.000","W","2268"
"88","2026-07-31T00:00:00.000","W","771"
"87","2026-07-31T00:00:00.000","W","7724"
"86","2026-07-31T00:00:00.000","W","993"
"85A","2026-07-31T00:00:00.000","W","618"
"85","2026-07-31T00:00:00.000","W","7623"
"84","2026-07-31T00:00:00.000","W","2561"
"82","2026-07-31T00:00:00.000","W","11405"
"81W","2026-07-31T00:00:00.000","W","1355"
"81","2026-07-31T00:00:00.000","W","9139"
"80","2026-07-31T00:00:00.000","W","7478"
"8","2026-07-31T00:00:00.000","W","14322"
"79","2026-07-31T00:00:00.000","W","16948"
"78","2026-07-31T00:00:00.000","W","5641"
"77","2026-07-31T00:00:00.000","W","14394"
"1","2026-07-31T00:00:00.000","W","818"
"10","2026-07-31T00:00:00.000","W","776"
"100","2026-07-31T00:00:00.000","W","373"
"1001","2026-07-31T00:00:00.000","W","24"
"103","2026-07-31T00:00:00.000","W","1316"
"106","2026-07-31T00:00:00.000","W","610"
"108","2026-07-31T00:00:00.000","W","518"
"11","2026-07-31T00:00:00.000","W","999"
"111","2026-07-31T00:00:00.000","W","1676"
"111A","2026-07-31T00:00:00.000","W","427"
"112","2026-07-31T00:00:00.000","W","965"
"115","2026-07-31T00:00:00.000","W","1491"
"119","2026-07-31T00:00:00.000","W","2715"
"12","2026-07-31T00:00:00.000","W","10820"
"120","2026-07-31T00:00:00.000","W","628"
"121","2026-07-31T00:00:00.000","W","701"
"124","2026-07-31T00:00:00.000","W","1925"
"125","2026-07-31T00:00:00.000","W","347"
"126","2026-07-31T00:00:00.000","W","3195"
"130","2026-07-31T00:00:00.000","W","1091"
"134","2026-07-31T00:00:00.000","W","730"
"135","2026-07-31T00:00:00.000","W","892"
"136","2026-07-31T00:00:00.000","W","594"
"143","2026-07-31T00:00:00.000","W","622"
"146","2026-07-31T00:00:00.000","W","9910"
"147","2026-07-31T00:00:00.000","W","9374"
"148","2026-07-31T00:00:00.000","W","855"
"15","2026-07-31T00:00:00.000","W","4867"
"151","2026-07-31T00:00:00.000","W","12785"
"152","2026-07-31T00:00:00.000","W","6478"
"155","2026-07-31T00:00:00.000","W","4892"
"156","2026-07-31T00:00:00.000","W","3513"
"157","2026-07-31T00:00:00.000","W","4174"
"165","2026-07-31T00:00:00.000","W","70"
"169","2026-07-31T00:00:00.000","W","77"
"171","2026-07-31T00:00:00.000","W","262"
"172","2026-07-31T00:00:00.000","W","146"
"18","2026-07-31T00:00:00.000","W","2966"
"192","2026-07-31T00:00:00.000","W","401"
"2","2026-07-31T00:00:00.000","W","1355"
"20","2026-07-31T00:00:00.000","W","13599"
"201","2026-07-31T00:00:00.000","W","1074"
"206","2026-07-31T00:00:00.000","W","64"
"21","2026-07-31T00:00:00.000","W","8230"
"22","2026-07-31T00:00:00.000","W","13153"
"24","2026-07-31T00:00:00.000","W","1776"
"26","2026-07-31T00:00:00.000","W","2627"
"28","2026-07-31T00:00:00.000","W","3765"
"29","2026-07-31T00:00:00.000","W","7728"
"3","2026-07-31T00:00:00.000","W","13940"
"30","2026-07-31T00:00:00.000","W","1767"
"31","2026-07-31T00:00:00.000","W","485"
"34","2026-07-31T00:00:00.000","W","3726"
"35","2026-07-31T00:00:00.000","W","3292"
"36","2026-07-31T00:00:00.000","W","10217"
"37","2026-07-31T00:00:00.000","W","1157"
"39","2026-07-31T00:00:00.000","W","1235"
"4","2026-07-31T00:00:00.000","W","12502"
"43","2026-07-31T00:00:00.000","W","744"
"44","2026-07-31T00:00:00.000","W","2310"
"47","2026-07-31T00:00:00.000","W","9944"
"48","2026-07-31T00:00:00.000","W","463"
"49","2026-07-31T00:00:00.000","W","14220"
"49B","2026-07-31T00:00:00.000","W","3430"
"50","2026-07-31T00:00:00.000","W","7820"
"51","2026-07-31T00:00:00.000","W","832"
"52","2026-07-31T00:00:00.000","W","6400"
"52A","2026-07-31T00:00:00.000","W","3000"
"53","2026-07-31T00:00:00.000","W","16718"
"53A","2026-07-31T00:00:00.000","W","2228"
"54","2026-07-31T00:00:00.000","W","8264"
"54A","2026-07-31T00:00:00.000","W","567"
"54B","2026-07-31T00:00:00.000","W","2315"
"55","2026-07-31T00:00:00.000","W","7946"
"55A","2026-07-31T00:00:00.000","W","109"
"55N","2026-07-31T00:00:00.000","W","271"
"56","2026-07-31T00:00:00.000","W","6433"
"57","2026-07-31T00:00:00.000","W","1338"
"59","2026-07-31T00:00:00.000","W","2245"
"6","2026-07-31T00:00:00.000","W","5867"
"60","2026-07-31T00:00:00.000","W","9467"
"62","2026-07-31T00:00:00.000","W","6973"
"62H","2026-07-31T00:00:00.000","W","758"
"63","2026-07-31T00:00:00.000","W","12077"
"63W","2026-07-31T00:00:00.000","W","994"
"65","2026-07-31T00:00:00.000","W","7132"
"66","2026-07-31T00:00:00.000","W","15987"
"67","2026-07-31T00:00:00.000","W","5190"
"68","2026-07-31T00:00:00.000","W","636"
"7","2026-07-31T00:00:00.000","W","2532"
"70","2026-07-31T00:00:00.000","W","6087"
"71","2026-07-31T00:00:00.000","W","6445"
"72","2026-07-31T00:00:00.000","W","11950"
"73","2026-07-31T00:00:00.000","W","3420"
"74","2026-07-31T00:00:00.000","W","8864"
"75","2026-07-31T00:00:00.000","W","5623"
"76","2026-07-31T00:00:00.000","W","8024"
"X9","2026-07-30T00:00:00.000","W","4848"
"X49","2026-07-30T00:00:00.000","W","3610"
"X4","2026-07-30T00:00:00.000","W","3006"
"N5","2026-07-30T00:00:00.000","W","327"
"J14","2026-07-30T00:00:00.000","W","7946"
"97","2026-07-30T00:00:00.000","W","2210"
"96","2026-07-30T00:00:00.000","W","634"
"95","2026-07-30T00:00:00.000","W","4714"
"94","2026-07-30T00:00:00.000","W","8732"
"93","2026-07-30T00:00:00.000","W","3709"
"92","2026-07-30T00:00:00.000","W","4937"
"91","2026-07-30T00:00:00.000","W","3940"
"90","2026-07-30T00:00:00.000","W","3583"
"9","2026-07-30T00:00:00.000","W","18215"
"8A","2026-07-30T00:00:00.000","W","2370"
"88","2026-07-30T00:00:00.000","W","900"
"87","2026-07-30T00:00:00.000","W","7893"
"86","2026-07-30T00:00:00.000","W","1179"
"85A","2026-07-30T00:00:00.000","W","698"
"85","2026-07-30T00:00:00.000","W","7890"
"84","2026-07-30T00:00:00.000","W","2718"
"82","2026-07-30T00:00:00.000","W","12921"
"81W","2026-07-30T00:00:00.000","W","1433"
"81","2026-07-30T00:00:00.000","W","9472"
"80","2026-07-30T00:00:00.000","W","8032"
"8","2026-07-30T00:00:00.000","W","16013"
"79","2026-07-30T00:00:00.000","W","18133"
"78","2026-07-30T00:00:00.000","W","6467"
"77","2026-07-30T00:00:00.000","W","15918"
"1","2026-07-30T00:00:00.000","W","1163"
"10","2026-07-30T00:00:00.000","W","771"
"100","2026-07-30T00:00:00.000","W","288"
"1001","2026-07-30T00:00:00.000","W","30"
"103","2026-07-30T00:00:00.000","W","1494"
"106","2026-07-30T00:00:00.000","W","918"
"108","2026-07-30T00:00:00.000","W","728"
"11","2026-07-30T00:00:00.000","W","1074"
"111","2026-07-30T00:00:00.000","W","1955"
"111A","2026-07-30T00:00:00.000","W","400"
"112","2026-07-30T00:00:00.000","W","894"
"115","2026-07-30T00:00:00.000","W","1726"
"119","2026-07-30T00:00:00.000","W","2892"
"12","2026-07-30T00:00:00.000","W","9460"
"120","2026-07-30T00:00:00.000","W","864"
"121","2026-07-30T00:00:00.000","W","1168"
"124","2026-07-30T00:00:00.000","W","2065"
"125","2026-07-30T00:00:00.000","W","572"
"126","2026-07-30T00:00:00.000","W","3471"
"130","2026-07-30T00:00:00.000","W","992"
"134","2026-07-30T00:00:00.000","W","2005"
"135","2026-07-30T00:00:00.000","W","2085"
"136","2026-07-30T00:00:00.000","W","1234"
"143","2026-07-30T00:00:00.000","W","977"
"146","2026-07-30T00:00:00.000","W","11051"
"147","2026-07-30T00:00:00.000","W","10134"
"148","2026-07-30T00:00:00.000","W","1338"
"15","2026-07-30T00:00:00.000","W","5699"
"151","2026-07-30T00:00:00.000","W","14799"
"152","2026-07-30T00:00:00.000","W","6856"
"155","2026-07-30T00:00:00.000","W","5186"
"156","2026-07-30T00:00:00.000","W","5114"
"157","2026-07-30T00:00:00.000","W","5067"
"165","2026-07-30T00:00:00.000","W","75"
"169","2026-07-30T00:00:00.000","W","159"
"171","2026-07-30T00:00:00.000","W","336"
"172","2026-07-30T00:00:00.000","W","435"
"18","2026-07-30T00:00:00.000","W","3788"
"192","2026-07-30T00:00:00.000","W","462"
"2","2026-07-30T00:00:00.000","W","1548"
"20","2026-07-30T00:00:00.000","W","13843"
"201","2026-07-30T00:00:00.000","W","1182"
"206","2026-07-30T00:00:00.000","W","100"
"21","2026-07-30T00:00:00.000","W","8237"
"22","2026-07-30T00:00:00.000","W","14411"
"24","2026-07-30T00:00:00.000","W","2070"
"26","2026-07-30T00:00:00.000","W","2837"
"28","2026-07-30T00:00:00.000","W","4455"
"29","2026-07-30T00:00:00.000","W","7803"
"3","2026-07-30T00:00:00.000","W","14949"
"30","2026-07-30T00:00:00.000","W","1820"
"31","2026-07-30T00:00:00.000","W","499"
"34","2026-07-30T00:00:00.000","W","3731"
"35","2026-07-30T00:00:00.000","W","3701"
"36","2026-07-30T00:00:00.000","W","9141"
"37","2026-07-30T00:00:00.000","W","1997"
"39","2026-07-30T00:00:00.000","W","1509"
"4","2026-07-30T00:00:00.000","W","14496"
"43","2026-07-30T00:00:00.000","W","849"
"44","2026-07-30T00:00:00.000","W","2671"
"47","2026-07-30T00:00:00.000","W","10165"
"48","2026-07-30T00:00:00.000","W","496"
"49","2026-07-30T00:00:00.000","W","14404"
"49B","2026-07-30T00:00:00.000","W","3751"
"50","2026-07-30T00:00:00.000","W","8318"
"51","2026-07-30T00:00:00.000","W","1397"
"52","2026-07-30T00:00:00.000","W","7050"
"52A","2026-07-30T00:00:00.000","W","2771"
"53","2026-07-30T00:00:00.000","W","16500"
"53A","2026-07-30T00:00:00.000","W","2524"
"54","2026-07-30T00:00:00.000","W","8738"
"54A","2026-07-30T00:00:00.000","W","559"
"54B","2026-07-30T00:00:00.000","W","2023"
"55","2026-07-30T00:00:00.000","W","8341"
"55A","2026-07-30T00:00:00.000","W","91"
"55N","2026-07-30T00:00:00.000","W","380"
"56","2026-07-30T00:00:00.000","W","7433"
"57","2026-07-30T00:00:00.000","W","1891"
"59","2026-07-30T00:00:00.000","W","2592"
"6","2026-07-30T00:00:00.000","W","6472"
"60","2026-07-30T00:00:00.000","W","10959"
"62","2026-07-30T00:00:00.000","W","7386"
"62H","2026-07-30T00:00:00.000","W","755"
"63","2026-07-30T00:00:00.000","W","11628"
"63W","2026-07-30T00:00:00.000","W","1170"
"65","2026-07-30T00:00:00.000","W","7037"
"66","2026-07-30T00:00:00.000","W","17673"
"67","2026-07-30T00:00:00.000","W","6315"
"68","2026-07-30T00:00:00.000","W","708"
"7","2026-07-30T00:00:00.000","W","3276"
"70","2026-07-30T00:00:00.000","W","6461"
"71","2026-07-30T00:00:00.000","W","6833"
"72","2026-07-30T00:00:00.000","W","12507"
"73","2026-07-30T00:00:00.000","W","4056"
"74","2026-07-30T00:00:00.000","W","9544"
"75","2026-07-30T00:00:00.000","W","5917"
"76","2026-07-30T00:00:00.000","W","8742"
"X9","2026-07-29T00:00:00.000","W","5089"
"X49","2026-07-29T00:00:00.000","W","3796"
"X4","2026-07-29T00:00:00.000","W","2796"
"N5","2026-07-29T00:00:00.000","W","255"
"J14","2026-07-29T00:00:00.000","W","8769"
"97","2026-07-29T00:00:00.000","W","2156"
"96","2026-07-29T00:00:00.000","W","551"
"95","2026-07-29T00:00:00.000","W","5077"
"94","2026-07-29T00:00:00.000","W","8600"
"93","2026-07-29T00:00:00.000","W","3644"
"92","2026-07-29T00:00:00.000","W","4953"
"91","2026-07-29T00:00:00.000","W","3899"
"90","2026-07-29T00:00:00.000","W","3578"
"9","2026-07-29T00:00:00.000","W","17930"
"8A","2026-07-29T00:00:00.000","W","2680"
"88","2026-07-29T00:00:00.000","W","951"
"87","2026-07-29T00:00:00.000","W","7448"
"86","2026-07-29T00:00:00.000","W","1337"
"85A","2026-07-29T00:00:00.000","W","660"
"85","2026-07-29T00:00:00.000","W","8105"
"84","2026-07-29T00:00:00.000","W","2727"
"82","2026-07-29T00:00:00.000","W","12649"
"81W","2026-07-29T00:00:00.000","W","1470"
"81","2026-07-29T00:00:00.000","W","9149"
"80","2026-07-29T00:00:00.000","W","8222"
"8","2026-07-29T00:00:00.000","W","15508"
"79","2026-07-29T00:00:00.000","W","17481"
"78","2026-07-29T00:00:00.000","W","6470"
"77","2026-07-29T00:00:00.000","W","15936"
"1","2026-07-29T00:00:00.000","W","1187"
"10","2026-07-29T00:00:00.000","W","849"
"100","2026-07-29T00:00:00.000","W","344"
"1001","2026-07-29T00:00:00.000","W","32"
"103","2026-07-29T00:00:00.000","W","1676"
"106","2026-07-29T00:00:00.000","W","1013"
"108","2026-07-29T00:00:00.000","W","608"
"11","2026-07-29T00:00:00.000","W","991"
"111","2026-07-29T00:00:00.000","W","2277"
"111A","2026-07-29T00:00:00.000","W","366"
"112","2026-07-29T00:00:00.000","W","1115"
"115","2026-07-29T00:00:00.000","W","1708"
"119","2026-07-29T00:00:00.000","W","2541"
"12","2026-07-29T00:00:00.000","W","10656"
"120","2026-07-29T00:00:00.000","W","1084"
"121","2026-07-29T00:00:00.000","W","1561"
"124","2026-07-29T00:00:00.000","W","2586"
"125","2026-07-29T00:00:00.000","W","709"
"126","2026-07-29T00:00:00.000","W","3789"
"130","2026-07-29T00:00:00.000","W","997"
"134","2026-07-29T00:00:00.000","W","2470"
"135","2026-07-29T00:00:00.000","W","2361"
"136","2026-07-29T00:00:00.000","W","1448"
"143","2026-07-29T00:00:00.000","W","1169"
"146","2026-07-29T00:00:00.000","W","11557"
"147","2026-07-29T00:00:00.000","W","11178"
"148","2026-07-29T00:00:00.000","W","1555"
"15","2026-07-29T00:00:00.000","W","5153"
"151","2026-07-29T00:00:00.000","W","14712"
"152","2026-07-29T00:00:00.000","W","6204"
"155","2026-07-29T00:00:00.000","W","5044"
"156","2026-07-29T00:00:00.000","W","5798"
"157","2026-07-29T00:00:00.000","W","4944"
"165","2026-07-29T00:00:00.000","W","62"
"169","2026-07-29T00:00:00.000","W","9"
"171","2026-07-29T00:00:00.000","W","269"
"172","2026-07-29T00:00:00.000","W","351"
"18","2026-07-29T00:00:00.000","W","3386"
"192","2026-07-29T00:00:00.000","W","595"
"2","2026-07-29T00:00:00.000","W","1795"
"20","2026-07-29T00:00:00.000","W","15077"
"201","2026-07-29T00:00:00.000","W","1325"
"206","2026-07-29T00:00:00.000","W","118"
"21","2026-07-29T00:00:00.000","W","8001"
"22","2026-07-29T00:00:00.000","W","13840"
"24","2026-07-29T00:00:00.000","W","2221"
"26","2026-07-29T00:00:00.000","W","3216"
"28","2026-07-29T00:00:00.000","W","4795"
"29","2026-07-29T00:00:00.000","W","9901"
"3","2026-07-29T00:00:00.000","W","14424"
"30","2026-07-29T00:00:00.000","W","2078"
"31","2026-07-29T00:00:00.000","W","416"
"34","2026-07-29T00:00:00.000","W","3726"
"35","2026-07-29T00:00:00.000","W","3804"
"36","2026-07-29T00:00:00.000","W","10611"
"37","2026-07-29T00:00:00.000","W","2130"
"39","2026-07-29T00:00:00.000","W","1445"
"4","2026-07-29T00:00:00.000","W","14851"
"43","2026-07-29T00:00:00.000","W","821"
"44","2026-07-29T00:00:00.000","W","2814"
"47","2026-07-29T00:00:00.000","W","9619"
"48","2026-07-29T00:00:00.000","W","522"
"49","2026-07-29T00:00:00.000","W","14518"
"49B","2026-07-29T00:00:00.000","W","3746"
"50","2026-07-29T00:00:00.000","W","8091"
"51","2026-07-29T00:00:00.000","W","1115"
"52","2026-07-29T00:00:00.000","W","7337"
"52A","2026-07-29T00:00:00.000","W","3348"
"53","2026-07-29T00:00:00.000","W","18023"
"53A","2026-07-29T00:00:00.000","W","2452"
"54","2026-07-29T00:00:00.000","W","8653"
"54A","2026-07-29T00:00:00.000","W","551"
"54B","2026-07-29T00:00:00.000","W","2131"
"55","2026-07-29T00:00:00.000","W","8198"
"55A","2026-07-29T00:00:00.000","W","123"
"55N","2026-07-29T00:00:00.000","W","358"
"56","2026-07-29T00:00:00.000","W","7617"
"57","2026-07-29T00:00:00.000","W","1627"
"59","2026-07-29T00:00:00.000","W","2553"
"6","2026-07-29T00:00:00.000","W","6724"
"60","2026-07-29T00:00:00.000","W","11050"
"62","2026-07-29T00:00:00.000","W","7516"
"62H","2026-07-29T00:00:00.000","W","744"
"63","2026-07-29T00:00:00.000","W","13512"
"63W","2026-07-29T00:00:00.000","W","1134"
"65","2026-07-29T00:00:00.000","W","7633"
"66","2026-07-29T00:00:00.000","W","17360"
"67","2026-07-29T00:00:00.000","W","6705"
"68","2026-07-29T00:00:00.000","W","732"
"7","2026-07-29T00:00:00.000","W","3631"
"70","2026-07-29T00:00:00.000","W","7178"
"71","2026-07-29T00:00:00.000","W","6370"
"72","2026-07-29T00:00:00.000","W","12736"
"73","2026-07-29T00:00:00.000","W","4088"
"74","2026-07-29T00:00:00.000","W","9244"
"75","2026-07-29T00:00:00.000","W","5802"
"76","2026-07-29T00:00:00.000","W","9160"
"X9","2026-07-28T00:00:00.000","W","4954"
"X49","2026-07-28T00:00:00.000","W","3722"
"X4","2026-07-28T00:00:00.000","W","2791"
"N5","2026-07-28T00:00:00.000","W","350"
"J14","2026-07-28T00:00:00.000","W","8669"
"97","2026-07-28T00:00:00.000","W","2138"
"96","2026-07-28T00:00:00.000","W","605"
"95","2026-07-28T00:00:00.000","W","5526"
"94","2026-07-28T00:00:00.000","W","8274"
"93","2026-07-28T00:00:00.000","W","3709"
"92","2026-07-28T00:00:00.000","W","4677"
"91","2026-07-28T00:00:00.000","W","3576"
"90","2026-07-28T00:00:00.000","W","3632"
"9","2026-07-28T00:00:00.000","W","17861"
"8A","2026-07-28T00:00:00.000","W","2140"
"88","2026-07-28T00:00:00.000","W","965"
"87","2026-07-28T00:00:00.000","W","7977"
"86","2026-07-28T00:00:00.000","W","1177"
"85A","2026-07-28T00:00:00.000","W","623"
"85","2026-07-28T00:00:00.000","W","7904"
"84","2026-07-28T00:00:00.000","W","2698"
"82","2026-07-28T00:00:00.000","W","12504"
"81W","2026-07-28T00:00:00.000","W","1511"
"81","2026-07-28T00:00:00.000","W","9622"
"80","2026-07-28T00:00:00.000","W","7952"
"8","2026-07-28T00:00:00.000","W","15218"
"79","2026-07-28T00:00:00.000","W","16768"
"78","2026-07-28T00:00:00.000","W","5993"
"77","2026-07-28T00:00:00.000","W","15879"
"1","2026-07-28T00:00:00.000","W","1231"
"10","2026-07-28T00:00:00.000","W","859"
"100","2026-07-28T00:00:00.000","W","397"
"1001","2026-07-28T00:00:00.000","W","37"
"103","2026-07-28T00:00:00.000","W","1588"
"106","2026-07-28T00:00:00.000","W","826"
"108","2026-07-28T00:00:00.000","W","475"
"11","2026-07-28T00:00:00.000","W","992"
"111","2026-07-28T00:00:00.000","W","2243"
"111A","2026-07-28T00:00:00.000","W","293"
"112","2026-07-28T00:00:00.000","W","1192"
"115","2026-07-28T00:00:00.000","W","1711"
"119","2026-07-28T00:00:00.000","W","2781"
"12","2026-07-28T00:00:00.000","W","9480"
"120","2026-07-28T00:00:00.000","W","1154"
"121","2026-07-28T00:00:00.000","W","1336"
"124","2026-07-28T00:00:00.000","W","2017"
"125","2026-07-28T00:00:00.000","W","641"
"126","2026-07-28T00:00:00.000","W","3616"
"130","2026-07-28T00:00:00.000","W","1003"
"134","2026-07-28T00:00:00.000","W","2527"
"135","2026-07-28T00:00:00.000","W","2582"
"136","2026-07-28T00:00:00.000","W","1420"
"143","2026-07-28T00:00:00.000","W","1080"
"146","2026-07-28T00:00:00.000","W","11441"
"147","2026-07-28T00:00:00.000","W","10100"
"148","2026-07-28T00:00:00.000","W","1461"
"15","2026-07-28T00:00:00.000","W","5764"
"151","2026-07-28T00:00:00.000","W","14523"
"152","2026-07-28T00:00:00.000","W","6395"
"155","2026-07-28T00:00:00.000","W","4969"
"156","2026-07-28T00:00:00.000","W","5642"
"157","2026-07-28T00:00:00.000","W","5271"
"165","2026-07-28T00:00:00.000","W","69"
"169","2026-07-28T00:00:00.000","W","175"
"171","2026-07-28T00:00:00.000","W","428"
"172","2026-07-28T00:00:00.000","W","273"
"18","2026-07-28T00:00:00.000","W","3632"
"192","2026-07-28T00:00:00.000","W","632"
"2","2026-07-28T00:00:00.000","W","1790"
"20","2026-07-28T00:00:00.000","W","14758"
"201","2026-07-28T00:00:00.000","W","1207"
"206","2026-07-28T00:00:00.000","W","117"
"21","2026-07-28T00:00:00.000","W","8352"
"22","2026-07-28T00:00:00.000","W","13801"
"24","2026-07-28T00:00:00.000","W","1979"
"26","2026-07-28T00:00:00.000","W","2994"
"28","2026-07-28T00:00:00.000","W","4322"
"29","2026-07-28T00:00:00.000","W","8337"
"3","2026-07-28T00:00:00.000","W","13918"
"30","2026-07-28T00:00:00.000","W","1905"
"31","2026-07-28T00:00:00.000","W","483"
"34","2026-07-28T00:00:00.000","W","3355"
"35","2026-07-28T00:00:00.000","W","4079"
"36","2026-07-28T00:00:00.000","W","10496"
"37","2026-07-28T00:00:00.000","W","2255"
"39","2026-07-28T00:00:00.000","W","1394"
"4","2026-07-28T00:00:00.000","W","14374"
"43","2026-07-28T00:00:00.000","W","660"
"44","2026-07-28T00:00:00.000","W","2424"
"47","2026-07-28T00:00:00.000","W","9595"
"48","2026-07-28T00:00:00.000","W","488"
"49","2026-07-28T00:00:00.000","W","14053"
"49B","2026-07-28T00:00:00.000","W","3808"
"50","2026-07-28T00:00:00.000","W","7896"
"51","2026-07-28T00:00:00.000","W","1284"
"52","2026-07-28T00:00:00.000","W","6505"
"52A","2026-07-28T00:00:00.000","W","3298"
"53","2026-07-28T00:00:00.000","W","17557"
"53A","2026-07-28T00:00:00.000","W","2427"
"54","2026-07-28T00:00:00.000","W","8733"
"54A","2026-07-28T00:00:00.000","W","606"
"54B","2026-07-28T00:00:00.000","W","2203"
"55","2026-07-28T00:00:00.000","W","7916"
"55A","2026-07-28T00:00:00.000","W","166"
"55N","2026-07-28T00:00:00.000","W","241"
"56","2026-07-28T00:00:00.000","W","7326"
"57","2026-07-28T00:00:00.000","W","1703"
"59","2026-07-28T00:00:00.000","W","2400"
"6","2026-07-28T00:00:00.000","W","6127"
"60","2026-07-28T00:00:00.000","W","11045"
"62","2026-07-28T00:00:00.000","W","7311"
"62H","2026-07-28T00:00:00.000","W","679"
"63","2026-07-28T00:00:00.000","W","12464"
"63W","2026-07-28T00:00:00.000","W","1164"
"65","2026-07-28T00:00:00.000","W","7352"
"66","2026-07-28T00:00:00.000","W","16833"
"67","2026-07-28T00:00:00.000","W","6828"
"68","2026-07-28T00:00:00.000","W","694"
"7","2026-07-28T00:00:00.000","W","3313"
"70","2026-07-28T00:00:00.000","W","6662"
"71","2026-07-28T00:00:00.000","W","6643"
"72","2026-07-28T00:00:00.000","W","12182"
"73","2026-07-28T00:00:00.000","W","3685"
"74","2026-07-28T00:00:00.000","W","8895"
"75","2026-07-28T00:00:00.000","W","5598"
"76","2026-07-28T00:00:00.000","W","9048"
"X9","2026-07-27T00:00:00.000","W","4179"
"X49","2026-07-27T00:00:00.000","W","2265"
"X4","2026-07-27T00:00:00.000","W","2444"
"N5","2026-07-27T00:00:00.000","W","396"
"J14","2026-07-27T00:00:00.000","W","6915"
"97","2026-07-27T00:00:00.000","W","1766"
"96","2026-07-27T00:00:00.000","W","372"
"95","2026-07-27T00:00:00.000","W","3956"
"94","2026-07-27T00:00:00.000","W","6483"
"93","2026-07-27T00:00:00.000","W","2625"
"92","2026-07-27T00:00:00.000","W","3652"
"91","2026-07-27T00:00:00.000","W","2981"
"90","2026-07-27T00:00:00.000","W","2636"
"9","2026-07-27T00:00:00.000","W","12988"
"8A","2026-07-27T00:00:00.000","W","1936"
"88","2026-07-27T00:00:00.000","W","728"
"87","2026-07-27T00:00:00.000","W","5565"
"86","2026-07-27T00:00:00.000","W","974"
"85A","2026-07-27T00:00:00.000","W","530"
"85","2026-07-27T00:00:00.000","W","6170"
"84","2026-07-27T00:00:00.000","W","2033"
"82","2026-07-27T00:00:00.000","W","9276"
"81W","2026-07-27T00:00:00.000","W","1180"
"81","2026-07-27T00:00:00.000","W","7966"
"80","2026-07-27T00:00:00.000","W","6215"
"8","2026-07-27T00:00:00.000","W","12061"
"79","2026-07-27T00:00:00.000","W","15023"
"78","2026-07-27T00:00:00.000","W","5069"
"1","2026-07-27T00:00:00.000","W","862"
"10","2026-07-27T00:00:00.000","W","915"
"100","2026-07-27T00:00:00.000","W","269"
"1001","2026-07-27T00:00:00.000","W","300"
"103","2026-07-27T00:00:00.000","W","980"
"106","2026-07-27T00:00:00.000","W","688"
"108","2026-07-27T00:00:00.000","W","686"
"11","2026-07-27T00:00:00.000","W","709"
"111","2026-07-27T00:00:00.000","W","1636"
"111A","2026-07-27T00:00:00.000","W","319"
"112","2026-07-27T00:00:00.000","W","708"
"115","2026-07-27T00:00:00.000","W","1600"
"119","2026-07-27T00:00:00.000","W","2403"
"12","2026-07-27T00:00:00.000","W","7730"
"120","2026-07-27T00:00:00.000","W","1018"
"121","2026-07-27T00:00:00.000","W","1199"
"124","2026-07-27T00:00:00.000","W","1479"
"125","2026-07-27T00:00:00.000","W","496"
"126","2026-07-27T00:00:00.000","W","3177"
"130","2026-07-27T00:00:00.000","W","945"
"134","2026-07-27T00:00:00.000","W","1692"
"135","2026-07-27T00:00:00.000","W","1858"
"136","2026-07-27T00:00:00.000","W","974"
"143","2026-07-27T00:00:00.000","W","933"
"146","2026-07-27T00:00:00.000","W","8098"
"147","2026-07-27T00:00:00.000","W","8050"
"148","2026-07-27T00:00:00.000","W","1019"
"15","2026-07-27T00:00:00.000","W","3836"
"151","2026-07-27T00:00:00.000","W","11096"
"152","2026-07-27T00:00:00.000","W","4910"
"155","2026-07-27T00:00:00.000","W","3752"
"156","2026-07-27T00:00:00.000","W","3846"
"157","2026-07-27T00:00:00.000","W","4294"
"165","2026-07-27T00:00:00.000","W","58"
"169","2026-07-27T00:00:00.000","W","123"
"171","2026-07-27T00:00:00.000","W","264"
"172","2026-07-27T00:00:00.000","W","347"
"18","2026-07-27T00:00:00.000","W","2027"
"192","2026-07-27T00:00:00.000","W","431"
"2","2026-07-27T00:00:00.000","W","1361"
"20","2026-07-27T00:00:00.000","W","11542"
"201","2026-07-27T00:00:00.000","W","1195"
"206","2026-07-27T00:00:00.000","W","107"
"21","2026-07-27T00:00:00.000","W","6096"
"22","2026-07-27T00:00:00.000","W","10408"
"24","2026-07-27T00:00:00.000","W","1451"
"26","2026-07-27T00:00:00.000","W","2804"
"28","2026-07-27T00:00:00.000","W","3263"
"29","2026-07-27T00:00:00.000","W","5507"
"3","2026-07-27T00:00:00.000","W","11583"
"30","2026-07-27T00:00:00.000","W","1389"
"31","2026-07-27T00:00:00.000","W","448"
"34","2026-07-27T00:00:00.000","W","2671"
"35","2026-07-27T00:00:00.000","W","2325"
"36","2026-07-27T00:00:00.000","W","8058"
"37","2026-07-27T00:00:00.000","W","1746"
"39","2026-07-27T00:00:00.000","W","1067"
"4","2026-07-27T00:00:00.000","W","11436"
"43","2026-07-27T00:00:00.000","W","618"
"44","2026-07-27T00:00:00.000","W","1909"
"47","2026-07-27T00:00:00.000","W","7023"
"48","2026-07-27T00:00:00.000","W","421"
"49","2026-07-27T00:00:00.000","W","10472"
"49B","2026-07-27T00:00:00.000","W","2841"
"50","2026-07-27T00:00:00.000","W","5927"
"51","2026-07-27T00:00:00.000","W","1159"
"52","2026-07-27T00:00:00.000","W","4956"
"52A","2026-07-27T00:00:00.000","W","2582"
"53","2026-07-27T00:00:00.000","W","14575"
"53A","2026-07-27T00:00:00.000","W","1987"
"54","2026-07-27T00:00:00.000","W","6803"
"54A","2026-07-27T00:00:00.000","W","502"
"54B","2026-07-27T00:00:00.000","W","1356"
"55","2026-07-27T00:00:00.000","W","6573"
"55A","2026-07-27T00:00:00.000","W","121"
"55N","2026-07-27T00:00:00.000","W","218"
"56","2026-07-27T00:00:00.000","W","5777"
"57","2026-07-27T00:00:00.000","W","1294"
"59","2026-07-27T00:00:00.000","W","1579"
"6","2026-07-27T00:00:00.000","W","4593"
"60","2026-07-27T00:00:00.000","W","8621"
"62","2026-07-27T00:00:00.000","W","5890"
"62H","2026-07-27T00:00:00.000","W","499"
"63","2026-07-27T00:00:00.000","W","9958"
"63W","2026-07-27T00:00:00.000","W","822"
"65","2026-07-27T00:00:00.000","W","5184"
"66","2026-07-27T00:00:00.000","W","13801"
"67","2026-07-27T00:00:00.000","W","4968"
"68","2026-07-27T00:00:00.000","W","582"
"7","2026-07-27T00:00:00.000","W","2907"
"70","2026-07-27T00:00:00.000","W","4979"
"71","2026-07-27T00:00:00.000","W","5354"
"72","2026-07-27T00:00:00.000","W","9116"
"73","2026-07-27T00:00:00.000","W","2866"
"74","2026-07-27T00:00:00.000","W","7170"
"75","2026-07-27T00:00:00.000","W","4130"
"76","2026-07-27T00:00:00.000","W","6763"
"77","2026-07-27T00:00:00.000","W","12002"
"N5","2026-07-26T00:00:00.000","U","450"
"J14","2026-07-26T00:00:00.000","U","5337"
"97","2026-07-26T00:00:00.000","U","1281"
"95","2026-07-26T00:00:00.000","U","3239"
"10","2026-07-26T00:00:00.000","U","1124"
"1001","2026-07-26T00:00:00.000","U","58"
"103","2026-07-26T00:00:00.000","U","795"
"106","2026-07-26T00:00:00.000","U","291"
"11","2026-07-26T00:00:00.000","U","309"
"111","2026-07-26T00:00:00.000","U","1204"
"111A","2026-07-26T00:00:00.000","U","245"
"112","2026-07-26T00:00:00.000","U","505"
"115","2026-07-26T00:00:00.000","U","970"
"119","2026-07-26T00:00:00.000","U","1906"
"12","2026-07-26T00:00:00.000","U","6882"
"124","2026-07-26T00:00:00.000","U","1993"
"126","2026-07-26T00:00:00.000","U","1830"
"130","2026-07-26T00:00:00.000","U","1232"
"146","2026-07-26T00:00:00.000","U","8525"
"147","2026-07-26T00:00:00.000","U","6415"
"15","2026-07-26T00:00:00.000","U","3384"
"151","2026-07-26T00:00:00.000","U","12345"
"152","2026-07-26T00:00:00.000","U","4417"
"155","2026-07-26T00:00:00.000","U","3553"
"18","2026-07-26T00:00:00.000","U","2538"
"19","2026-07-26T00:00:00.000","U","139"
"20","2026-07-26T00:00:00.000","U","10817"
"21","2026-07-26T00:00:00.000","U","4925"
"22","2026-07-26T00:00:00.000","U","10045"
"28","2026-07-26T00:00:00.000","U","2120"
"29","2026-07-26T00:00:00.000","U","7117"
"3","2026-07-26T00:00:00.000","U","11863"
"30","2026-07-26T00:00:00.000","U","973"
"34","2026-07-26T00:00:00.000","U","2963"
"35","2026-07-26T00:00:00.000","U","2364"
"36","2026-07-26T00:00:00.000","U","10454"
"39","2026-07-26T00:00:00.000","U","532"
"4","2026-07-26T00:00:00.000","U","10792"
"43","2026-07-26T00:00:00.000","U","361"
"44","2026-07-26T00:00:00.000","U","1376"
"47","2026-07-26T00:00:00.000","U","5990"
"49","2026-07-26T00:00:00.000","U","10754"
"49B","2026-07-26T00:00:00.000","U","2244"
"50","2026-07-26T00:00:00.000","U","5488"
"51","2026-07-26T00:00:00.000","U","572"
"52","2026-07-26T00:00:00.000","U","3966"
"52A","2026-07-26T00:00:00.000","U","1387"
"53","2026-07-26T00:00:00.000","U","11234"
"53A","2026-07-26T00:00:00.000","U","1192"
"54","2026-07-26T00:00:00.000","U","6015"
"54B","2026-07-26T00:00:00.000","U","1199"
"55","2026-07-26T00:00:00.000","U","5994"
"56","2026-07-26T00:00:00.000","U","3648"
"57","2026-07-26T00:00:00.000","U","507"
"6","2026-07-26T00:00:00.000","U","6213"
"60","2026-07-26T00:00:00.000","U","7777"
"62","2026-07-26T00:00:00.000","U","5784"
"63","2026-07-26T00:00:00.000","U","9283"
"63W","2026-07-26T00:00:00.000","U","612"
"65","2026-07-26T00:00:00.000","U","4881"
"66","2026-07-26T00:00:00.000","U","11379"
"67","2026-07-26T00:00:00.000","U","4353"
"68","2026-07-26T00:00:00.000","U","340"
"70","2026-07-26T00:00:00.000","U","3913"
"71","2026-07-26T00:00:00.000","U","4793"
"72","2026-07-26T00:00:00.000","U","10296"
"73","2026-07-26T00:00:00.000","U","2260"
"74","2026-07-26T00:00:00.000","U","6555"
"75","2026-07-26T00:00:00.000","U","4020"
"76","2026-07-26T00:00:00.000","U","4247"
"77","2026-07-26T00:00:00.000","U","10038"
"78","2026-07-26T00:00:00.000","U","4228"
"79","2026-07-26T00:00:00.000","U","12004"
"8","2026-07-26T00:00:00.000","U","8685"
"80","2026-07-26T00:00:00.000","U","5496"
"81","2026-07-26T00:00:00.000","U","6154"
"81W","2026-07-26T00:00:00.000","U","687"
"82","2026-07-26T00:00:00.000","U","8192"
"84","2026-07-26T00:00:00.000","U","1169"
"85","2026-07-26T00:00:00.000","U","4509"
"87","2026-07-26T00:00:00.000","U","4751"
"88","2026-07-26T00:00:00.000","U","391"
"8A","2026-07-26T00:00:00.000","U","1485"
"9","2026-07-26T00:00:00.000","U","16908"
"90","2026-07-26T00:00:00.000","U","2037"
"91","2026-07-26T00:00:00.000","U","1893"
"92","2026-07-26T00:00:00.000","U","2751"
"93","2026-07-26T00:00:00.000","U","2123"
"94","2026-07-26T00:00:00.000","U","4365"
"N5","2026-07-25T00:00:00.000","A","403"
"J14","2026-07-25T00:00:00.000","A","5883"
"97","2026-07-25T00:00:00.000","A","1903"
"95","2026-07-25T00:00:00.000","A","4107"
"10","2026-07-25T00:00:00.000","A","1054"
"1001","2026-07-25T00:00:00.000","A","107"
"103","2026-07-25T00:00:00.000","A","888"
"106","2026-07-25T00:00:00.000","A","342"
"11","2026-07-25T00:00:00.000","A","487"
"111","2026-07-25T00:00:00.000","A","1485"
"111A","2026-07-25T00:00:00.000","A","257"
"112","2026-07-25T00:00:00.000","A","584"
"115","2026-07-25T00:00:00.000","A","1087"
"119","2026-07-25T00:00:00.000","A","1897"
"12","2026-07-25T00:00:00.000","A","8090"
"124","2026-07-25T00:00:00.000","A","2807"
"126","2026-07-25T00:00:00.000","A","3068"
"130","2026-07-25T00:00:00.000","A","1139"
"146","2026-07-25T00:00:00.000","A","11304"
"147","2026-07-25T00:00:00.000","A","8969"
"15","2026-07-25T00:00:00.000","A","4325"
"151","2026-07-25T00:00:00.000","A","14838"
"152","2026-07-25T00:00:00.000","A","5496"
"155","2026-07-25T00:00:00.000","A","4163"
"18","2026-07-25T00:00:00.000","A","2964"
"19","2026-07-25T00:00:00.000","A","273"
"20","2026-07-25T00:00:00.000","A","12458"
"201","2026-07-25T00:00:00.000","A","704"
"21","2026-07-25T00:00:00.000","A","7171"
"22","2026-07-25T00:00:00.000","A","14629"
"28","2026-07-25T00:00:00.000","A","2404"
"29","2026-07-25T00:00:00.000","A","8780"
"3","2026-07-25T00:00:00.000","A","14497"
"30","2026-07-25T00:00:00.000","A","1584"
"34","2026-07-25T00:00:00.000","A","2778"
"35","2026-07-25T00:00:00.000","A","2948"
"36","2026-07-25T00:00:00.000","A","12357"
"39","2026-07-25T00:00:00.000","A","638"
"4","2026-07-25T00:00:00.000","A","14382"
"43","2026-07-25T00:00:00.000","A","353"
"44","2026-07-25T00:00:00.000","A","1704"
"47","2026-07-25T00:00:00.000","A","7255"
"49","2026-07-25T00:00:00.000","A","14711"
"49B","2026-07-25T00:00:00.000","A","2771"
"50","2026-07-25T00:00:00.000","A","7818"
"51","2026-07-25T00:00:00.000","A","746"
"52","2026-07-25T00:00:00.000","A","5440"
"52A","2026-07-25T00:00:00.000","A","1635"
"53","2026-07-25T00:00:00.000","A","13658"
"53A","2026-07-25T00:00:00.000","A","1484"
"54","2026-07-25T00:00:00.000","A","7068"
"54B","2026-07-25T00:00:00.000","A","1705"
"55","2026-07-25T00:00:00.000","A","7018"
"55N","2026-07-25T00:00:00.000","A","204"
"56","2026-07-25T00:00:00.000","A","4120"
"57","2026-07-25T00:00:00.000","A","654"
"59","2026-07-25T00:00:00.000","A","1413"
"6","2026-07-25T00:00:00.000","A","7368"
"60","2026-07-25T00:00:00.000","A","8974"
"62","2026-07-25T00:00:00.000","A","7193"
"62H","2026-07-25T00:00:00.000","A","384"
"63","2026-07-25T00:00:00.000","A","11140"
"63W","2026-07-25T00:00:00.000","A","641"
"65","2026-07-25T00:00:00.000","A","6533"
"66","2026-07-25T00:00:00.000","A","13942"
"67","2026-07-25T00:00:00.000","A","5484"
"68","2026-07-25T00:00:00.000","A","496"
"70","2026-07-25T00:00:00.000","A","4517"
"71","2026-07-25T00:00:00.000","A","5554"
"72","2026-07-25T00:00:00.000","A","11769"
"73","2026-07-25T00:00:00.000","A","3035"
"74","2026-07-25T00:00:00.000","A","8049"
"75","2026-07-25T00:00:00.000","A","4248"
"76","2026-07-25T00:00:00.000","A","6474"
"77","2026-07-25T00:00:00.000","A","12310"
"78","2026-07-25T00:00:00.000","A","5242"
"79","2026-07-25T00:00:00.000","A","12884"
"8","2026-07-25T00:00:00.000","A","12112"
"80","2026-07-25T00:00:00.000","A","7261"
"81","2026-07-25T00:00:00.000","A","7837"
"81W","2026-07-25T00:00:00.000","A","1086"
"82","2026-07-25T00:00:00.000","A","9467"
"84","2026-07-25T00:00:00.000","A","1624"
"85","2026-07-25T00:00:00.000","A","5914"
"85A","2026-07-25T00:00:00.000","A","331"
"87","2026-07-25T00:00:00.000","A","6198"
"88","2026-07-25T00:00:00.000","A","496"
"8A","2026-07-25T00:00:00.000","A","2334"
"9","2026-07-25T00:00:00.000","A","20096"
"90","2026-07-25T00:00:00.000","A","2664"
"91","2026-07-25T00:00:00.000","A","2446"
"92","2026-07-25T00:00:00.000","A","3395"
"93","2026-07-25T00:00:00.000","A","2674"
"94","2026-07-25T00:00:00.000","A","5571"
"X9","2026-07-24T00:00:00.000","W","5091"
"X49","2026-07-24T00:00:00.000","W","3685"
"X4","2026-07-24T00:00:00.000","W","2394"
"N5","2026-07-24T00:00:00.000","W","311"
"J14","2026-07-24T00:00:00.000","W","8082"
"97","2026-07-24T00:00:00.000","W","2003"
"96","2026-07-24T00:00:00.000","W","677"
"1","2026-07-24T00:00:00.000","W","879"
"10","2026-07-24T00:00:00.000","W","876"
"100","2026-07-24T00:00:00.000","W","349"
"1001","2026-07-24T00:00:00.000","W","167"
"103","2026-07-24T00:00:00.000","W","1181"
"106","2026-07-24T00:00:00.000","W","667"
"108","2026-07-24T00:00:00.000","W","617"
"11","2026-07-24T00:00:00.000","W","990"
"111","2026-07-24T00:00:00.000","W","2164"
"111A","2026-07-24T00:00:00.000","W","427"
"112","2026-07-24T00:00:00.000","W","892"
"115","2026-07-24T00:00:00.000","W","1485"
"119","2026-07-24T00:00:00.000","W","2646"
"12","2026-07-24T00:00:00.000","W","9623"
"120","2026-07-24T00:00:00.000","W","541"
"121","2026-07-24T00:00:00.000","W","814"
"124","2026-07-24T00:00:00.000","W","2664"
"125","2026-07-24T00:00:00.000","W","408"
"126","2026-07-24T00:00:00.000","W","3392"
"130","2026-07-24T00:00:00.000","W","1459"
"134","2026-07-24T00:00:00.000","W","843"
"135","2026-07-24T00:00:00.000","W","933"
"136","2026-07-24T00:00:00.000","W","738"
"143","2026-07-24T00:00:00.000","W","806"
"146","2026-07-24T00:00:00.000","W","11037"
"147","2026-07-24T00:00:00.000","W","9903"
"148","2026-07-24T00:00:00.000","W","1240"
"15","2026-07-24T00:00:00.000","W","3979"
"151","2026-07-24T00:00:00.000","W","13225"
"152","2026-07-24T00:00:00.000","W","6948"
"155","2026-07-24T00:00:00.000","W","5346"
"156","2026-07-24T00:00:00.000","W","4025"
"157","2026-07-24T00:00:00.000","W","4421"
"165","2026-07-24T00:00:00.000","W","81"
"169","2026-07-24T00:00:00.000","W","91"
"171","2026-07-24T00:00:00.000","W","281"
"172","2026-07-24T00:00:00.000","W","236"
"18","2026-07-24T00:00:00.000","W","3421"
"192","2026-07-24T00:00:00.000","W","381"
"2","2026-07-24T00:00:00.000","W","1404"
"20","2026-07-24T00:00:00.000","W","13522"
"201","2026-07-24T00:00:00.000","W","1117"
"206","2026-07-24T00:00:00.000","W","109"
"21","2026-07-24T00:00:00.000","W","7444"
"22","2026-07-24T00:00:00.000","W","13501"
"24","2026-07-24T00:00:00.000","W","1978"
"26","2026-07-24T00:00:00.000","W","2898"
"28","2026-07-24T00:00:00.000","W","4068"
"29","2026-07-24T00:00:00.000","W","8046"
"3","2026-07-24T00:00:00.000","W","15608"
"30","2026-07-24T00:00:00.000","W","1908"
"31","2026-07-24T00:00:00.000","W","508"
"34","2026-07-24T00:00:00.000","W","4102"
"35","2026-07-24T00:00:00.000","W","3809"
"36","2026-07-24T00:00:00.000","W","10188"
"37","2026-07-24T00:00:00.000","W","1290"
"39","2026-07-24T00:00:00.000","W","1372"
"4","2026-07-24T00:00:00.000","W","13691"
"43","2026-07-24T00:00:00.000","W","573"
"44","2026-07-24T00:00:00.000","W","2621"
"47","2026-07-24T00:00:00.000","W","9872"
"48","2026-07-24T00:00:00.000","W","391"
"49","2026-07-24T00:00:00.000","W","14845"
"49B","2026-07-24T00:00:00.000","W","3679"
"50","2026-07-24T00:00:00.000","W","7956"
"51","2026-07-24T00:00:00.000","W","864"
"52","2026-07-24T00:00:00.000","W","6699"
"52A","2026-07-24T00:00:00.000","W","3234"
"53","2026-07-24T00:00:00.000","W","17187"
"53A","2026-07-24T00:00:00.000","W","2641"
"54","2026-07-24T00:00:00.000","W","8651"
"54A","2026-07-24T00:00:00.000","W","500"
"54B","2026-07-24T00:00:00.000","W","2205"
"55","2026-07-24T00:00:00.000","W","8192"
"55A","2026-07-24T00:00:00.000","W","93"
"55N","2026-07-24T00:00:00.000","W","305"
"56","2026-07-24T00:00:00.000","W","5635"
"57","2026-07-24T00:00:00.000","W","1332"
"59","2026-07-24T00:00:00.000","W","2302"
"6","2026-07-24T00:00:00.000","W","6667"
"60","2026-07-24T00:00:00.000","W","10349"
"62","2026-07-24T00:00:00.000","W","7688"
"62H","2026-07-24T00:00:00.000","W","688"
"63","2026-07-24T00:00:00.000","W","11210"
"63W","2026-07-24T00:00:00.000","W","1139"
"65","2026-07-24T00:00:00.000","W","7167"
"66","2026-07-24T00:00:00.000","W","16400"
"67","2026-07-24T00:00:00.000","W","6840"
"68","2026-07-24T00:00:00.000","W","711"
"7","2026-07-24T00:00:00.000","W","3119"
"70","2026-07-24T00:00:00.000","W","5972"
"71","2026-07-24T00:00:00.000","W","6724"
"72","2026-07-24T00:00:00.000","W","12182"
"73","2026-07-24T00:00:00.000","W","4350"
"74","2026-07-24T00:00:00.000","W","9615"
"75","2026-07-24T00:00:00.000","W","4983"
"76","2026-07-24T00:00:00.000","W","8061"
"77","2026-07-24T00:00:00.000","W","14245"
"78","2026-07-24T00:00:00.000","W","6078"
"79","2026-07-24T00:00:00.000","W","16108"
"8","2026-07-24T00:00:00.000","W","14797"
"80","2026-07-24T00:00:00.000","W","8114"
"81","2026-07-24T00:00:00.000","W","9244"
"81W","2026-07-24T00:00:00.000","W","1343"
"82","2026-07-24T00:00:00.000","W","11517"
"84","2026-07-24T00:00:00.000","W","2452"
"85","2026-07-24T00:00:00.000","W","7712"
"85A","2026-07-24T00:00:00.000","W","593"
"86","2026-07-24T00:00:00.000","W","1025"
"87","2026-07-24T00:00:00.000","W","7809"
"88","2026-07-24T00:00:00.000","W","859"
"8A","2026-07-24T00:00:00.000","W","2120"
"9","2026-07-24T00:00:00.000","W","18753"
"90","2026-07-24T00:00:00.000","W","3596"
"91","2026-07-24T00:00:00.000","W","3396"
"92","2026-07-24T00:00:00.000","W","4683"
"93","2026-07-24T00:00:00.000","W","3632"
"94","2026-07-24T00:00:00.000","W","8404"
"95","2026-07-24T00:00:00.000","W","5143"
"X9","2026-07-23T00:00:00.000","W","5128"
"X49","2026-07-23T00:00:00.000","W","3435"
"X4","2026-07-23T00:00:00.000","W","2568"
"N5","2026-07-23T00:00:00.000","W","347"
"J14","2026-07-23T00:00:00.000","W","8635"
"97","2026-07-23T00:00:00.000","W","2157"
"96","2026-07-23T00:00:00.000","W","588"
"1","2026-07-23T00:00:00.000","W","1196"
"10","2026-07-23T00:00:00.000","W","999"
"100","2026-07-23T00:00:00.000","W","372"
"1001","2026-07-23T00:00:00.000","W","35"
"103","2026-07-23T00:00:00.000","W","1222"
"106","2026-07-23T00:00:00.000","W","969"
"108","2026-07-23T00:00:00.000","W","739"
"11","2026-07-23T00:00:00.000","W","1037"
"111","2026-07-23T00:00:00.000","W","1990"
"111A","2026-07-23T00:00:00.000","W","416"
"112","2026-07-23T00:00:00.000","W","1017"
"115","2026-07-23T00:00:00.000","W","1768"
"119","2026-07-23T00:00:00.000","W","2597"
"12","2026-07-23T00:00:00.000","W","10649"
"120","2026-07-23T00:00:00.000","W","1024"
"121","2026-07-23T00:00:00.000","W","1466"
"124","2026-07-23T00:00:00.000","W","2390"
"125","2026-07-23T00:00:00.000","W","662"
"126","2026-07-23T00:00:00.000","W","3787"
"130","2026-07-23T00:00:00.000","W","1124"
"134","2026-07-23T00:00:00.000","W","2327"
"135","2026-07-23T00:00:00.000","W","2016"
"136","2026-07-23T00:00:00.000","W","1392"
"143","2026-07-23T00:00:00.000","W","1121"
"146","2026-07-23T00:00:00.000","W","11216"
"147","2026-07-23T00:00:00.000","W","11205"
"148","2026-07-23T00:00:00.000","W","1355"
"15","2026-07-23T00:00:00.000","W","5467"
"151","2026-07-23T00:00:00.000","W","14286"
"152","2026-07-23T00:00:00.000","W","6762"
"155","2026-07-23T00:00:00.000","W","4875"
"156","2026-07-23T00:00:00.000","W","5389"
"157","2026-07-23T00:00:00.000","W","5336"
"165","2026-07-23T00:00:00.000","W","113"
"169","2026-07-23T00:00:00.000","W","37"
"171","2026-07-23T00:00:00.000","W","374"
"172","2026-07-23T00:00:00.000","W","438"
"18","2026-07-23T00:00:00.000","W","3234"
"192","2026-07-23T00:00:00.000","W","471"
"2","2026-07-23T00:00:00.000","W","1930"
"20","2026-07-23T00:00:00.000","W","14069"
"201","2026-07-23T00:00:00.000","W","1105"
"206","2026-07-23T00:00:00.000","W","133"
"21","2026-07-23T00:00:00.000","W","7869"
"22","2026-07-23T00:00:00.000","W","14267"
"24","2026-07-23T00:00:00.000","W","2198"
"26","2026-07-23T00:00:00.000","W","3320"
"28","2026-07-23T00:00:00.000","W","4813"
"29","2026-07-23T00:00:00.000","W","9183"
"3","2026-07-23T00:00:00.000","W","16051"
"30","2026-07-23T00:00:00.000","W","2262"
"31","2026-07-23T00:00:00.000","W","517"
"34","2026-07-23T00:00:00.000","W","3451"
"35","2026-07-23T00:00:00.000","W","3496"
"36","2026-07-23T00:00:00.000","W","9796"
"37","2026-07-23T00:00:00.000","W","2014"
"39","2026-07-23T00:00:00.000","W","1329"
"4","2026-07-23T00:00:00.000","W","14795"
"43","2026-07-23T00:00:00.000","W","751"
"44","2026-07-23T00:00:00.000","W","2490"
"47","2026-07-23T00:00:00.000","W","9942"
"48","2026-07-23T00:00:00.000","W","597"
"49","2026-07-23T00:00:00.000","W","14198"
"49B","2026-07-23T00:00:00.000","W","3844"
"50","2026-07-23T00:00:00.000","W","8336"
"51","2026-07-23T00:00:00.000","W","963"
"52","2026-07-23T00:00:00.000","W","6556"
"52A","2026-07-23T00:00:00.000","W","3460"
"53","2026-07-23T00:00:00.000","W","17642"
"53A","2026-07-23T00:00:00.000","W","2568"
"54","2026-07-23T00:00:00.000","W","8490"
"54A","2026-07-23T00:00:00.000","W","648"
"54B","2026-07-23T00:00:00.000","W","2112"
"55","2026-07-23T00:00:00.000","W","7938"
"55A","2026-07-23T00:00:00.000","W","110"
"55N","2026-07-23T00:00:00.000","W","342"
"56","2026-07-23T00:00:00.000","W","7384"
"57","2026-07-23T00:00:00.000","W","1583"
"59","2026-07-23T00:00:00.000","W","2459"
"6","2026-07-23T00:00:00.000","W","6888"
"60","2026-07-23T00:00:00.000","W","11267"
"62","2026-07-23T00:00:00.000","W","7519"
"62H","2026-07-23T00:00:00.000","W","783"
"63","2026-07-23T00:00:00.000","W","11960"
"63W","2026-07-23T00:00:00.000","W","1197"
"65","2026-07-23T00:00:00.000","W","7410"
"66","2026-07-23T00:00:00.000","W","16714"
"67","2026-07-23T00:00:00.000","W","6696"
"68","2026-07-23T00:00:00.000","W","718"
"7","2026-07-23T00:00:00.000","W","3528"
"70","2026-07-23T00:00:00.000","W","6734"
"71","2026-07-23T00:00:00.000","W","6271"
"72","2026-07-23T00:00:00.000","W","11787"
"73","2026-07-23T00:00:00.000","W","4276"
"74","2026-07-23T00:00:00.000","W","9275"
"75","2026-07-23T00:00:00.000","W","6341"
"76","2026-07-23T00:00:00.000","W","8442"
"77","2026-07-23T00:00:00.000","W","15034"
"78","2026-07-23T00:00:00.000","W","6787"
"79","2026-07-23T00:00:00.000","W","18842"
"8","2026-07-23T00:00:00.000","W","15722"
"80","2026-07-23T00:00:00.000","W","8303"
"81","2026-07-23T00:00:00.000","W","9463"
"81W","2026-07-23T00:00:00.000","W","1404"
"82","2026-07-23T00:00:00.000","W","12956"
"84","2026-07-23T00:00:00.000","W","2664"
"85","2026-07-23T00:00:00.000","W","7790"
"85A","2026-07-23T00:00:00.000","W","722"
"86","2026-07-23T00:00:00.000","W","1348"
"87","2026-07-23T00:00:00.000","W","7532"
"88","2026-07-23T00:00:00.000","W","913"
"8A","2026-07-23T00:00:00.000","W","2445"
"9","2026-07-23T00:00:00.000","W","18883"
"90","2026-07-23T00:00:00.000","W","3581"
"91","2026-07-23T00:00:00.000","W","3589"
"92","2026-07-23T00:00:00.000","W","4777"
"93","2026-07-23T00:00:00.000","W","3786"
"94","2026-07-23T00:00:00.000","W","9501"
"95","2026-07-23T00:00:00.000","W","4985"
"X9","2026-07-22T00:00:00.000","W","5356"
"X49","2026-07-22T00:00:00.000","W","3458"
"X4","2026-07-22T00:00:00.000","W","2908"
"N5","2026-07-22T00:00:00.000","W","252"
"J14","2026-07-22T00:00:00.000","W","8830"
"97","2026-07-22T00:00:00.000","W","2152"
"96","2026-07-22T00:00:00.000","W","615"
"1","2026-07-22T00:00:00.000","W","1193"
"10","2026-07-22T00:00:00.000","W","750"
"100","2026-07-22T00:00:00.000","W","285"
"1001","2026-07-22T00:00:00.000","W","27"
"103","2026-07-22T00:00:00.000","W","1416"
"106","2026-07-22T00:00:00.000","W","960"
"108","2026-07-22T00:00:00.000","W","632"
"11","2026-07-22T00:00:00.000","W","1021"
"111","2026-07-22T00:00:00.000","W","2019"
"111A","2026-07-22T00:00:00.000","W","362"
"112","2026-07-22T00:00:00.000","W","1111"
"115","2026-07-22T00:00:00.000","W","1900"
"119","2026-07-22T00:00:00.000","W","2388"
"12","2026-07-22T00:00:00.000","W","10059"
"120","2026-07-22T00:00:00.000","W","1139"
"121","2026-07-22T00:00:00.000","W","1570"
"124","2026-07-22T00:00:00.000","W","2470"
"125","2026-07-22T00:00:00.000","W","709"
"126","2026-07-22T00:00:00.000","W","3977"
"130","2026-07-22T00:00:00.000","W","1126"
"134","2026-07-22T00:00:00.000","W","2538"
"135","2026-07-22T00:00:00.000","W","2599"
"136","2026-07-22T00:00:00.000","W","1381"
"143","2026-07-22T00:00:00.000","W","1095"
"146","2026-07-22T00:00:00.000","W","11313"
"147","2026-07-22T00:00:00.000","W","10901"
"148","2026-07-22T00:00:00.000","W","1376"
"15","2026-07-22T00:00:00.000","W","4844"
"151","2026-07-22T00:00:00.000","W","14472"
"152","2026-07-22T00:00:00.000","W","7555"
"155","2026-07-22T00:00:00.000","W","4839"
"156","2026-07-22T00:00:00.000","W","5728"
"157","2026-07-22T00:00:00.000","W","5233"
"165","2026-07-22T00:00:00.000","W","97"
"169","2026-07-22T00:00:00.000","W","42"
"171","2026-07-22T00:00:00.000","W","176"
"172","2026-07-22T00:00:00.000","W","356"
"18","2026-07-22T00:00:00.000","W","3411"
"19","2026-07-22T00:00:00.000","W","270"
"192","2026-07-22T00:00:00.000","W","501"
"2","2026-07-22T00:00:00.000","W","2076"
"20","2026-07-22T00:00:00.000","W","14778"
"201","2026-07-22T00:00:00.000","W","1157"
"206","2026-07-22T00:00:00.000","W","100"
"21","2026-07-22T00:00:00.000","W","7708"
"22","2026-07-22T00:00:00.000","W","14964"
"24","2026-07-22T00:00:00.000","W","2086"
"26","2026-07-22T00:00:00.000","W","3352"
"28","2026-07-22T00:00:00.000","W","5086"
"29","2026-07-22T00:00:00.000","W","9778"
"3","2026-07-22T00:00:00.000","W","16197"
"30","2026-07-22T00:00:00.000","W","2250"
"31","2026-07-22T00:00:00.000","W","503"
"34","2026-07-22T00:00:00.000","W","3907"
"35","2026-07-22T00:00:00.000","W","3611"
"36","2026-07-22T00:00:00.000","W","10597"
"37","2026-07-22T00:00:00.000","W","2202"
"39","2026-07-22T00:00:00.000","W","1511"
"4","2026-07-22T00:00:00.000","W","14837"
"43","2026-07-22T00:00:00.000","W","763"
"44","2026-07-22T00:00:00.000","W","2860"
"47","2026-07-22T00:00:00.000","W","9886"
"48","2026-07-22T00:00:00.000","W","532"
"49","2026-07-22T00:00:00.000","W","14080"
"49B","2026-07-22T00:00:00.000","W","3669"
"50","2026-07-22T00:00:00.000","W","8630"
"51","2026-07-22T00:00:00.000","W","749"
"52","2026-07-22T00:00:00.000","W","7026"
"52A","2026-07-22T00:00:00.000","W","3202"
"53","2026-07-22T00:00:00.000","W","18138"
"53A","2026-07-22T00:00:00.000","W","2586"
"54","2026-07-22T00:00:00.000","W","8259"
"54A","2026-07-22T00:00:00.000","W","549"
"54B","2026-07-22T00:00:00.000","W","2179"
"55","2026-07-22T00:00:00.000","W","8623"
"55A","2026-07-22T00:00:00.000","W","129"
"55N","2026-07-22T00:00:00.000","W","372"
"56","2026-07-22T00:00:00.000","W","7512"
"57","2026-07-22T00:00:00.000","W","1634"
"59","2026-07-22T00:00:00.000","W","2456"
"6","2026-07-22T00:00:00.000","W","6417"
"60","2026-07-22T00:00:00.000","W","11230"
"62","2026-07-22T00:00:00.000","W","7459"
"62H","2026-07-22T00:00:00.000","W","768"
"63","2026-07-22T00:00:00.000","W","12472"
"63W","2026-07-22T00:00:00.000","W","1119"
"65","2026-07-22T00:00:00.000","W","7562"
"66","2026-07-22T00:00:00.000","W","17113"
"67","2026-07-22T00:00:00.000","W","6630"
"68","2026-07-22T00:00:00.000","W","732"
"7","2026-07-22T00:00:00.000","W","3636"
"70","2026-07-22T00:00:00.000","W","6877"
"71","2026-07-22T00:00:00.000","W","6552"
"72","2026-07-22T00:00:00.000","W","12279"
"73","2026-07-22T00:00:00.000","W","4174"
"74","2026-07-22T00:00:00.000","W","9187"
"75","2026-07-22T00:00:00.000","W","5186"
"76","2026-07-22T00:00:00.000","W","9092"
"77","2026-07-22T00:00:00.000","W","15267"
"78","2026-07-22T00:00:00.000","W","6544"
"79","2026-07-22T00:00:00.000","W","18978"
"8","2026-07-22T00:00:00.000","W","15318"
"80","2026-07-22T00:00:00.000","W","8418"
"81","2026-07-22T00:00:00.000","W","9110"
"81W","2026-07-22T00:00:00.000","W","1455"
"82","2026-07-22T00:00:00.000","W","12767"
"84","2026-07-22T00:00:00.000","W","2788"
"85","2026-07-22T00:00:00.000","W","8348"
"85A","2026-07-22T00:00:00.000","W","685"
"86","2026-07-22T00:00:00.000","W","1280"
"87","2026-07-22T00:00:00.000","W","7385"
"88","2026-07-22T00:00:00.000","W","966"
"8A","2026-07-22T00:00:00.000","W","2495"
"9","2026-07-22T00:00:00.000","W","19171"
"90","2026-07-22T00:00:00.000","W","3643"
"91","2026-07-22T00:00:00.000","W","3877"
"92","2026-07-22T00:00:00.000","W","4925"
"93","2026-07-22T00:00:00.000","W","3975"
"94","2026-07-22T00:00:00.000","W","9206"
"95","2026-07-22T00:00:00.000","W","4958"
"X9","2026-07-21T00:00:00.000","W","4775"
"X49","2026-07-21T00:00:00.000","W","3457"
"X4","2026-07-21T00:00:00.000","W","2421"
"N5","2026-07-21T00:00:00.000","W","306"
"J14","2026-07-21T00:00:00.000","W","8849"
"97","2026-07-21T00:00:00.000","W","2199"
"96","2026-07-21T00:00:00.000","W","636"
"1","2026-07-21T00:00:00.000","W","1277"
"10","2026-07-21T00:00:00.000","W","875"
"100","2026-07-21T00:00:00.000","W","334"
"1001","2026-07-21T00:00:00.000","W","11"
"103","2026-07-21T00:00:00.000","W","1326"
"106","2026-07-21T00:00:00.000","W","832"
"108","2026-07-21T00:00:00.000","W","689"
"11","2026-07-21T00:00:00.000","W","1035"
"111","2026-07-21T00:00:00.000","W","2340"
"111A","2026-07-21T00:00:00.000","W","421"
"112","2026-07-21T00:00:00.000","W","1252"
"115","2026-07-21T00:00:00.000","W","1772"
"119","2026-07-21T00:00:00.000","W","2783"
"12","2026-07-21T00:00:00.000","W","9857"
"120","2026-07-21T00:00:00.000","W","1191"
"121","2026-07-21T00:00:00.000","W","1683"
"124","2026-07-21T00:00:00.000","W","1958"
"125","2026-07-21T00:00:00.000","W","774"
"126","2026-07-21T00:00:00.000","W","3816"
"130","2026-07-21T00:00:00.000","W","1030"
"134","2026-07-21T00:00:00.000","W","2853"
"135","2026-07-21T00:00:00.000","W","2679"
"136","2026-07-21T00:00:00.000","W","1533"
"143","2026-07-21T00:00:00.000","W","1384"
"146","2026-07-21T00:00:00.000","W","11060"
"147","2026-07-21T00:00:00.000","W","10260"
"148","2026-07-21T00:00:00.000","W","1377"
"15","2026-07-21T00:00:00.000","W","5517"
"151","2026-07-21T00:00:00.000","W","14178"
"152","2026-07-21T00:00:00.000","W","7438"
"155","2026-07-21T00:00:00.000","W","4947"
"156","2026-07-21T00:00:00.000","W","5813"
"157","2026-07-21T00:00:00.000","W","5524"
"165","2026-07-21T00:00:00.000","W","93"
"169","2026-07-21T00:00:00.000","W","145"
"171","2026-07-21T00:00:00.000","W","280"
"172","2026-07-21T00:00:00.000","W","308"
"18","2026-07-21T00:00:00.000","W","3540"
"192","2026-07-21T00:00:00.000","W","543"
"2","2026-07-21T00:00:00.000","W","1911"
"20","2026-07-21T00:00:00.000","W","14430"
"201","2026-07-21T00:00:00.000","W","1212"
"206","2026-07-21T00:00:00.000","W","129"
"21","2026-07-21T00:00:00.000","W","7945"
"22","2026-07-21T00:00:00.000","W","14940"
"24","2026-07-21T00:00:00.000","W","2073"
"26","2026-07-21T00:00:00.000","W","3110"
"28","2026-07-21T00:00:00.000","W","4352"
"29","2026-07-21T00:00:00.000","W","8186"
"3","2026-07-21T00:00:00.000","W","14357"
"30","2026-07-21T00:00:00.000","W","1898"
"31","2026-07-21T00:00:00.000","W","587"
"34","2026-07-21T00:00:00.000","W","3660"
"35","2026-07-21T00:00:00.000","W","3390"
"36","2026-07-21T00:00:00.000","W","10206"
"37","2026-07-21T00:00:00.000","W","2426"
"39","2026-07-21T00:00:00.000","W","1464"
"4","2026-07-21T00:00:00.000","W","13935"
"43","2026-07-21T00:00:00.000","W","736"
"44","2026-07-21T00:00:00.000","W","2588"
"47","2026-07-21T00:00:00.000","W","9474"
"48","2026-07-21T00:00:00.000","W","406"
"49","2026-07-21T00:00:00.000","W","14225"
"49B","2026-07-21T00:00:00.000","W","3635"
"50","2026-07-21T00:00:00.000","W","8367"
"51","2026-07-21T00:00:00.000","W","1009"
"52","2026-07-21T00:00:00.000","W","6640"
"52A","2026-07-21T00:00:00.000","W","3415"
"53","2026-07-21T00:00:00.000","W","17850"
"53A","2026-07-21T00:00:00.000","W","2623"
"54","2026-07-21T00:00:00.000","W","8597"
"54A","2026-07-21T00:00:00.000","W","602"
"54B","2026-07-21T00:00:00.000","W","2207"
"55","2026-07-21T00:00:00.000","W","8326"
"55A","2026-07-21T00:00:00.000","W","97"
"55N","2026-07-21T00:00:00.000","W","349"
"56","2026-07-21T00:00:00.000","W","7007"
"57","2026-07-21T00:00:00.000","W","1505"
"59","2026-07-21T00:00:00.000","W","2444"
"6","2026-07-21T00:00:00.000","W","7013"
"60","2026-07-21T00:00:00.000","W","12051"
"62","2026-07-21T00:00:00.000","W","7397"
"62H","2026-07-21T00:00:00.000","W","621"
"63","2026-07-21T00:00:00.000","W","12895"
"63W","2026-07-21T00:00:00.000","W","1219"
"65","2026-07-21T00:00:00.000","W","7026"
"66","2026-07-21T00:00:00.000","W","15846"
"67","2026-07-21T00:00:00.000","W","6440"
"68","2026-07-21T00:00:00.000","W","762"
"7","2026-07-21T00:00:00.000","W","3598"
"70","2026-07-21T00:00:00.000","W","6337"
"71","2026-07-21T00:00:00.000","W","6691"
"72","2026-07-21T00:00:00.000","W","12465"
"73","2026-07-21T00:00:00.000","W","3975"
"74","2026-07-21T00:00:00.000","W","9528"
"75","2026-07-21T00:00:00.000","W","5411"
"76","2026-07-21T00:00:00.000","W","8775"
"77","2026-07-21T00:00:00.000","W","15377"
"78","2026-07-21T00:00:00.000","W","6486"
"79","2026-07-21T00:00:00.000","W","17733"
"8","2026-07-21T00:00:00.000","W","15120"
"80","2026-07-21T00:00:00.000","W","8385"
"81","2026-07-21T00:00:00.000","W","9111"
"81W","2026-07-21T00:00:00.000","W","1483"
"82","2026-07-21T00:00:00.000","W","12464"
"84","2026-07-21T00:00:00.000","W","2735"
"85","2026-07-21T00:00:00.000","W","8430"
"85A","2026-07-21T00:00:00.000","W","681"
"86","2026-07-21T00:00:00.000","W","1279"
"87","2026-07-21T00:00:00.000","W","6908"
"88","2026-07-21T00:00:00.000","W","952"
"8A","2026-07-21T00:00:00.000","W","2219"
"9","2026-07-21T00:00:00.000","W","17800"
"90","2026-07-21T00:00:00.000","W","3474"
"91","2026-07-21T00:00:00.000","W","3605"
"92","2026-07-21T00:00:00.000","W","4956"
"93","2026-07-21T00:00:00.000","W","3981"
"94","2026-07-21T00:00:00.000","W","8619"
"95","2026-07-21T00:00:00.000","W","5467"
"X9","2026-07-20T00:00:00.000","W","4577"
"X49","2026-07-20T00:00:00.000","W","3230"
"X4","2026-07-20T00:00:00.000","W","2771"
"N5","2026-07-20T00:00:00.000","W","427"
"J14","2026-07-20T00:00:00.000","W","8017"
"97","2026-07-20T00:00:00.000","W","2194"
"96","2026-07-20T00:00:00.000","W","540"
"1","2026-07-20T00:00:00.000","W","836"
"10","2026-07-20T00:00:00.000","W","1125"
"100","2026-07-20T00:00:00.000","W","322"
"1001","2026-07-20T00:00:00.000","W","8"
"103","2026-07-20T00:00:00.000","W","1386"
"106","2026-07-20T00:00:00.000","W","875"
"108","2026-07-20T00:00:00.000","W","601"
"11","2026-07-20T00:00:00.000","W","947"
"111","2026-07-20T00:00:00.000","W","1953"
"111A","2026-07-20T00:00:00.000","W","426"
"112","2026-07-20T00:00:00.000","W","934"
"115","2026-07-20T00:00:00.000","W","1852"
"119","2026-07-20T00:00:00.000","W","2555"
"12","2026-07-20T00:00:00.000","W","9813"
"120","2026-07-20T00:00:00.000","W","859"
"121","2026-07-20T00:00:00.000","W","1296"
"124","2026-07-20T00:00:00.000","W","1976"
"125","2026-07-20T00:00:00.000","W","548"
"126","2026-07-20T00:00:00.000","W","3675"
"130","2026-07-20T00:00:00.000","W","816"
"134","2026-07-20T00:00:00.000","W","1788"
"135","2026-07-20T00:00:00.000","W","1718"
"136","2026-07-20T00:00:00.000","W","1105"
"143","2026-07-20T00:00:00.000","W","851"
"146","2026-07-20T00:00:00.000","W","9556"
"147","2026-07-20T00:00:00.000","W","9515"
"148","2026-07-20T00:00:00.000","W","1112"
"15","2026-07-20T00:00:00.000","W","5225"
"151","2026-07-20T00:00:00.000","W","12825"
"152","2026-07-20T00:00:00.000","W","6830"
"155","2026-07-20T00:00:00.000","W","4965"
"156","2026-07-20T00:00:00.000","W","4814"
"157","2026-07-20T00:00:00.000","W","4960"
"165","2026-07-20T00:00:00.000","W","115"
"169","2026-07-20T00:00:00.000","W","3"
"171","2026-07-20T00:00:00.000","W","263"
"172","2026-07-20T00:00:00.000","W","199"
"18","2026-07-20T00:00:00.000","W","3253"
"19","2026-07-20T00:00:00.000","W","327"
"192","2026-07-20T00:00:00.000","W","498"
"2","2026-07-20T00:00:00.000","W","1758"
"20","2026-07-20T00:00:00.000","W","14491"
"201","2026-07-20T00:00:00.000","W","1118"
"206","2026-07-20T00:00:00.000","W","111"
"21","2026-07-20T00:00:00.000","W","7501"
"22","2026-07-20T00:00:00.000","W","13583"
"24","2026-07-20T00:00:00.000","W","1866"
"26","2026-07-20T00:00:00.000","W","2791"
"28","2026-07-20T00:00:00.000","W","4407"
"29","2026-07-20T00:00:00.000","W","7892"
"3","2026-07-20T00:00:00.000","W","14492"
"30","2026-07-20T00:00:00.000","W","1686"
"31","2026-07-20T00:00:00.000","W","494"
"34","2026-07-20T00:00:00.000","W","3426"
"35","2026-07-20T00:00:00.000","W","3191"
"36","2026-07-20T00:00:00.000","W","9762"
"37","2026-07-20T00:00:00.000","W","1752"
"39","2026-07-20T00:00:00.000","W","1314"
"4","2026-07-20T00:00:00.000","W","13516"
"43","2026-07-20T00:00:00.000","W","690"
"44","2026-07-20T00:00:00.000","W","2545"
"47","2026-07-20T00:00:00.000","W","9680"
"48","2026-07-20T00:00:00.000","W","428"
"49","2026-07-20T00:00:00.000","W","13823"
"49B","2026-07-20T00:00:00.000","W","3602"
"50","2026-07-20T00:00:00.000","W","7407"
"51","2026-07-20T00:00:00.000","W","985"
"52","2026-07-20T00:00:00.000","W","6692"
"52A","2026-07-20T00:00:00.000","W","3065"
"53","2026-07-20T00:00:00.000","W","17722"
"53A","2026-07-20T00:00:00.000","W","2330"
"54","2026-07-20T00:00:00.000","W","8289"
"54A","2026-07-20T00:00:00.000","W","509"
"54B","2026-07-20T00:00:00.000","W","1825"
"55","2026-07-20T00:00:00.000","W","7849"
"55A","2026-07-20T00:00:00.000","W","143"
"55N","2026-07-20T00:00:00.000","W","346"
"56","2026-07-20T00:00:00.000","W","6697"
"57","2026-07-20T00:00:00.000","W","1698"
"59","2026-07-20T00:00:00.000","W","2205"
"6","2026-07-20T00:00:00.000","W","6374"
"60","2026-07-20T00:00:00.000","W","9979"
"62","2026-07-20T00:00:00.000","W","6937"
"62H","2026-07-20T00:00:00.000","W","655"
"63","2026-07-20T00:00:00.000","W","12547"
"63W","2026-07-20T00:00:00.000","W","1110"
"65","2026-07-20T00:00:00.000","W","6527"
"66","2026-07-20T00:00:00.000","W","15489"
"67","2026-07-20T00:00:00.000","W","5634"
"68","2026-07-20T00:00:00.000","W","647"
"7","2026-07-20T00:00:00.000","W","3252"
"70","2026-07-20T00:00:00.000","W","6141"
"71","2026-07-20T00:00:00.000","W","6012"
"72","2026-07-20T00:00:00.000","W","11479"
"73","2026-07-20T00:00:00.000","W","3627"
"74","2026-07-20T00:00:00.000","W","8440"
"75","2026-07-20T00:00:00.000","W","5170"
"76","2026-07-20T00:00:00.000","W","8074"
"77","2026-07-20T00:00:00.000","W","14183"
"78","2026-07-20T00:00:00.000","W","5760"
"79","2026-07-20T00:00:00.000","W","18226"
"8","2026-07-20T00:00:00.000","W","14112"
"80","2026-07-20T00:00:00.000","W","7761"
"81","2026-07-20T00:00:00.000","W","9239"
"81W","2026-07-20T00:00:00.000","W","1307"
"82","2026-07-20T00:00:00.000","W","11864"
"84","2026-07-20T00:00:00.000","W","2589"
"85","2026-07-20T00:00:00.000","W","7224"
"85A","2026-07-20T00:00:00.000","W","588"
"86","2026-07-20T00:00:00.000","W","1232"
"87","2026-07-20T00:00:00.000","W","7223"
"88","2026-07-20T00:00:00.000","W","816"
"8A","2026-07-20T00:00:00.000","W","2434"
"9","2026-07-20T00:00:00.000","W","18007"
"90","2026-07-20T00:00:00.000","W","3563"
"91","2026-07-20T00:00:00.000","W","3457"
"92","2026-07-20T00:00:00.000","W","4426"
"93","2026-07-20T00:00:00.000","W","3853"
"94","2026-07-20T00:00:00.000","W","8080"
"95","2026-07-20T00:00:00.000","W","5162"
"N5","2026-07-19T00:00:00.000","U","388"
"J14","2026-07-19T00:00:00.000","U","5139"
"97","2026-07-19T00:00:00.000","U","1266"
"10","2026-07-19T00:00:00.000","U","1117"
"1001","2026-07-19T00:00:00.000","U","37"
"103","2026-07-19T00:00:00.000","U","853"
"106","2026-07-19T00:00:00.000","U","306"
"11","2026-07-19T00:00:00.000","U","329"
"111","2026-07-19T00:00:00.000","U","1150"
"111A","2026-07-19T00:00:00.000","U","326"
"112","2026-07-19T00:00:00.000","U","513"
"115","2026-07-19T00:00:00.000","U","1234"
"119","2026-07-19T00:00:00.000","U","1259"
"12","2026-07-19T00:00:00.000","U","6285"
"124","2026-07-19T00:00:00.000","U","2131"
"126","2026-07-19T00:00:00.000","U","1997"
"130","2026-07-19T00:00:00.000","U","558"
"146","2026-07-19T00:00:00.000","U","8857"
"147","2026-07-19T00:00:00.000","U","6432"
"15","2026-07-19T00:00:00.000","U","3482"
"151","2026-07-19T00:00:00.000","U","12136"
"152","2026-07-19T00:00:00.000","U","4251"
"155","2026-07-19T00:00:00.000","U","3175"
"18","2026-07-19T00:00:00.000","U","2378"
"20","2026-07-19T00:00:00.000","U","8443"
"21","2026-07-19T00:00:00.000","U","5240"
"22","2026-07-19T00:00:00.000","U","11690"
"28","2026-07-19T00:00:00.000","U","2010"
"29","2026-07-19T00:00:00.000","U","7507"
"3","2026-07-19T00:00:00.000","U","9998"
"30","2026-07-19T00:00:00.000","U","976"
"34","2026-07-19T00:00:00.000","U","3070"
"35","2026-07-19T00:00:00.000","U","1646"
"36","2026-07-19T00:00:00.000","U","9395"
"39","2026-07-19T00:00:00.000","U","484"
"4","2026-07-19T00:00:00.000","U","10800"
"43","2026-07-19T00:00:00.000","U","274"
"44","2026-07-19T00:00:00.000","U","1350"
"47","2026-07-19T00:00:00.000","U","6134"
"49","2026-07-19T00:00:00.000","U","11055"
"49B","2026-07-19T00:00:00.000","U","2185"
"50","2026-07-19T00:00:00.000","U","5503"
"51","2026-07-19T00:00:00.000","U","554"
"52","2026-07-19T00:00:00.000","U","3525"
"52A","2026-07-19T00:00:00.000","U","1516"
"53","2026-07-19T00:00:00.000","U","11083"
"53A","2026-07-19T00:00:00.000","U","1019"
"54","2026-07-19T00:00:00.000","U","5978"
"54B","2026-07-19T00:00:00.000","U","1096"
"55","2026-07-19T00:00:00.000","U","5472"
"56","2026-07-19T00:00:00.000","U","4135"
"57","2026-07-19T00:00:00.000","U","393"
"6","2026-07-19T00:00:00.000","U","5628"
"60","2026-07-19T00:00:00.000","U","7159"
"62","2026-07-19T00:00:00.000","U","5091"
"63","2026-07-19T00:00:00.000","U","9040"
"63W","2026-07-19T00:00:00.000","U","452"
"65","2026-07-19T00:00:00.000","U","5713"
"66","2026-07-19T00:00:00.000","U","11798"
"67","2026-07-19T00:00:00.000","U","4479"
"68","2026-07-19T00:00:00.000","U","358"
"70","2026-07-19T00:00:00.000","U","4162"
"71","2026-07-19T00:00:00.000","U","4842"
"72","2026-07-19T00:00:00.000","U","8847"
"73","2026-07-19T00:00:00.000","U","2124"
"74","2026-07-19T00:00:00.000","U","6508"
"75","2026-07-19T00:00:00.000","U","3740"
"76","2026-07-19T00:00:00.000","U","4227"
"77","2026-07-19T00:00:00.000","U","10187"
"78","2026-07-19T00:00:00.000","U","3659"
"79","2026-07-19T00:00:00.000","U","10494"
"8","2026-07-19T00:00:00.000","U","10290"
"80","2026-07-19T00:00:00.000","U","5328"
"81","2026-07-19T00:00:00.000","U","6716"
"81W","2026-07-19T00:00:00.000","U","713"
"82","2026-07-19T00:00:00.000","U","7798"
"84","2026-07-19T00:00:00.000","U","1186"
"85","2026-07-19T00:00:00.000","U","4615"
"87","2026-07-19T00:00:00.000","U","4897"
"88","2026-07-19T00:00:00.000","U","339"
"8A","2026-07-19T00:00:00.000","U","1742"
"9","2026-07-19T00:00:00.000","U","15961"
"90","2026-07-19T00:00:00.000","U","1964"
"91","2026-07-19T00:00:00.000","U","1826"
"92","2026-07-19T00:00:00.000","U","2595"
"93","2026-07-19T00:00:00.000","U","2004"
"94","2026-07-19T00:00:00.000","U","4610"
"95","2026-07-19T00:00:00.000","U","3187"
"N5","2026-07-18T00:00:00.000","A","380"
"J14","2026-07-18T00:00:00.000","A","5564"
"97","2026-07-18T00:00:00.000","A","1704"
"10","2026-07-18T00:00:00.000","A","1188"
"1001","2026-07-18T00:00:00.000","A","77"
"103","2026-07-18T00:00:00.000","A","802"
"106","2026-07-18T00:00:00.000","A","318"
"11","2026-07-18T00:00:00.000","A","523"
"111","2026-07-18T00:00:00.000","A","1327"
"111A","2026-07-18T00:00:00.000","A","297"
"112","2026-07-18T00:00:00.000","A","555"
"115","2026-07-18T00:00:00.000","A","729"
"119","2026-07-18T00:00:00.000","A","1824"
"12","2026-07-18T00:00:00.000","A","7532"
"124","2026-07-18T00:00:00.000","A","3756"
"126","2026-07-18T00:00:00.000","A","2686"
"130","2026-07-18T00:00:00.000","A","1179"
"146","2026-07-18T00:00:00.000","A","10383"
"147","2026-07-18T00:00:00.000","A","8414"
"15","2026-07-18T00:00:00.000","A","3741"
"151","2026-07-18T00:00:00.000","A","15888"
"152","2026-07-18T00:00:00.000","A","4625"
"155","2026-07-18T00:00:00.000","A","4162"
"169","2026-07-18T00:00:00.000","A","1"
"18","2026-07-18T00:00:00.000","A","2744"
"19","2026-07-18T00:00:00.000","A","293"
"20","2026-07-18T00:00:00.000","A","11064"
"201","2026-07-18T00:00:00.000","A","685"
"21","2026-07-18T00:00:00.000","A","6874"
"22","2026-07-18T00:00:00.000","A","15578"
"28","2026-07-18T00:00:00.000","A","2206"
"29","2026-07-18T00:00:00.000","A","9376"
"3","2026-07-18T00:00:00.000","A","12731"
"30","2026-07-18T00:00:00.000","A","1496"
"34","2026-07-18T00:00:00.000","A","3134"
"35","2026-07-18T00:00:00.000","A","2240"
"36","2026-07-18T00:00:00.000","A","11837"
"39","2026-07-18T00:00:00.000","A","570"
"4","2026-07-18T00:00:00.000","A","14129"
"43","2026-07-18T00:00:00.000","A","296"
"44","2026-07-18T00:00:00.000","A","1341"
"47","2026-07-18T00:00:00.000","A","6855"
"49","2026-07-18T00:00:00.000","A","13399"
"49B","2026-07-18T00:00:00.000","A","2714"
"50","2026-07-18T00:00:00.000","A","7849"
"51","2026-07-18T00:00:00.000","A","663"
"52","2026-07-18T00:00:00.000","A","4850"
"52A","2026-07-18T00:00:00.000","A","1803"
"53","2026-07-18T00:00:00.000","A","13292"
"53A","2026-07-18T00:00:00.000","A","1219"
"54","2026-07-18T00:00:00.000","A","7048"
"54B","2026-07-18T00:00:00.000","A","1512"
"55","2026-07-18T00:00:00.000","A","7140"
"55N","2026-07-18T00:00:00.000","A","243"
"56","2026-07-18T00:00:00.000","A","4980"
"57","2026-07-18T00:00:00.000","A","708"
"59","2026-07-18T00:00:00.000","A","1398"
"6","2026-07-18T00:00:00.000","A","6966"
"60","2026-07-18T00:00:00.000","A","8185"
"62","2026-07-18T00:00:00.000","A","6109"
"62H","2026-07-18T00:00:00.000","A","395"
"63","2026-07-18T00:00:00.000","A","9884"
"63W","2026-07-18T00:00:00.000","A","702"
"65","2026-07-18T00:00:00.000","A","7743"
"66","2026-07-18T00:00:00.000","A","14527"
"67","2026-07-18T00:00:00.000","A","4817"
"68","2026-07-18T00:00:00.000","A","489"
"70","2026-07-18T00:00:00.000","A","4829"
"71","2026-07-18T00:00:00.000","A","5428"
"72","2026-07-18T00:00:00.000","A","10921"
"73","2026-07-18T00:00:00.000","A","2724"
"74","2026-07-18T00:00:00.000","A","8052"
"75","2026-07-18T00:00:00.000","A","4076"
"76","2026-07-18T00:00:00.000","A","5801"
"77","2026-07-18T00:00:00.000","A","12602"
"78","2026-07-18T00:00:00.000","A","4690"
"79","2026-07-18T00:00:00.000","A","12910"
"8","2026-07-18T00:00:00.000","A","12499"
"80","2026-07-18T00:00:00.000","A","6547"
"81","2026-07-18T00:00:00.000","A","8127"
"81W","2026-07-18T00:00:00.000","A","897"
"82","2026-07-18T00:00:00.000","A","9059"
"84","2026-07-18T00:00:00.000","A","1622"
"85","2026-07-18T00:00:00.000","A","5593"
"85A","2026-07-18T00:00:00.000","A","326"
"87","2026-07-18T00:00:00.000","A","5822"
"88","2026-07-18T00:00:00.000","A","456"
"8A","2026-07-18T00:00:00.000","A","2023"
"9","2026-07-18T00:00:00.000","A","18212"
"90","2026-07-18T00:00:00.000","A","2539"
"91","2026-07-18T00:00:00.000","A","2464"
"92","2026-07-18T00:00:00.000","A","3189"
"93","2026-07-18T00:00:00.000","A","2628"
"94","2026-07-18T00:00:00.000","A","5438"
"95","2026-07-18T00:00:00.000","A","3832"
"X9","2026-07-17T00:00:00.000","W","3956"
"X49","2026-07-17T00:00:00.000","W","2919"
"X4","2026-07-17T00:00:00.000","W","2147"
"N5","2026-07-17T00:00:00.000","W","309"
"J14","2026-07-17T00:00:00.000","W","7138"
"97","2026-07-17T00:00:00.000","W","1965"
"96","2026-07-17T00:00:00.000","W","533"
"1","2026-07-17T00:00:00.000","W","769"
"10","2026-07-17T00:00:00.000","W","1002"
"100","2026-07-17T00:00:00.000","W","356"
"1001","2026-07-17T00:00:00.000","W","34"
"103","2026-07-17T00:00:00.000","W","1190"
"106","2026-07-17T00:00:00.000","W","624"
"108","2026-07-17T00:00:00.000","W","495"
"11","2026-07-17T00:00:00.000","W","864"
"111","2026-07-17T00:00:00.000","W","1858"
"111A","2026-07-17T00:00:00.000","W","369"
"112","2026-07-17T00:00:00.000","W","897"
"115","2026-07-17T00:00:00.000","W","1140"
"119","2026-07-17T00:00:00.000","W","2277"
"12","2026-07-17T00:00:00.000","W","8662"
"120","2026-07-17T00:00:00.000","W","687"
"121","2026-07-17T00:00:00.000","W","789"
"124","2026-07-17T00:00:00.000","W","1752"
"125","2026-07-17T00:00:00.000","W","387"
"126","2026-07-17T00:00:00.000","W","3402"
"130","2026-07-17T00:00:00.000","W","1226"
"134","2026-07-17T00:00:00.000","W","819"
"135","2026-07-17T00:00:00.000","W","737"
"136","2026-07-17T00:00:00.000","W","635"
"143","2026-07-17T00:00:00.000","W","645"
"146","2026-07-17T00:00:00.000","W","9475"
"147","2026-07-17T00:00:00.000","W","8308"
"148","2026-07-17T00:00:00.000","W","892"
"15","2026-07-17T00:00:00.000","W","4279"
"151","2026-07-17T00:00:00.000","W","12164"
"152","2026-07-17T00:00:00.000","W","6501"
"155","2026-07-17T00:00:00.000","W","4531"
"156","2026-07-17T00:00:00.000","W","2788"
"157","2026-07-17T00:00:00.000","W","4099"
"165","2026-07-17T00:00:00.000","W","77"
"169","2026-07-17T00:00:00.000","W","96"
"171","2026-07-17T00:00:00.000","W","243"
"172","2026-07-17T00:00:00.000","W","110"
"18","2026-07-17T00:00:00.000","W","3175"
"192","2026-07-17T00:00:00.000","W","344"
"2","2026-07-17T00:00:00.000","W","1343"
"20","2026-07-17T00:00:00.000","W","12312"
"201","2026-07-17T00:00:00.000","W","938"
"206","2026-07-17T00:00:00.000","W","90"
"21","2026-07-17T00:00:00.000","W","7823"
"22","2026-07-17T00:00:00.000","W","13378"
"24","2026-07-17T00:00:00.000","W","1638"
"26","2026-07-17T00:00:00.000","W","2717"
"28","2026-07-17T00:00:00.000","W","3858"
"29","2026-07-17T00:00:00.000","W","8244"
"3","2026-07-17T00:00:00.000","W","14709"
"30","2026-07-17T00:00:00.000","W","1845"
"31","2026-07-17T00:00:00.000","W","426"
"34","2026-07-17T00:00:00.000","W","3574"
"35","2026-07-17T00:00:00.000","W","3137"
"36","2026-07-17T00:00:00.000","W","9536"
"37","2026-07-17T00:00:00.000","W","1037"
"39","2026-07-17T00:00:00.000","W","1252"
"4","2026-07-17T00:00:00.000","W","12738"
"43","2026-07-17T00:00:00.000","W","534"
"44","2026-07-17T00:00:00.000","W","2476"
"47","2026-07-17T00:00:00.000","W","9138"
"48","2026-07-17T00:00:00.000","W","393"
"49","2026-07-17T00:00:00.000","W","13384"
"49B","2026-07-17T00:00:00.000","W","3154"
"50","2026-07-17T00:00:00.000","W","7163"
"51","2026-07-17T00:00:00.000","W","1299"
"52","2026-07-17T00:00:00.000","W","5905"
"52A","2026-07-17T00:00:00.000","W","2698"
"53","2026-07-17T00:00:00.000","W","16311"
"53A","2026-07-17T00:00:00.000","W","2100"
"54","2026-07-17T00:00:00.000","W","7673"
"54A","2026-07-17T00:00:00.000","W","466"
"54B","2026-07-17T00:00:00.000","W","1960"
"55","2026-07-17T00:00:00.000","W","7049"
"55A","2026-07-17T00:00:00.000","W","78"
"55N","2026-07-17T00:00:00.000","W","292"
"56","2026-07-17T00:00:00.000","W","6331"
"57","2026-07-17T00:00:00.000","W","1256"
"59","2026-07-17T00:00:00.000","W","2273"
"6","2026-07-17T00:00:00.000","W","6146"
"60","2026-07-17T00:00:00.000","W","8810"
"62","2026-07-17T00:00:00.000","W","6463"
"62H","2026-07-17T00:00:00.000","W","555"
"63","2026-07-17T00:00:00.000","W","11683"
"63W","2026-07-17T00:00:00.000","W","931"
"65","2026-07-17T00:00:00.000","W","6570"
"66","2026-07-17T00:00:00.000","W","13853"
"67","2026-07-17T00:00:00.000","W","6283"
"68","2026-07-17T00:00:00.000","W","649"
"7","2026-07-17T00:00:00.000","W","2812"
"70","2026-07-17T00:00:00.000","W","5740"
"71","2026-07-17T00:00:00.000","W","5903"
"72","2026-07-17T00:00:00.000","W","10729"
"73","2026-07-17T00:00:00.000","W","3625"
"74","2026-07-17T00:00:00.000","W","8673"
"75","2026-07-17T00:00:00.000","W","5311"
"76","2026-07-17T00:00:00.000","W","7641"
"77","2026-07-17T00:00:00.000","W","13380"
"78","2026-07-17T00:00:00.000","W","5215"
"79","2026-07-17T00:00:00.000","W","16244"
"8","2026-07-17T00:00:00.000","W","13734"
"80","2026-07-17T00:00:00.000","W","7024"
"81","2026-07-17T00:00:00.000","W","8391"
"81W","2026-07-17T00:00:00.000","W","1245"
"82","2026-07-17T00:00:00.000","W","11317"
"84","2026-07-17T00:00:00.000","W","2328"
"85","2026-07-17T00:00:00.000","W","7181"
"85A","2026-07-17T00:00:00.000","W","636"
"86","2026-07-17T00:00:00.000","W","889"
"87","2026-07-17T00:00:00.000","W","7285"
"88","2026-07-17T00:00:00.000","W","811"
"8A","2026-07-17T00:00:00.000","W","2103"
"9","2026-07-17T00:00:00.000","W","17156"
"90","2026-07-17T00:00:00.000","W","3237"
"91","2026-07-17T00:00:00.000","W","3177"
"92","2026-07-17T00:00:00.000","W","4234"
"93","2026-07-17T00:00:00.000","W","3317"
"94","2026-07-17T00:00:00.000","W","7248"
"95","2026-07-17T00:00:00.000","W","4811"
"X9","2026-07-16T00:00:00.000","W","4757"
"X49","2026-07-16T00:00:00.000","W","3513"
"X4","2026-07-16T00:00:00.000","W","2531"
"N5","2026-07-16T00:00:00.000","W","281"
"J14","2026-07-16T00:00:00.000","W","7204"
"97","2026-07-16T00:00:00.000","W","2081"
"96","2026-07-16T00:00:00.000","W","547"
"1","2026-07-16T00:00:00.000","W","1135"
"10","2026-07-16T00:00:00.000","W","1019"
"100","2026-07-16T00:00:00.000","W","425"
"1001","2026-07-16T00:00:00.000","W","17"
"103","2026-07-16T00:00:00.000","W","1137"
"106","2026-07-16T00:00:00.000","W","651"
"108","2026-07-16T00:00:00.000","W","538"
"11","2026-07-16T00:00:00.000","W","874"
"111","2026-07-16T00:00:00.000","W","2193"
"111A","2026-07-16T00:00:00.000","W","366"
"112","2026-07-16T00:00:00.000","W","1061"
"115","2026-07-16T00:00:00.000","W","1682"
"119","2026-07-16T00:00:00.000","W","2365"
"12","2026-07-16T00:00:00.000","W","9649"
"120","2026-07-16T00:00:00.000","W","1041"
"121","2026-07-16T00:00:00.000","W","1458"
"124","2026-07-16T00:00:00.000","W","1913"
"125","2026-07-16T00:00:00.000","W","737"
"126","2026-07-16T00:00:00.000","W","3797"
"130","2026-07-16T00:00:00.000","W","1066"
"134","2026-07-16T00:00:00.000","W","2280"
"135","2026-07-16T00:00:00.000","W","2238"
"136","2026-07-16T00:00:00.000","W","1308"
"143","2026-07-16T00:00:00.000","W","1182"
"146","2026-07-16T00:00:00.000","W","10594"
"147","2026-07-16T00:00:00.000","W","9816"
"148","2026-07-16T00:00:00.000","W","1285"
"15","2026-07-16T00:00:00.000","W","4975"
"151","2026-07-16T00:00:00.000","W","13216"
"152","2026-07-16T00:00:00.000","W","6050"
"155","2026-07-16T00:00:00.000","W","4823"
"156","2026-07-16T00:00:00.000","W","5534"
"157","2026-07-16T00:00:00.000","W","5033"
"165","2026-07-16T00:00:00.000","W","85"
"169","2026-07-16T00:00:00.000","W","132"
"171","2026-07-16T00:00:00.000","W","272"
"172","2026-07-16T00:00:00.000","W","271"
"18","2026-07-16T00:00:00.000","W","3376"
"19","2026-07-16T00:00:00.000","W","246"
"192","2026-07-16T00:00:00.000","W","483"
"2","2026-07-16T00:00:00.000","W","1735"
"20","2026-07-16T00:00:00.000","W","14346"
"201","2026-07-16T00:00:00.000","W","1109"
"206","2026-07-16T00:00:00.000","W","108"
"21","2026-07-16T00:00:00.000","W","7333"
"22","2026-07-16T00:00:00.000","W","13598"
"24","2026-07-16T00:00:00.000","W","1968"
"26","2026-07-16T00:00:00.000","W","3002"
"28","2026-07-16T00:00:00.000","W","4021"
"29","2026-07-16T00:00:00.000","W","7993"
"3","2026-07-16T00:00:00.000","W","14842"
"30","2026-07-16T00:00:00.000","W","2046"
"31","2026-07-16T00:00:00.000","W","473"
"34","2026-07-16T00:00:00.000","W","3217"
"35","2026-07-16T00:00:00.000","W","3188"
"36","2026-07-16T00:00:00.000","W","9375"
"37","2026-07-16T00:00:00.000","W","2229"
"39","2026-07-16T00:00:00.000","W","1397"
"4","2026-07-16T00:00:00.000","W","14067"
"43","2026-07-16T00:00:00.000","W","514"
"44","2026-07-16T00:00:00.000","W","2290"
"47","2026-07-16T00:00:00.000","W","9592"
"48","2026-07-16T00:00:00.000","W","406"
"49","2026-07-16T00:00:00.000","W","13616"
"49B","2026-07-16T00:00:00.000","W","3322"
"50","2026-07-16T00:00:00.000","W","7967"
"51","2026-07-16T00:00:00.000","W","864"
"52","2026-07-16T00:00:00.000","W","6734"
"52A","2026-07-16T00:00:00.000","W","2606"
"53","2026-07-16T00:00:00.000","W","16779"
"53A","2026-07-16T00:00:00.000","W","2454"
"54","2026-07-16T00:00:00.000","W","8299"
"54A","2026-07-16T00:00:00.000","W","541"
"54B","2026-07-16T00:00:00.000","W","2003"
"55","2026-07-16T00:00:00.000","W","7472"
"55A","2026-07-16T00:00:00.000","W","136"
"55N","2026-07-16T00:00:00.000","W","287"
"56","2026-07-16T00:00:00.000","W","6961"
"57","2026-07-16T00:00:00.000","W","1424"
"59","2026-07-16T00:00:00.000","W","2566"
"6","2026-07-16T00:00:00.000","W","6058"
"60","2026-07-16T00:00:00.000","W","10552"
"62","2026-07-16T00:00:00.000","W","6576"
"62H","2026-07-16T00:00:00.000","W","728"
"63","2026-07-16T00:00:00.000","W","11642"
"63W","2026-07-16T00:00:00.000","W","1143"
"65","2026-07-16T00:00:00.000","W","6791"
"66","2026-07-16T00:00:00.000","W","15875"
"67","2026-07-16T00:00:00.000","W","5313"
"68","2026-07-16T00:00:00.000","W","671"
"7","2026-07-16T00:00:00.000","W","3434"
"70","2026-07-16T00:00:00.000","W","6419"
"71","2026-07-16T00:00:00.000","W","6258"
"72","2026-07-16T00:00:00.000","W","10947"
"73","2026-07-16T00:00:00.000","W","3652"
"74","2026-07-16T00:00:00.000","W","8138"
"75","2026-07-16T00:00:00.000","W","5495"
"76","2026-07-16T00:00:00.000","W","8009"
"77","2026-07-16T00:00:00.000","W","14280"
"78","2026-07-16T00:00:00.000","W","5617"
"79","2026-07-16T00:00:00.000","W","17334"
"8","2026-07-16T00:00:00.000","W","14235"
"80","2026-07-16T00:00:00.000","W","7518"
"81","2026-07-16T00:00:00.000","W","8692"
"81W","2026-07-16T00:00:00.000","W","1322"
"82","2026-07-16T00:00:00.000","W","11781"
"84","2026-07-16T00:00:00.000","W","2394"
"85","2026-07-16T00:00:00.000","W","7920"
"85A","2026-07-16T00:00:00.000","W","635"
"86","2026-07-16T00:00:00.000","W","1229"
"87","2026-07-16T00:00:00.000","W","7479"
"88","2026-07-16T00:00:00.000","W","894"
"8A","2026-07-16T00:00:00.000","W","2087"
"9","2026-07-16T00:00:00.000","W","17718"
"90","2026-07-16T00:00:00.000","W","3354"
"91","2026-07-16T00:00:00.000","W","3500"
"92","2026-07-16T00:00:00.000","W","4603"
"93","2026-07-16T00:00:00.000","W","3620"
"94","2026-07-16T00:00:00.000","W","7671"
"95","2026-07-16T00:00:00.000","W","4728"
"X9","2026-07-15T00:00:00.000","W","4637"
"X49","2026-07-15T00:00:00.000","W","3449"
"X4","2026-07-15T00:00:00.000","W","2639"
"N5","2026-07-15T00:00:00.000","W","306"
"J14","2026-07-15T00:00:00.000","W","8387"
"97","2026-07-15T00:00:00.000","W","2092"
"96","2026-07-15T00:00:00.000","W","599"
"1","2026-07-15T00:00:00.000","W","1401"
"10","2026-07-15T00:00:00.000","W","892"
"100","2026-07-15T00:00:00.000","W","304"
"1001","2026-07-15T00:00:00.000","W","79"
"103","2026-07-15T00:00:00.000","W","1277"
"106","2026-07-15T00:00:00.000","W","933"
"108","2026-07-15T00:00:00.000","W","759"
"11","2026-07-15T00:00:00.000","W","936"
"111","2026-07-15T00:00:00.000","W","2064"
"111A","2026-07-15T00:00:00.000","W","317"
"112","2026-07-15T00:00:00.000","W","922"
"115","2026-07-15T00:00:00.000","W","1847"
"119","2026-07-15T00:00:00.000","W","2281"
"12","2026-07-15T00:00:00.000","W","10591"
"120","2026-07-15T00:00:00.000","W","1266"
"121","2026-07-15T00:00:00.000","W","1637"
"124","2026-07-15T00:00:00.000","W","2860"
"125","2026-07-15T00:00:00.000","W","712"
"126","2026-07-15T00:00:00.000","W","4061"
"130","2026-07-15T00:00:00.000","W","1374"
"134","2026-07-15T00:00:00.000","W","2284"
"135","2026-07-15T00:00:00.000","W","2505"
"136","2026-07-15T00:00:00.000","W","1483"
"143","2026-07-15T00:00:00.000","W","1196"
"146","2026-07-15T00:00:00.000","W","11791"
"147","2026-07-15T00:00:00.000","W","10681"
"148","2026-07-15T00:00:00.000","W","1627"
"15","2026-07-15T00:00:00.000","W","5259"
"151","2026-07-15T00:00:00.000","W","15556"
"152","2026-07-15T00:00:00.000","W","6997"
"155","2026-07-15T00:00:00.000","W","5013"
"156","2026-07-15T00:00:00.000","W","5364"
"157","2026-07-15T00:00:00.000","W","5832"
"165","2026-07-15T00:00:00.000","W","83"
"169","2026-07-15T00:00:00.000","W","28"
"171","2026-07-15T00:00:00.000","W","184"
"172","2026-07-15T00:00:00.000","W","453"
"18","2026-07-15T00:00:00.000","W","3351"
"192","2026-07-15T00:00:00.000","W","482"
"2","2026-07-15T00:00:00.000","W","2191"
"20","2026-07-15T00:00:00.000","W","14525"
"201","2026-07-15T00:00:00.000","W","1144"
"206","2026-07-15T00:00:00.000","W","110"
"21","2026-07-15T00:00:00.000","W","7644"
"22","2026-07-15T00:00:00.000","W","14517"
"24","2026-07-15T00:00:00.000","W","2115"
"26","2026-07-15T00:00:00.000","W","2873"
"28","2026-07-15T00:00:00.000","W","4702"
"29","2026-07-15T00:00:00.000","W","7993"
"3","2026-07-15T00:00:00.000","W","15662"
"30","2026-07-15T00:00:00.000","W","2000"
"31","2026-07-15T00:00:00.000","W","527"
"34","2026-07-15T00:00:00.000","W","3622"
"35","2026-07-15T00:00:00.000","W","3720"
"36","2026-07-15T00:00:00.000","W","10828"
"37","2026-07-15T00:00:00.000","W","2593"
"39","2026-07-15T00:00:00.000","W","1329"
"4","2026-07-15T00:00:00.000","W","14615"
"43","2026-07-15T00:00:00.000","W","637"
"44","2026-07-15T00:00:00.000","W","2792"
"47","2026-07-15T00:00:00.000","W","9160"
"48","2026-07-15T00:00:00.000","W","447"
"49","2026-07-15T00:00:00.000","W","13960"
"49B","2026-07-15T00:00:00.000","W","3645"
"50","2026-07-15T00:00:00.000","W","8342"
"51","2026-07-15T00:00:00.000","W","830"
"52","2026-07-15T00:00:00.000","W","6624"
"52A","2026-07-15T00:00:00.000","W","3206"
"53","2026-07-15T00:00:00.000","W","16404"
"53A","2026-07-15T00:00:00.000","W","2612"
"54","2026-07-15T00:00:00.000","W","7973"
"54A","2026-07-15T00:00:00.000","W","571"
"54B","2026-07-15T00:00:00.000","W","1917"
"55","2026-07-15T00:00:00.000","W","8282"
"55A","2026-07-15T00:00:00.000","W","141"
"55N","2026-07-15T00:00:00.000","W","279"
"56","2026-07-15T00:00:00.000","W","7361"
"57","2026-07-15T00:00:00.000","W","1461"
"59","2026-07-15T00:00:00.000","W","2559"
"6","2026-07-15T00:00:00.000","W","6528"
"60","2026-07-15T00:00:00.000","W","11158"
"62","2026-07-15T00:00:00.000","W","6747"
"62H","2026-07-15T00:00:00.000","W","655"
"63","2026-07-15T00:00:00.000","W","12855"
"63W","2026-07-15T00:00:00.000","W","1182"
"65","2026-07-15T00:00:00.000","W","7754"
"66","2026-07-15T00:00:00.000","W","17484"
"67","2026-07-15T00:00:00.000","W","6809"
"68","2026-07-15T00:00:00.000","W","711"
"7","2026-07-15T00:00:00.000","W","3432"
"70","2026-07-15T00:00:00.000","W","7105"
"71","2026-07-15T00:00:00.000","W","6192"
"72","2026-07-15T00:00:00.000","W","12719"
"73","2026-07-15T00:00:00.000","W","3928"
"74","2026-07-15T00:00:00.000","W","9173"
"75","2026-07-15T00:00:00.000","W","5460"
"76","2026-07-15T00:00:00.000","W","8679"
"77","2026-07-15T00:00:00.000","W","15610"
"78","2026-07-15T00:00:00.000","W","6461"
"79","2026-07-15T00:00:00.000","W","18188"
"8","2026-07-15T00:00:00.000","W","15331"
"80","2026-07-15T00:00:00.000","W","8125"
"81","2026-07-15T00:00:00.000","W","8495"
"81W","2026-07-15T00:00:00.000","W","1404"
"82","2026-07-15T00:00:00.000","W","12790"
"84","2026-07-15T00:00:00.000","W","2598"
"85","2026-07-15T00:00:00.000","W","8057"
"85A","2026-07-15T00:00:00.000","W","622"
"86","2026-07-15T00:00:00.000","W","1365"
"87","2026-07-15T00:00:00.000","W","7177"
"88","2026-07-15T00:00:00.000","W","889"
"8A","2026-07-15T00:00:00.000","W","2466"
"9","2026-07-15T00:00:00.000","W","18733"
"90","2026-07-15T00:00:00.000","W","3301"
"91","2026-07-15T00:00:00.000","W","3748"
"92","2026-07-15T00:00:00.000","W","4723"
"93","2026-07-15T00:00:00.000","W","3972"
"94","2026-07-15T00:00:00.000","W","8469"
"95","2026-07-15T00:00:00.000","W","5189"
"X9","2026-07-14T00:00:00.000","W","4737"
"X49","2026-07-14T00:00:00.000","W","3697"
"X4","2026-07-14T00:00:00.000","W","2892"
"1","2026-07-14T00:00:00.000","W","1241"
"10","2026-07-14T00:00:00.000","W","896"
"100","2026-07-14T00:00:00.000","W","368"
"1001","2026-07-14T00:00:00.000","W","97"
"103","2026-07-14T00:00:00.000","W","1367"
"106","2026-07-14T00:00:00.000","W","952"
"108","2026-07-14T00:00:00.000","W","740"
"11","2026-07-14T00:00:00.000","W","899"
"111","2026-07-14T00:00:00.000","W","2205"
"111A","2026-07-14T00:00:00.000","W","365"
"112","2026-07-14T00:00:00.000","W","962"
"115","2026-07-14T00:00:00.000","W","1572"
"119","2026-07-14T00:00:00.000","W","2324"
"12","2026-07-14T00:00:00.000","W","8904"
"120","2026-07-14T00:00:00.000","W","1207"
"121","2026-07-14T00:00:00.000","W","1638"
"124","2026-07-14T00:00:00.000","W","1987"
"125","2026-07-14T00:00:00.000","W","777"
"126","2026-07-14T00:00:00.000","W","4151"
"130","2026-07-14T00:00:00.000","W","1158"
"134","2026-07-14T00:00:00.000","W","2479"
"135","2026-07-14T00:00:00.000","W","2873"
"136","2026-07-14T00:00:00.000","W","1495"
"143","2026-07-14T00:00:00.000","W","1245"
"146","2026-07-14T00:00:00.000","W","10917"
"147","2026-07-14T00:00:00.000","W","10306"
"148","2026-07-14T00:00:00.000","W","1549"
"15","2026-07-14T00:00:00.000","W","5300"
"151","2026-07-14T00:00:00.000","W","14543"
"152","2026-07-14T00:00:00.000","W","7586"
"155","2026-07-14T00:00:00.000","W","4783"
"156","2026-07-14T00:00:00.000","W","5459"
"157","2026-07-14T00:00:00.000","W","5753"
"165","2026-07-14T00:00:00.000","W","77"
"169","2026-07-14T00:00:00.000","W","23"
"171","2026-07-14T00:00:00.000","W","185"
"172","2026-07-14T00:00:00.000","W","235"
"18","2026-07-14T00:00:00.000","W","3343"
"192","2026-07-14T00:00:00.000","W","471"
"2","2026-07-14T00:00:00.000","W","1875"
"20","2026-07-14T00:00:00.000","W","14236"
"201","2026-07-14T00:00:00.000","W","1180"
"206","2026-07-14T00:00:00.000","W","94"
"21","2026-07-14T00:00:00.000","W","8011"
"22","2026-07-14T00:00:00.000","W","14977"
"24","2026-07-14T00:00:00.000","W","1587"
"26","2026-07-14T00:00:00.000","W","2860"
"28","2026-07-14T00:00:00.000","W","4565"
"29","2026-07-14T00:00:00.000","W","7832"
"3","2026-07-14T00:00:00.000","W","16239"
"30","2026-07-14T00:00:00.000","W","2110"
"31","2026-07-14T00:00:00.000","W","531"
"34","2026-07-14T00:00:00.000","W","3784"
"35","2026-07-14T00:00:00.000","W","3635"
"36","2026-07-14T00:00:00.000","W","10454"
"37","2026-07-14T00:00:00.000","W","2412"
"39","2026-07-14T00:00:00.000","W","1336"
"4","2026-07-14T00:00:00.000","W","13534"
"43","2026-07-14T00:00:00.000","W","748"
"44","2026-07-14T00:00:00.000","W","2093"
"47","2026-07-14T00:00:00.000","W","8969"
"48","2026-07-14T00:00:00.000","W","555"
"49","2026-07-14T00:00:00.000","W","13757"
"49B","2026-07-14T00:00:00.000","W","3712"
"50","2026-07-14T00:00:00.000","W","8450"
"51","2026-07-14T00:00:00.000","W","1238"
"52","2026-07-14T00:00:00.000","W","6676"
"52A","2026-07-14T00:00:00.000","W","3246"
"53","2026-07-14T00:00:00.000","W","17673"
"53A","2026-07-14T00:00:00.000","W","2470"
"54","2026-07-14T00:00:00.000","W","8064"
"54A","2026-07-14T00:00:00.000","W","516"
"54B","2026-07-14T00:00:00.000","W","2074"
"55","2026-07-14T00:00:00.000","W","8167"
"55A","2026-07-14T00:00:00.000","W","143"
"55N","2026-07-14T00:00:00.000","W","361"
"56","2026-07-14T00:00:00.000","W","7419"
"57","2026-07-14T00:00:00.000","W","1558"
"59","2026-07-14T00:00:00.000","W","2625"
"6","2026-07-14T00:00:00.000","W","6915"
"60","2026-07-14T00:00:00.000","W","11649"
"62","2026-07-14T00:00:00.000","W","7030"
"62H","2026-07-14T00:00:00.000","W","627"
"63","2026-07-14T00:00:00.000","W","12073"
"63W","2026-07-14T00:00:00.000","W","1096"
"65","2026-07-14T00:00:00.000","W","7189"
"66","2026-07-14T00:00:00.000","W","16991"
"67","2026-07-14T00:00:00.000","W","6828"
"68","2026-07-14T00:00:00.000","W","872"
"7","2026-07-14T00:00:00.000","W","3402"
"70","2026-07-14T00:00:00.000","W","6843"
"71","2026-07-14T00:00:00.000","W","6368"
"72","2026-07-14T00:00:00.000","W","13057"
"73","2026-07-14T00:00:00.000","W","4130"
"74","2026-07-14T00:00:00.000","W","9062"
"75","2026-07-14T00:00:00.000","W","5640"
"76","2026-07-14T00:00:00.000","W","8313"
"77","2026-07-14T00:00:00.000","W","15450"
"78","2026-07-14T00:00:00.000","W","6591"
"79","2026-07-14T00:00:00.000","W","17468"
"8","2026-07-14T00:00:00.000","W","15203"
"80","2026-07-14T00:00:00.000","W","8148"
"81","2026-07-14T00:00:00.000","W","9514"
"81W","2026-07-14T00:00:00.000","W","1537"
"82","2026-07-14T00:00:00.000","W","12521"
"84","2026-07-14T00:00:00.000","W","2692"
"85","2026-07-14T00:00:00.000","W","8249"
"85A","2026-07-14T00:00:00.000","W","641"
"86","2026-07-14T00:00:00.000","W","1377"
"87","2026-07-14T00:00:00.000","W","7764"
"88","2026-07-14T00:00:00.000","W","927"
"8A","2026-07-14T00:00:00.000","W","2177"
"9","2026-07-14T00:00:00.000","W","18065"
"90","2026-07-14T00:00:00.000","W","3303"
"91","2026-07-14T00:00:00.000","W","3780"
"92","2026-07-14T00:00:00.000","W","4985"
"93","2026-07-14T00:00:00.000","W","3788"
"94","2026-07-14T00:00:00.000","W","7209"
"95","2026-07-14T00:00:00.000","W","5116"
"96","2026-07-14T00:00:00.000","W","616"
"97","2026-07-14T00:00:00.000","W","2117"
"J14","2026-07-14T00:00:00.000","W","8618"
"N5","2026-07-14T00:00:00.000","W","298"
"X9","2026-07-13T00:00:00.000","W","4622"
"X49","2026-07-13T00:00:00.000","W","2952"
"X4","2026-07-13T00:00:00.000","W","2529"
"1","2026-07-13T00:00:00.000","W","1037"
"10","2026-07-13T00:00:00.000","W","1085"
"100","2026-07-13T00:00:00.000","W","321"
"1001","2026-07-13T00:00:00.000","W","31"
"103","2026-07-13T00:00:00.000","W","1409"
"106","2026-07-13T00:00:00.000","W","809"
"108","2026-07-13T00:00:00.000","W","722"
"11","2026-07-13T00:00:00.000","W","938"
"111","2026-07-13T00:00:00.000","W","2164"
"111A","2026-07-13T00:00:00.000","W","524"
"112","2026-07-13T00:00:00.000","W","984"
"115","2026-07-13T00:00:00.000","W","1847"
"119","2026-07-13T00:00:00.000","W","2590"
"12","2026-07-13T00:00:00.000","W","9755"
"120","2026-07-13T00:00:00.000","W","960"
"121","2026-07-13T00:00:00.000","W","1296"
"124","2026-07-13T00:00:00.000","W","1838"
"125","2026-07-13T00:00:00.000","W","559"
"126","2026-07-13T00:00:00.000","W","3773"
"130","2026-07-13T00:00:00.000","W","981"
"134","2026-07-13T00:00:00.000","W","1769"
"135","2026-07-13T00:00:00.000","W","1804"
"136","2026-07-13T00:00:00.000","W","1146"
"143","2026-07-13T00:00:00.000","W","954"
"146","2026-07-13T00:00:00.000","W","9683"
"147","2026-07-13T00:00:00.000","W","9615"
"148","2026-07-13T00:00:00.000","W","1223"
"15","2026-07-13T00:00:00.000","W","5406"
"151","2026-07-13T00:00:00.000","W","13657"
"152","2026-07-13T00:00:00.000","W","6302"
"155","2026-07-13T00:00:00.000","W","5100"
"156","2026-07-13T00:00:00.000","W","4738"
"157","2026-07-13T00:00:00.000","W","5040"
"165","2026-07-13T00:00:00.000","W","87"
"169","2026-07-13T00:00:00.000","W","2"
"171","2026-07-13T00:00:00.000","W","218"
"172","2026-07-13T00:00:00.000","W","399"
"18","2026-07-13T00:00:00.000","W","3083"
"192","2026-07-13T00:00:00.000","W","606"
"2","2026-07-13T00:00:00.000","W","1513"
"20","2026-07-13T00:00:00.000","W","13399"
"201","2026-07-13T00:00:00.000","W","1122"
"206","2026-07-13T00:00:00.000","W","108"
"21","2026-07-13T00:00:00.000","W","8100"
"22","2026-07-13T00:00:00.000","W","12899"
"24","2026-07-13T00:00:00.000","W","2130"
"26","2026-07-13T00:00:00.000","W","2811"
"28","2026-07-13T00:00:00.000","W","4473"
"29","2026-07-13T00:00:00.000","W","7989"
"3","2026-07-13T00:00:00.000","W","16127"
"30","2026-07-13T00:00:00.000","W","1957"
"31","2026-07-13T00:00:00.000","W","483"
"34","2026-07-13T00:00:00.000","W","3790"
"35","2026-07-13T00:00:00.000","W","3417"
"36","2026-07-13T00:00:00.000","W","9749"
"37","2026-07-13T00:00:00.000","W","1738"
"39","2026-07-13T00:00:00.000","W","1530"
"4","2026-07-13T00:00:00.000","W","14322"
"43","2026-07-13T00:00:00.000","W","615"
"44","2026-07-13T00:00:00.000","W","2475"
"47","2026-07-13T00:00:00.000","W","9071"
"48","2026-07-13T00:00:00.000","W","447"
"49","2026-07-13T00:00:00.000","W","13863"
"49B","2026-07-13T00:00:00.000","W","3778"
"50","2026-07-13T00:00:00.000","W","7529"
"51","2026-07-13T00:00:00.000","W","934"
"52","2026-07-13T00:00:00.000","W","6801"
"52A","2026-07-13T00:00:00.000","W","3164"
"53","2026-07-13T00:00:00.000","W","17657"
"53A","2026-07-13T00:00:00.000","W","2339"
"54","2026-07-13T00:00:00.000","W","8028"
"54A","2026-07-13T00:00:00.000","W","568"
"54B","2026-07-13T00:00:00.000","W","1925"
"55","2026-07-13T00:00:00.000","W","7813"
"55A","2026-07-13T00:00:00.000","W","154"
"55N","2026-07-13T00:00:00.000","W","339"
"56","2026-07-13T00:00:00.000","W","6830"
"57","2026-07-13T00:00:00.000","W","1234"
"59","2026-07-13T00:00:00.000","W","2116"
"6","2026-07-13T00:00:00.000","W","6166"
"60","2026-07-13T00:00:00.000","W","10405"
"62","2026-07-13T00:00:00.000","W","6676"
"62H","2026-07-13T00:00:00.000","W","710"
"63","2026-07-13T00:00:00.000","W","13262"
"63W","2026-07-13T00:00:00.000","W","963"
"65","2026-07-13T00:00:00.000","W","6178"
"66","2026-07-13T00:00:00.000","W","16331"
"67","2026-07-13T00:00:00.000","W","6522"
"68","2026-07-13T00:00:00.000","W","717"
"7","2026-07-13T00:00:00.000","W","3813"
"70","2026-07-13T00:00:00.000","W","6376"
"71","2026-07-13T00:00:00.000","W","5731"
"72","2026-07-13T00:00:00.000","W","12204"
"73","2026-07-13T00:00:00.000","W","3750"
"74","2026-07-13T00:00:00.000","W","8906"
"75","2026-07-13T00:00:00.000","W","5482"
"76","2026-07-13T00:00:00.000","W","8127"
"77","2026-07-13T00:00:00.000","W","14507"
"78","2026-07-13T00:00:00.000","W","6541"
"79","2026-07-13T00:00:00.000","W","17278"
"8","2026-07-13T00:00:00.000","W","14287"
"80","2026-07-13T00:00:00.000","W","7548"
"81","2026-07-13T00:00:00.000","W","9029"
"81W","2026-07-13T00:00:00.000","W","1470"
"82","2026-07-13T00:00:00.000","W","12169"
"84","2026-07-13T00:00:00.000","W","2674"
"85","2026-07-13T00:00:00.000","W","7960"
"85A","2026-07-13T00:00:00.000","W","630"
"86","2026-07-13T00:00:00.000","W","1520"
"87","2026-07-13T00:00:00.000","W","7906"
"88","2026-07-13T00:00:00.000","W","922"
"8A","2026-07-13T00:00:00.000","W","2401"
"9","2026-07-13T00:00:00.000","W","18402"
"90","2026-07-13T00:00:00.000","W","3296"
"91","2026-07-13T00:00:00.000","W","3622"
"92","2026-07-13T00:00:00.000","W","4833"
"93","2026-07-13T00:00:00.000","W","3755"
"94","2026-07-13T00:00:00.000","W","8382"
"95","2026-07-13T00:00:00.000","W","5044"
"96","2026-07-13T00:00:00.000","W","575"
"97","2026-07-13T00:00:00.000","W","2231"
"J14","2026-07-13T00:00:00.000","W","7789"
"N5","2026-07-13T00:00:00.000","W","380"
"10","2026-07-12T00:00:00.000","U","731"
"1001","2026-07-12T00:00:00.000","U","902"
"103","2026-07-12T00:00:00.000","U","761"
"106","2026-07-12T00:00:00.000","U","252"
"11","2026-07-12T00:00:00.000","U","361"
"111","2026-07-12T00:00:00.000","U","871"
"111A","2026-07-12T00:00:00.000","U","257"
"112","2026-07-12T00:00:00.000","U","525"
"115","2026-07-12T00:00:00.000","U","1121"
"119","2026-07-12T00:00:00.000","U","2079"
"12","2026-07-12T00:00:00.000","U","6373"
"124","2026-07-12T00:00:00.000","U","1540"
"126","2026-07-12T00:00:00.000","U","2613"
"130","2026-07-12T00:00:00.000","U","843"
"146","2026-07-12T00:00:00.000","U","9259"
"147","2026-07-12T00:00:00.000","U","8164"
"15","2026-07-12T00:00:00.000","U","2991"
"151","2026-07-12T00:00:00.000","U","13746"
"152","2026-07-12T00:00:00.000","U","3882"
"155","2026-07-12T00:00:00.000","U","3589"
"18","2026-07-12T00:00:00.000","U","2575"
"19","2026-07-12T00:00:00.000","U","71"
"20","2026-07-12T00:00:00.000","U","9128"
"21","2026-07-12T00:00:00.000","U","4939"
"22","2026-07-12T00:00:00.000","U","11918"
"28","2026-07-12T00:00:00.000","U","2235"
"29","2026-07-12T00:00:00.000","U","6254"
"3","2026-07-12T00:00:00.000","U","11785"
"30","2026-07-12T00:00:00.000","U","783"
"34","2026-07-12T00:00:00.000","U","2921"
"35","2026-07-12T00:00:00.000","U","2343"
"36","2026-07-12T00:00:00.000","U","8873"
"39","2026-07-12T00:00:00.000","U","559"
"4","2026-07-12T00:00:00.000","U","11284"
"43","2026-07-12T00:00:00.000","U","310"
"44","2026-07-12T00:00:00.000","U","1218"
"47","2026-07-12T00:00:00.000","U","6069"
"49","2026-07-12T00:00:00.000","U","11774"
"49B","2026-07-12T00:00:00.000","U","2196"
"50","2026-07-12T00:00:00.000","U","4781"
"51","2026-07-12T00:00:00.000","U","590"
"52","2026-07-12T00:00:00.000","U","3964"
"52A","2026-07-12T00:00:00.000","U","1817"
"53","2026-07-12T00:00:00.000","U","11923"
"53A","2026-07-12T00:00:00.000","U","1160"
"54","2026-07-12T00:00:00.000","U","5567"
"54B","2026-07-12T00:00:00.000","U","1183"
"55","2026-07-12T00:00:00.000","U","6273"
"56","2026-07-12T00:00:00.000","U","4255"
"57","2026-07-12T00:00:00.000","U","270"
"6","2026-07-12T00:00:00.000","U","5879"
"60","2026-07-12T00:00:00.000","U","7205"
"62","2026-07-12T00:00:00.000","U","4927"
"63","2026-07-12T00:00:00.000","U","8782"
"63W","2026-07-12T00:00:00.000","U","485"
"65","2026-07-12T00:00:00.000","U","4874"
"66","2026-07-12T00:00:00.000","U","11565"
"67","2026-07-12T00:00:00.000","U","4603"
"68","2026-07-12T00:00:00.000","U","380"
"70","2026-07-12T00:00:00.000","U","4408"
"71","2026-07-12T00:00:00.000","U","4841"
"72","2026-07-12T00:00:00.000","U","10360"
"73","2026-07-12T00:00:00.000","U","2340"
"74","2026-07-12T00:00:00.000","U","5893"
"75","2026-07-12T00:00:00.000","U","3990"
"76","2026-07-12T00:00:00.000","U","4509"
"77","2026-07-12T00:00:00.000","U","10621"
"78","2026-07-12T00:00:00.000","U","4828"
"79","2026-07-12T00:00:00.000","U","12025"
"8","2026-07-12T00:00:00.000","U","9235"
"80","2026-07-12T00:00:00.000","U","5435"
"81","2026-07-12T00:00:00.000","U","7121"
"81W","2026-07-12T00:00:00.000","U","860"
"82","2026-07-12T00:00:00.000","U","8610"
"84","2026-07-12T00:00:00.000","U","1312"
"85","2026-07-12T00:00:00.000","U","4633"
"87","2026-07-12T00:00:00.000","U","4926"
"88","2026-07-12T00:00:00.000","U","376"
"8A","2026-07-12T00:00:00.000","U","1894"
"9","2026-07-12T00:00:00.000","U","16415"
"90","2026-07-12T00:00:00.000","U","2246"
"91","2026-07-12T00:00:00.000","U","1904"
"92","2026-07-12T00:00:00.000","U","2918"
"93","2026-07-12T00:00:00.000","U","2139"
"94","2026-07-12T00:00:00.000","U","4655"
"95","2026-07-12T00:00:00.000","U","3322"
"97","2026-07-12T00:00:00.000","U","1441"
"J14","2026-07-12T00:00:00.000","U","5231"
"N5","2026-07-12T00:00:00.000","U","427"
"10","2026-07-11T00:00:00.000","A","908"
"1001","2026-07-11T00:00:00.000","A","726"
"103","2026-07-11T00:00:00.000","A","927"
"106","2026-07-11T00:00:00.000","A","392"
"11","2026-07-11T00:00:00.000","A","560"
"111","2026-07-11T00:00:00.000","A","1387"
"111A","2026-07-11T00:00:00.000","A","351"
"112","2026-07-11T00:00:00.000","A","598"
"115","2026-07-11T00:00:00.000","A","1064"
"119","2026-07-11T00:00:00.000","A","2131"
"12","2026-07-11T00:00:00.000","A","7575"
"124","2026-07-11T00:00:00.000","A","2985"
"126","2026-07-11T00:00:00.000","A","3327"
"130","2026-07-11T00:00:00.000","A","1180"
"146","2026-07-11T00:00:00.000","A","10689"
"147","2026-07-11T00:00:00.000","A","10191"
"15","2026-07-11T00:00:00.000","A","4276"
"151","2026-07-11T00:00:00.000","A","17805"
"152","2026-07-11T00:00:00.000","A","4930"
"155","2026-07-11T00:00:00.000","A","4335"
"18","2026-07-11T00:00:00.000","A","2962"
"19","2026-07-11T00:00:00.000","A","123"
"20","2026-07-11T00:00:00.000","A","9679"
"201","2026-07-11T00:00:00.000","A","751"
"21","2026-07-11T00:00:00.000","A","6389"
"22","2026-07-11T00:00:00.000","A","16059"
"28","2026-07-11T00:00:00.000","A","2596"
"29","2026-07-11T00:00:00.000","A","8819"
"3","2026-07-11T00:00:00.000","A","14916"
"30","2026-07-11T00:00:00.000","A","1686"
"34","2026-07-11T00:00:00.000","A","2611"
"35","2026-07-11T00:00:00.000","A","2847"
"36","2026-07-11T00:00:00.000","A","11379"
"39","2026-07-11T00:00:00.000","A","649"
"4","2026-07-11T00:00:00.000","A","14880"
"43","2026-07-11T00:00:00.000","A","400"
"44","2026-07-11T00:00:00.000","A","1650"
"47","2026-07-11T00:00:00.000","A","7511"
"49","2026-07-11T00:00:00.000","A","14231"
"49B","2026-07-11T00:00:00.000","A","2735"
"50","2026-07-11T00:00:00.000","A","7074"
"51","2026-07-11T00:00:00.000","A","712"
"52","2026-07-11T00:00:00.000","A","4824"
"52A","2026-07-11T00:00:00.000","A","2430"
"53","2026-07-11T00:00:00.000","A","14092"
"53A","2026-07-11T00:00:00.000","A","1494"
"54","2026-07-11T00:00:00.000","A","6712"
"54B","2026-07-11T00:00:00.000","A","1876"
"55","2026-07-11T00:00:00.000","A","7168"
"55N","2026-07-11T00:00:00.000","A","232"
"56","2026-07-11T00:00:00.000","A","5003"
"57","2026-07-11T00:00:00.000","A","653"
"59","2026-07-11T00:00:00.000","A","1707"
"6","2026-07-11T00:00:00.000","A","6706"
"60","2026-07-11T00:00:00.000","A","8040"
"62","2026-07-11T00:00:00.000","A","6227"
"62H","2026-07-11T00:00:00.000","A","476"
"63","2026-07-11T00:00:00.000","A","10630"
"63W","2026-07-11T00:00:00.000","A","822"
"65","2026-07-11T00:00:00.000","A","6077"
"66","2026-07-11T00:00:00.000","A","13798"
"67","2026-07-11T00:00:00.000","A","5604"
"68","2026-07-11T00:00:00.000","A","527"
"70","2026-07-11T00:00:00.000","A","5033"
"71","2026-07-11T00:00:00.000","A","6301"
"72","2026-07-11T00:00:00.000","A","11986"
"73","2026-07-11T00:00:00.000","A","3115"
"74","2026-07-11T00:00:00.000","A","7919"
"75","2026-07-11T00:00:00.000","A","4117"
"76","2026-07-11T00:00:00.000","A","6511"
"77","2026-07-11T00:00:00.000","A","12546"
"78","2026-07-11T00:00:00.000","A","5760"
"79","2026-07-11T00:00:00.000","A","13414"
"8","2026-07-11T00:00:00.000","A","12815"
"80","2026-07-11T00:00:00.000","A","6798"
"81","2026-07-11T00:00:00.000","A","7455"
"81W","2026-07-11T00:00:00.000","A","1207"
"82","2026-07-11T00:00:00.000","A","9969"
"84","2026-07-11T00:00:00.000","A","1763"
"85","2026-07-11T00:00:00.000","A","5954"
"85A","2026-07-11T00:00:00.000","A","321"
"87","2026-07-11T00:00:00.000","A","5966"
"88","2026-07-11T00:00:00.000","A","489"
"8A","2026-07-11T00:00:00.000","A","2176"
"9","2026-07-11T00:00:00.000","A","19973"
"90","2026-07-11T00:00:00.000","A","2928"
"91","2026-07-11T00:00:00.000","A","2614"
"92","2026-07-11T00:00:00.000","A","3462"
"93","2026-07-11T00:00:00.000","A","2707"
"94","2026-07-11T00:00:00.000","A","5896"
"95","2026-07-11T00:00:00.000","A","3715"
"97","2026-07-11T00:00:00.000","A","2167"
"J14","2026-07-11T00:00:00.000","A","6268"
"N5","2026-07-11T00:00:00.000","A","435"
"X9","2026-07-10T00:00:00.000","W","4940"
"X49","2026-07-10T00:00:00.000","W","3625"
"X4","2026-07-10T00:00:00.000","W","2431"
"1","2026-07-10T00:00:00.000","W","872"
"10","2026-07-10T00:00:00.000","W","938"
"100","2026-07-10T00:00:00.000","W","312"
"1001","2026-07-10T00:00:00.000","W","30"
"103","2026-07-10T00:00:00.000","W","1064"
"106","2026-07-10T00:00:00.000","W","894"
"108","2026-07-10T00:00:00.000","W","657"
"11","2026-07-10T00:00:00.000","W","1021"
"111","2026-07-10T00:00:00.000","W","2112"
"111A","2026-07-10T00:00:00.000","W","434"
"112","2026-07-10T00:00:00.000","W","1270"
"115","2026-07-10T00:00:00.000","W","1497"
"119","2026-07-10T00:00:00.000","W","2569"
"12","2026-07-10T00:00:00.000","W","9356"
"120","2026-07-10T00:00:00.000","W","617"
"121","2026-07-10T00:00:00.000","W","708"
"124","2026-07-10T00:00:00.000","W","2400"
"125","2026-07-10T00:00:00.000","W","454"
"126","2026-07-10T00:00:00.000","W","3863"
"130","2026-07-10T00:00:00.000","W","866"
"134","2026-07-10T00:00:00.000","W","980"
"135","2026-07-10T00:00:00.000","W","999"
"136","2026-07-10T00:00:00.000","W","722"
"143","2026-07-10T00:00:00.000","W","737"
"146","2026-07-10T00:00:00.000","W","10809"
"147","2026-07-10T00:00:00.000","W","10191"
"148","2026-07-10T00:00:00.000","W","923"
"15","2026-07-10T00:00:00.000","W","5066"
"151","2026-07-10T00:00:00.000","W","13435"
"152","2026-07-10T00:00:00.000","W","5990"
"155","2026-07-10T00:00:00.000","W","5045"
"156","2026-07-10T00:00:00.000","W","3698"
"157","2026-07-10T00:00:00.000","W","4685"
"165","2026-07-10T00:00:00.000","W","101"
"169","2026-07-10T00:00:00.000","W","53"
"171","2026-07-10T00:00:00.000","W","341"
"172","2026-07-10T00:00:00.000","W","174"
"18","2026-07-10T00:00:00.000","W","3270"
"19","2026-07-10T00:00:00.000","W","45"
"192","2026-07-10T00:00:00.000","W","388"
"2","2026-07-10T00:00:00.000","W","1481"
"20","2026-07-10T00:00:00.000","W","14719"
"201","2026-07-10T00:00:00.000","W","1087"
"206","2026-07-10T00:00:00.000","W","134"
"21","2026-07-10T00:00:00.000","W","8361"
"22","2026-07-10T00:00:00.000","W","14316"
"24","2026-07-10T00:00:00.000","W","1950"
"26","2026-07-10T00:00:00.000","W","2857"
"28","2026-07-10T00:00:00.000","W","4276"
"29","2026-07-10T00:00:00.000","W","8977"
"3","2026-07-10T00:00:00.000","W","16266"
"30","2026-07-10T00:00:00.000","W","1979"
"31","2026-07-10T00:00:00.000","W","432"
"34","2026-07-10T00:00:00.000","W","3331"
"35","2026-07-10T00:00:00.000","W","4028"
"36","2026-07-10T00:00:00.000","W","9862"
"37","2026-07-10T00:00:00.000","W","1253"
"39","2026-07-10T00:00:00.000","W","1311"
"4","2026-07-10T00:00:00.000","W","14482"
"43","2026-07-10T00:00:00.000","W","629"
"44","2026-07-10T00:00:00.000","W","2510"
"47","2026-07-10T00:00:00.000","W","9766"
"48","2026-07-10T00:00:00.000","W","436"
"49","2026-07-10T00:00:00.000","W","14206"
"49B","2026-07-10T00:00:00.000","W","3520"
"50","2026-07-10T00:00:00.000","W","8024"
"51","2026-07-10T00:00:00.000","W","1448"
"52","2026-07-10T00:00:00.000","W","6773"
"52A","2026-07-10T00:00:00.000","W","3003"
"53","2026-07-10T00:00:00.000","W","17286"
"53A","2026-07-10T00:00:00.000","W","2345"
"54","2026-07-10T00:00:00.000","W","9039"
"54A","2026-07-10T00:00:00.000","W","539"
"54B","2026-07-10T00:00:00.000","W","1955"
"55","2026-07-10T00:00:00.000","W","8037"
"55A","2026-07-10T00:00:00.000","W","106"
"55N","2026-07-10T00:00:00.000","W","322"
"56","2026-07-10T00:00:00.000","W","6615"
"57","2026-07-10T00:00:00.000","W","1591"
"59","2026-07-10T00:00:00.000","W","2194"
"6","2026-07-10T00:00:00.000","W","6672"
"60","2026-07-10T00:00:00.000","W","10219"
"62","2026-07-10T00:00:00.000","W","6942"
"62H","2026-07-10T00:00:00.000","W","781"
"63","2026-07-10T00:00:00.000","W","12353"
"63W","2026-07-10T00:00:00.000","W","1093"
"65","2026-07-10T00:00:00.000","W","7150"
"66","2026-07-10T00:00:00.000","W","16515"
"67","2026-07-10T00:00:00.000","W","6237"
"68","2026-07-10T00:00:00.000","W","721"
"7","2026-07-10T00:00:00.000","W","3192"
"70","2026-07-10T00:00:00.000","W","6620"
"71","2026-07-10T00:00:00.000","W","7205"
"72","2026-07-10T00:00:00.000","W","11919"
"73","2026-07-10T00:00:00.000","W","4131"
"74","2026-07-10T00:00:00.000","W","9067"
"75","2026-07-10T00:00:00.000","W","5891"
"76","2026-07-10T00:00:00.000","W","8253"
"77","2026-07-10T00:00:00.000","W","15128"
"78","2026-07-10T00:00:00.000","W","6333"
"79","2026-07-10T00:00:00.000","W","18037"
"8","2026-07-10T00:00:00.000","W","14927"
"80","2026-07-10T00:00:00.000","W","7687"
"81","2026-07-10T00:00:00.000","W","9335"
"81W","2026-07-10T00:00:00.000","W","1495"
"82","2026-07-10T00:00:00.000","W","12550"
"84","2026-07-10T00:00:00.000","W","2776"
"85","2026-07-10T00:00:00.000","W","7710"
"85A","2026-07-10T00:00:00.000","W","606"
"86","2026-07-10T00:00:00.000","W","1136"
"87","2026-07-10T00:00:00.000","W","7940"
"88","2026-07-10T00:00:00.000","W","851"
"8A","2026-07-10T00:00:00.000","W","2324"
"9","2026-07-10T00:00:00.000","W","18048"
"90","2026-07-10T00:00:00.000","W","3813"
"91","2026-07-10T00:00:00.000","W","3566"
"92","2026-07-10T00:00:00.000","W","4747"
"93","2026-07-10T00:00:00.000","W","3975"
"94","2026-07-10T00:00:00.000","W","7833"
"95","2026-07-10T00:00:00.000","W","5432"
"96","2026-07-10T00:00:00.000","W","603"
"97","2026-07-10T00:00:00.000","W","2224"
"J14","2026-07-10T00:00:00.000","W","7825"
"N5","2026-07-10T00:00:00.000","W","327"
"X9","2026-07-09T00:00:00.000","W","4789"
"X49","2026-07-09T00:00:00.000","W","3607"
"X4","2026-07-09T00:00:00.000","W","2509"
"1","2026-07-09T00:00:00.000","W","1138"
"10","2026-07-09T00:00:00.000","W","965"
"100","2026-07-09T00:00:00.000","W","361"
"1001","2026-07-09T00:00:00.000","W","26"
"103","2026-07-09T00:00:00.000","W","1244"
"106","2026-07-09T00:00:00.000","W","1094"
"108","2026-07-09T00:00:00.000","W","748"
"11","2026-07-09T00:00:00.000","W","1031"
"111","2026-07-09T00:00:00.000","W","2232"
"111A","2026-07-09T00:00:00.000","W","335"
"112","2026-07-09T00:00:00.000","W","1119"
"115","2026-07-09T00:00:00.000","W","1897"
"119","2026-07-09T00:00:00.000","W","2093"
"12","2026-07-09T00:00:00.000","W","9998"
"120","2026-07-09T00:00:00.000","W","1044"
"121","2026-07-09T00:00:00.000","W","1418"
"124","2026-07-09T00:00:00.000","W","1828"
"125","2026-07-09T00:00:00.000","W","649"
"126","2026-07-09T00:00:00.000","W","3749"
"130","2026-07-09T00:00:00.000","W","948"
"134","2026-07-09T00:00:00.000","W","2313"
"135","2026-07-09T00:00:00.000","W","2229"
"136","2026-07-09T00:00:00.000","W","1347"
"143","2026-07-09T00:00:00.000","W","1085"
"146","2026-07-09T00:00:00.000","W","10655"
"147","2026-07-09T00:00:00.000","W","10616"
"148","2026-07-09T00:00:00.000","W","1382"
"15","2026-07-09T00:00:00.000","W","4868"
"151","2026-07-09T00:00:00.000","W","13167"
"152","2026-07-09T00:00:00.000","W","6400"
"155","2026-07-09T00:00:00.000","W","5208"
"156","2026-07-09T00:00:00.000","W","5596"
"157","2026-07-09T00:00:00.000","W","4985"
"165","2026-07-09T00:00:00.000","W","116"
"169","2026-07-09T00:00:00.000","W","108"
"171","2026-07-09T00:00:00.000","W","332"
"172","2026-07-09T00:00:00.000","W","222"
"18","2026-07-09T00:00:00.000","W","3292"
"19","2026-07-09T00:00:00.000","W","79"
"192","2026-07-09T00:00:00.000","W","526"
"2","2026-07-09T00:00:00.000","W","2001"
"20","2026-07-09T00:00:00.000","W","14232"
"201","2026-07-09T00:00:00.000","W","1153"
"206","2026-07-09T00:00:00.000","W","118"
"21","2026-07-09T00:00:00.000","W","8143"
"22","2026-07-09T00:00:00.000","W","14265"
"24","2026-07-09T00:00:00.000","W","2145"
"26","2026-07-09T00:00:00.000","W","3029"
"28","2026-07-09T00:00:00.000","W","4198"
"29","2026-07-09T00:00:00.000","W","7297"
"3","2026-07-09T00:00:00.000","W","15943"
"30","2026-07-09T00:00:00.000","W","1971"
"31","2026-07-09T00:00:00.000","W","425"
"34","2026-07-09T00:00:00.000","W","3751"
"35","2026-07-09T00:00:00.000","W","3878"
"36","2026-07-09T00:00:00.000","W","9930"
"37","2026-07-09T00:00:00.000","W","2142"
"39","2026-07-09T00:00:00.000","W","1395"
"4","2026-07-09T00:00:00.000","W","14901"
"43","2026-07-09T00:00:00.000","W","687"
"44","2026-07-09T00:00:00.000","W","2509"
"47","2026-07-09T00:00:00.000","W","9760"
"48","2026-07-09T00:00:00.000","W","490"
"49","2026-07-09T00:00:00.000","W","14077"
"49B","2026-07-09T00:00:00.000","W","3867"
"50","2026-07-09T00:00:00.000","W","8365"
"51","2026-07-09T00:00:00.000","W","939"
"52","2026-07-09T00:00:00.000","W","6601"
"52A","2026-07-09T00:00:00.000","W","2957"
"53","2026-07-09T00:00:00.000","W","17648"
"53A","2026-07-09T00:00:00.000","W","2774"
"54","2026-07-09T00:00:00.000","W","9113"
"54A","2026-07-09T00:00:00.000","W","565"
"54B","2026-07-09T00:00:00.000","W","1983"
"55","2026-07-09T00:00:00.000","W","7968"
"55A","2026-07-09T00:00:00.000","W","124"
"55N","2026-07-09T00:00:00.000","W","390"
"56","2026-07-09T00:00:00.000","W","7492"
"57","2026-07-09T00:00:00.000","W","1752"
"59","2026-07-09T00:00:00.000","W","2257"
"6","2026-07-09T00:00:00.000","W","6554"
"60","2026-07-09T00:00:00.000","W","10574"
"62","2026-07-09T00:00:00.000","W","7179"
"62H","2026-07-09T00:00:00.000","W","824"
"63","2026-07-09T00:00:00.000","W","12968"
"63W","2026-07-09T00:00:00.000","W","1120"
"65","2026-07-09T00:00:00.000","W","7587"
"66","2026-07-09T00:00:00.000","W","16422"
"67","2026-07-09T00:00:00.000","W","7005"
"68","2026-07-09T00:00:00.000","W","700"
"7","2026-07-09T00:00:00.000","W","3751"
"70","2026-07-09T00:00:00.000","W","6860"
"71","2026-07-09T00:00:00.000","W","6724"
"72","2026-07-09T00:00:00.000","W","12017"
"73","2026-07-09T00:00:00.000","W","3948"
"74","2026-07-09T00:00:00.000","W","9059"
"75","2026-07-09T00:00:00.000","W","6333"
"76","2026-07-09T00:00:00.000","W","8292"
"77","2026-07-09T00:00:00.000","W","14889"
"78","2026-07-09T00:00:00.000","W","6363"
"79","2026-07-09T00:00:00.000","W","18058"
"8","2026-07-09T00:00:00.000","W","14768"
"80","2026-07-09T00:00:00.000","W","8002"
"81","2026-07-09T00:00:00.000","W","9306"
"81W","2026-07-09T00:00:00.000","W","1476"
"82","2026-07-09T00:00:00.000","W","12929"
"84","2026-07-09T00:00:00.000","W","2721"
"85","2026-07-09T00:00:00.000","W","7849"
"85A","2026-07-09T00:00:00.000","W","693"
"86","2026-07-09T00:00:00.000","W","1481"
"87","2026-07-09T00:00:00.000","W","7651"
"88","2026-07-09T00:00:00.000","W","894"
"8A","2026-07-09T00:00:00.000","W","2180"
"9","2026-07-09T00:00:00.000","W","18746"
"90","2026-07-09T00:00:00.000","W","3633"
"91","2026-07-09T00:00:00.000","W","3574"
"92","2026-07-09T00:00:00.000","W","5069"
"93","2026-07-09T00:00:00.000","W","3982"
"94","2026-07-09T00:00:00.000","W","8365"
"95","2026-07-09T00:00:00.000","W","5191"
"96","2026-07-09T00:00:00.000","W","582"
"97","2026-07-09T00:00:00.000","W","2206"
"J14","2026-07-09T00:00:00.000","W","8003"
"N5","2026-07-09T00:00:00.000","W","231"
"X9","2026-07-08T00:00:00.000","W","4860"
"X49","2026-07-08T00:00:00.000","W","3599"
"X4","2026-07-08T00:00:00.000","W","3418"
"1","2026-07-08T00:00:00.000","W","1226"
"10","2026-07-08T00:00:00.000","W","744"
"100","2026-07-08T00:00:00.000","W","277"
"1001","2026-07-08T00:00:00.000","W","28"
"103","2026-07-08T00:00:00.000","W","1298"
"106","2026-07-08T00:00:00.000","W","1027"
"108","2026-07-08T00:00:00.000","W","595"
"11","2026-07-08T00:00:00.000","W","1014"
"111","2026-07-08T00:00:00.000","W","2071"
"111A","2026-07-08T00:00:00.000","W","423"
"112","2026-07-08T00:00:00.000","W","1248"
"115","2026-07-08T00:00:00.000","W","1870"
"119","2026-07-08T00:00:00.000","W","2540"
"12","2026-07-08T00:00:00.000","W","10616"
"120","2026-07-08T00:00:00.000","W","1159"
"121","2026-07-08T00:00:00.000","W","1496"
"124","2026-07-08T00:00:00.000","W","2939"
"125","2026-07-08T00:00:00.000","W","753"
"126","2026-07-08T00:00:00.000","W","4296"
"130","2026-07-08T00:00:00.000","W","1566"
"134","2026-07-08T00:00:00.000","W","2666"
"135","2026-07-08T00:00:00.000","W","2445"
"136","2026-07-08T00:00:00.000","W","1440"
"143","2026-07-08T00:00:00.000","W","1352"
"146","2026-07-08T00:00:00.000","W","12609"
"147","2026-07-08T00:00:00.000","W","10974"
"148","2026-07-08T00:00:00.000","W","1388"
"15","2026-07-08T00:00:00.000","W","5468"
"151","2026-07-08T00:00:00.000","W","15092"
"152","2026-07-08T00:00:00.000","W","6237"
"155","2026-07-08T00:00:00.000","W","5308"
"156","2026-07-08T00:00:00.000","W","5588"
"157","2026-07-08T00:00:00.000","W","5197"
"165","2026-07-08T00:00:00.000","W","86"
"169","2026-07-08T00:00:00.000","W","30"
"171","2026-07-08T00:00:00.000","W","228"
"172","2026-07-08T00:00:00.000","W","343"
"18","2026-07-08T00:00:00.000","W","3434"
"19","2026-07-08T00:00:00.000","W","207"
"192","2026-07-08T00:00:00.000","W","469"
"2","2026-07-08T00:00:00.000","W","1876"
"20","2026-07-08T00:00:00.000","W","14804"
"201","2026-07-08T00:00:00.000","W","1245"
"206","2026-07-08T00:00:00.000","W","129"
"21","2026-07-08T00:00:00.000","W","7791"
"22","2026-07-08T00:00:00.000","W","14553"
"24","2026-07-08T00:00:00.000","W","2225"
"26","2026-07-08T00:00:00.000","W","3349"
"28","2026-07-08T00:00:00.000","W","4950"
"29","2026-07-08T00:00:00.000","W","9807"
"3","2026-07-08T00:00:00.000","W","16264"
"30","2026-07-08T00:00:00.000","W","2170"
"31","2026-07-08T00:00:00.000","W","548"
"34","2026-07-08T00:00:00.000","W","3603"
"35","2026-07-08T00:00:00.000","W","4233"
"36","2026-07-08T00:00:00.000","W","10899"
"37","2026-07-08T00:00:00.000","W","2205"
"39","2026-07-08T00:00:00.000","W","1746"
"4","2026-07-08T00:00:00.000","W","15260"
"43","2026-07-08T00:00:00.000","W","662"
"44","2026-07-08T00:00:00.000","W","2968"
"47","2026-07-08T00:00:00.000","W","9505"
"48","2026-07-08T00:00:00.000","W","581"
"49","2026-07-08T00:00:00.000","W","14276"
"49B","2026-07-08T00:00:00.000","W","3857"
"50","2026-07-08T00:00:00.000","W","8556"
"51","2026-07-08T00:00:00.000","W","1697"
"52","2026-07-08T00:00:00.000","W","6873"
"52A","2026-07-08T00:00:00.000","W","3547"
"53","2026-07-08T00:00:00.000","W","18206"
"53A","2026-07-08T00:00:00.000","W","2740"
"54","2026-07-08T00:00:00.000","W","8639"
"54A","2026-07-08T00:00:00.000","W","565"
"54B","2026-07-08T00:00:00.000","W","1908"
"55","2026-07-08T00:00:00.000","W","8141"
"55A","2026-07-08T00:00:00.000","W","148"
"55N","2026-07-08T00:00:00.000","W","398"
"56","2026-07-08T00:00:00.000","W","7537"
"57","2026-07-08T00:00:00.000","W","1754"
"59","2026-07-08T00:00:00.000","W","2433"
"6","2026-07-08T00:00:00.000","W","6927"
"60","2026-07-08T00:00:00.000","W","11328"
"62","2026-07-08T00:00:00.000","W","7251"
"62H","2026-07-08T00:00:00.000","W","852"
"63","2026-07-08T00:00:00.000","W","13926"
"63W","2026-07-08T00:00:00.000","W","1128"
"65","2026-07-08T00:00:00.000","W","7443"
"66","2026-07-08T00:00:00.000","W","17333"
"67","2026-07-08T00:00:00.000","W","7153"
"68","2026-07-08T00:00:00.000","W","743"
"7","2026-07-08T00:00:00.000","W","3657"
"70","2026-07-08T00:00:00.000","W","6965"
"71","2026-07-08T00:00:00.000","W","7204"
"72","2026-07-08T00:00:00.000","W","13006"
"73","2026-07-08T00:00:00.000","W","4185"
"74","2026-07-08T00:00:00.000","W","9209"
"75","2026-07-08T00:00:00.000","W","5792"
"76","2026-07-08T00:00:00.000","W","8552"
"77","2026-07-08T00:00:00.000","W","16050"
"78","2026-07-08T00:00:00.000","W","6963"
"79","2026-07-08T00:00:00.000","W","18714"
"8","2026-07-08T00:00:00.000","W","14801"
"80","2026-07-08T00:00:00.000","W","8760"
"81","2026-07-08T00:00:00.000","W","9134"
"81W","2026-07-08T00:00:00.000","W","1597"
"82","2026-07-08T00:00:00.000","W","13702"
"84","2026-07-08T00:00:00.000","W","2753"
"85","2026-07-08T00:00:00.000","W","8381"
"85A","2026-07-08T00:00:00.000","W","718"
"86","2026-07-08T00:00:00.000","W","1523"
"87","2026-07-08T00:00:00.000","W","8198"
"88","2026-07-08T00:00:00.000","W","923"
"8A","2026-07-08T00:00:00.000","W","2586"
"9","2026-07-08T00:00:00.000","W","19252"
"90","2026-07-08T00:00:00.000","W","3659"
"91","2026-07-08T00:00:00.000","W","3711"
"92","2026-07-08T00:00:00.000","W","5111"
"93","2026-07-08T00:00:00.000","W","4142"
"94","2026-07-08T00:00:00.000","W","8609"
"95","2026-07-08T00:00:00.000","W","5322"
"96","2026-07-08T00:00:00.000","W","653"
"97","2026-07-08T00:00:00.000","W","2092"
"J14","2026-07-08T00:00:00.000","W","9120"
"N5","2026-07-08T00:00:00.000","W","280"
"X9","2026-07-07T00:00:00.000","W","4593"
"X49","2026-07-07T00:00:00.000","W","3658"
"X4","2026-07-07T00:00:00.000","W","2900"
"1","2026-07-07T00:00:00.000","W","1179"
"10","2026-07-07T00:00:00.000","W","959"
"100","2026-07-07T00:00:00.000","W","411"
"1001","2026-07-07T00:00:00.000","W","5"
"103","2026-07-07T00:00:00.000","W","1486"
"106","2026-07-07T00:00:00.000","W","929"
"108","2026-07-07T00:00:00.000","W","688"
"11","2026-07-07T00:00:00.000","W","1030"
"111","2026-07-07T00:00:00.000","W","2432"
"111A","2026-07-07T00:00:00.000","W","363"
"112","2026-07-07T00:00:00.000","W","1235"
"115","2026-07-07T00:00:00.000","W","1702"
"119","2026-07-07T00:00:00.000","W","2534"
"12","2026-07-07T00:00:00.000","W","10186"
"120","2026-07-07T00:00:00.000","W","1162"
"121","2026-07-07T00:00:00.000","W","1546"
"124","2026-07-07T00:00:00.000","W","2243"
"125","2026-07-07T00:00:00.000","W","693"
"126","2026-07-07T00:00:00.000","W","4052"
"130","2026-07-07T00:00:00.000","W","1314"
"134","2026-07-07T00:00:00.000","W","2541"
"135","2026-07-07T00:00:00.000","W","2404"
"136","2026-07-07T00:00:00.000","W","1485"
"143","2026-07-07T00:00:00.000","W","1121"
"146","2026-07-07T00:00:00.000","W","11203"
"147","2026-07-07T00:00:00.000","W","10158"
"148","2026-07-07T00:00:00.000","W","1522"
"15","2026-07-07T00:00:00.000","W","5838"
"151","2026-07-07T00:00:00.000","W","14102"
"152","2026-07-07T00:00:00.000","W","6557"
"155","2026-07-07T00:00:00.000","W","5277"
"156","2026-07-07T00:00:00.000","W","5436"
"157","2026-07-07T00:00:00.000","W","5694"
"165","2026-07-07T00:00:00.000","W","83"
"169","2026-07-07T00:00:00.000","W","166"
"171","2026-07-07T00:00:00.000","W","302"
"172","2026-07-07T00:00:00.000","W","232"
"18","2026-07-07T00:00:00.000","W","3477"
"192","2026-07-07T00:00:00.000","W","574"
"2","2026-07-07T00:00:00.000","W","1784"
"20","2026-07-07T00:00:00.000","W","14723"
"201","2026-07-07T00:00:00.000","W","1160"
"206","2026-07-07T00:00:00.000","W","110"
"21","2026-07-07T00:00:00.000","W","8363"
"22","2026-07-07T00:00:00.000","W","14551"
"24","2026-07-07T00:00:00.000","W","2078"
"26","2026-07-07T00:00:00.000","W","3294"
"28","2026-07-07T00:00:00.000","W","4556"
"29","2026-07-07T00:00:00.000","W","8166"
"3","2026-07-07T00:00:00.000","W","15911"
"30","2026-07-07T00:00:00.000","W","2057"
"31","2026-07-07T00:00:00.000","W","562"
"34","2026-07-07T00:00:00.000","W","4029"
"35","2026-07-07T00:00:00.000","W","4048"
"36","2026-07-07T00:00:00.000","W","10356"
"37","2026-07-07T00:00:00.000","W","2149"
"39","2026-07-07T00:00:00.000","W","1582"
"4","2026-07-07T00:00:00.000","W","15533"
"43","2026-07-07T00:00:00.000","W","747"
"44","2026-07-07T00:00:00.000","W","2454"
"47","2026-07-07T00:00:00.000","W","9555"
"48","2026-07-07T00:00:00.000","W","556"
"49","2026-07-07T00:00:00.000","W","14591"
"49B","2026-07-07T00:00:00.000","W","3804"
"50","2026-07-07T00:00:00.000","W","8314"
"51","2026-07-07T00:00:00.000","W","1115"
"52","2026-07-07T00:00:00.000","W","6861"
"52A","2026-07-07T00:00:00.000","W","3426"
"53","2026-07-07T00:00:00.000","W","18766"
"53A","2026-07-07T00:00:00.000","W","2620"
"54","2026-07-07T00:00:00.000","W","8824"
"54A","2026-07-07T00:00:00.000","W","648"
"54B","2026-07-07T00:00:00.000","W","2153"
"55","2026-07-07T00:00:00.000","W","8187"
"55A","2026-07-07T00:00:00.000","W","167"
"55N","2026-07-07T00:00:00.000","W","398"
"56","2026-07-07T00:00:00.000","W","7536"
"57","2026-07-07T00:00:00.000","W","1727"
"59","2026-07-07T00:00:00.000","W","2876"
"6","2026-07-07T00:00:00.000","W","7053"
"60","2026-07-07T00:00:00.000","W","11370"
"62","2026-07-07T00:00:00.000","W","7050"
"62H","2026-07-07T00:00:00.000","W","687"
"63","2026-07-07T00:00:00.000","W","13512"
"63W","2026-07-07T00:00:00.000","W","1205"
"65","2026-07-07T00:00:00.000","W","7271"
"66","2026-07-07T00:00:00.000","W","16706"
"67","2026-07-07T00:00:00.000","W","7390"
"68","2026-07-07T00:00:00.000","W","776"
"7","2026-07-07T00:00:00.000","W","3328"
"70","2026-07-07T00:00:00.000","W","6744"
"71","2026-07-07T00:00:00.000","W","7356"
"72","2026-07-07T00:00:00.000","W","12646"
"73","2026-07-07T00:00:00.000","W","4085"
"74","2026-07-07T00:00:00.000","W","9193"
"75","2026-07-07T00:00:00.000","W","5882"
"76","2026-07-07T00:00:00.000","W","8821"
"77","2026-07-07T00:00:00.000","W","15757"
"78","2026-07-07T00:00:00.000","W","6579"
"79","2026-07-07T00:00:00.000","W","19456"
"8","2026-07-07T00:00:00.000","W","14964"
"80","2026-07-07T00:00:00.000","W","8055"
"81","2026-07-07T00:00:00.000","W","9404"
"81W","2026-07-07T00:00:00.000","W","1724"
"82","2026-07-07T00:00:00.000","W","13395"
"84","2026-07-07T00:00:00.000","W","2766"
"85","2026-07-07T00:00:00.000","W","8280"
"85A","2026-07-07T00:00:00.000","W","659"
"86","2026-07-07T00:00:00.000","W","1604"
"87","2026-07-07T00:00:00.000","W","7767"
"88","2026-07-07T00:00:00.000","W","943"
"8A","2026-07-07T00:00:00.000","W","2499"
"9","2026-07-07T00:00:00.000","W","19668"
"90","2026-07-07T00:00:00.000","W","3516"
"91","2026-07-07T00:00:00.000","W","3712"
"92","2026-07-07T00:00:00.000","W","5117"
"93","2026-07-07T00:00:00.000","W","4118"
"94","2026-07-07T00:00:00.000","W","8920"
"95","2026-07-07T00:00:00.000","W","5492"
"96","2026-07-07T00:00:00.000","W","620"
"97","2026-07-07T00:00:00.000","W","2268"
"J14","2026-07-07T00:00:00.000","W","8389"
"N5","2026-07-07T00:00:00.000","W","257"
"X9","2026-07-06T00:00:00.000","W","3435"
"X49","2026-07-06T00:00:00.000","W","2880"
"1","2026-07-06T00:00:00.000","W","931"
"10","2026-07-06T00:00:00.000","W","869"
"100","2026-07-06T00:00:00.000","W","311"
"1001","2026-07-06T00:00:00.000","W","5"
"103","2026-07-06T00:00:00.000","W","1335"
"106","2026-07-06T00:00:00.000","W","597"
"108","2026-07-06T00:00:00.000","W","725"
"11","2026-07-06T00:00:00.000","W","961"
"111","2026-07-06T00:00:00.000","W","2083"
"111A","2026-07-06T00:00:00.000","W","512"
"112","2026-07-06T00:00:00.000","W","934"
"115","2026-07-06T00:00:00.000","W","1810"
"119","2026-07-06T00:00:00.000","W","2568"
"12","2026-07-06T00:00:00.000","W","10579"
"120","2026-07-06T00:00:00.000","W","934"
"121","2026-07-06T00:00:00.000","W","1046"
"124","2026-07-06T00:00:00.000","W","1916"
"125","2026-07-06T00:00:00.000","W","441"
"126","2026-07-06T00:00:00.000","W","3542"
"130","2026-07-06T00:00:00.000","W","696"
"134","2026-07-06T00:00:00.000","W","1556"
"135","2026-07-06T00:00:00.000","W","1565"
"136","2026-07-06T00:00:00.000","W","988"
"143","2026-07-06T00:00:00.000","W","749"
"146","2026-07-06T00:00:00.000","W","9769"
"147","2026-07-06T00:00:00.000","W","9675"
"148","2026-07-06T00:00:00.000","W","1065"
"15","2026-07-06T00:00:00.000","W","6030"
"151","2026-07-06T00:00:00.000","W","13215"
"152","2026-07-06T00:00:00.000","W","6097"
"155","2026-07-06T00:00:00.000","W","5263"
"156","2026-07-06T00:00:00.000","W","3940"
"157","2026-07-06T00:00:00.000","W","5221"
"165","2026-07-06T00:00:00.000","W","99"
"169","2026-07-06T00:00:00.000","W","73"
"171","2026-07-06T00:00:00.000","W","297"
"172","2026-07-06T00:00:00.000","W","371"
"18","2026-07-06T00:00:00.000","W","3508"
"192","2026-07-06T00:00:00.000","W","479"
"2","2026-07-06T00:00:00.000","W","1517"
"20","2026-07-06T00:00:00.000","W","14191"
"201","2026-07-06T00:00:00.000","W","993"
"206","2026-07-06T00:00:00.000","W","87"
"21","2026-07-06T00:00:00.000","W","7861"
"22","2026-07-06T00:00:00.000","W","13105"
"24","2026-07-06T00:00:00.000","W","2122"
"26","2026-07-06T00:00:00.000","W","2699"
"28","2026-07-06T00:00:00.000","W","4449"
"29","2026-07-06T00:00:00.000","W","8544"
"3","2026-07-06T00:00:00.000","W","15035"
"30","2026-07-06T00:00:00.000","W","2083"
"31","2026-07-06T00:00:00.000","W","372"
"34","2026-07-06T00:00:00.000","W","3591"
"35","2026-07-06T00:00:00.000","W","3272"
"36","2026-07-06T00:00:00.000","W","10262"
"37","2026-07-06T00:00:00.000","W","1532"
"39","2026-07-06T00:00:00.000","W","1411"
"4","2026-07-06T00:00:00.000","W","14906"
"43","2026-07-06T00:00:00.000","W","746"
"44","2026-07-06T00:00:00.000","W","2653"
"47","2026-07-06T00:00:00.000","W","9579"
"48","2026-07-06T00:00:00.000","W","407"
"49","2026-07-06T00:00:00.000","W","13825"
"49B","2026-07-06T00:00:00.000","W","3727"
"50","2026-07-06T00:00:00.000","W","7986"
"51","2026-07-06T00:00:00.000","W","1470"
"52","2026-07-06T00:00:00.000","W","7085"
"52A","2026-07-06T00:00:00.000","W","3367"
"53","2026-07-06T00:00:00.000","W","18772"
"53A","2026-07-06T00:00:00.000","W","2295"
"54","2026-07-06T00:00:00.000","W","8889"
"54A","2026-07-06T00:00:00.000","W","555"
"54B","2026-07-06T00:00:00.000","W","1890"
"55","2026-07-06T00:00:00.000","W","7867"
"55A","2026-07-06T00:00:00.000","W","112"
"55N","2026-07-06T00:00:00.000","W","312"
"56","2026-07-06T00:00:00.000","W","6740"
"57","2026-07-06T00:00:00.000","W","1838"
"59","2026-07-06T00:00:00.000","W","2431"
"6","2026-07-06T00:00:00.000","W","6310"
"60","2026-07-06T00:00:00.000","W","9773"
"62","2026-07-06T00:00:00.000","W","6754"
"62H","2026-07-06T00:00:00.000","W","700"
"63","2026-07-06T00:00:00.000","W","13319"
"63W","2026-07-06T00:00:00.000","W","1171"
"65","2026-07-06T00:00:00.000","W","6734"
"66","2026-07-06T00:00:00.000","W","16380"
"67","2026-07-06T00:00:00.000","W","6871"
"68","2026-07-06T00:00:00.000","W","745"
"7","2026-07-06T00:00:00.000","W","3366"
"70","2026-07-06T00:00:00.000","W","6315"
"71","2026-07-06T00:00:00.000","W","6677"
"72","2026-07-06T00:00:00.000","W","11898"
"73","2026-07-06T00:00:00.000","W","3651"
"74","2026-07-06T00:00:00.000","W","8878"
"75","2026-07-06T00:00:00.000","W","5688"
"76","2026-07-06T00:00:00.000","W","8464"
"77","2026-07-06T00:00:00.000","W","14520"
"78","2026-07-06T00:00:00.000","W","6451"
"79","2026-07-06T00:00:00.000","W","18314"
"8","2026-07-06T00:00:00.000","W","13980"
"80","2026-07-06T00:00:00.000","W","7735"
"81","2026-07-06T00:00:00.000","W","9202"
"81W","2026-07-06T00:00:00.000","W","1437"
"82","2026-07-06T00:00:00.000","W","12476"
"84","2026-07-06T00:00:00.000","W","2772"
"85","2026-07-06T00:00:00.000","W","8128"
"85A","2026-07-06T00:00:00.000","W","619"
"86","2026-07-06T00:00:00.000","W","1592"
"87","2026-07-06T00:00:00.000","W","7919"
"88","2026-07-06T00:00:00.000","W","896"
"8A","2026-07-06T00:00:00.000","W","2581"
"9","2026-07-06T00:00:00.000","W","20003"
"90","2026-07-06T00:00:00.000","W","3610"
"91","2026-07-06T00:00:00.000","W","3705"
"92","2026-07-06T00:00:00.000","W","5053"
"93","2026-07-06T00:00:00.000","W","3589"
"94","2026-07-06T00:00:00.000","W","7571"
"95","2026-07-06T00:00:00.000","W","5159"
"96","2026-07-06T00:00:00.000","W","564"
"97","2026-07-06T00:00:00.000","W","2215"
"J14","2026-07-06T00:00:00.000","W","8545"
"N5","2026-07-06T00:00:00.000","W","275"
"X4","2026-07-06T00:00:00.000","W","2809"
"10","2026-07-05T00:00:00.000","U","1043"
"1001","2026-07-05T00:00:00.000","U","61"
"103","2026-07-05T00:00:00.000","U","782"
"106","2026-07-05T00:00:00.000","U","367"
"11","2026-07-05T00:00:00.000","U","384"
"111","2026-07-05T00:00:00.000","U","1009"
"111A","2026-07-05T00:00:00.000","U","342"
"112","2026-07-05T00:00:00.000","U","428"
"115","2026-07-05T00:00:00.000","U","1215"
"119","2026-07-05T00:00:00.000","U","1836"
"12","2026-07-05T00:00:00.000","U","6362"
"124","2026-07-05T00:00:00.000","U","1498"
"126","2026-07-05T00:00:00.000","U","2012"
"130","2026-07-05T00:00:00.000","U","556"
"146","2026-07-05T00:00:00.000","U","7456"
"147","2026-07-05T00:00:00.000","U","6775"
"15","2026-07-05T00:00:00.000","U","2864"
"151","2026-07-05T00:00:00.000","U","10388"
"152","2026-07-05T00:00:00.000","U","3895"
"155","2026-07-05T00:00:00.000","U","3281"
"18","2026-07-05T00:00:00.000","U","2204"
"20","2026-07-05T00:00:00.000","U","9164"
"21","2026-07-05T00:00:00.000","U","4151"
"22","2026-07-05T00:00:00.000","U","10565"
"28","2026-07-05T00:00:00.000","U","2196"
"29","2026-07-05T00:00:00.000","U","6612"
"3","2026-07-05T00:00:00.000","U","9647"
"30","2026-07-05T00:00:00.000","U","775"
"34","2026-07-05T00:00:00.000","U","2737"
"35","2026-07-05T00:00:00.000","U","1523"
"36","2026-07-05T00:00:00.000","U","9175"
"39","2026-07-05T00:00:00.000","U","445"
"4","2026-07-05T00:00:00.000","U","11143"
"43","2026-07-05T00:00:00.000","U","243"
"44","2026-07-05T00:00:00.000","U","1180"
"47","2026-07-05T00:00:00.000","U","5812"
"49","2026-07-05T00:00:00.000","U","10843"
"49B","2026-07-05T00:00:00.000","U","2259"
"50","2026-07-05T00:00:00.000","U","4184"
"51","2026-07-05T00:00:00.000","U","500"
"52","2026-07-05T00:00:00.000","U","3368"
"52A","2026-07-05T00:00:00.000","U","1560"
"53","2026-07-05T00:00:00.000","U","11414"
"53A","2026-07-05T00:00:00.000","U","1072"
"54","2026-07-05T00:00:00.000","U","5429"
"54B","2026-07-05T00:00:00.000","U","1031"
"55","2026-07-05T00:00:00.000","U","4965"
"56","2026-07-05T00:00:00.000","U","3831"
"57","2026-07-05T00:00:00.000","U","401"
"6","2026-07-05T00:00:00.000","U","4971"
"60","2026-07-05T00:00:00.000","U","5893"
"62","2026-07-05T00:00:00.000","U","4778"
"63","2026-07-05T00:00:00.000","U","8454"
"63W","2026-07-05T00:00:00.000","U","459"
"65","2026-07-05T00:00:00.000","U","4294"
"66","2026-07-05T00:00:00.000","U","10857"
"67","2026-07-05T00:00:00.000","U","4669"
"68","2026-07-05T00:00:00.000","U","262"
"70","2026-07-05T00:00:00.000","U","3168"
"71","2026-07-05T00:00:00.000","U","4678"
"72","2026-07-05T00:00:00.000","U","7914"
"73","2026-07-05T00:00:00.000","U","1919"
"74","2026-07-05T00:00:00.000","U","5484"
"75","2026-07-05T00:00:00.000","U","3742"
"76","2026-07-05T00:00:00.000","U","3912"
"77","2026-07-05T00:00:00.000","U","8835"
"78","2026-07-05T00:00:00.000","U","3289"
"79","2026-07-05T00:00:00.000","U","11157"
"8","2026-07-05T00:00:00.000","U","8986"
"80","2026-07-05T00:00:00.000","U","4728"
"81","2026-07-05T00:00:00.000","U","6928"
"81W","2026-07-05T00:00:00.000","U","724"
"82","2026-07-05T00:00:00.000","U","7841"
"84","2026-07-05T00:00:00.000","U","1162"
"85","2026-07-05T00:00:00.000","U","4501"
"87","2026-07-05T00:00:00.000","U","4721"
"88","2026-07-05T00:00:00.000","U","352"
"8A","2026-07-05T00:00:00.000","U","1462"
"9","2026-07-05T00:00:00.000","U","14737"
"90","2026-07-05T00:00:00.000","U","1865"
"91","2026-07-05T00:00:00.000","U","1648"
"92","2026-07-05T00:00:00.000","U","2834"
"93","2026-07-05T00:00:00.000","U","1839"
"94","2026-07-05T00:00:00.000","U","4126"
"95","2026-07-05T00:00:00.000","U","3186"
"97","2026-07-05T00:00:00.000","U","1215"
"J14","2026-07-05T00:00:00.000","U","4357"
"N5","2026-07-05T00:00:00.000","U","369"
"10","2026-07-04T00:00:00.000","A","1081"
"1001","2026-07-04T00:00:00.000","A","94"
"103","2026-07-04T00:00:00.000","A","609"
"106","2026-07-04T00:00:00.000","A","320"
"11","2026-07-04T00:00:00.000","A","426"
"111","2026-07-04T00:00:00.000","A","1192"
"111A","2026-07-04T00:00:00.000","A","306"
"112","2026-07-04T00:00:00.000","A","426"
"115","2026-07-04T00:00:00.000","A","887"
"119","2026-07-04T00:00:00.000","A","1679"
"12","2026-07-04T00:00:00.000","A","6133"
"124","2026-07-04T00:00:00.000","A","2755"
"126","2026-07-04T00:00:00.000","A","2341"
"130","2026-07-04T00:00:00.000","A","947"
"146","2026-07-04T00:00:00.000","A","9997"
"147","2026-07-04T00:00:00.000","A","7794"
"15","2026-07-04T00:00:00.000","A","2698"
"151","2026-07-04T00:00:00.000","A","13421"
"152","2026-07-04T00:00:00.000","A","3424"
"155","2026-07-04T00:00:00.000","A","3348"
"18","2026-07-04T00:00:00.000","A","2029"
"20","2026-07-04T00:00:00.000","A","9024"
"201","2026-07-04T00:00:00.000","A","376"
"21","2026-07-04T00:00:00.000","A","5060"
"22","2026-07-04T00:00:00.000","A","11288"
"28","2026-07-04T00:00:00.000","A","1693"
"29","2026-07-04T00:00:00.000","A","7665"
"3","2026-07-04T00:00:00.000","A","10606"
"30","2026-07-04T00:00:00.000","A","1184"
"34","2026-07-04T00:00:00.000","A","2205"
"35","2026-07-04T00:00:00.000","A","1606"
"36","2026-07-04T00:00:00.000","A","8653"
"39","2026-07-04T00:00:00.000","A","448"
"4","2026-07-04T00:00:00.000","A","11195"
"43","2026-07-04T00:00:00.000","A","329"
"44","2026-07-04T00:00:00.000","A","1348"
"47","2026-07-04T00:00:00.000","A","5579"
"49","2026-07-04T00:00:00.000","A","9942"
"49B","2026-07-04T00:00:00.000","A","2042"
"50","2026-07-04T00:00:00.000","A","3945"
"51","2026-07-04T00:00:00.000","A","543"
"52","2026-07-04T00:00:00.000","A","3483"
"52A","2026-07-04T00:00:00.000","A","1198"
"53","2026-07-04T00:00:00.000","A","11211"
"53A","2026-07-04T00:00:00.000","A","922"
"54","2026-07-04T00:00:00.000","A","5642"
"54B","2026-07-04T00:00:00.000","A","1281"
"55","2026-07-04T00:00:00.000","A","5290"
"55N","2026-07-04T00:00:00.000","A","102"
"56","2026-07-04T00:00:00.000","A","2962"
"57","2026-07-04T00:00:00.000","A","643"
"59","2026-07-04T00:00:00.000","A","949"
"6","2026-07-04T00:00:00.000","A","5128"
"60","2026-07-04T00:00:00.000","A","6288"
"62","2026-07-04T00:00:00.000","A","4617"
"62H","2026-07-04T00:00:00.000","A","273"
"63","2026-07-04T00:00:00.000","A","8308"
"63W","2026-07-04T00:00:00.000","A","421"
"65","2026-07-04T00:00:00.000","A","5800"
"66","2026-07-04T00:00:00.000","A","13494"
"67","2026-07-04T00:00:00.000","A","4171"
"68","2026-07-04T00:00:00.000","A","284"
"70","2026-07-04T00:00:00.000","A","3911"
"71","2026-07-04T00:00:00.000","A","4515"
"72","2026-07-04T00:00:00.000","A","8720"
"73","2026-07-04T00:00:00.000","A","1890"
"74","2026-07-04T00:00:00.000","A","5450"
"75","2026-07-04T00:00:00.000","A","3784"
"76","2026-07-04T00:00:00.000","A","4509"
"77","2026-07-04T00:00:00.000","A","9088"
"78","2026-07-04T00:00:00.000","A","3855"
"79","2026-07-04T00:00:00.000","A","10854"
"8","2026-07-04T00:00:00.000","A","8328"
"80","2026-07-04T00:00:00.000","A","4468"
"81","2026-07-04T00:00:00.000","A","6525"
"81W","2026-07-04T00:00:00.000","A","697"
"82","2026-07-04T00:00:00.000","A","7224"
"84","2026-07-04T00:00:00.000","A","1192"
"85","2026-07-04T00:00:00.000","A","4601"
"85A","2026-07-04T00:00:00.000","A","140"
"87","2026-07-04T00:00:00.000","A","4789"
"88","2026-07-04T00:00:00.000","A","309"
"8A","2026-07-04T00:00:00.000","A","1600"
"9","2026-07-04T00:00:00.000","A","13119"
"90","2026-07-04T00:00:00.000","A","1657"
"91","2026-07-04T00:00:00.000","A","1839"
"92","2026-07-04T00:00:00.000","A","2682"
"93","2026-07-04T00:00:00.000","A","1528"
"94","2026-07-04T00:00:00.000","A","4078"
"95","2026-07-04T00:00:00.000","A","2915"
"97","2026-07-04T00:00:00.000","A","1127"
"J14","2026-07-04T00:00:00.000","A","4821"
"N5","2026-07-04T00:00:00.000","A","278"
"N5","2026-07-03T00:00:00.000","U","361"
"J14","2026-07-03T00:00:00.000","U","6033"
"97","2026-07-03T00:00:00.000","U","1373"
"95","2026-07-03T00:00:00.000","U","3751"
"94","2026-07-03T00:00:00.000","U","5342"
"93","2026-07-03T00:00:00.000","U","2299"
"92","2026-07-03T00:00:00.000","U","3135"
"91","2026-07-03T00:00:00.000","U","2078"
"90","2026-07-03T00:00:00.000","U","2261"
"9","2026-07-03T00:00:00.000","U","16733"
"8A","2026-07-03T00:00:00.000","U","1774"
"88","2026-07-03T00:00:00.000","U","493"
"87","2026-07-03T00:00:00.000","U","5823"
"85","2026-07-03T00:00:00.000","U","5637"
"84","2026-07-03T00:00:00.000","U","1550"
"82","2026-07-03T00:00:00.000","U","9494"
"10","2026-07-03T00:00:00.000","U","1303"
"1001","2026-07-03T00:00:00.000","U","7"
"103","2026-07-03T00:00:00.000","U","1103"
"106","2026-07-03T00:00:00.000","U","406"
"11","2026-07-03T00:00:00.000","U","463"
"111","2026-07-03T00:00:00.000","U","1414"
"111A","2026-07-03T00:00:00.000","U","323"
"112","2026-07-03T00:00:00.000","U","617"
"115","2026-07-03T00:00:00.000","U","1424"
"119","2026-07-03T00:00:00.000","U","2108"
"12","2026-07-03T00:00:00.000","U","8140"
"124","2026-07-03T00:00:00.000","U","2549"
"126","2026-07-03T00:00:00.000","U","2632"
"130","2026-07-03T00:00:00.000","U","1313"
"146","2026-07-03T00:00:00.000","U","9837"
"147","2026-07-03T00:00:00.000","U","7623"
"15","2026-07-03T00:00:00.000","U","3531"
"151","2026-07-03T00:00:00.000","U","13376"
"152","2026-07-03T00:00:00.000","U","4721"
"155","2026-07-03T00:00:00.000","U","3916"
"169","2026-07-03T00:00:00.000","U","78"
"18","2026-07-03T00:00:00.000","U","2728"
"20","2026-07-03T00:00:00.000","U","10327"
"21","2026-07-03T00:00:00.000","U","5943"
"22","2026-07-03T00:00:00.000","U","10867"
"28","2026-07-03T00:00:00.000","U","2681"
"29","2026-07-03T00:00:00.000","U","7137"
"3","2026-07-03T00:00:00.000","U","11742"
"30","2026-07-03T00:00:00.000","U","1113"
"34","2026-07-03T00:00:00.000","U","3025"
"35","2026-07-03T00:00:00.000","U","2433"
"36","2026-07-03T00:00:00.000","U","11104"
"39","2026-07-03T00:00:00.000","U","522"
"4","2026-07-03T00:00:00.000","U","13288"
"43","2026-07-03T00:00:00.000","U","397"
"44","2026-07-03T00:00:00.000","U","1515"
"47","2026-07-03T00:00:00.000","U","6997"
"49","2026-07-03T00:00:00.000","U","12869"
"49B","2026-07-03T00:00:00.000","U","2592"
"50","2026-07-03T00:00:00.000","U","4923"
"51","2026-07-03T00:00:00.000","U","675"
"52","2026-07-03T00:00:00.000","U","4358"
"52A","2026-07-03T00:00:00.000","U","2113"
"53","2026-07-03T00:00:00.000","U","12724"
"53A","2026-07-03T00:00:00.000","U","1378"
"54","2026-07-03T00:00:00.000","U","6838"
"54B","2026-07-03T00:00:00.000","U","1479"
"55","2026-07-03T00:00:00.000","U","6392"
"56","2026-07-03T00:00:00.000","U","4556"
"57","2026-07-03T00:00:00.000","U","408"
"6","2026-07-03T00:00:00.000","U","6779"
"60","2026-07-03T00:00:00.000","U","8442"
"62","2026-07-03T00:00:00.000","U","5304"
"63","2026-07-03T00:00:00.000","U","8458"
"63W","2026-07-03T00:00:00.000","U","686"
"65","2026-07-03T00:00:00.000","U","5187"
"66","2026-07-03T00:00:00.000","U","13178"
"67","2026-07-03T00:00:00.000","U","5054"
"68","2026-07-03T00:00:00.000","U","370"
"70","2026-07-03T00:00:00.000","U","4443"
"71","2026-07-03T00:00:00.000","U","5502"
"72","2026-07-03T00:00:00.000","U","9664"
"73","2026-07-03T00:00:00.000","U","2443"
"74","2026-07-03T00:00:00.000","U","6634"
"75","2026-07-03T00:00:00.000","U","4380"
"76","2026-07-03T00:00:00.000","U","4657"
"77","2026-07-03T00:00:00.000","U","11015"
"78","2026-07-03T00:00:00.000","U","4137"
"79","2026-07-03T00:00:00.000","U","11783"
"8","2026-07-03T00:00:00.000","U","9618"
"80","2026-07-03T00:00:00.000","U","5991"
"81","2026-07-03T00:00:00.000","U","7570"
"81W","2026-07-03T00:00:00.000","U","859"
"X9","2026-07-02T00:00:00.000","W","4798"
"X49","2026-07-02T00:00:00.000","W","2964"
"X4","2026-07-02T00:00:00.000","W","2430"
"N5","2026-07-02T00:00:00.000","W","327"
"J14","2026-07-02T00:00:00.000","W","7799"
"97","2026-07-02T00:00:00.000","W","2024"
"96","2026-07-02T00:00:00.000","W","570"
"95","2026-07-02T00:00:00.000","W","4959"
"94","2026-07-02T00:00:00.000","W","8168"
"93","2026-07-02T00:00:00.000","W","3691"
"92","2026-07-02T00:00:00.000","W","4760"
"91","2026-07-02T00:00:00.000","W","3637"
"90","2026-07-02T00:00:00.000","W","3474"
"9","2026-07-02T00:00:00.000","W","18138"
"8A","2026-07-02T00:00:00.000","W","2496"
"88","2026-07-02T00:00:00.000","W","865"
"87","2026-07-02T00:00:00.000","W","7554"
"86","2026-07-02T00:00:00.000","W","1376"
"85A","2026-07-02T00:00:00.000","W","663"
"85","2026-07-02T00:00:00.000","W","7875"
"84","2026-07-02T00:00:00.000","W","2651"
"1","2026-07-02T00:00:00.000","W","892"
"10","2026-07-02T00:00:00.000","W","1131"
"100","2026-07-02T00:00:00.000","W","390"
"1001","2026-07-02T00:00:00.000","W","21"
"103","2026-07-02T00:00:00.000","W","1427"
"106","2026-07-02T00:00:00.000","W","878"
"108","2026-07-02T00:00:00.000","W","637"
"11","2026-07-02T00:00:00.000","W","904"
"111","2026-07-02T00:00:00.000","W","2072"
"111A","2026-07-02T00:00:00.000","W","493"
"112","2026-07-02T00:00:00.000","W","1169"
"115","2026-07-02T00:00:00.000","W","1734"
"119","2026-07-02T00:00:00.000","W","2593"
"12","2026-07-02T00:00:00.000","W","9645"
"120","2026-07-02T00:00:00.000","W","748"
"121","2026-07-02T00:00:00.000","W","897"
"124","2026-07-02T00:00:00.000","W","2151"
"125","2026-07-02T00:00:00.000","W","553"
"126","2026-07-02T00:00:00.000","W","3350"
"130","2026-07-02T00:00:00.000","W","1095"
"134","2026-07-02T00:00:00.000","W","1187"
"135","2026-07-02T00:00:00.000","W","1327"
"136","2026-07-02T00:00:00.000","W","912"
"143","2026-07-02T00:00:00.000","W","768"
"146","2026-07-02T00:00:00.000","W","10734"
"147","2026-07-02T00:00:00.000","W","10191"
"148","2026-07-02T00:00:00.000","W","1087"
"15","2026-07-02T00:00:00.000","W","4727"
"151","2026-07-02T00:00:00.000","W","14041"
"152","2026-07-02T00:00:00.000","W","6180"
"155","2026-07-02T00:00:00.000","W","4953"
"156","2026-07-02T00:00:00.000","W","3580"
"157","2026-07-02T00:00:00.000","W","5142"
"165","2026-07-02T00:00:00.000","W","84"
"169","2026-07-02T00:00:00.000","W","52"
"171","2026-07-02T00:00:00.000","W","211"
"172","2026-07-02T00:00:00.000","W","302"
"18","2026-07-02T00:00:00.000","W","3093"
"192","2026-07-02T00:00:00.000","W","366"
"2","2026-07-02T00:00:00.000","W","1764"
"20","2026-07-02T00:00:00.000","W","14266"
"201","2026-07-02T00:00:00.000","W","1142"
"206","2026-07-02T00:00:00.000","W","89"
"21","2026-07-02T00:00:00.000","W","7879"
"22","2026-07-02T00:00:00.000","W","14215"
"24","2026-07-02T00:00:00.000","W","1993"
"26","2026-07-02T00:00:00.000","W","2961"
"28","2026-07-02T00:00:00.000","W","4572"
"29","2026-07-02T00:00:00.000","W","9080"
"3","2026-07-02T00:00:00.000","W","15823"
"30","2026-07-02T00:00:00.000","W","2252"
"31","2026-07-02T00:00:00.000","W","530"
"34","2026-07-02T00:00:00.000","W","3566"
"35","2026-07-02T00:00:00.000","W","3378"
"36","2026-07-02T00:00:00.000","W","10260"
"37","2026-07-02T00:00:00.000","W","1524"
"39","2026-07-02T00:00:00.000","W","1439"
"4","2026-07-02T00:00:00.000","W","14304"
"43","2026-07-02T00:00:00.000","W","755"
"44","2026-07-02T00:00:00.000","W","2432"
"47","2026-07-02T00:00:00.000","W","10276"
"48","2026-07-02T00:00:00.000","W","607"
"49","2026-07-02T00:00:00.000","W","13161"
"49B","2026-07-02T00:00:00.000","W","3512"
"50","2026-07-02T00:00:00.000","W","7720"
"51","2026-07-02T00:00:00.000","W","1239"
"52","2026-07-02T00:00:00.000","W","6848"
"52A","2026-07-02T00:00:00.000","W","2915"
"53","2026-07-02T00:00:00.000","W","17351"
"53A","2026-07-02T00:00:00.000","W","2299"
"54","2026-07-02T00:00:00.000","W","8958"
"54A","2026-07-02T00:00:00.000","W","517"
"54B","2026-07-02T00:00:00.000","W","2018"
"55","2026-07-02T00:00:00.000","W","7892"
"55A","2026-07-02T00:00:00.000","W","137"
"55N","2026-07-02T00:00:00.000","W","318"
"56","2026-07-02T00:00:00.000","W","6751"
"57","2026-07-02T00:00:00.000","W","1677"
"59","2026-07-02T00:00:00.000","W","2268"
"6","2026-07-02T00:00:00.000","W","6946"
"60","2026-07-02T00:00:00.000","W","9832"
"62","2026-07-02T00:00:00.000","W","6724"
"62H","2026-07-02T00:00:00.000","W","719"
"63","2026-07-02T00:00:00.000","W","12129"
"63W","2026-07-02T00:00:00.000","W","1093"
"65","2026-07-02T00:00:00.000","W","6874"
"66","2026-07-02T00:00:00.000","W","17078"
"67","2026-07-02T00:00:00.000","W","6300"
"68","2026-07-02T00:00:00.000","W","735"
"7","2026-07-02T00:00:00.000","W","3163"
"70","2026-07-02T00:00:00.000","W","6726"
"71","2026-07-02T00:00:00.000","W","7182"
"72","2026-07-02T00:00:00.000","W","12763"
"73","2026-07-02T00:00:00.000","W","3712"
"74","2026-07-02T00:00:00.000","W","9108"
"75","2026-07-02T00:00:00.000","W","5888"
"76","2026-07-02T00:00:00.000","W","8261"
"77","2026-07-02T00:00:00.000","W","13917"
"78","2026-07-02T00:00:00.000","W","6855"
"79","2026-07-02T00:00:00.000","W","17086"
"8","2026-07-02T00:00:00.000","W","13559"
"80","2026-07-02T00:00:00.000","W","7531"
"81","2026-07-02T00:00:00.000","W","9204"
"81W","2026-07-02T00:00:00.000","W","1447"
"82","2026-07-02T00:00:00.000","W","12575"
"X9","2026-07-01T00:00:00.000","W","4546"
"X49","2026-07-01T00:00:00.000","W","3473"
"X4","2026-07-01T00:00:00.000","W","3270"
"N5","2026-07-01T00:00:00.000","W","406"
"J14","2026-07-01T00:00:00.000","W","8933"
"97","2026-07-01T00:00:00.000","W","2131"
"96","2026-07-01T00:00:00.000","W","616"
"95","2026-07-01T00:00:00.000","W","4188"
"94","2026-07-01T00:00:00.000","W","8522"
"93","2026-07-01T00:00:00.000","W","3622"
"92","2026-07-01T00:00:00.000","W","4951"
"91","2026-07-01T00:00:00.000","W","3749"
"90","2026-07-01T00:00:00.000","W","3310"
"9","2026-07-01T00:00:00.000","W","18921"
"8A","2026-07-01T00:00:00.000","W","2416"
"88","2026-07-01T00:00:00.000","W","892"
"87","2026-07-01T00:00:00.000","W","7970"
"86","2026-07-01T00:00:00.000","W","1437"
"85A","2026-07-01T00:00:00.000","W","611"
"85","2026-07-01T00:00:00.000","W","8008"
"84","2026-07-01T00:00:00.000","W","2603"
"1","2026-07-01T00:00:00.000","W","1258"
"10","2026-07-01T00:00:00.000","W","740"
"100","2026-07-01T00:00:00.000","W","321"
"1001","2026-07-01T00:00:00.000","W","16"
"103","2026-07-01T00:00:00.000","W","1372"
"106","2026-07-01T00:00:00.000","W","973"
"108","2026-07-01T00:00:00.000","W","657"
"11","2026-07-01T00:00:00.000","W","995"
"111","2026-07-01T00:00:00.000","W","2258"
"111A","2026-07-01T00:00:00.000","W","423"
"112","2026-07-01T00:00:00.000","W","1053"
"115","2026-07-01T00:00:00.000","W","2020"
"119","2026-07-01T00:00:00.000","W","2552"
"12","2026-07-01T00:00:00.000","W","9846"
"120","2026-07-01T00:00:00.000","W","1042"
"121","2026-07-01T00:00:00.000","W","1346"
"124","2026-07-01T00:00:00.000","W","2568"
"125","2026-07-01T00:00:00.000","W","662"
"126","2026-07-01T00:00:00.000","W","3445"
"130","2026-07-01T00:00:00.000","W","1562"
"134","2026-07-01T00:00:00.000","W","1878"
"135","2026-07-01T00:00:00.000","W","1969"
"136","2026-07-01T00:00:00.000","W","1325"
"143","2026-07-01T00:00:00.000","W","1024"
"146","2026-07-01T00:00:00.000","W","12038"
"147","2026-07-01T00:00:00.000","W","10308"
"148","2026-07-01T00:00:00.000","W","1344"
"15","2026-07-01T00:00:00.000","W","5611"
"151","2026-07-01T00:00:00.000","W","14957"
"152","2026-07-01T00:00:00.000","W","7035"
"155","2026-07-01T00:00:00.000","W","5025"
"156","2026-07-01T00:00:00.000","W","5124"
"157","2026-07-01T00:00:00.000","W","5404"
"165","2026-07-01T00:00:00.000","W","100"
"169","2026-07-01T00:00:00.000","W","32"
"171","2026-07-01T00:00:00.000","W","324"
"172","2026-07-01T00:00:00.000","W","531"
"18","2026-07-01T00:00:00.000","W","3463"
"192","2026-07-01T00:00:00.000","W","485"
"2","2026-07-01T00:00:00.000","W","1966"
"20","2026-07-01T00:00:00.000","W","14556"
"201","2026-07-01T00:00:00.000","W","1300"
"206","2026-07-01T00:00:00.000","W","106"
"21","2026-07-01T00:00:00.000","W","7406"
"22","2026-07-01T00:00:00.000","W","14761"
"24","2026-07-01T00:00:00.000","W","1840"
"26","2026-07-01T00:00:00.000","W","3245"
"28","2026-07-01T00:00:00.000","W","4538"
"29","2026-07-01T00:00:00.000","W","10221"
"3","2026-07-01T00:00:00.000","W","15870"
"30","2026-07-01T00:00:00.000","W","1497"
"31","2026-07-01T00:00:00.000","W","442"
"34","2026-07-01T00:00:00.000","W","4006"
"35","2026-07-01T00:00:00.000","W","3821"
"36","2026-07-01T00:00:00.000","W","10259"
"37","2026-07-01T00:00:00.000","W","1972"
"39","2026-07-01T00:00:00.000","W","1209"
"4","2026-07-01T00:00:00.000","W","14885"
"43","2026-07-01T00:00:00.000","W","803"
"44","2026-07-01T00:00:00.000","W","2866"
"47","2026-07-01T00:00:00.000","W","9478"
"48","2026-07-01T00:00:00.000","W","589"
"49","2026-07-01T00:00:00.000","W","13553"
"49B","2026-07-01T00:00:00.000","W","3563"
"50","2026-07-01T00:00:00.000","W","7784"
"51","2026-07-01T00:00:00.000","W","841"
"52","2026-07-01T00:00:00.000","W","6759"
"52A","2026-07-01T00:00:00.000","W","3292"
"53","2026-07-01T00:00:00.000","W","18198"
"53A","2026-07-01T00:00:00.000","W","2567"
"54","2026-07-01T00:00:00.000","W","8665"
"54A","2026-07-01T00:00:00.000","W","571"
"54B","2026-07-01T00:00:00.000","W","1941"
"55","2026-07-01T00:00:00.000","W","8051"
"55A","2026-07-01T00:00:00.000","W","123"
"55N","2026-07-01T00:00:00.000","W","292"
"56","2026-07-01T00:00:00.000","W","7397"
"57","2026-07-01T00:00:00.000","W","1696"
"59","2026-07-01T00:00:00.000","W","2527"
"6","2026-07-01T00:00:00.000","W","7168"
"60","2026-07-01T00:00:00.000","W","10457"
"62","2026-07-01T00:00:00.000","W","6827"
"62H","2026-07-01T00:00:00.000","W","699"
"63","2026-07-01T00:00:00.000","W","13749"
"63W","2026-07-01T00:00:00.000","W","1135"
"65","2026-07-01T00:00:00.000","W","7336"
"66","2026-07-01T00:00:00.000","W","17530"
"67","2026-07-01T00:00:00.000","W","6821"
"68","2026-07-01T00:00:00.000","W","664"
"7","2026-07-01T00:00:00.000","W","3647"
"70","2026-07-01T00:00:00.000","W","7040"
"71","2026-07-01T00:00:00.000","W","6727"
"72","2026-07-01T00:00:00.000","W","13722"
"73","2026-07-01T00:00:00.000","W","3885"
"74","2026-07-01T00:00:00.000","W","9226"
"75","2026-07-01T00:00:00.000","W","6017"
"76","2026-07-01T00:00:00.000","W","8638"
"77","2026-07-01T00:00:00.000","W","15016"
"78","2026-07-01T00:00:00.000","W","6770"
"79","2026-07-01T00:00:00.000","W","18436"
"8","2026-07-01T00:00:00.000","W","14608"
"80","2026-07-01T00:00:00.000","W","8237"
"81","2026-07-01T00:00:00.000","W","9555"
"81W","2026-07-01T00:00:00.000","W","1402"
"82","2026-07-01T00:00:00.000","W","12249"
"1","2026-06-30T00:00:00.000","W","1213"
"10","2026-06-30T00:00:00.000","W","1175"
"100","2026-06-30T00:00:00.000","W","316"
"1001","2026-06-30T00:00:00.000","W","255"
"103","2026-06-30T00:00:00.000","W","1253"
"106","2026-06-30T00:00:00.000","W","777"
"108","2026-06-30T00:00:00.000","W","665"
"11","2026-06-30T00:00:00.000","W","900"
"111","2026-06-30T00:00:00.000","W","2230"
"111A","2026-06-30T00:00:00.000","W","356"
"112","2026-06-30T00:00:00.000","W","983"
"115","2026-06-30T00:00:00.000","W","1442"
"119","2026-06-30T00:00:00.000","W","2419"
"12","2026-06-30T00:00:00.000","W","9192"
"120","2026-06-30T00:00:00.000","W","1219"
"121","2026-06-30T00:00:00.000","W","1434"
"124","2026-06-30T00:00:00.000","W","1859"
"125","2026-06-30T00:00:00.000","W","758"
"126","2026-06-30T00:00:00.000","W","3569"
"130","2026-06-30T00:00:00.000","W","1288"
"134","2026-06-30T00:00:00.000","W","2351"
"135","2026-06-30T00:00:00.000","W","2188"
"136","2026-06-30T00:00:00.000","W","1442"
"143","2026-06-30T00:00:00.000","W","1175"
"146","2026-06-30T00:00:00.000","W","12145"
"147","2026-06-30T00:00:00.000","W","9856"
"148","2026-06-30T00:00:00.000","W","1450"
"15","2026-06-30T00:00:00.000","W","5588"
"151","2026-06-30T00:00:00.000","W","15270"
"152","2026-06-30T00:00:00.000","W","7028"
"155","2026-06-30T00:00:00.000","W","4715"
"156","2026-06-30T00:00:00.000","W","5554"
"157","2026-06-30T00:00:00.000","W","5711"
"165","2026-06-30T00:00:00.000","W","114"
"169","2026-06-30T00:00:00.000","W","207"
"171","2026-06-30T00:00:00.000","W","244"
"172","2026-06-30T00:00:00.000","W","316"
"18","2026-06-30T00:00:00.000","W","3339"
"192","2026-06-30T00:00:00.000","W","488"
"2","2026-06-30T00:00:00.000","W","1832"
"20","2026-06-30T00:00:00.000","W","14548"
"201","2026-06-30T00:00:00.000","W","1161"
"206","2026-06-30T00:00:00.000","W","128"
"21","2026-06-30T00:00:00.000","W","7837"
"22","2026-06-30T00:00:00.000","W","14867"
"24","2026-06-30T00:00:00.000","W","1999"
"26","2026-06-30T00:00:00.000","W","3152"
"28","2026-06-30T00:00:00.000","W","4158"
"29","2026-06-30T00:00:00.000","W","9797"
"3","2026-06-30T00:00:00.000","W","16007"
"30","2026-06-30T00:00:00.000","W","1954"
"31","2026-06-30T00:00:00.000","W","294"
"34","2026-06-30T00:00:00.000","W","4589"
"35","2026-06-30T00:00:00.000","W","3868"
"36","2026-06-30T00:00:00.000","W","10217"
"37","2026-06-30T00:00:00.000","W","2310"
"39","2026-06-30T00:00:00.000","W","1361"
"4","2026-06-30T00:00:00.000","W","13558"
"43","2026-06-30T00:00:00.000","W","684"
"44","2026-06-30T00:00:00.000","W","2518"
"47","2026-06-30T00:00:00.000","W","9677"
"48","2026-06-30T00:00:00.000","W","486"
"49","2026-06-30T00:00:00.000","W","13290"
"49B","2026-06-30T00:00:00.000","W","3380"
"50","2026-06-30T00:00:00.000","W","7815"
"51","2026-06-30T00:00:00.000","W","879"
"52","2026-06-30T00:00:00.000","W","6346"
"52A","2026-06-30T00:00:00.000","W","3120"
"53","2026-06-30T00:00:00.000","W","17820"
"53A","2026-06-30T00:00:00.000","W","2304"
"54","2026-06-30T00:00:00.000","W","8299"
"54A","2026-06-30T00:00:00.000","W","557"
"54B","2026-06-30T00:00:00.000","W","1733"
"55","2026-06-30T00:00:00.000","W","8584"
"55A","2026-06-30T00:00:00.000","W","125"
"55N","2026-06-30T00:00:00.000","W","263"
"56","2026-06-30T00:00:00.000","W","7230"
"57","2026-06-30T00:00:00.000","W","1810"
"59","2026-06-30T00:00:00.000","W","2419"
"6","2026-06-30T00:00:00.000","W","6628"
"60","2026-06-30T00:00:00.000","W","10578"
"62","2026-06-30T00:00:00.000","W","7092"
"62H","2026-06-30T00:00:00.000","W","688"
"63","2026-06-30T00:00:00.000","W","11720"
"63W","2026-06-30T00:00:00.000","W","1154"
"65","2026-06-30T00:00:00.000","W","7275"
"66","2026-06-30T00:00:00.000","W","17028"
"67","2026-06-30T00:00:00.000","W","6565"
"68","2026-06-30T00:00:00.000","W","702"
"7","2026-06-30T00:00:00.000","W","3159"
"70","2026-06-30T00:00:00.000","W","6583"
"71","2026-06-30T00:00:00.000","W","7356"
"72","2026-06-30T00:00:00.000","W","12809"
"73","2026-06-30T00:00:00.000","W","3866"
"74","2026-06-30T00:00:00.000","W","9041"
"75","2026-06-30T00:00:00.000","W","5099"
"76","2026-06-30T00:00:00.000","W","8176"
"77","2026-06-30T00:00:00.000","W","14824"
"78","2026-06-30T00:00:00.000","W","6808"
"79","2026-06-30T00:00:00.000","W","18115"
"8","2026-06-30T00:00:00.000","W","14659"
"80","2026-06-30T00:00:00.000","W","8197"
"81","2026-06-30T00:00:00.000","W","9795"
"81W","2026-06-30T00:00:00.000","W","1485"
"82","2026-06-30T00:00:00.000","W","13069"
"84","2026-06-30T00:00:00.000","W","2633"
"85","2026-06-30T00:00:00.000","W","7639"
"85A","2026-06-30T00:00:00.000","W","587"
"86","2026-06-30T00:00:00.000","W","1431"
"87","2026-06-30T00:00:00.000","W","7651"
"88","2026-06-30T00:00:00.000","W","925"
"8A","2026-06-30T00:00:00.000","W","2089"
"9","2026-06-30T00:00:00.000","W","17992"
"90","2026-06-30T00:00:00.000","W","3243"
"91","2026-06-30T00:00:00.000","W","3589"
"92","2026-06-30T00:00:00.000","W","4819"
"93","2026-06-30T00:00:00.000","W","3898"
"94","2026-06-30T00:00:00.000","W","8429"
"95","2026-06-30T00:00:00.000","W","5421"
"96","2026-06-30T00:00:00.000","W","615"
"97","2026-06-30T00:00:00.000","W","2013"
"J14","2026-06-30T00:00:00.000","W","8696"
"N5","2026-06-30T00:00:00.000","W","352"
"X4","2026-06-30T00:00:00.000","W","2689"
"X49","2026-06-30T00:00:00.000","W","3593"
"X9","2026-06-30T00:00:00.000","W","4915"
"1","2026-06-29T00:00:00.000","W","1021"
"10","2026-06-29T00:00:00.000","W","1066"
"100","2026-06-29T00:00:00.000","W","506"
"1001","2026-06-29T00:00:00.000","W","56"
"103","2026-06-29T00:00:00.000","W","1065"
"106","2026-06-29T00:00:00.000","W","860"
"108","2026-06-29T00:00:00.000","W","639"
"11","2026-06-29T00:00:00.000","W","983"
"111","2026-06-29T00:00:00.000","W","2016"
"111A","2026-06-29T00:00:00.000","W","432"
"112","2026-06-29T00:00:00.000","W","884"
"115","2026-06-29T00:00:00.000","W","1511"
"119","2026-06-29T00:00:00.000","W","2854"
"12","2026-06-29T00:00:00.000","W","9294"
"120","2026-06-29T00:00:00.000","W","912"
"121","2026-06-29T00:00:00.000","W","1091"
"124","2026-06-29T00:00:00.000","W","1998"
"125","2026-06-29T00:00:00.000","W","593"
"126","2026-06-29T00:00:00.000","W","3732"
"130","2026-06-29T00:00:00.000","W","962"
"134","2026-06-29T00:00:00.000","W","1666"
"135","2026-06-29T00:00:00.000","W","1589"
"136","2026-06-29T00:00:00.000","W","1125"
"143","2026-06-29T00:00:00.000","W","944"
"146","2026-06-29T00:00:00.000","W","11592"
"147","2026-06-29T00:00:00.000","W","9561"
"148","2026-06-29T00:00:00.000","W","1148"
"15","2026-06-29T00:00:00.000","W","5875"
"151","2026-06-29T00:00:00.000","W","14427"
"152","2026-06-29T00:00:00.000","W","6953"
"155","2026-06-29T00:00:00.000","W","4872"
"156","2026-06-29T00:00:00.000","W","4956"
"157","2026-06-29T00:00:00.000","W","5143"
"165","2026-06-29T00:00:00.000","W","126"
"169","2026-06-29T00:00:00.000","W","75"
"171","2026-06-29T00:00:00.000","W","231"
"172","2026-06-29T00:00:00.000","W","342"
"18","2026-06-29T00:00:00.000","W","3449"
"19","2026-06-29T00:00:00.000","W","135"
"192","2026-06-29T00:00:00.000","W","489"
"2","2026-06-29T00:00:00.000","W","1595"
"20","2026-06-29T00:00:00.000","W","13639"
"201","2026-06-29T00:00:00.000","W","1102"
"206","2026-06-29T00:00:00.000","W","120"
"21","2026-06-29T00:00:00.000","W","8167"
"22","2026-06-29T00:00:00.000","W","13481"
"24","2026-06-29T00:00:00.000","W","1811"
"26","2026-06-29T00:00:00.000","W","3057"
"28","2026-06-29T00:00:00.000","W","4503"
"29","2026-06-29T00:00:00.000","W","8689"
"3","2026-06-29T00:00:00.000","W","15649"
"30","2026-06-29T00:00:00.000","W","2093"
"31","2026-06-29T00:00:00.000","W","433"
"34","2026-06-29T00:00:00.000","W","3749"
"35","2026-06-29T00:00:00.000","W","3475"
"36","2026-06-29T00:00:00.000","W","9224"
"37","2026-06-29T00:00:00.000","W","1795"
"39","2026-06-29T00:00:00.000","W","1355"
"4","2026-06-29T00:00:00.000","W","14378"
"43","2026-06-29T00:00:00.000","W","639"
"44","2026-06-29T00:00:00.000","W","2781"
"47","2026-06-29T00:00:00.000","W","9083"
"48","2026-06-29T00:00:00.000","W","483"
"49","2026-06-29T00:00:00.000","W","13929"
"49B","2026-06-29T00:00:00.000","W","3385"
"50","2026-06-29T00:00:00.000","W","7413"
"51","2026-06-29T00:00:00.000","W","1139"
"52","2026-06-29T00:00:00.000","W","6570"
"52A","2026-06-29T00:00:00.000","W","2900"
"53","2026-06-29T00:00:00.000","W","18066"
"53A","2026-06-29T00:00:00.000","W","2324"
"54","2026-06-29T00:00:00.000","W","7841"
"54A","2026-06-29T00:00:00.000","W","498"
"54B","2026-06-29T00:00:00.000","W","1865"
"55","2026-06-29T00:00:00.000","W","8709"
"55A","2026-06-29T00:00:00.000","W","108"
"55N","2026-06-29T00:00:00.000","W","325"
"56","2026-06-29T00:00:00.000","W","6566"
"57","2026-06-29T00:00:00.000","W","1414"
"59","2026-06-29T00:00:00.000","W","2133"
"6","2026-06-29T00:00:00.000","W","6269"
"60","2026-06-29T00:00:00.000","W","9963"
"62","2026-06-29T00:00:00.000","W","6861"
"62H","2026-06-29T00:00:00.000","W","627"
"63","2026-06-29T00:00:00.000","W","12909"
"63W","2026-06-29T00:00:00.000","W","1116"
"65","2026-06-29T00:00:00.000","W","6410"
"66","2026-06-29T00:00:00.000","W","15994"
"67","2026-06-29T00:00:00.000","W","6405"
"68","2026-06-29T00:00:00.000","W","670"
"7","2026-06-29T00:00:00.000","W","3178"
"70","2026-06-29T00:00:00.000","W","6370"
"71","2026-06-29T00:00:00.000","W","6789"
"72","2026-06-29T00:00:00.000","W","12420"
"73","2026-06-29T00:00:00.000","W","3673"
"74","2026-06-29T00:00:00.000","W","8793"
"75","2026-06-29T00:00:00.000","W","5627"
"76","2026-06-29T00:00:00.000","W","7768"
"77","2026-06-29T00:00:00.000","W","14292"
"78","2026-06-29T00:00:00.000","W","6788"
"79","2026-06-29T00:00:00.000","W","17785"
"8","2026-06-29T00:00:00.000","W","14306"
"80","2026-06-29T00:00:00.000","W","7744"
"81","2026-06-29T00:00:00.000","W","9317"
"81W","2026-06-29T00:00:00.000","W","1409"
"82","2026-06-29T00:00:00.000","W","12146"
"84","2026-06-29T00:00:00.000","W","2583"
"85","2026-06-29T00:00:00.000","W","7882"
"85A","2026-06-29T00:00:00.000","W","601"
"86","2026-06-29T00:00:00.000","W","1477"
"87","2026-06-29T00:00:00.000","W","7795"
"88","2026-06-29T00:00:00.000","W","844"
"8A","2026-06-29T00:00:00.000","W","2436"
"9","2026-06-29T00:00:00.000","W","17529"
"90","2026-06-29T00:00:00.000","W","3301"
"91","2026-06-29T00:00:00.000","W","3577"
"92","2026-06-29T00:00:00.000","W","4973"
"93","2026-06-29T00:00:00.000","W","3732"
"94","2026-06-29T00:00:00.000","W","8216"
"95","2026-06-29T00:00:00.000","W","4853"
"96","2026-06-29T00:00:00.000","W","586"
"97","2026-06-29T00:00:00.000","W","2029"
"J14","2026-06-29T00:00:00.000","W","8692"
"N5","2026-06-29T00:00:00.000","W","499"
"X4","2026-06-29T00:00:00.000","W","2437"
"X49","2026-06-29T00:00:00.000","W","2944"
"X9","2026-06-29T00:00:00.000","W","5102"
"10","2026-06-28T00:00:00.000","U","1241"
"1001","2026-06-28T00:00:00.000","U","61"
"103","2026-06-28T00:00:00.000","U","877"
"106","2026-06-28T00:00:00.000","U","369"
"11","2026-06-28T00:00:00.000","U","446"
"111","2026-06-28T00:00:00.000","U","1167"
"111A","2026-06-28T00:00:00.000","U","217"
"112","2026-06-28T00:00:00.000","U","572"
"115","2026-06-28T00:00:00.000","U","1474"
"119","2026-06-28T00:00:00.000","U","1754"
"12","2026-06-28T00:00:00.000","U","6654"
"124","2026-06-28T00:00:00.000","U","1886"
"126","2026-06-28T00:00:00.000","U","2061"
"130","2026-06-28T00:00:00.000","U","872"
"146","2026-06-28T00:00:00.000","U","8288"
"147","2026-06-28T00:00:00.000","U","7039"
"15","2026-06-28T00:00:00.000","U","3576"
"151","2026-06-28T00:00:00.000","U","10584"
"152","2026-06-28T00:00:00.000","U","3788"
"155","2026-06-28T00:00:00.000","U","3748"
"18","2026-06-28T00:00:00.000","U","2549"
"19","2026-06-28T00:00:00.000","U","90"
"20","2026-06-28T00:00:00.000","U","9568"
"21","2026-06-28T00:00:00.000","U","5214"
"22","2026-06-28T00:00:00.000","U","7358"
"28","2026-06-28T00:00:00.000","U","2295"
"29","2026-06-28T00:00:00.000","U","7699"
"3","2026-06-28T00:00:00.000","U","11128"
"30","2026-06-28T00:00:00.000","U","929"
"34","2026-06-28T00:00:00.000","U","2922"
"35","2026-06-28T00:00:00.000","U","2205"
"36","2026-06-28T00:00:00.000","U","5865"
"39","2026-06-28T00:00:00.000","U","559"
"4","2026-06-28T00:00:00.000","U","12771"
"43","2026-06-28T00:00:00.000","U","297"
"44","2026-06-28T00:00:00.000","U","1289"
"47","2026-06-28T00:00:00.000","U","6905"
"49","2026-06-28T00:00:00.000","U","11632"
"49B","2026-06-28T00:00:00.000","U","2395"
"50","2026-06-28T00:00:00.000","U","5242"
"51","2026-06-28T00:00:00.000","U","642"
"52","2026-06-28T00:00:00.000","U","3612"
"52A","2026-06-28T00:00:00.000","U","1463"
"53","2026-06-28T00:00:00.000","U","12047"
"53A","2026-06-28T00:00:00.000","U","1082"
"54","2026-06-28T00:00:00.000","U","5862"
"54B","2026-06-28T00:00:00.000","U","1209"
"55","2026-06-28T00:00:00.000","U","6444"
"56","2026-06-28T00:00:00.000","U","4261"
"57","2026-06-28T00:00:00.000","U","364"
"6","2026-06-28T00:00:00.000","U","6754"
"60","2026-06-28T00:00:00.000","U","6425"
"62","2026-06-28T00:00:00.000","U","5394"
"63","2026-06-28T00:00:00.000","U","11052"
"63W","2026-06-28T00:00:00.000","U","570"
"65","2026-06-28T00:00:00.000","U","4413"
"66","2026-06-28T00:00:00.000","U","11303"
"67","2026-06-28T00:00:00.000","U","4906"
"68","2026-06-28T00:00:00.000","U","356"
"70","2026-06-28T00:00:00.000","U","4170"
"71","2026-06-28T00:00:00.000","U","6213"
"72","2026-06-28T00:00:00.000","U","9670"
"73","2026-06-28T00:00:00.000","U","2000"
"74","2026-06-28T00:00:00.000","U","7300"
"75","2026-06-28T00:00:00.000","U","3813"
"76","2026-06-28T00:00:00.000","U","4486"
"77","2026-06-28T00:00:00.000","U","9653"
"78","2026-06-28T00:00:00.000","U","3540"
"79","2026-06-28T00:00:00.000","U","11441"
"8","2026-06-28T00:00:00.000","U","8512"
"80","2026-06-28T00:00:00.000","U","5561"
"81","2026-06-28T00:00:00.000","U","7151"
"81W","2026-06-28T00:00:00.000","U","720"
"82","2026-06-28T00:00:00.000","U","8780"
"84","2026-06-28T00:00:00.000","U","1317"
"85","2026-06-28T00:00:00.000","U","5015"
"87","2026-06-28T00:00:00.000","U","5434"
"88","2026-06-28T00:00:00.000","U","425"
"8A","2026-06-28T00:00:00.000","U","1600"
"9","2026-06-28T00:00:00.000","U","16652"
"90","2026-06-28T00:00:00.000","U","1889"
"91","2026-06-28T00:00:00.000","U","1950"
"92","2026-06-28T00:00:00.000","U","2997"
"93","2026-06-28T00:00:00.000","U","2116"
"94","2026-06-28T00:00:00.000","U","4915"
"95","2026-06-28T00:00:00.000","U","3871"
"97","2026-06-28T00:00:00.000","U","1373"
"J14","2026-06-28T00:00:00.000","U","5909"
"N5","2026-06-28T00:00:00.000","U","423"
"10","2026-06-27T00:00:00.000","A","1216"
"1001","2026-06-27T00:00:00.000","A","18"
"103","2026-06-27T00:00:00.000","A","901"
"106","2026-06-27T00:00:00.000","A","414"
"11","2026-06-27T00:00:00.000","A","613"
"111","2026-06-27T00:00:00.000","A","1754"
"111A","2026-06-27T00:00:00.000","A","302"
"112","2026-06-27T00:00:00.000","A","647"
"115","2026-06-27T00:00:00.000","A","1304"
"119","2026-06-27T00:00:00.000","A","2547"
"12","2026-06-27T00:00:00.000","A","8075"
"124","2026-06-27T00:00:00.000","A","3154"
"126","2026-06-27T00:00:00.000","A","3018"
"130","2026-06-27T00:00:00.000","A","1131"
"146","2026-06-27T00:00:00.000","A","12469"
"147","2026-06-27T00:00:00.000","A","9337"
"15","2026-06-27T00:00:00.000","A","4436"
"151","2026-06-27T00:00:00.000","A","16127"
"152","2026-06-27T00:00:00.000","A","4429"
"155","2026-06-27T00:00:00.000","A","4213"
"169","2026-06-27T00:00:00.000","A","1"
"18","2026-06-27T00:00:00.000","A","2427"
"19","2026-06-27T00:00:00.000","A","208"
"20","2026-06-27T00:00:00.000","A","11344"
"201","2026-06-27T00:00:00.000","A","767"
"21","2026-06-27T00:00:00.000","A","7739"
"22","2026-06-27T00:00:00.000","A","15250"
"28","2026-06-27T00:00:00.000","A","2448"
"29","2026-06-27T00:00:00.000","A","9863"
"3","2026-06-27T00:00:00.000","A","14178"
"30","2026-06-27T00:00:00.000","A","1664"
"34","2026-06-27T00:00:00.000","A","3077"
"35","2026-06-27T00:00:00.000","A","2585"
"36","2026-06-27T00:00:00.000","A","12343"
"39","2026-06-27T00:00:00.000","A","589"
"4","2026-06-27T00:00:00.000","A","14104"
"43","2026-06-27T00:00:00.000","A","382"
"44","2026-06-27T00:00:00.000","A","1827"
"47","2026-06-27T00:00:00.000","A","7810"
"49","2026-06-27T00:00:00.000","A","14530"
"49B","2026-06-27T00:00:00.000","A","2738"
"50","2026-06-27T00:00:00.000","A","6737"
"51","2026-06-27T00:00:00.000","A","727"
"52","2026-06-27T00:00:00.000","A","5307"
"52A","2026-06-27T00:00:00.000","A","2154"
"53","2026-06-27T00:00:00.000","A","13766"
"53A","2026-06-27T00:00:00.000","A","1556"
"54","2026-06-27T00:00:00.000","A","7198"
"54B","2026-06-27T00:00:00.000","A","1980"
"55","2026-06-27T00:00:00.000","A","6991"
"55N","2026-06-27T00:00:00.000","A","197"
"56","2026-06-27T00:00:00.000","A","5396"
"57","2026-06-27T00:00:00.000","A","795"
"59","2026-06-27T00:00:00.000","A","1531"
"6","2026-06-27T00:00:00.000","A","7616"
"60","2026-06-27T00:00:00.000","A","7832"
"62","2026-06-27T00:00:00.000","A","5845"
"62H","2026-06-27T00:00:00.000","A","509"
"63","2026-06-27T00:00:00.000","A","10527"
"63W","2026-06-27T00:00:00.000","A","754"
"65","2026-06-27T00:00:00.000","A","6399"
"66","2026-06-27T00:00:00.000","A","14391"
"67","2026-06-27T00:00:00.000","A","5462"
"68","2026-06-27T00:00:00.000","A","496"
"70","2026-06-27T00:00:00.000","A","4781"
"71","2026-06-27T00:00:00.000","A","6165"
"72","2026-06-27T00:00:00.000","A","11344"
"73","2026-06-27T00:00:00.000","A","2914"
"74","2026-06-27T00:00:00.000","A","8678"
"75","2026-06-27T00:00:00.000","A","4518"
"76","2026-06-27T00:00:00.000","A","6782"
"77","2026-06-27T00:00:00.000","A","13123"
"78","2026-06-27T00:00:00.000","A","5025"
"79","2026-06-27T00:00:00.000","A","13544"
"8","2026-06-27T00:00:00.000","A","11961"
"80","2026-06-27T00:00:00.000","A","6615"
"81","2026-06-27T00:00:00.000","A","8235"
"81W","2026-06-27T00:00:00.000","A","1022"
"82","2026-06-27T00:00:00.000","A","10695"
"84","2026-06-27T00:00:00.000","A","1620"
"85","2026-06-27T00:00:00.000","A","6005"
"85A","2026-06-27T00:00:00.000","A","343"
"87","2026-06-27T00:00:00.000","A","6781"
"88","2026-06-27T00:00:00.000","A","565"
"8A","2026-06-27T00:00:00.000","A","2654"
"9","2026-06-27T00:00:00.000","A","20104"
"90","2026-06-27T00:00:00.000","A","2736"
"91","2026-06-27T00:00:00.000","A","2504"
"92","2026-06-27T00:00:00.000","A","3576"
"93","2026-06-27T00:00:00.000","A","2535"
"94","2026-06-27T00:00:00.000","A","5676"
"95","2026-06-27T00:00:00.000","A","3943"
"97","2026-06-27T00:00:00.000","A","1770"
"J14","2026-06-27T00:00:00.000","A","6609"
"N5","2026-06-27T00:00:00.000","A","351"
"1","2026-06-26T00:00:00.000","W","931"
"10","2026-06-26T00:00:00.000","W","976"
"100","2026-06-26T00:00:00.000","W","342"
"1001","2026-06-26T00:00:00.000","W","257"
"103","2026-06-26T00:00:00.000","W","1183"
"106","2026-06-26T00:00:00.000","W","878"
"108","2026-06-26T00:00:00.000","W","585"
"11","2026-06-26T00:00:00.000","W","855"
"111","2026-06-26T00:00:00.000","W","1979"
"111A","2026-06-26T00:00:00.000","W","518"
"112","2026-06-26T00:00:00.000","W","857"
"115","2026-06-26T00:00:00.000","W","1681"
"119","2026-06-26T00:00:00.000","W","2844"
"12","2026-06-26T00:00:00.000","W","10017"
"120","2026-06-26T00:00:00.000","W","583"
"121","2026-06-26T00:00:00.000","W","792"
"124","2026-06-26T00:00:00.000","W","1912"
"125","2026-06-26T00:00:00.000","W","373"
"126","2026-06-26T00:00:00.000","W","3414"
"130","2026-06-26T00:00:00.000","W","1058"
"134","2026-06-26T00:00:00.000","W","909"
"135","2026-06-26T00:00:00.000","W","1043"
"136","2026-06-26T00:00:00.000","W","694"
"143","2026-06-26T00:00:00.000","W","701"
"146","2026-06-26T00:00:00.000","W","9798"
"147","2026-06-26T00:00:00.000","W","9374"
"148","2026-06-26T00:00:00.000","W","1184"
"15","2026-06-26T00:00:00.000","W","4953"
"151","2026-06-26T00:00:00.000","W","11633"
"152","2026-06-26T00:00:00.000","W","6008"
"155","2026-06-26T00:00:00.000","W","4877"
"156","2026-06-26T00:00:00.000","W","3907"
"157","2026-06-26T00:00:00.000","W","4621"
"165","2026-06-26T00:00:00.000","W","106"
"169","2026-06-26T00:00:00.000","W","93"
"171","2026-06-26T00:00:00.000","W","239"
"172","2026-06-26T00:00:00.000","W","447"
"18","2026-06-26T00:00:00.000","W","3019"
"192","2026-06-26T00:00:00.000","W","396"
"2","2026-06-26T00:00:00.000","W","1762"
"20","2026-06-26T00:00:00.000","W","13182"
"201","2026-06-26T00:00:00.000","W","1021"
"206","2026-06-26T00:00:00.000","W","75"
"21","2026-06-26T00:00:00.000","W","8549"
"22","2026-06-26T00:00:00.000","W","14697"
"24","2026-06-26T00:00:00.000","W","1874"
"26","2026-06-26T00:00:00.000","W","2963"
"28","2026-06-26T00:00:00.000","W","4079"
"29","2026-06-26T00:00:00.000","W","8469"
"3","2026-06-26T00:00:00.000","W","16388"
"30","2026-06-26T00:00:00.000","W","2193"
"31","2026-06-26T00:00:00.000","W","469"
"34","2026-06-26T00:00:00.000","W","3680"
"35","2026-06-26T00:00:00.000","W","3641"
"36","2026-06-26T00:00:00.000","W","10581"
"37","2026-06-26T00:00:00.000","W","1199"
"39","2026-06-26T00:00:00.000","W","1265"
"4","2026-06-26T00:00:00.000","W","13506"
"43","2026-06-26T00:00:00.000","W","694"
"44","2026-06-26T00:00:00.000","W","2534"
"47","2026-06-26T00:00:00.000","W","9731"
"48","2026-06-26T00:00:00.000","W","478"
"49","2026-06-26T00:00:00.000","W","13961"
"49B","2026-06-26T00:00:00.000","W","3557"
"50","2026-06-26T00:00:00.000","W","7934"
"51","2026-06-26T00:00:00.000","W","1050"
"52","2026-06-26T00:00:00.000","W","6994"
"52A","2026-06-26T00:00:00.000","W","3050"
"53","2026-06-26T00:00:00.000","W","16775"
"53A","2026-06-26T00:00:00.000","W","2366"
"54","2026-06-26T00:00:00.000","W","8728"
"54A","2026-06-26T00:00:00.000","W","559"
"54B","2026-06-26T00:00:00.000","W","2163"
"55","2026-06-26T00:00:00.000","W","8095"
"55A","2026-06-26T00:00:00.000","W","95"
"55N","2026-06-26T00:00:00.000","W","293"
"56","2026-06-26T00:00:00.000","W","6718"
"57","2026-06-26T00:00:00.000","W","1620"
"59","2026-06-26T00:00:00.000","W","2491"
"6","2026-06-26T00:00:00.000","W","6407"
"60","2026-06-26T00:00:00.000","W","9739"
"62","2026-06-26T00:00:00.000","W","7530"
"62H","2026-06-26T00:00:00.000","W","679"
"63","2026-06-26T00:00:00.000","W","11767"
"63W","2026-06-26T00:00:00.000","W","1101"
"65","2026-06-26T00:00:00.000","W","6781"
"66","2026-06-26T00:00:00.000","W","15583"
"67","2026-06-26T00:00:00.000","W","6079"
"68","2026-06-26T00:00:00.000","W","795"
"7","2026-06-26T00:00:00.000","W","3065"
"70","2026-06-26T00:00:00.000","W","6543"
"71","2026-06-26T00:00:00.000","W","6433"
"72","2026-06-26T00:00:00.000","W","11760"
"73","2026-06-26T00:00:00.000","W","3750"
"74","2026-06-26T00:00:00.000","W","8565"
"75","2026-06-26T00:00:00.000","W","5495"
"76","2026-06-26T00:00:00.000","W","8024"
"77","2026-06-26T00:00:00.000","W","14934"
"78","2026-06-26T00:00:00.000","W","5992"
"79","2026-06-26T00:00:00.000","W","17137"
"8","2026-06-26T00:00:00.000","W","14582"
"80","2026-06-26T00:00:00.000","W","7513"
"81","2026-06-26T00:00:00.000","W","8569"
"81W","2026-06-26T00:00:00.000","W","1416"
"82","2026-06-26T00:00:00.000","W","12489"
"84","2026-06-26T00:00:00.000","W","2547"
"85","2026-06-26T00:00:00.000","W","7947"
"85A","2026-06-26T00:00:00.000","W","611"
"86","2026-06-26T00:00:00.000","W","1217"
"87","2026-06-26T00:00:00.000","W","7701"
"88","2026-06-26T00:00:00.000","W","840"
"8A","2026-06-26T00:00:00.000","W","2170"
"9","2026-06-26T00:00:00.000","W","19296"
"90","2026-06-26T00:00:00.000","W","3491"
"91","2026-06-26T00:00:00.000","W","3642"
"92","2026-06-26T00:00:00.000","W","4636"
"93","2026-06-26T00:00:00.000","W","3641"
"94","2026-06-26T00:00:00.000","W","8010"
"95","2026-06-26T00:00:00.000","W","5408"
"96","2026-06-26T00:00:00.000","W","583"
"97","2026-06-26T00:00:00.000","W","2115"
"J14","2026-06-26T00:00:00.000","W","7987"
"N5","2026-06-26T00:00:00.000","W","335"
"X4","2026-06-26T00:00:00.000","W","2372"
"X49","2026-06-26T00:00:00.000","W","3350"
"X9","2026-06-26T00:00:00.000","W","4808"
"X9","2026-06-25T00:00:00.000","W","5464"
"X49","2026-06-25T00:00:00.000","W","3672"
"X4","2026-06-25T00:00:00.000","W","2899"
"N5","2026-06-25T00:00:00.000","W","293"
"J14","2026-06-25T00:00:00.000","W","8402"
"97","2026-06-25T00:00:00.000","W","2303"
"96","2026-06-25T00:00:00.000","W","685"
"95","2026-06-25T00:00:00.000","W","5437"
"94","2026-06-25T00:00:00.000","W","8644"
"93","2026-06-25T00:00:00.000","W","4173"
"92","2026-06-25T00:00:00.000","W","5201"
"91","2026-06-25T00:00:00.000","W","4119"
"1","2026-06-25T00:00:00.000","W","1188"
"10","2026-06-25T00:00:00.000","W","778"
"100","2026-06-25T00:00:00.000","W","416"
"1001","2026-06-25T00:00:00.000","W","15"
"103","2026-06-25T00:00:00.000","W","1509"
"106","2026-06-25T00:00:00.000","W","1110"
"108","2026-06-25T00:00:00.000","W","785"
"11","2026-06-25T00:00:00.000","W","975"
"111","2026-06-25T00:00:00.000","W","2120"
"111A","2026-06-25T00:00:00.000","W","495"
"112","2026-06-25T00:00:00.000","W","1338"
"115","2026-06-25T00:00:00.000","W","1883"
"119","2026-06-25T00:00:00.000","W","2566"
"12","2026-06-25T00:00:00.000","W","11040"
"120","2026-06-25T00:00:00.000","W","1042"
"121","2026-06-25T00:00:00.000","W","1348"
"124","2026-06-25T00:00:00.000","W","2298"
"125","2026-06-25T00:00:00.000","W","588"
"126","2026-06-25T00:00:00.000","W","3756"
"130","2026-06-25T00:00:00.000","W","871"
"134","2026-06-25T00:00:00.000","W","2151"
"135","2026-06-25T00:00:00.000","W","2256"
"136","2026-06-25T00:00:00.000","W","1326"
"143","2026-06-25T00:00:00.000","W","1063"
"146","2026-06-25T00:00:00.000","W","11550"
"147","2026-06-25T00:00:00.000","W","11139"
"148","2026-06-25T00:00:00.000","W","1503"
"15","2026-06-25T00:00:00.000","W","5836"
"151","2026-06-25T00:00:00.000","W","13448"
"152","2026-06-25T00:00:00.000","W","6729"
"155","2026-06-25T00:00:00.000","W","5250"
"156","2026-06-25T00:00:00.000","W","5068"
"157","2026-06-25T00:00:00.000","W","5031"
"165","2026-06-25T00:00:00.000","W","104"
"169","2026-06-25T00:00:00.000","W","159"
"171","2026-06-25T00:00:00.000","W","306"
"172","2026-06-25T00:00:00.000","W","240"
"18","2026-06-25T00:00:00.000","W","3549"
"192","2026-06-25T00:00:00.000","W","383"
"2","2026-06-25T00:00:00.000","W","1819"
"20","2026-06-25T00:00:00.000","W","14564"
"201","2026-06-25T00:00:00.000","W","1062"
"206","2026-06-25T00:00:00.000","W","108"
"21","2026-06-25T00:00:00.000","W","8560"
"22","2026-06-25T00:00:00.000","W","15009"
"24","2026-06-25T00:00:00.000","W","2201"
"26","2026-06-25T00:00:00.000","W","3199"
"28","2026-06-25T00:00:00.000","W","4386"
"29","2026-06-25T00:00:00.000","W","8815"
"3","2026-06-25T00:00:00.000","W","17455"
"30","2026-06-25T00:00:00.000","W","2201"
"31","2026-06-25T00:00:00.000","W","456"
"34","2026-06-25T00:00:00.000","W","3277"
"35","2026-06-25T00:00:00.000","W","3582"
"36","2026-06-25T00:00:00.000","W","10059"
"37","2026-06-25T00:00:00.000","W","2032"
"39","2026-06-25T00:00:00.000","W","1458"
"4","2026-06-25T00:00:00.000","W","15468"
"43","2026-06-25T00:00:00.000","W","762"
"44","2026-06-25T00:00:00.000","W","2718"
"47","2026-06-25T00:00:00.000","W","10740"
"48","2026-06-25T00:00:00.000","W","548"
"49","2026-06-25T00:00:00.000","W","14948"
"49B","2026-06-25T00:00:00.000","W","3692"
"50","2026-06-25T00:00:00.000","W","8594"
"51","2026-06-25T00:00:00.000","W","964"
"52","2026-06-25T00:00:00.000","W","7407"
"52A","2026-06-25T00:00:00.000","W","3343"
"53","2026-06-25T00:00:00.000","W","18177"
"53A","2026-06-25T00:00:00.000","W","2693"
"54","2026-06-25T00:00:00.000","W","8875"
"54A","2026-06-25T00:00:00.000","W","598"
"54B","2026-06-25T00:00:00.000","W","2108"
"55","2026-06-25T00:00:00.000","W","8477"
"55A","2026-06-25T00:00:00.000","W","124"
"55N","2026-06-25T00:00:00.000","W","395"
"56","2026-06-25T00:00:00.000","W","8099"
"57","2026-06-25T00:00:00.000","W","1764"
"59","2026-06-25T00:00:00.000","W","2505"
"6","2026-06-25T00:00:00.000","W","7264"
"60","2026-06-25T00:00:00.000","W","11239"
"62","2026-06-25T00:00:00.000","W","7699"
"62H","2026-06-25T00:00:00.000","W","730"
"63","2026-06-25T00:00:00.000","W","13319"
"63W","2026-06-25T00:00:00.000","W","1251"
"65","2026-06-25T00:00:00.000","W","7566"
"66","2026-06-25T00:00:00.000","W","17751"
"67","2026-06-25T00:00:00.000","W","7417"
"68","2026-06-25T00:00:00.000","W","828"
"7","2026-06-25T00:00:00.000","W","3586"
"70","2026-06-25T00:00:00.000","W","6721"
"71","2026-06-25T00:00:00.000","W","6991"
"72","2026-06-25T00:00:00.000","W","13059"
"73","2026-06-25T00:00:00.000","W","4038"
"74","2026-06-25T00:00:00.000","W","9693"
"75","2026-06-25T00:00:00.000","W","6769"
"76","2026-06-25T00:00:00.000","W","8894"
"77","2026-06-25T00:00:00.000","W","15443"
"78","2026-06-25T00:00:00.000","W","6511"
"79","2026-06-25T00:00:00.000","W","19250"
"8","2026-06-25T00:00:00.000","W","16187"
"80","2026-06-25T00:00:00.000","W","8323"
"81","2026-06-25T00:00:00.000","W","9217"
"81W","2026-06-25T00:00:00.000","W","1546"
"82","2026-06-25T00:00:00.000","W","13608"
"84","2026-06-25T00:00:00.000","W","2906"
"85","2026-06-25T00:00:00.000","W","8331"
"85A","2026-06-25T00:00:00.000","W","700"
"86","2026-06-25T00:00:00.000","W","1609"
"87","2026-06-25T00:00:00.000","W","8287"
"88","2026-06-25T00:00:00.000","W","966"
"8A","2026-06-25T00:00:00.000","W","2746"
"9","2026-06-25T00:00:00.000","W","20099"
"90","2026-06-25T00:00:00.000","W","3820"
"X9","2026-06-24T00:00:00.000","W","5020"
"X49","2026-06-24T00:00:00.000","W","3148"
"X4","2026-06-24T00:00:00.000","W","2610"
"N5","2026-06-24T00:00:00.000","W","238"
"J14","2026-06-24T00:00:00.000","W","8180"
"97","2026-06-24T00:00:00.000","W","2061"
"96","2026-06-24T00:00:00.000","W","592"
"95","2026-06-24T00:00:00.000","W","4848"
"94","2026-06-24T00:00:00.000","W","8306"
"93","2026-06-24T00:00:00.000","W","3894"
"92","2026-06-24T00:00:00.000","W","4823"
"91","2026-06-24T00:00:00.000","W","3596"
"1","2026-06-24T00:00:00.000","W","1276"
"10","2026-06-24T00:00:00.000","W","934"
"100","2026-06-24T00:00:00.000","W","359"
"1001","2026-06-24T00:00:00.000","W","17"
"103","2026-06-24T00:00:00.000","W","1306"
"106","2026-06-24T00:00:00.000","W","1030"
"108","2026-06-24T00:00:00.000","W","744"
"11","2026-06-24T00:00:00.000","W","900"
"111","2026-06-24T00:00:00.000","W","1933"
"111A","2026-06-24T00:00:00.000","W","477"
"112","2026-06-24T00:00:00.000","W","1176"
"115","2026-06-24T00:00:00.000","W","1593"
"119","2026-06-24T00:00:00.000","W","2515"
"12","2026-06-24T00:00:00.000","W","10024"
"120","2026-06-24T00:00:00.000","W","1113"
"121","2026-06-24T00:00:00.000","W","1591"
"124","2026-06-24T00:00:00.000","W","1756"
"125","2026-06-24T00:00:00.000","W","634"
"126","2026-06-24T00:00:00.000","W","3832"
"130","2026-06-24T00:00:00.000","W","1094"
"134","2026-06-24T00:00:00.000","W","2745"
"135","2026-06-24T00:00:00.000","W","2493"
"136","2026-06-24T00:00:00.000","W","1377"
"143","2026-06-24T00:00:00.000","W","1246"
"146","2026-06-24T00:00:00.000","W","10389"
"147","2026-06-24T00:00:00.000","W","10166"
"148","2026-06-24T00:00:00.000","W","1445"
"15","2026-06-24T00:00:00.000","W","4911"
"151","2026-06-24T00:00:00.000","W","12991"
"152","2026-06-24T00:00:00.000","W","6172"
"155","2026-06-24T00:00:00.000","W","4590"
"156","2026-06-24T00:00:00.000","W","5372"
"157","2026-06-24T00:00:00.000","W","5494"
"165","2026-06-24T00:00:00.000","W","120"
"169","2026-06-24T00:00:00.000","W","42"
"171","2026-06-24T00:00:00.000","W","159"
"172","2026-06-24T00:00:00.000","W","362"
"18","2026-06-24T00:00:00.000","W","3227"
"192","2026-06-24T00:00:00.000","W","485"
"2","2026-06-24T00:00:00.000","W","1920"
"20","2026-06-24T00:00:00.000","W","13602"
"201","2026-06-24T00:00:00.000","W","1180"
"206","2026-06-24T00:00:00.000","W","122"
"21","2026-06-24T00:00:00.000","W","7667"
"22","2026-06-24T00:00:00.000","W","14289"
"24","2026-06-24T00:00:00.000","W","2076"
"26","2026-06-24T00:00:00.000","W","3199"
"28","2026-06-24T00:00:00.000","W","4428"
"29","2026-06-24T00:00:00.000","W","8893"
"3","2026-06-24T00:00:00.000","W","14981"
"30","2026-06-24T00:00:00.000","W","2072"
"31","2026-06-24T00:00:00.000","W","446"
"34","2026-06-24T00:00:00.000","W","3141"
"35","2026-06-24T00:00:00.000","W","3530"
"36","2026-06-24T00:00:00.000","W","9325"
"37","2026-06-24T00:00:00.000","W","2252"
"39","2026-06-24T00:00:00.000","W","1375"
"4","2026-06-24T00:00:00.000","W","14065"
"43","2026-06-24T00:00:00.000","W","725"
"44","2026-06-24T00:00:00.000","W","2586"
"47","2026-06-24T00:00:00.000","W","9878"
"48","2026-06-24T00:00:00.000","W","557"
"49","2026-06-24T00:00:00.000","W","13760"
"49B","2026-06-24T00:00:00.000","W","3482"
"50","2026-06-24T00:00:00.000","W","8025"
"51","2026-06-24T00:00:00.000","W","1114"
"52","2026-06-24T00:00:00.000","W","6646"
"52A","2026-06-24T00:00:00.000","W","3127"
"53","2026-06-24T00:00:00.000","W","16909"
"53A","2026-06-24T00:00:00.000","W","2499"
"54","2026-06-24T00:00:00.000","W","7991"
"54A","2026-06-24T00:00:00.000","W","526"
"54B","2026-06-24T00:00:00.000","W","1878"
"55","2026-06-24T00:00:00.000","W","8167"
"55A","2026-06-24T00:00:00.000","W","139"
"55N","2026-06-24T00:00:00.000","W","367"
"56","2026-06-24T00:00:00.000","W","7226"
"57","2026-06-24T00:00:00.000","W","1622"
"59","2026-06-24T00:00:00.000","W","2086"
"6","2026-06-24T00:00:00.000","W","6182"
"60","2026-06-24T00:00:00.000","W","10500"
"62","2026-06-24T00:00:00.000","W","7279"
"62H","2026-06-24T00:00:00.000","W","722"
"63","2026-06-24T00:00:00.000","W","12147"
"63W","2026-06-24T00:00:00.000","W","1201"
"65","2026-06-24T00:00:00.000","W","6806"
"66","2026-06-24T00:00:00.000","W","16423"
"67","2026-06-24T00:00:00.000","W","6241"
"68","2026-06-24T00:00:00.000","W","700"
"7","2026-06-24T00:00:00.000","W","3680"
"70","2026-06-24T00:00:00.000","W","6400"
"71","2026-06-24T00:00:00.000","W","5967"
"72","2026-06-24T00:00:00.000","W","11272"
"73","2026-06-24T00:00:00.000","W","3718"
"74","2026-06-24T00:00:00.000","W","8808"
"75","2026-06-24T00:00:00.000","W","5177"
"76","2026-06-24T00:00:00.000","W","8121"
"77","2026-06-24T00:00:00.000","W","14846"
"78","2026-06-24T00:00:00.000","W","6275"
"79","2026-06-24T00:00:00.000","W","17876"
"8","2026-06-24T00:00:00.000","W","15135"
"80","2026-06-24T00:00:00.000","W","7750"
"81","2026-06-24T00:00:00.000","W","8777"
"81W","2026-06-24T00:00:00.000","W","1468"
"82","2026-06-24T00:00:00.000","W","13183"
"84","2026-06-24T00:00:00.000","W","2629"
"85","2026-06-24T00:00:00.000","W","7899"
"85A","2026-06-24T00:00:00.000","W","656"
"86","2026-06-24T00:00:00.000","W","1491"
"87","2026-06-24T00:00:00.000","W","7287"
"88","2026-06-24T00:00:00.000","W","942"
"8A","2026-06-24T00:00:00.000","W","2162"
"9","2026-06-24T00:00:00.000","W","18200"
"90","2026-06-24T00:00:00.000","W","3412"
"X9","2026-06-23T00:00:00.000","W","5574"
"X49","2026-06-23T00:00:00.000","W","3732"
"X4","2026-06-23T00:00:00.000","W","2839"
"N5","2026-06-23T00:00:00.000","W","302"
"J14","2026-06-23T00:00:00.000","W","8834"
"97","2026-06-23T00:00:00.000","W","2233"
"96","2026-06-23T00:00:00.000","W","588"
"95","2026-06-23T00:00:00.000","W","5641"
"94","2026-06-23T00:00:00.000","W","9295"
"93","2026-06-23T00:00:00.000","W","4258"
"92","2026-06-23T00:00:00.000","W","5128"
"91","2026-06-23T00:00:00.000","W","4362"
"1","2026-06-23T00:00:00.000","W","1289"
"10","2026-06-23T00:00:00.000","W","789"
"100","2026-06-23T00:00:00.000","W","330"
"1001","2026-06-23T00:00:00.000","W","37"
"103","2026-06-23T00:00:00.000","W","1248"
"106","2026-06-23T00:00:00.000","W","1028"
"108","2026-06-23T00:00:00.000","W","701"
"11","2026-06-23T00:00:00.000","W","1041"
"111","2026-06-23T00:00:00.000","W","2037"
"111A","2026-06-23T00:00:00.000","W","444"
"112","2026-06-23T00:00:00.000","W","1331"
"115","2026-06-23T00:00:00.000","W","2003"
"119","2026-06-23T00:00:00.000","W","2559"
"12","2026-06-23T00:00:00.000","W","9598"
"120","2026-06-23T00:00:00.000","W","1204"
"121","2026-06-23T00:00:00.000","W","1457"
"124","2026-06-23T00:00:00.000","W","1999"
"125","2026-06-23T00:00:00.000","W","679"
"126","2026-06-23T00:00:00.000","W","3954"
"130","2026-06-23T00:00:00.000","W","875"
"134","2026-06-23T00:00:00.000","W","2506"
"135","2026-06-23T00:00:00.000","W","2597"
"136","2026-06-23T00:00:00.000","W","1441"
"143","2026-06-23T00:00:00.000","W","1119"
"146","2026-06-23T00:00:00.000","W","11096"
"147","2026-06-23T00:00:00.000","W","10229"
"148","2026-06-23T00:00:00.000","W","1398"
"15","2026-06-23T00:00:00.000","W","5825"
"151","2026-06-23T00:00:00.000","W","13762"
"152","2026-06-23T00:00:00.000","W","6977"
"155","2026-06-23T00:00:00.000","W","5289"
"156","2026-06-23T00:00:00.000","W","5359"
"157","2026-06-23T00:00:00.000","W","5651"
"165","2026-06-23T00:00:00.000","W","107"
"169","2026-06-23T00:00:00.000","W","251"
"171","2026-06-23T00:00:00.000","W","185"
"172","2026-06-23T00:00:00.000","W","303"
"18","2026-06-23T00:00:00.000","W","3302"
"19","2026-06-23T00:00:00.000","W","103"
"192","2026-06-23T00:00:00.000","W","477"
"2","2026-06-23T00:00:00.000","W","1901"
"20","2026-06-23T00:00:00.000","W","15423"
"201","2026-06-23T00:00:00.000","W","1180"
"206","2026-06-23T00:00:00.000","W","122"
"21","2026-06-23T00:00:00.000","W","8545"
"22","2026-06-23T00:00:00.000","W","14061"
"24","2026-06-23T00:00:00.000","W","2160"
"26","2026-06-23T00:00:00.000","W","3385"
"28","2026-06-23T00:00:00.000","W","4843"
"29","2026-06-23T00:00:00.000","W","9118"
"3","2026-06-23T00:00:00.000","W","16237"
"30","2026-06-23T00:00:00.000","W","2332"
"31","2026-06-23T00:00:00.000","W","555"
"34","2026-06-23T00:00:00.000","W","3995"
"35","2026-06-23T00:00:00.000","W","3947"
"36","2026-06-23T00:00:00.000","W","10460"
"37","2026-06-23T00:00:00.000","W","2228"
"39","2026-06-23T00:00:00.000","W","1445"
"4","2026-06-23T00:00:00.000","W","14776"
"43","2026-06-23T00:00:00.000","W","828"
"44","2026-06-23T00:00:00.000","W","2590"
"47","2026-06-23T00:00:00.000","W","10070"
"48","2026-06-23T00:00:00.000","W","660"
"49","2026-06-23T00:00:00.000","W","15112"
"49B","2026-06-23T00:00:00.000","W","3783"
"50","2026-06-23T00:00:00.000","W","8782"
"51","2026-06-23T00:00:00.000","W","1390"
"52","2026-06-23T00:00:00.000","W","7593"
"52A","2026-06-23T00:00:00.000","W","3327"
"53","2026-06-23T00:00:00.000","W","18460"
"53A","2026-06-23T00:00:00.000","W","2817"
"54","2026-06-23T00:00:00.000","W","8428"
"54A","2026-06-23T00:00:00.000","W","600"
"54B","2026-06-23T00:00:00.000","W","2343"
"55","2026-06-23T00:00:00.000","W","8902"
"55A","2026-06-23T00:00:00.000","W","150"
"55N","2026-06-23T00:00:00.000","W","370"
"56","2026-06-23T00:00:00.000","W","7406"
"57","2026-06-23T00:00:00.000","W","1767"
"59","2026-06-23T00:00:00.000","W","2685"
"6","2026-06-23T00:00:00.000","W","7208"
"60","2026-06-23T00:00:00.000","W","11072"
"62","2026-06-23T00:00:00.000","W","8032"
"62H","2026-06-23T00:00:00.000","W","740"
"63","2026-06-23T00:00:00.000","W","12664"
"63W","2026-06-23T00:00:00.000","W","1359"
"65","2026-06-23T00:00:00.000","W","7319"
"66","2026-06-23T00:00:00.000","W","17481"
"67","2026-06-23T00:00:00.000","W","7163"
"68","2026-06-23T00:00:00.000","W","838"
"7","2026-06-23T00:00:00.000","W","3790"
"70","2026-06-23T00:00:00.000","W","6846"
"71","2026-06-23T00:00:00.000","W","7239"
"72","2026-06-23T00:00:00.000","W","12011"
"73","2026-06-23T00:00:00.000","W","3904"
"74","2026-06-23T00:00:00.000","W","9359"
"75","2026-06-23T00:00:00.000","W","5570"
"76","2026-06-23T00:00:00.000","W","8925"
"77","2026-06-23T00:00:00.000","W","15607"
"78","2026-06-23T00:00:00.000","W","6515"
"79","2026-06-23T00:00:00.000","W","19733"
"8","2026-06-23T00:00:00.000","W","15286"
"80","2026-06-23T00:00:00.000","W","8072"
"81","2026-06-23T00:00:00.000","W","9735"
"81W","2026-06-23T00:00:00.000","W","1563"
"82","2026-06-23T00:00:00.000","W","13792"
"84","2026-06-23T00:00:00.000","W","2714"
"85","2026-06-23T00:00:00.000","W","8498"
"85A","2026-06-23T00:00:00.000","W","642"
"86","2026-06-23T00:00:00.000","W","1595"
"87","2026-06-23T00:00:00.000","W","8363"
"88","2026-06-23T00:00:00.000","W","973"
"8A","2026-06-23T00:00:00.000","W","2598"
"9","2026-06-23T00:00:00.000","W","19451"
"90","2026-06-23T00:00:00.000","W","3678"
"X9","2026-06-22T00:00:00.000","W","4773"
"X49","2026-06-22T00:00:00.000","W","2963"
"X4","2026-06-22T00:00:00.000","W","2634"
"N5","2026-06-22T00:00:00.000","W","295"
"J14","2026-06-22T00:00:00.000","W","8587"
"97","2026-06-22T00:00:00.000","W","2222"
"96","2026-06-22T00:00:00.000","W","515"
"95","2026-06-22T00:00:00.000","W","5156"
"94","2026-06-22T00:00:00.000","W","9158"
"93","2026-06-22T00:00:00.000","W","3892"
"92","2026-06-22T00:00:00.000","W","5075"
"91","2026-06-22T00:00:00.000","W","3713"
"1","2026-06-22T00:00:00.000","W","957"
"10","2026-06-22T00:00:00.000","W","843"
"100","2026-06-22T00:00:00.000","W","294"
"1001","2026-06-22T00:00:00.000","W","12"
"103","2026-06-22T00:00:00.000","W","1333"
"106","2026-06-22T00:00:00.000","W","1109"
"108","2026-06-22T00:00:00.000","W","642"
"11","2026-06-22T00:00:00.000","W","972"
"111","2026-06-22T00:00:00.000","W","2211"
"111A","2026-06-22T00:00:00.000","W","562"
"112","2026-06-22T00:00:00.000","W","1054"
"115","2026-06-22T00:00:00.000","W","2007"
"119","2026-06-22T00:00:00.000","W","2435"
"12","2026-06-22T00:00:00.000","W","9763"
"120","2026-06-22T00:00:00.000","W","970"
"121","2026-06-22T00:00:00.000","W","1138"
"124","2026-06-22T00:00:00.000","W","1674"
"125","2026-06-22T00:00:00.000","W","435"
"126","2026-06-22T00:00:00.000","W","3347"
"130","2026-06-22T00:00:00.000","W","725"
"134","2026-06-22T00:00:00.000","W","1778"
"135","2026-06-22T00:00:00.000","W","1670"
"136","2026-06-22T00:00:00.000","W","956"
"143","2026-06-22T00:00:00.000","W","865"
"146","2026-06-22T00:00:00.000","W","8938"
"147","2026-06-22T00:00:00.000","W","9899"
"148","2026-06-22T00:00:00.000","W","1139"
"15","2026-06-22T00:00:00.000","W","5758"
"151","2026-06-22T00:00:00.000","W","12559"
"152","2026-06-22T00:00:00.000","W","6168"
"155","2026-06-22T00:00:00.000","W","4860"
"156","2026-06-22T00:00:00.000","W","4535"
"157","2026-06-22T00:00:00.000","W","4921"
"165","2026-06-22T00:00:00.000","W","110"
"169","2026-06-22T00:00:00.000","W","151"
"171","2026-06-22T00:00:00.000","W","205"
"172","2026-06-22T00:00:00.000","W","331"
"18","2026-06-22T00:00:00.000","W","3420"
"192","2026-06-22T00:00:00.000","W","477"
"2","2026-06-22T00:00:00.000","W","1601"
"20","2026-06-22T00:00:00.000","W","13601"
"201","2026-06-22T00:00:00.000","W","1082"
"206","2026-06-22T00:00:00.000","W","119"
"21","2026-06-22T00:00:00.000","W","8930"
"22","2026-06-22T00:00:00.000","W","13767"
"24","2026-06-22T00:00:00.000","W","2003"
"26","2026-06-22T00:00:00.000","W","3283"
"28","2026-06-22T00:00:00.000","W","4750"
"29","2026-06-22T00:00:00.000","W","8643"
"3","2026-06-22T00:00:00.000","W","15739"
"30","2026-06-22T00:00:00.000","W","2057"
"31","2026-06-22T00:00:00.000","W","481"
"34","2026-06-22T00:00:00.000","W","3131"
"35","2026-06-22T00:00:00.000","W","3502"
"36","2026-06-22T00:00:00.000","W","9485"
"37","2026-06-22T00:00:00.000","W","1619"
"39","2026-06-22T00:00:00.000","W","1412"
"4","2026-06-22T00:00:00.000","W","14892"
"43","2026-06-22T00:00:00.000","W","745"
"44","2026-06-22T00:00:00.000","W","2288"
"47","2026-06-22T00:00:00.000","W","10237"
"48","2026-06-22T00:00:00.000","W","551"
"49","2026-06-22T00:00:00.000","W","14629"
"49B","2026-06-22T00:00:00.000","W","3821"
"50","2026-06-22T00:00:00.000","W","7630"
"51","2026-06-22T00:00:00.000","W","1056"
"52","2026-06-22T00:00:00.000","W","6750"
"52A","2026-06-22T00:00:00.000","W","3359"
"53","2026-06-22T00:00:00.000","W","18460"
"53A","2026-06-22T00:00:00.000","W","2424"
"54","2026-06-22T00:00:00.000","W","8459"
"54A","2026-06-22T00:00:00.000","W","505"
"54B","2026-06-22T00:00:00.000","W","2115"
"55","2026-06-22T00:00:00.000","W","8537"
"55A","2026-06-22T00:00:00.000","W","131"
"55N","2026-06-22T00:00:00.000","W","322"
"56","2026-06-22T00:00:00.000","W","7130"
"57","2026-06-22T00:00:00.000","W","1615"
"59","2026-06-22T00:00:00.000","W","2355"
"6","2026-06-22T00:00:00.000","W","6148"
"60","2026-06-22T00:00:00.000","W","9903"
"62","2026-06-22T00:00:00.000","W","7292"
"62H","2026-06-22T00:00:00.000","W","723"
"63","2026-06-22T00:00:00.000","W","12481"
"63W","2026-06-22T00:00:00.000","W","1217"
"65","2026-06-22T00:00:00.000","W","6650"
"66","2026-06-22T00:00:00.000","W","15971"
"67","2026-06-22T00:00:00.000","W","6805"
"68","2026-06-22T00:00:00.000","W","804"
"7","2026-06-22T00:00:00.000","W","3192"
"70","2026-06-22T00:00:00.000","W","6459"
"71","2026-06-22T00:00:00.000","W","6854"
"72","2026-06-22T00:00:00.000","W","11618"
"73","2026-06-22T00:00:00.000","W","3634"
"74","2026-06-22T00:00:00.000","W","8913"
"75","2026-06-22T00:00:00.000","W","6015"
"76","2026-06-22T00:00:00.000","W","8432"
"77","2026-06-22T00:00:00.000","W","14144"
"78","2026-06-22T00:00:00.000","W","6145"
"79","2026-06-22T00:00:00.000","W","17012"
"8","2026-06-22T00:00:00.000","W","14805"
"80","2026-06-22T00:00:00.000","W","7398"
"81","2026-06-22T00:00:00.000","W","9543"
"81W","2026-06-22T00:00:00.000","W","1463"
"82","2026-06-22T00:00:00.000","W","12439"
"84","2026-06-22T00:00:00.000","W","2810"
"85","2026-06-22T00:00:00.000","W","7843"
"85A","2026-06-22T00:00:00.000","W","609"
"86","2026-06-22T00:00:00.000","W","1565"
"87","2026-06-22T00:00:00.000","W","8016"
"88","2026-06-22T00:00:00.000","W","846"
"8A","2026-06-22T00:00:00.000","W","2592"
"9","2026-06-22T00:00:00.000","W","18154"
"90","2026-06-22T00:00:00.000","W","3627"
"N5","2026-06-21T00:00:00.000","U","366"
"J14","2026-06-21T00:00:00.000","U","3892"
"97","2026-06-21T00:00:00.000","U","1056"
"95","2026-06-21T00:00:00.000","U","2853"
"94","2026-06-21T00:00:00.000","U","3635"
"93","2026-06-21T00:00:00.000","U","1759"
"92","2026-06-21T00:00:00.000","U","2610"
"10","2026-06-21T00:00:00.000","U","1840"
"1001","2026-06-21T00:00:00.000","U","19"
"103","2026-06-21T00:00:00.000","U","613"
"106","2026-06-21T00:00:00.000","U","319"
"11","2026-06-21T00:00:00.000","U","374"
"111","2026-06-21T00:00:00.000","U","769"
"111A","2026-06-21T00:00:00.000","U","199"
"112","2026-06-21T00:00:00.000","U","398"
"115","2026-06-21T00:00:00.000","U","740"
"119","2026-06-21T00:00:00.000","U","1408"
"12","2026-06-21T00:00:00.000","U","5212"
"124","2026-06-21T00:00:00.000","U","958"
"126","2026-06-21T00:00:00.000","U","1137"
"130","2026-06-21T00:00:00.000","U","766"
"146","2026-06-21T00:00:00.000","U","7694"
"147","2026-06-21T00:00:00.000","U","5257"
"15","2026-06-21T00:00:00.000","U","2417"
"151","2026-06-21T00:00:00.000","U","9876"
"152","2026-06-21T00:00:00.000","U","3431"
"155","2026-06-21T00:00:00.000","U","2957"
"18","2026-06-21T00:00:00.000","U","2007"
"20","2026-06-21T00:00:00.000","U","7688"
"21","2026-06-21T00:00:00.000","U","3561"
"22","2026-06-21T00:00:00.000","U","10496"
"28","2026-06-21T00:00:00.000","U","2032"
"29","2026-06-21T00:00:00.000","U","6094"
"3","2026-06-21T00:00:00.000","U","9077"
"30","2026-06-21T00:00:00.000","U","643"
"34","2026-06-21T00:00:00.000","U","2296"
"35","2026-06-21T00:00:00.000","U","1421"
"36","2026-06-21T00:00:00.000","U","9069"
"39","2026-06-21T00:00:00.000","U","452"
"4","2026-06-21T00:00:00.000","U","9540"
"43","2026-06-21T00:00:00.000","U","298"
"44","2026-06-21T00:00:00.000","U","1030"
"47","2026-06-21T00:00:00.000","U","5057"
"49","2026-06-21T00:00:00.000","U","9435"
"49B","2026-06-21T00:00:00.000","U","1943"
"50","2026-06-21T00:00:00.000","U","4165"
"51","2026-06-21T00:00:00.000","U","467"
"52","2026-06-21T00:00:00.000","U","3302"
"52A","2026-06-21T00:00:00.000","U","1307"
"53","2026-06-21T00:00:00.000","U","10212"
"53A","2026-06-21T00:00:00.000","U","875"
"54","2026-06-21T00:00:00.000","U","4762"
"54B","2026-06-21T00:00:00.000","U","868"
"55","2026-06-21T00:00:00.000","U","5140"
"56","2026-06-21T00:00:00.000","U","3500"
"57","2026-06-21T00:00:00.000","U","362"
"6","2026-06-21T00:00:00.000","U","5006"
"60","2026-06-21T00:00:00.000","U","5309"
"62","2026-06-21T00:00:00.000","U","4166"
"63","2026-06-21T00:00:00.000","U","6845"
"63W","2026-06-21T00:00:00.000","U","448"
"65","2026-06-21T00:00:00.000","U","3313"
"66","2026-06-21T00:00:00.000","U","9789"
"67","2026-06-21T00:00:00.000","U","4249"
"68","2026-06-21T00:00:00.000","U","288"
"70","2026-06-21T00:00:00.000","U","3444"
"71","2026-06-21T00:00:00.000","U","4229"
"72","2026-06-21T00:00:00.000","U","7342"
"73","2026-06-21T00:00:00.000","U","1599"
"74","2026-06-21T00:00:00.000","U","5461"
"75","2026-06-21T00:00:00.000","U","2794"
"76","2026-06-21T00:00:00.000","U","3552"
"77","2026-06-21T00:00:00.000","U","8692"
"78","2026-06-21T00:00:00.000","U","3175"
"79","2026-06-21T00:00:00.000","U","9570"
"8","2026-06-21T00:00:00.000","U","7544"
"80","2026-06-21T00:00:00.000","U","4603"
"81","2026-06-21T00:00:00.000","U","6065"
"81W","2026-06-21T00:00:00.000","U","606"
"82","2026-06-21T00:00:00.000","U","6970"
"84","2026-06-21T00:00:00.000","U","1020"
"85","2026-06-21T00:00:00.000","U","4268"
"87","2026-06-21T00:00:00.000","U","4111"
"88","2026-06-21T00:00:00.000","U","350"
"8A","2026-06-21T00:00:00.000","U","1297"
"9","2026-06-21T00:00:00.000","U","12481"
"90","2026-06-21T00:00:00.000","U","1614"
"91","2026-06-21T00:00:00.000","U","1599"
"N5","2026-06-20T00:00:00.000","A","442"
"J14","2026-06-20T00:00:00.000","A","5638"
"97","2026-06-20T00:00:00.000","A","1827"
"95","2026-06-20T00:00:00.000","A","4379"
"94","2026-06-20T00:00:00.000","A","6077"
"93","2026-06-20T00:00:00.000","A","2701"
"92","2026-06-20T00:00:00.000","A","3597"
"10","2026-06-20T00:00:00.000","A","1977"
"1001","2026-06-20T00:00:00.000","A","89"
"103","2026-06-20T00:00:00.000","A","999"
"106","2026-06-20T00:00:00.000","A","432"
"11","2026-06-20T00:00:00.000","A","638"
"111","2026-06-20T00:00:00.000","A","1620"
"111A","2026-06-20T00:00:00.000","A","180"
"112","2026-06-20T00:00:00.000","A","611"
"115","2026-06-20T00:00:00.000","A","1146"
"119","2026-06-20T00:00:00.000","A","2343"
"12","2026-06-20T00:00:00.000","A","7394"
"124","2026-06-20T00:00:00.000","A","2818"
"126","2026-06-20T00:00:00.000","A","2246"
"130","2026-06-20T00:00:00.000","A","1163"
"146","2026-06-20T00:00:00.000","A","11005"
"147","2026-06-20T00:00:00.000","A","9804"
"15","2026-06-20T00:00:00.000","A","4849"
"151","2026-06-20T00:00:00.000","A","17119"
"152","2026-06-20T00:00:00.000","A","5866"
"155","2026-06-20T00:00:00.000","A","4479"
"18","2026-06-20T00:00:00.000","A","2609"
"19","2026-06-20T00:00:00.000","A","435"
"20","2026-06-20T00:00:00.000","A","10773"
"201","2026-06-20T00:00:00.000","A","716"
"21","2026-06-20T00:00:00.000","A","6415"
"22","2026-06-20T00:00:00.000","A","16525"
"28","2026-06-20T00:00:00.000","A","2544"
"29","2026-06-20T00:00:00.000","A","8634"
"3","2026-06-20T00:00:00.000","A","14451"
"30","2026-06-20T00:00:00.000","A","1729"
"34","2026-06-20T00:00:00.000","A","2872"
"35","2026-06-20T00:00:00.000","A","2259"
"36","2026-06-20T00:00:00.000","A","12485"
"39","2026-06-20T00:00:00.000","A","620"
"4","2026-06-20T00:00:00.000","A","14654"
"43","2026-06-20T00:00:00.000","A","472"
"44","2026-06-20T00:00:00.000","A","1708"
"47","2026-06-20T00:00:00.000","A","7771"
"49","2026-06-20T00:00:00.000","A","14436"
"49B","2026-06-20T00:00:00.000","A","2654"
"50","2026-06-20T00:00:00.000","A","6794"
"51","2026-06-20T00:00:00.000","A","820"
"52","2026-06-20T00:00:00.000","A","5363"
"52A","2026-06-20T00:00:00.000","A","2238"
"53","2026-06-20T00:00:00.000","A","14420"
"53A","2026-06-20T00:00:00.000","A","1543"
"54","2026-06-20T00:00:00.000","A","7156"
"54B","2026-06-20T00:00:00.000","A","1949"
"55","2026-06-20T00:00:00.000","A","7700"
"55N","2026-06-20T00:00:00.000","A","224"
"56","2026-06-20T00:00:00.000","A","4896"
"57","2026-06-20T00:00:00.000","A","859"
"59","2026-06-20T00:00:00.000","A","1570"
"6","2026-06-20T00:00:00.000","A","7173"
"60","2026-06-20T00:00:00.000","A","8262"
"62","2026-06-20T00:00:00.000","A","6745"
"62H","2026-06-20T00:00:00.000","A","438"
"63","2026-06-20T00:00:00.000","A","10902"
"63W","2026-06-20T00:00:00.000","A","723"
"65","2026-06-20T00:00:00.000","A","7130"
"66","2026-06-20T00:00:00.000","A","15080"
"67","2026-06-20T00:00:00.000","A","5659"
"68","2026-06-20T00:00:00.000","A","474"
"70","2026-06-20T00:00:00.000","A","4733"
"71","2026-06-20T00:00:00.000","A","6362"
"72","2026-06-20T00:00:00.000","A","12426"
"73","2026-06-20T00:00:00.000","A","2827"
"74","2026-06-20T00:00:00.000","A","8321"
"75","2026-06-20T00:00:00.000","A","4588"
"76","2026-06-20T00:00:00.000","A","6767"
"77","2026-06-20T00:00:00.000","A","13138"
"78","2026-06-20T00:00:00.000","A","5713"
"79","2026-06-20T00:00:00.000","A","13711"
"8","2026-06-20T00:00:00.000","A","12095"
"80","2026-06-20T00:00:00.000","A","7438"
"81","2026-06-20T00:00:00.000","A","8462"
"81W","2026-06-20T00:00:00.000","A","1103"
"82","2026-06-20T00:00:00.000","A","9662"
"84","2026-06-20T00:00:00.000","A","1764"
"85","2026-06-20T00:00:00.000","A","6168"
"85A","2026-06-20T00:00:00.000","A","347"
"87","2026-06-20T00:00:00.000","A","6050"
"88","2026-06-20T00:00:00.000","A","514"
"8A","2026-06-20T00:00:00.000","A","2314"
"9","2026-06-20T00:00:00.000","A","18931"
"90","2026-06-20T00:00:00.000","A","2848"
"91","2026-06-20T00:00:00.000","A","2670"
"X9","2026-06-19T00:00:00.000","W","4168"
"X49","2026-06-19T00:00:00.000","W","2615"
"X4","2026-06-19T00:00:00.000","W","2027"
"N5","2026-06-19T00:00:00.000","W","339"
"J14","2026-06-19T00:00:00.000","W","7124"
"97","2026-06-19T00:00:00.000","W","2117"
"96","2026-06-19T00:00:00.000","W","468"
"95","2026-06-19T00:00:00.000","W","4560"
"94","2026-06-19T00:00:00.000","W","7791"
"93","2026-06-19T00:00:00.000","W","3551"
"92","2026-06-19T00:00:00.000","W","4617"
"1","2026-06-19T00:00:00.000","W","568"
"10","2026-06-19T00:00:00.000","W","1199"
"100","2026-06-19T00:00:00.000","W","261"
"1001","2026-06-19T00:00:00.000","W","204"
"103","2026-06-19T00:00:00.000","W","1148"
"106","2026-06-19T00:00:00.000","W","573"
"108","2026-06-19T00:00:00.000","W","431"
"11","2026-06-19T00:00:00.000","W","910"
"111","2026-06-19T00:00:00.000","W","1469"
"111A","2026-06-19T00:00:00.000","W","386"
"112","2026-06-19T00:00:00.000","W","764"
"115","2026-06-19T00:00:00.000","W","1583"
"119","2026-06-19T00:00:00.000","W","2404"
"12","2026-06-19T00:00:00.000","W","8459"
"120","2026-06-19T00:00:00.000","W","274"
"121","2026-06-19T00:00:00.000","W","421"
"124","2026-06-19T00:00:00.000","W","2364"
"125","2026-06-19T00:00:00.000","W","280"
"126","2026-06-19T00:00:00.000","W","2497"
"130","2026-06-19T00:00:00.000","W","1110"
"134","2026-06-19T00:00:00.000","W","317"
"135","2026-06-19T00:00:00.000","W","422"
"136","2026-06-19T00:00:00.000","W","336"
"143","2026-06-19T00:00:00.000","W","530"
"146","2026-06-19T00:00:00.000","W","10425"
"147","2026-06-19T00:00:00.000","W","8967"
"148","2026-06-19T00:00:00.000","W","824"
"15","2026-06-19T00:00:00.000","W","4411"
"151","2026-06-19T00:00:00.000","W","13916"
"152","2026-06-19T00:00:00.000","W","6643"
"155","2026-06-19T00:00:00.000","W","4911"
"156","2026-06-19T00:00:00.000","W","3067"
"157","2026-06-19T00:00:00.000","W","3349"
"165","2026-06-19T00:00:00.000","W","54"
"169","2026-06-19T00:00:00.000","W","217"
"171","2026-06-19T00:00:00.000","W","56"
"172","2026-06-19T00:00:00.000","W","96"
"18","2026-06-19T00:00:00.000","W","2783"
"19","2026-06-19T00:00:00.000","W","184"
"192","2026-06-19T00:00:00.000","W","258"
"2","2026-06-19T00:00:00.000","W","1386"
"20","2026-06-19T00:00:00.000","W","11918"
"201","2026-06-19T00:00:00.000","W","905"
"206","2026-06-19T00:00:00.000","W","100"
"21","2026-06-19T00:00:00.000","W","8233"
"22","2026-06-19T00:00:00.000","W","14657"
"24","2026-06-19T00:00:00.000","W","1801"
"26","2026-06-19T00:00:00.000","W","2646"
"28","2026-06-19T00:00:00.000","W","3757"
"29","2026-06-19T00:00:00.000","W","7536"
"3","2026-06-19T00:00:00.000","W","15352"
"30","2026-06-19T00:00:00.000","W","1780"
"31","2026-06-19T00:00:00.000","W","386"
"34","2026-06-19T00:00:00.000","W","3241"
"35","2026-06-19T00:00:00.000","W","3238"
"36","2026-06-19T00:00:00.000","W","9679"
"37","2026-06-19T00:00:00.000","W","850"
"39","2026-06-19T00:00:00.000","W","1259"
"4","2026-06-19T00:00:00.000","W","12750"
"43","2026-06-19T00:00:00.000","W","654"
"44","2026-06-19T00:00:00.000","W","2428"
"47","2026-06-19T00:00:00.000","W","9978"
"48","2026-06-19T00:00:00.000","W","473"
"49","2026-06-19T00:00:00.000","W","13745"
"49B","2026-06-19T00:00:00.000","W","3360"
"50","2026-06-19T00:00:00.000","W","7312"
"51","2026-06-19T00:00:00.000","W","1207"
"52","2026-06-19T00:00:00.000","W","6531"
"52A","2026-06-19T00:00:00.000","W","2875"
"53","2026-06-19T00:00:00.000","W","15297"
"53A","2026-06-19T00:00:00.000","W","2310"
"54","2026-06-19T00:00:00.000","W","8114"
"54A","2026-06-19T00:00:00.000","W","446"
"54B","2026-06-19T00:00:00.000","W","2311"
"55","2026-06-19T00:00:00.000","W","8456"
"55A","2026-06-19T00:00:00.000","W","88"
"55N","2026-06-19T00:00:00.000","W","291"
"56","2026-06-19T00:00:00.000","W","5891"
"57","2026-06-19T00:00:00.000","W","1216"
"59","2026-06-19T00:00:00.000","W","2106"
"6","2026-06-19T00:00:00.000","W","6384"
"60","2026-06-19T00:00:00.000","W","8751"
"62","2026-06-19T00:00:00.000","W","7439"
"62H","2026-06-19T00:00:00.000","W","656"
"63","2026-06-19T00:00:00.000","W","10917"
"63W","2026-06-19T00:00:00.000","W","989"
"65","2026-06-19T00:00:00.000","W","7403"
"66","2026-06-19T00:00:00.000","W","14587"
"67","2026-06-19T00:00:00.000","W","6016"
"68","2026-06-19T00:00:00.000","W","673"
"7","2026-06-19T00:00:00.000","W","1918"
"70","2026-06-19T00:00:00.000","W","5752"
"71","2026-06-19T00:00:00.000","W","6090"
"72","2026-06-19T00:00:00.000","W","11298"
"73","2026-06-19T00:00:00.000","W","3916"
"74","2026-06-19T00:00:00.000","W","9129"
"75","2026-06-19T00:00:00.000","W","5227"
"76","2026-06-19T00:00:00.000","W","8357"
"77","2026-06-19T00:00:00.000","W","14450"
"78","2026-06-19T00:00:00.000","W","6529"
"79","2026-06-19T00:00:00.000","W","15628"
"8","2026-06-19T00:00:00.000","W","13583"
"80","2026-06-19T00:00:00.000","W","7747"
"81","2026-06-19T00:00:00.000","W","9178"
"81W","2026-06-19T00:00:00.000","W","1366"
"82","2026-06-19T00:00:00.000","W","11443"
"84","2026-06-19T00:00:00.000","W","2496"
"85","2026-06-19T00:00:00.000","W","7395"
"85A","2026-06-19T00:00:00.000","W","586"
"86","2026-06-19T00:00:00.000","W","1001"
"87","2026-06-19T00:00:00.000","W","7271"
"88","2026-06-19T00:00:00.000","W","834"
"8A","2026-06-19T00:00:00.000","W","2246"
"9","2026-06-19T00:00:00.000","W","16853"
"90","2026-06-19T00:00:00.000","W","3724"
"91","2026-06-19T00:00:00.000","W","3168"
"X9","2026-06-18T00:00:00.000","W","4953"
"X49","2026-06-18T00:00:00.000","W","3955"
"X4","2026-06-18T00:00:00.000","W","2603"
"N5","2026-06-18T00:00:00.000","W","386"
"J14","2026-06-18T00:00:00.000","W","8534"
"97","2026-06-18T00:00:00.000","W","2256"
"96","2026-06-18T00:00:00.000","W","641"
"95","2026-06-18T00:00:00.000","W","4840"
"94","2026-06-18T00:00:00.000","W","8757"
"93","2026-06-18T00:00:00.000","W","3908"
"92","2026-06-18T00:00:00.000","W","5170"
"1","2026-06-18T00:00:00.000","W","1060"
"10","2026-06-18T00:00:00.000","W","491"
"100","2026-06-18T00:00:00.000","W","339"
"1001","2026-06-18T00:00:00.000","W","101"
"103","2026-06-18T00:00:00.000","W","1312"
"106","2026-06-18T00:00:00.000","W","777"
"108","2026-06-18T00:00:00.000","W","685"
"11","2026-06-18T00:00:00.000","W","1001"
"111","2026-06-18T00:00:00.000","W","1936"
"111A","2026-06-18T00:00:00.000","W","430"
"112","2026-06-18T00:00:00.000","W","1029"
"115","2026-06-18T00:00:00.000","W","1643"
"119","2026-06-18T00:00:00.000","W","2418"
"12","2026-06-18T00:00:00.000","W","10319"
"120","2026-06-18T00:00:00.000","W","903"
"121","2026-06-18T00:00:00.000","W","1283"
"124","2026-06-18T00:00:00.000","W","1899"
"125","2026-06-18T00:00:00.000","W","601"
"126","2026-06-18T00:00:00.000","W","3531"
"130","2026-06-18T00:00:00.000","W","810"
"134","2026-06-18T00:00:00.000","W","1940"
"135","2026-06-18T00:00:00.000","W","2028"
"136","2026-06-18T00:00:00.000","W","1131"
"143","2026-06-18T00:00:00.000","W","907"
"146","2026-06-18T00:00:00.000","W","11380"
"147","2026-06-18T00:00:00.000","W","10447"
"148","2026-06-18T00:00:00.000","W","1257"
"15","2026-06-18T00:00:00.000","W","4489"
"151","2026-06-18T00:00:00.000","W","14020"
"152","2026-06-18T00:00:00.000","W","6383"
"155","2026-06-18T00:00:00.000","W","5025"
"156","2026-06-18T00:00:00.000","W","4760"
"157","2026-06-18T00:00:00.000","W","5164"
"165","2026-06-18T00:00:00.000","W","92"
"169","2026-06-18T00:00:00.000","W","109"
"171","2026-06-18T00:00:00.000","W","154"
"172","2026-06-18T00:00:00.000","W","165"
"18","2026-06-18T00:00:00.000","W","3349"
"19","2026-06-18T00:00:00.000","W","1"
"192","2026-06-18T00:00:00.000","W","306"
"2","2026-06-18T00:00:00.000","W","1667"
"20","2026-06-18T00:00:00.000","W","14082"
"201","2026-06-18T00:00:00.000","W","1118"
"206","2026-06-18T00:00:00.000","W","125"
"21","2026-06-18T00:00:00.000","W","8667"
"22","2026-06-18T00:00:00.000","W","14945"
"24","2026-06-18T00:00:00.000","W","2271"
"26","2026-06-18T00:00:00.000","W","3290"
"28","2026-06-18T00:00:00.000","W","3302"
"29","2026-06-18T00:00:00.000","W","8028"
"3","2026-06-18T00:00:00.000","W","15432"
"30","2026-06-18T00:00:00.000","W","1900"
"31","2026-06-18T00:00:00.000","W","536"
"34","2026-06-18T00:00:00.000","W","3146"
"35","2026-06-18T00:00:00.000","W","3465"
"36","2026-06-18T00:00:00.000","W","10404"
"37","2026-06-18T00:00:00.000","W","1936"
"39","2026-06-18T00:00:00.000","W","1560"
"4","2026-06-18T00:00:00.000","W","15438"
"43","2026-06-18T00:00:00.000","W","695"
"44","2026-06-18T00:00:00.000","W","2494"
"47","2026-06-18T00:00:00.000","W","10747"
"48","2026-06-18T00:00:00.000","W","574"
"49","2026-06-18T00:00:00.000","W","14371"
"49B","2026-06-18T00:00:00.000","W","3746"
"50","2026-06-18T00:00:00.000","W","8628"
"51","2026-06-18T00:00:00.000","W","1421"
"52","2026-06-18T00:00:00.000","W","6777"
"52A","2026-06-18T00:00:00.000","W","3034"
"53","2026-06-18T00:00:00.000","W","17777"
"53A","2026-06-18T00:00:00.000","W","2586"
"54","2026-06-18T00:00:00.000","W","8744"
"54A","2026-06-18T00:00:00.000","W","646"
"54B","2026-06-18T00:00:00.000","W","2380"
"55","2026-06-18T00:00:00.000","W","8313"
"55A","2026-06-18T00:00:00.000","W","111"
"55N","2026-06-18T00:00:00.000","W","392"
"56","2026-06-18T00:00:00.000","W","7351"
"57","2026-06-18T00:00:00.000","W","1530"
"59","2026-06-18T00:00:00.000","W","2306"
"6","2026-06-18T00:00:00.000","W","5865"
"60","2026-06-18T00:00:00.000","W","10884"
"62","2026-06-18T00:00:00.000","W","7428"
"62H","2026-06-18T00:00:00.000","W","681"
"63","2026-06-18T00:00:00.000","W","12445"
"63W","2026-06-18T00:00:00.000","W","1185"
"65","2026-06-18T00:00:00.000","W","6497"
"66","2026-06-18T00:00:00.000","W","16789"
"67","2026-06-18T00:00:00.000","W","7045"
"68","2026-06-18T00:00:00.000","W","696"
"7","2026-06-18T00:00:00.000","W","3229"
"70","2026-06-18T00:00:00.000","W","6713"
"71","2026-06-18T00:00:00.000","W","6812"
"72","2026-06-18T00:00:00.000","W","12549"
"73","2026-06-18T00:00:00.000","W","4068"
"74","2026-06-18T00:00:00.000","W","9571"
"75","2026-06-18T00:00:00.000","W","6467"
"76","2026-06-18T00:00:00.000","W","8770"
"77","2026-06-18T00:00:00.000","W","15354"
"78","2026-06-18T00:00:00.000","W","6378"
"79","2026-06-18T00:00:00.000","W","17828"
"8","2026-06-18T00:00:00.000","W","15554"
"80","2026-06-18T00:00:00.000","W","8179"
"81","2026-06-18T00:00:00.000","W","9791"
"81W","2026-06-18T00:00:00.000","W","1545"
"82","2026-06-18T00:00:00.000","W","12729"
"84","2026-06-18T00:00:00.000","W","2657"
"85","2026-06-18T00:00:00.000","W","8268"
"85A","2026-06-18T00:00:00.000","W","706"
"86","2026-06-18T00:00:00.000","W","1370"
"87","2026-06-18T00:00:00.000","W","8208"
"88","2026-06-18T00:00:00.000","W","924"
"8A","2026-06-18T00:00:00.000","W","2496"
"9","2026-06-18T00:00:00.000","W","18398"
"90","2026-06-18T00:00:00.000","W","3683"
"91","2026-06-18T00:00:00.000","W","3831"
"X9","2026-06-17T00:00:00.000","W","4081"
"X49","2026-06-17T00:00:00.000","W","3279"
"X4","2026-06-17T00:00:00.000","W","2005"
"N5","2026-06-17T00:00:00.000","W","300"
"J14","2026-06-17T00:00:00.000","W","7266"
"97","2026-06-17T00:00:00.000","W","1860"
"96","2026-06-17T00:00:00.000","W","505"
"95","2026-06-17T00:00:00.000","W","3666"
"94","2026-06-17T00:00:00.000","W","7244"
"93","2026-06-17T00:00:00.000","W","3277"
"92","2026-06-17T00:00:00.000","W","4214"
"1","2026-06-17T00:00:00.000","W","941"
"10","2026-06-17T00:00:00.000","W","540"
"100","2026-06-17T00:00:00.000","W","331"
"1001","2026-06-17T00:00:00.000","W","26"
"103","2026-06-17T00:00:00.000","W","1128"
"106","2026-06-17T00:00:00.000","W","674"
"108","2026-06-17T00:00:00.000","W","544"
"11","2026-06-17T00:00:00.000","W","751"
"111","2026-06-17T00:00:00.000","W","1568"
"111A","2026-06-17T00:00:00.000","W","270"
"112","2026-06-17T00:00:00.000","W","747"
"115","2026-06-17T00:00:00.000","W","1510"
"119","2026-06-17T00:00:00.000","W","1966"
"12","2026-06-17T00:00:00.000","W","8485"
"120","2026-06-17T00:00:00.000","W","1017"
"121","2026-06-17T00:00:00.000","W","1284"
"124","2026-06-17T00:00:00.000","W","1188"
"125","2026-06-17T00:00:00.000","W","515"
"126","2026-06-17T00:00:00.000","W","3129"
"130","2026-06-17T00:00:00.000","W","919"
"134","2026-06-17T00:00:00.000","W","1843"
"135","2026-06-17T00:00:00.000","W","2211"
"136","2026-06-17T00:00:00.000","W","1233"
"143","2026-06-17T00:00:00.000","W","1136"
"146","2026-06-17T00:00:00.000","W","9658"
"147","2026-06-17T00:00:00.000","W","9248"
"148","2026-06-17T00:00:00.000","W","1272"
"15","2026-06-17T00:00:00.000","W","3338"
"151","2026-06-17T00:00:00.000","W","12058"
"152","2026-06-17T00:00:00.000","W","5983"
"155","2026-06-17T00:00:00.000","W","4098"
"156","2026-06-17T00:00:00.000","W","4455"
"157","2026-06-17T00:00:00.000","W","4531"
"165","2026-06-17T00:00:00.000","W","74"
"169","2026-06-17T00:00:00.000","W","51"
"171","2026-06-17T00:00:00.000","W","144"
"172","2026-06-17T00:00:00.000","W","347"
"18","2026-06-17T00:00:00.000","W","2969"
"19","2026-06-17T00:00:00.000","W","226"
"192","2026-06-17T00:00:00.000","W","485"
"2","2026-06-17T00:00:00.000","W","1313"
"20","2026-06-17T00:00:00.000","W","13104"
"201","2026-06-17T00:00:00.000","W","1127"
"206","2026-06-17T00:00:00.000","W","110"
"21","2026-06-17T00:00:00.000","W","5529"
"22","2026-06-17T00:00:00.000","W","12961"
"24","2026-06-17T00:00:00.000","W","1446"
"26","2026-06-17T00:00:00.000","W","2750"
"28","2026-06-17T00:00:00.000","W","3006"
"29","2026-06-17T00:00:00.000","W","7340"
"3","2026-06-17T00:00:00.000","W","13186"
"30","2026-06-17T00:00:00.000","W","1504"
"31","2026-06-17T00:00:00.000","W","294"
"34","2026-06-17T00:00:00.000","W","2609"
"35","2026-06-17T00:00:00.000","W","2723"
"36","2026-06-17T00:00:00.000","W","8916"
"37","2026-06-17T00:00:00.000","W","1747"
"39","2026-06-17T00:00:00.000","W","1061"
"4","2026-06-17T00:00:00.000","W","11271"
"43","2026-06-17T00:00:00.000","W","576"
"44","2026-06-17T00:00:00.000","W","1894"
"47","2026-06-17T00:00:00.000","W","7688"
"48","2026-06-17T00:00:00.000","W","373"
"49","2026-06-17T00:00:00.000","W","11446"
"49B","2026-06-17T00:00:00.000","W","3299"
"50","2026-06-17T00:00:00.000","W","7624"
"51","2026-06-17T00:00:00.000","W","639"
"52","2026-06-17T00:00:00.000","W","5616"
"52A","2026-06-17T00:00:00.000","W","2586"
"53","2026-06-17T00:00:00.000","W","14332"
"53A","2026-06-17T00:00:00.000","W","1850"
"54","2026-06-17T00:00:00.000","W","6668"
"54A","2026-06-17T00:00:00.000","W","505"
"54B","2026-06-17T00:00:00.000","W","1681"
"55","2026-06-17T00:00:00.000","W","6483"
"55A","2026-06-17T00:00:00.000","W","95"
"55N","2026-06-17T00:00:00.000","W","277"
"56","2026-06-17T00:00:00.000","W","6351"
"57","2026-06-17T00:00:00.000","W","1248"
"59","2026-06-17T00:00:00.000","W","1586"
"6","2026-06-17T00:00:00.000","W","4874"
"60","2026-06-17T00:00:00.000","W","8782"
"62","2026-06-17T00:00:00.000","W","5895"
"62H","2026-06-17T00:00:00.000","W","663"
"63","2026-06-17T00:00:00.000","W","10051"
"63W","2026-06-17T00:00:00.000","W","894"
"65","2026-06-17T00:00:00.000","W","5629"
"66","2026-06-17T00:00:00.000","W","14447"
"67","2026-06-17T00:00:00.000","W","4948"
"68","2026-06-17T00:00:00.000","W","630"
"7","2026-06-17T00:00:00.000","W","2953"
"70","2026-06-17T00:00:00.000","W","5385"
"71","2026-06-17T00:00:00.000","W","5226"
"72","2026-06-17T00:00:00.000","W","9514"
"73","2026-06-17T00:00:00.000","W","3088"
"74","2026-06-17T00:00:00.000","W","7674"
"75","2026-06-17T00:00:00.000","W","3649"
"76","2026-06-17T00:00:00.000","W","7233"
"77","2026-06-17T00:00:00.000","W","13521"
"78","2026-06-17T00:00:00.000","W","5223"
"79","2026-06-17T00:00:00.000","W","14939"
"8","2026-06-17T00:00:00.000","W","12882"
"80","2026-06-17T00:00:00.000","W","6897"
"81","2026-06-17T00:00:00.000","W","8063"
"81W","2026-06-17T00:00:00.000","W","1200"
"82","2026-06-17T00:00:00.000","W","10295"
"84","2026-06-17T00:00:00.000","W","2302"
"85","2026-06-17T00:00:00.000","W","6531"
"85A","2026-06-17T00:00:00.000","W","569"
"86","2026-06-17T00:00:00.000","W","1175"
"87","2026-06-17T00:00:00.000","W","6125"
"88","2026-06-17T00:00:00.000","W","787"
"8A","2026-06-17T00:00:00.000","W","1753"
"9","2026-06-17T00:00:00.000","W","14321"
"90","2026-06-17T00:00:00.000","W","2817"
"91","2026-06-17T00:00:00.000","W","3299"
"X9","2026-06-16T00:00:00.000","W","4941"
"X49","2026-06-16T00:00:00.000","W","3379"
"X4","2026-06-16T00:00:00.000","W","2462"
"N5","2026-06-16T00:00:00.000","W","238"
"J14","2026-06-16T00:00:00.000","W","8715"
"97","2026-06-16T00:00:00.000","W","2297"
"96","2026-06-16T00:00:00.000","W","690"
"95","2026-06-16T00:00:00.000","W","4880"
"1","2026-06-16T00:00:00.000","W","1158"
"10","2026-06-16T00:00:00.000","W","545"
"100","2026-06-16T00:00:00.000","W","346"
"1001","2026-06-16T00:00:00.000","W","97"
"103","2026-06-16T00:00:00.000","W","1401"
"106","2026-06-16T00:00:00.000","W","825"
"108","2026-06-16T00:00:00.000","W","633"
"11","2026-06-16T00:00:00.000","W","984"
"111","2026-06-16T00:00:00.000","W","1911"
"111A","2026-06-16T00:00:00.000","W","358"
"112","2026-06-16T00:00:00.000","W","1081"
"115","2026-06-16T00:00:00.000","W","1550"
"119","2026-06-16T00:00:00.000","W","2241"
"12","2026-06-16T00:00:00.000","W","9527"
"120","2026-06-16T00:00:00.000","W","1077"
"121","2026-06-16T00:00:00.000","W","1352"
"124","2026-06-16T00:00:00.000","W","1684"
"125","2026-06-16T00:00:00.000","W","673"
"126","2026-06-16T00:00:00.000","W","3963"
"130","2026-06-16T00:00:00.000","W","799"
"134","2026-06-16T00:00:00.000","W","2740"
"135","2026-06-16T00:00:00.000","W","2651"
"136","2026-06-16T00:00:00.000","W","1532"
"143","2026-06-16T00:00:00.000","W","1216"
"146","2026-06-16T00:00:00.000","W","10904"
"147","2026-06-16T00:00:00.000","W","10076"
"148","2026-06-16T00:00:00.000","W","1521"
"15","2026-06-16T00:00:00.000","W","4550"
"151","2026-06-16T00:00:00.000","W","13979"
"152","2026-06-16T00:00:00.000","W","7155"
"155","2026-06-16T00:00:00.000","W","4960"
"156","2026-06-16T00:00:00.000","W","5380"
"157","2026-06-16T00:00:00.000","W","5224"
"165","2026-06-16T00:00:00.000","W","75"
"169","2026-06-16T00:00:00.000","W","128"
"171","2026-06-16T00:00:00.000","W","189"
"172","2026-06-16T00:00:00.000","W","264"
"18","2026-06-16T00:00:00.000","W","3186"
"192","2026-06-16T00:00:00.000","W","475"
"2","2026-06-16T00:00:00.000","W","1765"
"20","2026-06-16T00:00:00.000","W","12825"
"201","2026-06-16T00:00:00.000","W","1107"
"206","2026-06-16T00:00:00.000","W","125"
"21","2026-06-16T00:00:00.000","W","8164"
"22","2026-06-16T00:00:00.000","W","14927"
"24","2026-06-16T00:00:00.000","W","1940"
"26","2026-06-16T00:00:00.000","W","3355"
"28","2026-06-16T00:00:00.000","W","3870"
"29","2026-06-16T00:00:00.000","W","9127"
"3","2026-06-16T00:00:00.000","W","14826"
"30","2026-06-16T00:00:00.000","W","1961"
"31","2026-06-16T00:00:00.000","W","456"
"34","2026-06-16T00:00:00.000","W","3149"
"35","2026-06-16T00:00:00.000","W","3322"
"36","2026-06-16T00:00:00.000","W","10401"
"37","2026-06-16T00:00:00.000","W","2179"
"39","2026-06-16T00:00:00.000","W","1329"
"4","2026-06-16T00:00:00.000","W","14264"
"43","2026-06-16T00:00:00.000","W","845"
"44","2026-06-16T00:00:00.000","W","2414"
"47","2026-06-16T00:00:00.000","W","9901"
"48","2026-06-16T00:00:00.000","W","576"
"49","2026-06-16T00:00:00.000","W","13725"
"49B","2026-06-16T00:00:00.000","W","3826"
"50","2026-06-16T00:00:00.000","W","8048"
"51","2026-06-16T00:00:00.000","W","1379"
"52","2026-06-16T00:00:00.000","W","6528"
"52A","2026-06-16T00:00:00.000","W","3117"
"53","2026-06-16T00:00:00.000","W","17878"
"53A","2026-06-16T00:00:00.000","W","2399"
"54","2026-06-16T00:00:00.000","W","8328"
"54A","2026-06-16T00:00:00.000","W","552"
"54B","2026-06-16T00:00:00.000","W","2066"
"55","2026-06-16T00:00:00.000","W","8286"
"55A","2026-06-16T00:00:00.000","W","135"
"55N","2026-06-16T00:00:00.000","W","384"
"56","2026-06-16T00:00:00.000","W","7097"
"57","2026-06-16T00:00:00.000","W","1458"
"59","2026-06-16T00:00:00.000","W","2320"
"6","2026-06-16T00:00:00.000","W","5973"
"60","2026-06-16T00:00:00.000","W","10840"
"62","2026-06-16T00:00:00.000","W","7203"
"62H","2026-06-16T00:00:00.000","W","699"
"63","2026-06-16T00:00:00.000","W","11462"
"63W","2026-06-16T00:00:00.000","W","1227"
"65","2026-06-16T00:00:00.000","W","7029"
"66","2026-06-16T00:00:00.000","W","16813"
"67","2026-06-16T00:00:00.000","W","6050"
"68","2026-06-16T00:00:00.000","W","721"
"7","2026-06-16T00:00:00.000","W","3380"
"70","2026-06-16T00:00:00.000","W","6696"
"71","2026-06-16T00:00:00.000","W","6787"
"72","2026-06-16T00:00:00.000","W","12311"
"73","2026-06-16T00:00:00.000","W","4005"
"74","2026-06-16T00:00:00.000","W","9323"
"75","2026-06-16T00:00:00.000","W","5259"
"76","2026-06-16T00:00:00.000","W","8975"
"77","2026-06-16T00:00:00.000","W","15403"
"78","2026-06-16T00:00:00.000","W","5996"
"79","2026-06-16T00:00:00.000","W","17625"
"8","2026-06-16T00:00:00.000","W","15251"
"80","2026-06-16T00:00:00.000","W","8302"
"81","2026-06-16T00:00:00.000","W","9646"
"81W","2026-06-16T00:00:00.000","W","1486"
"82","2026-06-16T00:00:00.000","W","12888"
"84","2026-06-16T00:00:00.000","W","2842"
"85","2026-06-16T00:00:00.000","W","7750"
"85A","2026-06-16T00:00:00.000","W","688"
"86","2026-06-16T00:00:00.000","W","1439"
"87","2026-06-16T00:00:00.000","W","7828"
"88","2026-06-16T00:00:00.000","W","972"
"8A","2026-06-16T00:00:00.000","W","2454"
"9","2026-06-16T00:00:00.000","W","18627"
"90","2026-06-16T00:00:00.000","W","3596"
"91","2026-06-16T00:00:00.000","W","3715"
"92","2026-06-16T00:00:00.000","W","4991"
"93","2026-06-16T00:00:00.000","W","3883"
"94","2026-06-16T00:00:00.000","W","8907"
"X9","2026-06-15T00:00:00.000","W","4877"
"X49","2026-06-15T00:00:00.000","W","3127"
"X4","2026-06-15T00:00:00.000","W","2494"
"N5","2026-06-15T00:00:00.000","W","319"
"J14","2026-06-15T00:00:00.000","W","8464"
"97","2026-06-15T00:00:00.000","W","2114"
"96","2026-06-15T00:00:00.000","W","689"
"95","2026-06-15T00:00:00.000","W","5167"
"1","2026-06-15T00:00:00.000","W","932"
"10","2026-06-15T00:00:00.000","W","620"
"100","2026-06-15T00:00:00.000","W","278"
"1001","2026-06-15T00:00:00.000","W","215"
"103","2026-06-15T00:00:00.000","W","1384"
"106","2026-06-15T00:00:00.000","W","851"
"108","2026-06-15T00:00:00.000","W","713"
"11","2026-06-15T00:00:00.000","W","942"
"111","2026-06-15T00:00:00.000","W","1675"
"111A","2026-06-15T00:00:00.000","W","412"
"112","2026-06-15T00:00:00.000","W","845"
"115","2026-06-15T00:00:00.000","W","1786"
"119","2026-06-15T00:00:00.000","W","2877"
"12","2026-06-15T00:00:00.000","W","10064"
"120","2026-06-15T00:00:00.000","W","878"
"121","2026-06-15T00:00:00.000","W","1174"
"124","2026-06-15T00:00:00.000","W","1730"
"125","2026-06-15T00:00:00.000","W","512"
"126","2026-06-15T00:00:00.000","W","3520"
"130","2026-06-15T00:00:00.000","W","672"
"134","2026-06-15T00:00:00.000","W","1750"
"135","2026-06-15T00:00:00.000","W","1735"
"136","2026-06-15T00:00:00.000","W","1126"
"143","2026-06-15T00:00:00.000","W","1047"
"146","2026-06-15T00:00:00.000","W","9643"
"147","2026-06-15T00:00:00.000","W","9549"
"148","2026-06-15T00:00:00.000","W","1178"
"15","2026-06-15T00:00:00.000","W","4959"
"151","2026-06-15T00:00:00.000","W","13169"
"152","2026-06-15T00:00:00.000","W","6965"
"155","2026-06-15T00:00:00.000","W","4707"
"156","2026-06-15T00:00:00.000","W","4509"
"157","2026-06-15T00:00:00.000","W","5159"
"165","2026-06-15T00:00:00.000","W","100"
"169","2026-06-15T00:00:00.000","W","43"
"171","2026-06-15T00:00:00.000","W","102"
"172","2026-06-15T00:00:00.000","W","257"
"18","2026-06-15T00:00:00.000","W","3212"
"192","2026-06-15T00:00:00.000","W","402"
"2","2026-06-15T00:00:00.000","W","1438"
"20","2026-06-15T00:00:00.000","W","13096"
"201","2026-06-15T00:00:00.000","W","1137"
"206","2026-06-15T00:00:00.000","W","124"
"21","2026-06-15T00:00:00.000","W","8358"
"22","2026-06-15T00:00:00.000","W","13790"
"24","2026-06-15T00:00:00.000","W","1817"
"26","2026-06-15T00:00:00.000","W","3038"
"28","2026-06-15T00:00:00.000","W","4293"
"29","2026-06-15T00:00:00.000","W","8203"
"3","2026-06-15T00:00:00.000","W","16022"
"30","2026-06-15T00:00:00.000","W","1966"
"31","2026-06-15T00:00:00.000","W","463"
"34","2026-06-15T00:00:00.000","W","3287"
"35","2026-06-15T00:00:00.000","W","3255"
"36","2026-06-15T00:00:00.000","W","10237"
"37","2026-06-15T00:00:00.000","W","1585"
"39","2026-06-15T00:00:00.000","W","1265"
"4","2026-06-15T00:00:00.000","W","14175"
"43","2026-06-15T00:00:00.000","W","842"
"44","2026-06-15T00:00:00.000","W","2501"
"47","2026-06-15T00:00:00.000","W","9689"
"48","2026-06-15T00:00:00.000","W","431"
"49","2026-06-15T00:00:00.000","W","14221"
"49B","2026-06-15T00:00:00.000","W","3481"
"50","2026-06-15T00:00:00.000","W","7524"
"51","2026-06-15T00:00:00.000","W","1008"
"52","2026-06-15T00:00:00.000","W","6437"
"52A","2026-06-15T00:00:00.000","W","2921"
"53","2026-06-15T00:00:00.000","W","18333"
"53A","2026-06-15T00:00:00.000","W","2306"
"54","2026-06-15T00:00:00.000","W","7995"
"54A","2026-06-15T00:00:00.000","W","636"
"54B","2026-06-15T00:00:00.000","W","1933"
"55","2026-06-15T00:00:00.000","W","8594"
"55A","2026-06-15T00:00:00.000","W","107"
"55N","2026-06-15T00:00:00.000","W","341"
"56","2026-06-15T00:00:00.000","W","6914"
"57","2026-06-15T00:00:00.000","W","1363"
"59","2026-06-15T00:00:00.000","W","2319"
"6","2026-06-15T00:00:00.000","W","5874"
"60","2026-06-15T00:00:00.000","W","9981"
"62","2026-06-15T00:00:00.000","W","7312"
"62H","2026-06-15T00:00:00.000","W","735"
"63","2026-06-15T00:00:00.000","W","12826"
"63W","2026-06-15T00:00:00.000","W","1183"
"65","2026-06-15T00:00:00.000","W","6251"
"66","2026-06-15T00:00:00.000","W","15867"
"67","2026-06-15T00:00:00.000","W","6409"
"68","2026-06-15T00:00:00.000","W","685"
"7","2026-06-15T00:00:00.000","W","3318"
"70","2026-06-15T00:00:00.000","W","6180"
"71","2026-06-15T00:00:00.000","W","6098"
"72","2026-06-15T00:00:00.000","W","11929"
"73","2026-06-15T00:00:00.000","W","3599"
"74","2026-06-15T00:00:00.000","W","8876"
"75","2026-06-15T00:00:00.000","W","5378"
"76","2026-06-15T00:00:00.000","W","8742"
"77","2026-06-15T00:00:00.000","W","14196"
"78","2026-06-15T00:00:00.000","W","6397"
"79","2026-06-15T00:00:00.000","W","18140"
"8","2026-06-15T00:00:00.000","W","14794"
"80","2026-06-15T00:00:00.000","W","7771"
"81","2026-06-15T00:00:00.000","W","9486"
"81W","2026-06-15T00:00:00.000","W","1338"
"82","2026-06-15T00:00:00.000","W","12312"
"84","2026-06-15T00:00:00.000","W","2627"
"85","2026-06-15T00:00:00.000","W","7512"
"85A","2026-06-15T00:00:00.000","W","623"
"86","2026-06-15T00:00:00.000","W","1478"
"87","2026-06-15T00:00:00.000","W","7892"
"88","2026-06-15T00:00:00.000","W","805"
"8A","2026-06-15T00:00:00.000","W","2397"
"9","2026-06-15T00:00:00.000","W","17918"
"90","2026-06-15T00:00:00.000","W","3787"
"91","2026-06-15T00:00:00.000","W","4020"
"92","2026-06-15T00:00:00.000","W","5010"
"93","2026-06-15T00:00:00.000","W","3789"
"94","2026-06-15T00:00:00.000","W","8727"
"N5","2026-06-14T00:00:00.000","U","216"
"J14","2026-06-14T00:00:00.000","U","5035"
"97","2026-06-14T00:00:00.000","U","1195"
"95","2026-06-14T00:00:00.000","U","3399"
"10","2026-06-14T00:00:00.000","U","1029"
"1001","2026-06-14T00:00:00.000","U","5606"
"103","2026-06-14T00:00:00.000","U","828"
"106","2026-06-14T00:00:00.000","U","347"
"11","2026-06-14T00:00:00.000","U","406"
"111","2026-06-14T00:00:00.000","U","660"
"111A","2026-06-14T00:00:00.000","U","207"
"112","2026-06-14T00:00:00.000","U","456"
"115","2026-06-14T00:00:00.000","U","871"
"119","2026-06-14T00:00:00.000","U","1535"
"12","2026-06-14T00:00:00.000","U","6448"
"124","2026-06-14T00:00:00.000","U","1485"
"126","2026-06-14T00:00:00.000","U","1833"
"130","2026-06-14T00:00:00.000","U","814"
"146","2026-06-14T00:00:00.000","U","8763"
"147","2026-06-14T00:00:00.000","U","8243"
"15","2026-06-14T00:00:00.000","U","3297"
"151","2026-06-14T00:00:00.000","U","12224"
"152","2026-06-14T00:00:00.000","U","3093"
"155","2026-06-14T00:00:00.000","U","3252"
"18","2026-06-14T00:00:00.000","U","2361"
"20","2026-06-14T00:00:00.000","U","8721"
"21","2026-06-14T00:00:00.000","U","5212"
"22","2026-06-14T00:00:00.000","U","12951"
"28","2026-06-14T00:00:00.000","U","2244"
"29","2026-06-14T00:00:00.000","U","7058"
"3","2026-06-14T00:00:00.000","U","11361"
"30","2026-06-14T00:00:00.000","U","767"
"34","2026-06-14T00:00:00.000","U","2263"
"35","2026-06-14T00:00:00.000","U","2041"
"36","2026-06-14T00:00:00.000","U","11452"
"39","2026-06-14T00:00:00.000","U","475"
"4","2026-06-14T00:00:00.000","U","11196"
"43","2026-06-14T00:00:00.000","U","392"
"44","2026-06-14T00:00:00.000","U","1268"
"47","2026-06-14T00:00:00.000","U","5948"
"49","2026-06-14T00:00:00.000","U","11027"
"49B","2026-06-14T00:00:00.000","U","1545"
"50","2026-06-14T00:00:00.000","U","5307"
"51","2026-06-14T00:00:00.000","U","526"
"52","2026-06-14T00:00:00.000","U","3705"
"52A","2026-06-14T00:00:00.000","U","1482"
"53","2026-06-14T00:00:00.000","U","10951"
"53A","2026-06-14T00:00:00.000","U","1028"
"54","2026-06-14T00:00:00.000","U","5493"
"54B","2026-06-14T00:00:00.000","U","1328"
"55","2026-06-14T00:00:00.000","U","5660"
"56","2026-06-14T00:00:00.000","U","3988"
"57","2026-06-14T00:00:00.000","U","278"
"6","2026-06-14T00:00:00.000","U","5943"
"60","2026-06-14T00:00:00.000","U","6322"
"62","2026-06-14T00:00:00.000","U","4966"
"63","2026-06-14T00:00:00.000","U","7986"
"63W","2026-06-14T00:00:00.000","U","829"
"65","2026-06-14T00:00:00.000","U","4069"
"66","2026-06-14T00:00:00.000","U","11638"
"67","2026-06-14T00:00:00.000","U","4174"
"68","2026-06-14T00:00:00.000","U","343"
"70","2026-06-14T00:00:00.000","U","3567"
"71","2026-06-14T00:00:00.000","U","4743"
"72","2026-06-14T00:00:00.000","U","8700"
"73","2026-06-14T00:00:00.000","U","1759"
"74","2026-06-14T00:00:00.000","U","5894"
"75","2026-06-14T00:00:00.000","U","3351"
"76","2026-06-14T00:00:00.000","U","4357"
"77","2026-06-14T00:00:00.000","U","10123"
"78","2026-06-14T00:00:00.000","U","3620"
"79","2026-06-14T00:00:00.000","U","10047"
"8","2026-06-14T00:00:00.000","U","10047"
"80","2026-06-14T00:00:00.000","U","5213"
"81","2026-06-14T00:00:00.000","U","6845"
"81W","2026-06-14T00:00:00.000","U","715"
"82","2026-06-14T00:00:00.000","U","8205"
"84","2026-06-14T00:00:00.000","U","1248"
"85","2026-06-14T00:00:00.000","U","4559"
"87","2026-06-14T00:00:00.000","U","4121"
"88","2026-06-14T00:00:00.000","U","387"
"8A","2026-06-14T00:00:00.000","U","1447"
"9","2026-06-14T00:00:00.000","U","15949"
"90","2026-06-14T00:00:00.000","U","1985"
"91","2026-06-14T00:00:00.000","U","2181"
"92","2026-06-14T00:00:00.000","U","3143"
"93","2026-06-14T00:00:00.000","U","2057"
"94","2026-06-14T00:00:00.000","U","4076"
"N5","2026-06-13T00:00:00.000","A","337"
"J14","2026-06-13T00:00:00.000","A","6472"
"97","2026-06-13T00:00:00.000","A","1838"
"95","2026-06-13T00:00:00.000","A","3823"
"10","2026-06-13T00:00:00.000","A","979"
"1001","2026-06-13T00:00:00.000","A","9723"
"103","2026-06-13T00:00:00.000","A","1019"
"106","2026-06-13T00:00:00.000","A","426"
"11","2026-06-13T00:00:00.000","A","581"
"111","2026-06-13T00:00:00.000","A","1302"
"111A","2026-06-13T00:00:00.000","A","340"
"112","2026-06-13T00:00:00.000","A","628"
"115","2026-06-13T00:00:00.000","A","923"
"119","2026-06-13T00:00:00.000","A","2142"
"12","2026-06-13T00:00:00.000","A","8171"
"124","2026-06-13T00:00:00.000","A","2899"
"126","2026-06-13T00:00:00.000","A","2757"
"130","2026-06-13T00:00:00.000","A","1833"
"146","2026-06-13T00:00:00.000","A","12890"
"147","2026-06-13T00:00:00.000","A","10191"
"15","2026-06-13T00:00:00.000","A","3943"
"151","2026-06-13T00:00:00.000","A","18727"
"152","2026-06-13T00:00:00.000","A","4202"
"155","2026-06-13T00:00:00.000","A","3944"
"169","2026-06-13T00:00:00.000","A","168"
"18","2026-06-13T00:00:00.000","A","2669"
"20","2026-06-13T00:00:00.000","A","9850"
"201","2026-06-13T00:00:00.000","A","793"
"21","2026-06-13T00:00:00.000","A","6999"
"22","2026-06-13T00:00:00.000","A","19135"
"28","2026-06-13T00:00:00.000","A","2611"
"29","2026-06-13T00:00:00.000","A","10667"
"3","2026-06-13T00:00:00.000","A","14675"
"30","2026-06-13T00:00:00.000","A","1644"
"34","2026-06-13T00:00:00.000","A","2579"
"35","2026-06-13T00:00:00.000","A","3027"
"36","2026-06-13T00:00:00.000","A","12170"
"39","2026-06-13T00:00:00.000","A","537"
"4","2026-06-13T00:00:00.000","A","15295"
"43","2026-06-13T00:00:00.000","A","374"
"44","2026-06-13T00:00:00.000","A","1564"
"47","2026-06-13T00:00:00.000","A","7402"
"49","2026-06-13T00:00:00.000","A","14493"
"49B","2026-06-13T00:00:00.000","A","2772"
"50","2026-06-13T00:00:00.000","A","7789"
"51","2026-06-13T00:00:00.000","A","761"
"52","2026-06-13T00:00:00.000","A","5458"
"52A","2026-06-13T00:00:00.000","A","1786"
"53","2026-06-13T00:00:00.000","A","13922"
"53A","2026-06-13T00:00:00.000","A","1487"
"54","2026-06-13T00:00:00.000","A","7114"
"54B","2026-06-13T00:00:00.000","A","1863"
"55","2026-06-13T00:00:00.000","A","6942"
"55N","2026-06-13T00:00:00.000","A","265"
"56","2026-06-13T00:00:00.000","A","5097"
"57","2026-06-13T00:00:00.000","A","930"
"59","2026-06-13T00:00:00.000","A","1311"
"6","2026-06-13T00:00:00.000","A","7713"
"60","2026-06-13T00:00:00.000","A","8089"
"62","2026-06-13T00:00:00.000","A","7469"
"62H","2026-06-13T00:00:00.000","A","503"
"63","2026-06-13T00:00:00.000","A","9635"
"63W","2026-06-13T00:00:00.000","A","1051"
"65","2026-06-13T00:00:00.000","A","6031"
"66","2026-06-13T00:00:00.000","A","16007"
"67","2026-06-13T00:00:00.000","A","5026"
"68","2026-06-13T00:00:00.000","A","496"
"70","2026-06-13T00:00:00.000","A","3736"
"71","2026-06-13T00:00:00.000","A","6498"
"72","2026-06-13T00:00:00.000","A","8691"
"73","2026-06-13T00:00:00.000","A","2692"
"74","2026-06-13T00:00:00.000","A","7915"
"75","2026-06-13T00:00:00.000","A","4482"
"76","2026-06-13T00:00:00.000","A","6614"
"77","2026-06-13T00:00:00.000","A","13352"
"78","2026-06-13T00:00:00.000","A","5722"
"79","2026-06-13T00:00:00.000","A","14271"
"8","2026-06-13T00:00:00.000","A","13281"
"80","2026-06-13T00:00:00.000","A","7453"
"81","2026-06-13T00:00:00.000","A","9384"
"81W","2026-06-13T00:00:00.000","A","976"
"82","2026-06-13T00:00:00.000","A","9475"
"84","2026-06-13T00:00:00.000","A","1739"
"85","2026-06-13T00:00:00.000","A","6148"
"85A","2026-06-13T00:00:00.000","A","341"
"87","2026-06-13T00:00:00.000","A","6055"
"88","2026-06-13T00:00:00.000","A","472"
"8A","2026-06-13T00:00:00.000","A","2103"
"9","2026-06-13T00:00:00.000","A","20141"
"90","2026-06-13T00:00:00.000","A","2800"
"91","2026-06-13T00:00:00.000","A","2522"
"92","2026-06-13T00:00:00.000","A","4274"
"93","2026-06-13T00:00:00.000","A","2721"
"94","2026-06-13T00:00:00.000","A","4701"
"X9","2026-06-12T00:00:00.000","W","4847"
"X49","2026-06-12T00:00:00.000","W","4079"
"X4","2026-06-12T00:00:00.000","W","2030"
"N5","2026-06-12T00:00:00.000","W","363"
"J14","2026-06-12T00:00:00.000","W","8640"
"97","2026-06-12T00:00:00.000","W","2312"
"96","2026-06-12T00:00:00.000","W","797"
"1","2026-06-12T00:00:00.000","W","863"
"10","2026-06-12T00:00:00.000","W","555"
"100","2026-06-12T00:00:00.000","W","240"
"1001","2026-06-12T00:00:00.000","W","308"
"103","2026-06-12T00:00:00.000","W","1334"
"106","2026-06-12T00:00:00.000","W","690"
"108","2026-06-12T00:00:00.000","W","629"
"11","2026-06-12T00:00:00.000","W","937"
"111","2026-06-12T00:00:00.000","W","1644"
"111A","2026-06-12T00:00:00.000","W","374"
"112","2026-06-12T00:00:00.000","W","937"
"115","2026-06-12T00:00:00.000","W","1417"
"119","2026-06-12T00:00:00.000","W","2190"
"12","2026-06-12T00:00:00.000","W","9844"
"120","2026-06-12T00:00:00.000","W","608"
"121","2026-06-12T00:00:00.000","W","788"
"124","2026-06-12T00:00:00.000","W","2619"
"125","2026-06-12T00:00:00.000","W","447"
"126","2026-06-12T00:00:00.000","W","3536"
"130","2026-06-12T00:00:00.000","W","989"
"134","2026-06-12T00:00:00.000","W","889"
"135","2026-06-12T00:00:00.000","W","994"
"136","2026-06-12T00:00:00.000","W","816"
"143","2026-06-12T00:00:00.000","W","825"
"146","2026-06-12T00:00:00.000","W","11754"
"147","2026-06-12T00:00:00.000","W","10413"
"148","2026-06-12T00:00:00.000","W","1026"
"15","2026-06-12T00:00:00.000","W","5111"
"151","2026-06-12T00:00:00.000","W","14857"
"152","2026-06-12T00:00:00.000","W","7358"
"155","2026-06-12T00:00:00.000","W","5562"
"156","2026-06-12T00:00:00.000","W","4060"
"157","2026-06-12T00:00:00.000","W","4727"
"165","2026-06-12T00:00:00.000","W","85"
"169","2026-06-12T00:00:00.000","W","155"
"171","2026-06-12T00:00:00.000","W","196"
"172","2026-06-12T00:00:00.000","W","360"
"18","2026-06-12T00:00:00.000","W","3372"
"192","2026-06-12T00:00:00.000","W","330"
"2","2026-06-12T00:00:00.000","W","1450"
"20","2026-06-12T00:00:00.000","W","13024"
"201","2026-06-12T00:00:00.000","W","1024"
"206","2026-06-12T00:00:00.000","W","123"
"21","2026-06-12T00:00:00.000","W","8742"
"22","2026-06-12T00:00:00.000","W","14516"
"24","2026-06-12T00:00:00.000","W","2285"
"26","2026-06-12T00:00:00.000","W","3154"
"28","2026-06-12T00:00:00.000","W","4270"
"29","2026-06-12T00:00:00.000","W","9052"
"3","2026-06-12T00:00:00.000","W","15954"
"30","2026-06-12T00:00:00.000","W","1846"
"31","2026-06-12T00:00:00.000","W","549"
"34","2026-06-12T00:00:00.000","W","3358"
"35","2026-06-12T00:00:00.000","W","4054"
"36","2026-06-12T00:00:00.000","W","10517"
"37","2026-06-12T00:00:00.000","W","1230"
"39","2026-06-12T00:00:00.000","W","1413"
"4","2026-06-12T00:00:00.000","W","14512"
"43","2026-06-12T00:00:00.000","W","911"
"44","2026-06-12T00:00:00.000","W","2702"
"47","2026-06-12T00:00:00.000","W","10377"
"48","2026-06-12T00:00:00.000","W","497"
"49","2026-06-12T00:00:00.000","W","14913"
"49B","2026-06-12T00:00:00.000","W","3928"
"50","2026-06-12T00:00:00.000","W","8399"
"51","2026-06-12T00:00:00.000","W","1057"
"52","2026-06-12T00:00:00.000","W","7442"
"52A","2026-06-12T00:00:00.000","W","3183"
"53","2026-06-12T00:00:00.000","W","18134"
"53A","2026-06-12T00:00:00.000","W","2273"
"54","2026-06-12T00:00:00.000","W","8609"
"54A","2026-06-12T00:00:00.000","W","547"
"54B","2026-06-12T00:00:00.000","W","2087"
"55","2026-06-12T00:00:00.000","W","8764"
"55A","2026-06-12T00:00:00.000","W","112"
"55N","2026-06-12T00:00:00.000","W","316"
"56","2026-06-12T00:00:00.000","W","6993"
"57","2026-06-12T00:00:00.000","W","1814"
"59","2026-06-12T00:00:00.000","W","2363"
"6","2026-06-12T00:00:00.000","W","7407"
"60","2026-06-12T00:00:00.000","W","10331"
"62","2026-06-12T00:00:00.000","W","7818"
"62H","2026-06-12T00:00:00.000","W","698"
"63","2026-06-12T00:00:00.000","W","11802"
"63W","2026-06-12T00:00:00.000","W","1409"
"65","2026-06-12T00:00:00.000","W","6981"
"66","2026-06-12T00:00:00.000","W","17183"
"67","2026-06-12T00:00:00.000","W","6719"
"68","2026-06-12T00:00:00.000","W","728"
"7","2026-06-12T00:00:00.000","W","3275"
"70","2026-06-12T00:00:00.000","W","6262"
"71","2026-06-12T00:00:00.000","W","6400"
"72","2026-06-12T00:00:00.000","W","13355"
"73","2026-06-12T00:00:00.000","W","4156"
"74","2026-06-12T00:00:00.000","W","9717"
"75","2026-06-12T00:00:00.000","W","6182"
"76","2026-06-12T00:00:00.000","W","8844"
"77","2026-06-12T00:00:00.000","W","15131"
"78","2026-06-12T00:00:00.000","W","6732"
"79","2026-06-12T00:00:00.000","W","18301"
"8","2026-06-12T00:00:00.000","W","15490"
"80","2026-06-12T00:00:00.000","W","8398"
"81","2026-06-12T00:00:00.000","W","9726"
"81W","2026-06-12T00:00:00.000","W","1482"
"82","2026-06-12T00:00:00.000","W","12708"
"84","2026-06-12T00:00:00.000","W","2586"
"85","2026-06-12T00:00:00.000","W","8305"
"85A","2026-06-12T00:00:00.000","W","626"
"86","2026-06-12T00:00:00.000","W","1145"
"87","2026-06-12T00:00:00.000","W","8204"
"88","2026-06-12T00:00:00.000","W","912"
"8A","2026-06-12T00:00:00.000","W","2597"
"9","2026-06-12T00:00:00.000","W","19331"
"90","2026-06-12T00:00:00.000","W","4106"
"91","2026-06-12T00:00:00.000","W","4080"
"92","2026-06-12T00:00:00.000","W","5453"
"93","2026-06-12T00:00:00.000","W","3859"
"94","2026-06-12T00:00:00.000","W","9150"
"95","2026-06-12T00:00:00.000","W","5131"
"X9","2026-06-11T00:00:00.000","W","4825"
"X49","2026-06-11T00:00:00.000","W","3630"
"X4","2026-06-11T00:00:00.000","W","2219"
"N5","2026-06-11T00:00:00.000","W","328"
"J14","2026-06-11T00:00:00.000","W","7646"
"97","2026-06-11T00:00:00.000","W","1931"
"96","2026-06-11T00:00:00.000","W","629"
"1","2026-06-11T00:00:00.000","W","1030"
"10","2026-06-11T00:00:00.000","W","447"
"100","2026-06-11T00:00:00.000","W","273"
"1001","2026-06-11T00:00:00.000","W","84"
"103","2026-06-11T00:00:00.000","W","1082"
"106","2026-06-11T00:00:00.000","W","647"
"108","2026-06-11T00:00:00.000","W","610"
"11","2026-06-11T00:00:00.000","W","902"
"111","2026-06-11T00:00:00.000","W","1414"
"111A","2026-06-11T00:00:00.000","W","281"
"112","2026-06-11T00:00:00.000","W","819"
"115","2026-06-11T00:00:00.000","W","942"
"119","2026-06-11T00:00:00.000","W","2278"
"12","2026-06-11T00:00:00.000","W","8628"
"120","2026-06-11T00:00:00.000","W","881"
"121","2026-06-11T00:00:00.000","W","1310"
"124","2026-06-11T00:00:00.000","W","1600"
"125","2026-06-11T00:00:00.000","W","574"
"126","2026-06-11T00:00:00.000","W","3112"
"130","2026-06-11T00:00:00.000","W","892"
"134","2026-06-11T00:00:00.000","W","2057"
"135","2026-06-11T00:00:00.000","W","2280"
"136","2026-06-11T00:00:00.000","W","1328"
"143","2026-06-11T00:00:00.000","W","1032"
"146","2026-06-11T00:00:00.000","W","9461"
"147","2026-06-11T00:00:00.000","W","9930"
"148","2026-06-11T00:00:00.000","W","1220"
"15","2026-06-11T00:00:00.000","W","4713"
"151","2026-06-11T00:00:00.000","W","12289"
"152","2026-06-11T00:00:00.000","W","6105"
"155","2026-06-11T00:00:00.000","W","4477"
"156","2026-06-11T00:00:00.000","W","5288"
"157","2026-06-11T00:00:00.000","W","4909"
"165","2026-06-11T00:00:00.000","W","101"
"169","2026-06-11T00:00:00.000","W","150"
"171","2026-06-11T00:00:00.000","W","271"
"172","2026-06-11T00:00:00.000","W","259"
"18","2026-06-11T00:00:00.000","W","3217"
"19","2026-06-11T00:00:00.000","W","147"
"192","2026-06-11T00:00:00.000","W","367"
"2","2026-06-11T00:00:00.000","W","1463"
"20","2026-06-11T00:00:00.000","W","12679"
"201","2026-06-11T00:00:00.000","W","1161"
"206","2026-06-11T00:00:00.000","W","87"
"21","2026-06-11T00:00:00.000","W","7340"
"22","2026-06-11T00:00:00.000","W","13688"
"24","2026-06-11T00:00:00.000","W","1793"
"26","2026-06-11T00:00:00.000","W","2994"
"28","2026-06-11T00:00:00.000","W","3740"
"29","2026-06-11T00:00:00.000","W","7168"
"3","2026-06-11T00:00:00.000","W","13303"
"30","2026-06-11T00:00:00.000","W","1720"
"31","2026-06-11T00:00:00.000","W","450"
"34","2026-06-11T00:00:00.000","W","2525"
"35","2026-06-11T00:00:00.000","W","3311"
"36","2026-06-11T00:00:00.000","W","9230"
"37","2026-06-11T00:00:00.000","W","1888"
"39","2026-06-11T00:00:00.000","W","1150"
"4","2026-06-11T00:00:00.000","W","13296"
"43","2026-06-11T00:00:00.000","W","628"
"44","2026-06-11T00:00:00.000","W","2156"
"47","2026-06-11T00:00:00.000","W","9072"
"48","2026-06-11T00:00:00.000","W","478"
"49","2026-06-11T00:00:00.000","W","12930"
"49B","2026-06-11T00:00:00.000","W","3345"
"50","2026-06-11T00:00:00.000","W","7479"
"51","2026-06-11T00:00:00.000","W","948"
"52","2026-06-11T00:00:00.000","W","6407"
"52A","2026-06-11T00:00:00.000","W","2680"
"53","2026-06-11T00:00:00.000","W","15627"
"53A","2026-06-11T00:00:00.000","W","2119"
"54","2026-06-11T00:00:00.000","W","7434"
"54A","2026-06-11T00:00:00.000","W","512"
"54B","2026-06-11T00:00:00.000","W","1640"
"55","2026-06-11T00:00:00.000","W","6587"
"55A","2026-06-11T00:00:00.000","W","106"
"55N","2026-06-11T00:00:00.000","W","291"
"56","2026-06-11T00:00:00.000","W","7016"
"57","2026-06-11T00:00:00.000","W","1234"
"59","2026-06-11T00:00:00.000","W","2111"
"6","2026-06-11T00:00:00.000","W","6081"
"60","2026-06-11T00:00:00.000","W","9590"
"62","2026-06-11T00:00:00.000","W","6790"
"62H","2026-06-11T00:00:00.000","W","598"
"63","2026-06-11T00:00:00.000","W","10917"
"63W","2026-06-11T00:00:00.000","W","1100"
"65","2026-06-11T00:00:00.000","W","6190"
"66","2026-06-11T00:00:00.000","W","15346"
"67","2026-06-11T00:00:00.000","W","6019"
"68","2026-06-11T00:00:00.000","W","757"
"7","2026-06-11T00:00:00.000","W","3128"
"70","2026-06-11T00:00:00.000","W","6266"
"71","2026-06-11T00:00:00.000","W","6354"
"72","2026-06-11T00:00:00.000","W","10730"
"73","2026-06-11T00:00:00.000","W","3434"
"74","2026-06-11T00:00:00.000","W","8414"
"75","2026-06-11T00:00:00.000","W","4899"
"76","2026-06-11T00:00:00.000","W","8203"
"77","2026-06-11T00:00:00.000","W","14048"
"78","2026-06-11T00:00:00.000","W","5519"
"79","2026-06-11T00:00:00.000","W","15971"
"8","2026-06-11T00:00:00.000","W","13535"
"80","2026-06-11T00:00:00.000","W","7070"
"81","2026-06-11T00:00:00.000","W","8432"
"81W","2026-06-11T00:00:00.000","W","1357"
"82","2026-06-11T00:00:00.000","W","11842"
"84","2026-06-11T00:00:00.000","W","2399"
"85","2026-06-11T00:00:00.000","W","6707"
"85A","2026-06-11T00:00:00.000","W","661"
"86","2026-06-11T00:00:00.000","W","1097"
"87","2026-06-11T00:00:00.000","W","6885"
"88","2026-06-11T00:00:00.000","W","862"
"8A","2026-06-11T00:00:00.000","W","2245"
"9","2026-06-11T00:00:00.000","W","17022"
"90","2026-06-11T00:00:00.000","W","3401"
"91","2026-06-11T00:00:00.000","W","3905"
"92","2026-06-11T00:00:00.000","W","4661"
"93","2026-06-11T00:00:00.000","W","3512"
"94","2026-06-11T00:00:00.000","W","8078"
"95","2026-06-11T00:00:00.000","W","3860"
"X9","2026-06-10T00:00:00.000","W","4585"
"X49","2026-06-10T00:00:00.000","W","3228"
"X4","2026-06-10T00:00:00.000","W","2441"
"N5","2026-06-10T00:00:00.000","W","331"
"J14","2026-06-10T00:00:00.000","W","8871"
"97","2026-06-10T00:00:00.000","W","2011"
"96","2026-06-10T00:00:00.000","W","607"
"1","2026-06-10T00:00:00.000","W","1169"
"10","2026-06-10T00:00:00.000","W","647"
"100","2026-06-10T00:00:00.000","W","268"
"1001","2026-06-10T00:00:00.000","W","45"
"103","2026-06-10T00:00:00.000","W","1500"
"106","2026-06-10T00:00:00.000","W","802"
"108","2026-06-10T00:00:00.000","W","631"
"11","2026-06-10T00:00:00.000","W","842"
"111","2026-06-10T00:00:00.000","W","1554"
"111A","2026-06-10T00:00:00.000","W","405"
"112","2026-06-10T00:00:00.000","W","891"
"115","2026-06-10T00:00:00.000","W","1567"
"119","2026-06-10T00:00:00.000","W","1789"
"12","2026-06-10T00:00:00.000","W","9498"
"120","2026-06-10T00:00:00.000","W","1158"
"121","2026-06-10T00:00:00.000","W","1493"
"124","2026-06-10T00:00:00.000","W","1964"
"125","2026-06-10T00:00:00.000","W","756"
"126","2026-06-10T00:00:00.000","W","3224"
"130","2026-06-10T00:00:00.000","W","1311"
"134","2026-06-10T00:00:00.000","W","2533"
"135","2026-06-10T00:00:00.000","W","2249"
"136","2026-06-10T00:00:00.000","W","1389"
"143","2026-06-10T00:00:00.000","W","1252"
"146","2026-06-10T00:00:00.000","W","11146"
"147","2026-06-10T00:00:00.000","W","10746"
"148","2026-06-10T00:00:00.000","W","1427"
"15","2026-06-10T00:00:00.000","W","4649"
"151","2026-06-10T00:00:00.000","W","14628"
"152","2026-06-10T00:00:00.000","W","5802"
"155","2026-06-10T00:00:00.000","W","4581"
"156","2026-06-10T00:00:00.000","W","5539"
"157","2026-06-10T00:00:00.000","W","5276"
"165","2026-06-10T00:00:00.000","W","68"
"169","2026-06-10T00:00:00.000","W","80"
"171","2026-06-10T00:00:00.000","W","290"
"172","2026-06-10T00:00:00.000","W","442"
"18","2026-06-10T00:00:00.000","W","3594"
"192","2026-06-10T00:00:00.000","W","428"
"2","2026-06-10T00:00:00.000","W","1627"
"20","2026-06-10T00:00:00.000","W","13590"
"201","2026-06-10T00:00:00.000","W","1191"
"206","2026-06-10T00:00:00.000","W","119"
"21","2026-06-10T00:00:00.000","W","6934"
"22","2026-06-10T00:00:00.000","W","14383"
"24","2026-06-10T00:00:00.000","W","1917"
"26","2026-06-10T00:00:00.000","W","3387"
"28","2026-06-10T00:00:00.000","W","4116"
"29","2026-06-10T00:00:00.000","W","8765"
"3","2026-06-10T00:00:00.000","W","13499"
"30","2026-06-10T00:00:00.000","W","1994"
"31","2026-06-10T00:00:00.000","W","492"
"34","2026-06-10T00:00:00.000","W","3268"
"35","2026-06-10T00:00:00.000","W","3881"
"36","2026-06-10T00:00:00.000","W","8762"
"37","2026-06-10T00:00:00.000","W","2318"
"39","2026-06-10T00:00:00.000","W","1206"
"4","2026-06-10T00:00:00.000","W","12916"
"43","2026-06-10T00:00:00.000","W","736"
"44","2026-06-10T00:00:00.000","W","2068"
"47","2026-06-10T00:00:00.000","W","9219"
"48","2026-06-10T00:00:00.000","W","465"
"49","2026-06-10T00:00:00.000","W","13267"
"49B","2026-06-10T00:00:00.000","W","3551"
"50","2026-06-10T00:00:00.000","W","8039"
"51","2026-06-10T00:00:00.000","W","1114"
"52","2026-06-10T00:00:00.000","W","6185"
"52A","2026-06-10T00:00:00.000","W","2876"
"53","2026-06-10T00:00:00.000","W","16267"
"53A","2026-06-10T00:00:00.000","W","2304"
"54","2026-06-10T00:00:00.000","W","7550"
"54A","2026-06-10T00:00:00.000","W","498"
"54B","2026-06-10T00:00:00.000","W","1874"
"55","2026-06-10T00:00:00.000","W","7624"
"55A","2026-06-10T00:00:00.000","W","144"
"55N","2026-06-10T00:00:00.000","W","290"
"56","2026-06-10T00:00:00.000","W","7761"
"57","2026-06-10T00:00:00.000","W","1314"
"59","2026-06-10T00:00:00.000","W","2119"
"6","2026-06-10T00:00:00.000","W","6626"
"60","2026-06-10T00:00:00.000","W","10223"
"62","2026-06-10T00:00:00.000","W","6469"
"62H","2026-06-10T00:00:00.000","W","705"
"63","2026-06-10T00:00:00.000","W","11842"
"63W","2026-06-10T00:00:00.000","W","1079"
"65","2026-06-10T00:00:00.000","W","6471"
"66","2026-06-10T00:00:00.000","W","16084"
"67","2026-06-10T00:00:00.000","W","5791"
"68","2026-06-10T00:00:00.000","W","682"
"7","2026-06-10T00:00:00.000","W","3752"
"70","2026-06-10T00:00:00.000","W","6535"
"71","2026-06-10T00:00:00.000","W","5084"
"72","2026-06-10T00:00:00.000","W","11442"
"73","2026-06-10T00:00:00.000","W","3842"
"74","2026-06-10T00:00:00.000","W","8692"
"75","2026-06-10T00:00:00.000","W","4966"
"76","2026-06-10T00:00:00.000","W","8831"
"77","2026-06-10T00:00:00.000","W","14525"
"78","2026-06-10T00:00:00.000","W","6091"
"79","2026-06-10T00:00:00.000","W","17389"
"8","2026-06-10T00:00:00.000","W","14394"
"80","2026-06-10T00:00:00.000","W","7459"
"81","2026-06-10T00:00:00.000","W","9016"
"81W","2026-06-10T00:00:00.000","W","1371"
"82","2026-06-10T00:00:00.000","W","11941"
"84","2026-06-10T00:00:00.000","W","2430"
"85","2026-06-10T00:00:00.000","W","6958"
"85A","2026-06-10T00:00:00.000","W","618"
"86","2026-06-10T00:00:00.000","W","1190"
"87","2026-06-10T00:00:00.000","W","7399"
"88","2026-06-10T00:00:00.000","W","832"
"8A","2026-06-10T00:00:00.000","W","2326"
"9","2026-06-10T00:00:00.000","W","17945"
"90","2026-06-10T00:00:00.000","W","3225"
"91","2026-06-10T00:00:00.000","W","3753"
"92","2026-06-10T00:00:00.000","W","4843"
"93","2026-06-10T00:00:00.000","W","3747"
"94","2026-06-10T00:00:00.000","W","7945"
"95","2026-06-10T00:00:00.000","W","4830"
"X9","2026-06-09T00:00:00.000","W","5367"
"X49","2026-06-09T00:00:00.000","W","3885"
"X4","2026-06-09T00:00:00.000","W","2744"
"N5","2026-06-09T00:00:00.000","W","326"
"J14","2026-06-09T00:00:00.000","W","9380"
"97","2026-06-09T00:00:00.000","W","2149"
"96","2026-06-09T00:00:00.000","W","667"
"1","2026-06-09T00:00:00.000","W","1153"
"10","2026-06-09T00:00:00.000","W","581"
"100","2026-06-09T00:00:00.000","W","419"
"1001","2026-06-09T00:00:00.000","W","16"
"103","2026-06-09T00:00:00.000","W","1048"
"106","2026-06-09T00:00:00.000","W","986"
"108","2026-06-09T00:00:00.000","W","521"
"11","2026-06-09T00:00:00.000","W","914"
"111","2026-06-09T00:00:00.000","W","2150"
"111A","2026-06-09T00:00:00.000","W","414"
"112","2026-06-09T00:00:00.000","W","1032"
"115","2026-06-09T00:00:00.000","W","1697"
"119","2026-06-09T00:00:00.000","W","2953"
"12","2026-06-09T00:00:00.000","W","10115"
"120","2026-06-09T00:00:00.000","W","1197"
"121","2026-06-09T00:00:00.000","W","1478"
"124","2026-06-09T00:00:00.000","W","1826"
"125","2026-06-09T00:00:00.000","W","714"
"126","2026-06-09T00:00:00.000","W","3946"
"130","2026-06-09T00:00:00.000","W","817"
"134","2026-06-09T00:00:00.000","W","2606"
"135","2026-06-09T00:00:00.000","W","2759"
"136","2026-06-09T00:00:00.000","W","1497"
"143","2026-06-09T00:00:00.000","W","1293"
"146","2026-06-09T00:00:00.000","W","11709"
"147","2026-06-09T00:00:00.000","W","10764"
"148","2026-06-09T00:00:00.000","W","1408"
"15","2026-06-09T00:00:00.000","W","5712"
"151","2026-06-09T00:00:00.000","W","13793"
"152","2026-06-09T00:00:00.000","W","6020"
"155","2026-06-09T00:00:00.000","W","5050"
"156","2026-06-09T00:00:00.000","W","5635"
"157","2026-06-09T00:00:00.000","W","4452"
"165","2026-06-09T00:00:00.000","W","61"
"169","2026-06-09T00:00:00.000","W","199"
"171","2026-06-09T00:00:00.000","W","185"
"172","2026-06-09T00:00:00.000","W","484"
"18","2026-06-09T00:00:00.000","W","3587"
"192","2026-06-09T00:00:00.000","W","580"
"2","2026-06-09T00:00:00.000","W","1923"
"20","2026-06-09T00:00:00.000","W","13976"
"201","2026-06-09T00:00:00.000","W","1179"
"206","2026-06-09T00:00:00.000","W","128"
"21","2026-06-09T00:00:00.000","W","8109"
"22","2026-06-09T00:00:00.000","W","14729"
"24","2026-06-09T00:00:00.000","W","2080"
"26","2026-06-09T00:00:00.000","W","3268"
"28","2026-06-09T00:00:00.000","W","4332"
"29","2026-06-09T00:00:00.000","W","8185"
"3","2026-06-09T00:00:00.000","W","15717"
"30","2026-06-09T00:00:00.000","W","2099"
"31","2026-06-09T00:00:00.000","W","483"
"34","2026-06-09T00:00:00.000","W","3162"
"35","2026-06-09T00:00:00.000","W","3712"
"36","2026-06-09T00:00:00.000","W","9945"
"37","2026-06-09T00:00:00.000","W","2171"
"39","2026-06-09T00:00:00.000","W","1413"
"4","2026-06-09T00:00:00.000","W","14446"
"43","2026-06-09T00:00:00.000","W","744"
"44","2026-06-09T00:00:00.000","W","2653"
"47","2026-06-09T00:00:00.000","W","9843"
"48","2026-06-09T00:00:00.000","W","493"
"49","2026-06-09T00:00:00.000","W","13901"
"49B","2026-06-09T00:00:00.000","W","3676"
"50","2026-06-09T00:00:00.000","W","8597"
"51","2026-06-09T00:00:00.000","W","1013"
"52","2026-06-09T00:00:00.000","W","6501"
"52A","2026-06-09T00:00:00.000","W","3220"
"53","2026-06-09T00:00:00.000","W","18310"
"53A","2026-06-09T00:00:00.000","W","2354"
"54","2026-06-09T00:00:00.000","W","8312"
"54A","2026-06-09T00:00:00.000","W","600"
"54B","2026-06-09T00:00:00.000","W","1973"
"55","2026-06-09T00:00:00.000","W","8322"
"55A","2026-06-09T00:00:00.000","W","136"
"55N","2026-06-09T00:00:00.000","W","358"
"56","2026-06-09T00:00:00.000","W","7471"
"57","2026-06-09T00:00:00.000","W","1516"
"59","2026-06-09T00:00:00.000","W","2208"
"6","2026-06-09T00:00:00.000","W","7297"
"60","2026-06-09T00:00:00.000","W","10529"
"62","2026-06-09T00:00:00.000","W","7832"
"62H","2026-06-09T00:00:00.000","W","704"
"63","2026-06-09T00:00:00.000","W","12660"
"63W","2026-06-09T00:00:00.000","W","1097"
"65","2026-06-09T00:00:00.000","W","7062"
"66","2026-06-09T00:00:00.000","W","15961"
"67","2026-06-09T00:00:00.000","W","6835"
"68","2026-06-09T00:00:00.000","W","716"
"7","2026-06-09T00:00:00.000","W","3545"
"70","2026-06-09T00:00:00.000","W","6707"
"71","2026-06-09T00:00:00.000","W","7588"
"72","2026-06-09T00:00:00.000","W","12547"
"73","2026-06-09T00:00:00.000","W","3939"
"74","2026-06-09T00:00:00.000","W","9322"
"75","2026-06-09T00:00:00.000","W","5601"
"76","2026-06-09T00:00:00.000","W","9012"
"77","2026-06-09T00:00:00.000","W","15421"
"78","2026-06-09T00:00:00.000","W","6060"
"79","2026-06-09T00:00:00.000","W","18171"
"8","2026-06-09T00:00:00.000","W","15279"
"80","2026-06-09T00:00:00.000","W","7868"
"81","2026-06-09T00:00:00.000","W","9718"
"81W","2026-06-09T00:00:00.000","W","1485"
"82","2026-06-09T00:00:00.000","W","13059"
"84","2026-06-09T00:00:00.000","W","2629"
"85","2026-06-09T00:00:00.000","W","7827"
"85A","2026-06-09T00:00:00.000","W","692"
"86","2026-06-09T00:00:00.000","W","1415"
"87","2026-06-09T00:00:00.000","W","7546"
"88","2026-06-09T00:00:00.000","W","990"
"8A","2026-06-09T00:00:00.000","W","2350"
"9","2026-06-09T00:00:00.000","W","18093"
"90","2026-06-09T00:00:00.000","W","3572"
"91","2026-06-09T00:00:00.000","W","4149"
"92","2026-06-09T00:00:00.000","W","5261"
"93","2026-06-09T00:00:00.000","W","3923"
"94","2026-06-09T00:00:00.000","W","9153"
"95","2026-06-09T00:00:00.000","W","4785"
"X9","2026-06-08T00:00:00.000","W","4442"
"X49","2026-06-08T00:00:00.000","W","2794"
"X4","2026-06-08T00:00:00.000","W","2620"
"N5","2026-06-08T00:00:00.000","W","308"
"J14","2026-06-08T00:00:00.000","W","8461"
"97","2026-06-08T00:00:00.000","W","2166"
"96","2026-06-08T00:00:00.000","W","587"
"1","2026-06-08T00:00:00.000","W","1025"
"10","2026-06-08T00:00:00.000","W","625"
"100","2026-06-08T00:00:00.000","W","273"
"1001","2026-06-08T00:00:00.000","W","215"
"103","2026-06-08T00:00:00.000","W","1202"
"106","2026-06-08T00:00:00.000","W","948"
"108","2026-06-08T00:00:00.000","W","530"
"11","2026-06-08T00:00:00.000","W","914"
"111","2026-06-08T00:00:00.000","W","1539"
"111A","2026-06-08T00:00:00.000","W","408"
"112","2026-06-08T00:00:00.000","W","929"
"115","2026-06-08T00:00:00.000","W","1841"
"119","2026-06-08T00:00:00.000","W","2542"
"12","2026-06-08T00:00:00.000","W","10094"
"120","2026-06-08T00:00:00.000","W","788"
"121","2026-06-08T00:00:00.000","W","1288"
"124","2026-06-08T00:00:00.000","W","1499"
"125","2026-06-08T00:00:00.000","W","464"
"126","2026-06-08T00:00:00.000","W","3205"
"130","2026-06-08T00:00:00.000","W","804"
"134","2026-06-08T00:00:00.000","W","1835"
"135","2026-06-08T00:00:00.000","W","1955"
"136","2026-06-08T00:00:00.000","W","1163"
"143","2026-06-08T00:00:00.000","W","946"
"146","2026-06-08T00:00:00.000","W","9946"
"147","2026-06-08T00:00:00.000","W","9469"
"148","2026-06-08T00:00:00.000","W","1232"
"15","2026-06-08T00:00:00.000","W","5209"
"151","2026-06-08T00:00:00.000","W","13002"
"152","2026-06-08T00:00:00.000","W","5635"
"155","2026-06-08T00:00:00.000","W","4686"
"156","2026-06-08T00:00:00.000","W","4407"
"157","2026-06-08T00:00:00.000","W","4783"
"165","2026-06-08T00:00:00.000","W","72"
"169","2026-06-08T00:00:00.000","W","98"
"171","2026-06-08T00:00:00.000","W","131"
"172","2026-06-08T00:00:00.000","W","430"
"18","2026-06-08T00:00:00.000","W","3119"
"192","2026-06-08T00:00:00.000","W","401"
"2","2026-06-08T00:00:00.000","W","1581"
"20","2026-06-08T00:00:00.000","W","13241"
"201","2026-06-08T00:00:00.000","W","1111"
"206","2026-06-08T00:00:00.000","W","62"
"21","2026-06-08T00:00:00.000","W","7465"
"22","2026-06-08T00:00:00.000","W","12632"
"24","2026-06-08T00:00:00.000","W","2042"
"26","2026-06-08T00:00:00.000","W","3070"
"28","2026-06-08T00:00:00.000","W","4456"
"29","2026-06-08T00:00:00.000","W","7444"
"3","2026-06-08T00:00:00.000","W","14566"
"30","2026-06-08T00:00:00.000","W","1887"
"31","2026-06-08T00:00:00.000","W","411"
"34","2026-06-08T00:00:00.000","W","3320"
"35","2026-06-08T00:00:00.000","W","2980"
"36","2026-06-08T00:00:00.000","W","9687"
"37","2026-06-08T00:00:00.000","W","1733"
"39","2026-06-08T00:00:00.000","W","1260"
"4","2026-06-08T00:00:00.000","W","13484"
"43","2026-06-08T00:00:00.000","W","737"
"44","2026-06-08T00:00:00.000","W","2191"
"47","2026-06-08T00:00:00.000","W","9383"
"48","2026-06-08T00:00:00.000","W","453"
"49","2026-06-08T00:00:00.000","W","13825"
"49B","2026-06-08T00:00:00.000","W","3324"
"50","2026-06-08T00:00:00.000","W","7734"
"51","2026-06-08T00:00:00.000","W","870"
"52","2026-06-08T00:00:00.000","W","6244"
"52A","2026-06-08T00:00:00.000","W","3046"
"53","2026-06-08T00:00:00.000","W","17033"
"53A","2026-06-08T00:00:00.000","W","2523"
"54","2026-06-08T00:00:00.000","W","7725"
"54A","2026-06-08T00:00:00.000","W","599"
"54B","2026-06-08T00:00:00.000","W","1889"
"55","2026-06-08T00:00:00.000","W","7171"
"55A","2026-06-08T00:00:00.000","W","118"
"55N","2026-06-08T00:00:00.000","W","288"
"56","2026-06-08T00:00:00.000","W","6544"
"57","2026-06-08T00:00:00.000","W","1550"
"59","2026-06-08T00:00:00.000","W","2230"
"6","2026-06-08T00:00:00.000","W","6573"
"60","2026-06-08T00:00:00.000","W","9628"
"62","2026-06-08T00:00:00.000","W","7450"
"62H","2026-06-08T00:00:00.000","W","667"
"63","2026-06-08T00:00:00.000","W","12351"
"63W","2026-06-08T00:00:00.000","W","1062"
"65","2026-06-08T00:00:00.000","W","6128"
"66","2026-06-08T00:00:00.000","W","15234"
"67","2026-06-08T00:00:00.000","W","6006"
"68","2026-06-08T00:00:00.000","W","659"
"7","2026-06-08T00:00:00.000","W","3243"
"70","2026-06-08T00:00:00.000","W","6765"
"71","2026-06-08T00:00:00.000","W","6224"
"72","2026-06-08T00:00:00.000","W","11452"
"73","2026-06-08T00:00:00.000","W","3484"
"74","2026-06-08T00:00:00.000","W","8769"
"75","2026-06-08T00:00:00.000","W","4499"
"76","2026-06-08T00:00:00.000","W","8347"
"77","2026-06-08T00:00:00.000","W","13803"
"78","2026-06-08T00:00:00.000","W","5718"
"79","2026-06-08T00:00:00.000","W","16998"
"8","2026-06-08T00:00:00.000","W","14432"
"80","2026-06-08T00:00:00.000","W","7537"
"81","2026-06-08T00:00:00.000","W","8999"
"81W","2026-06-08T00:00:00.000","W","1303"
"82","2026-06-08T00:00:00.000","W","11826"
"84","2026-06-08T00:00:00.000","W","2452"
"85","2026-06-08T00:00:00.000","W","7512"
"85A","2026-06-08T00:00:00.000","W","607"
"86","2026-06-08T00:00:00.000","W","1319"
"87","2026-06-08T00:00:00.000","W","7246"
"88","2026-06-08T00:00:00.000","W","892"
"8A","2026-06-08T00:00:00.000","W","2569"
"9","2026-06-08T00:00:00.000","W","17699"
"90","2026-06-08T00:00:00.000","W","3428"
"91","2026-06-08T00:00:00.000","W","3778"
"92","2026-06-08T00:00:00.000","W","4968"
"93","2026-06-08T00:00:00.000","W","3662"
"94","2026-06-08T00:00:00.000","W","8695"
"95","2026-06-08T00:00:00.000","W","5156"
"N5","2026-06-07T00:00:00.000","U","372"
"J14","2026-06-07T00:00:00.000","U","6411"
"97","2026-06-07T00:00:00.000","U","1170"
"10","2026-06-07T00:00:00.000","U","1198"
"1001","2026-06-07T00:00:00.000","U","7705"
"103","2026-06-07T00:00:00.000","U","979"
"106","2026-06-07T00:00:00.000","U","240"
"11","2026-06-07T00:00:00.000","U","404"
"111","2026-06-07T00:00:00.000","U","1154"
"111A","2026-06-07T00:00:00.000","U","358"
"112","2026-06-07T00:00:00.000","U","431"
"115","2026-06-07T00:00:00.000","U","1226"
"119","2026-06-07T00:00:00.000","U","1838"
"12","2026-06-07T00:00:00.000","U","6458"
"124","2026-06-07T00:00:00.000","U","2205"
"126","2026-06-07T00:00:00.000","U","1516"
"130","2026-06-07T00:00:00.000","U","1266"
"146","2026-06-07T00:00:00.000","U","11258"
"147","2026-06-07T00:00:00.000","U","9170"
"15","2026-06-07T00:00:00.000","U","3575"
"151","2026-06-07T00:00:00.000","U","14508"
"152","2026-06-07T00:00:00.000","U","4222"
"155","2026-06-07T00:00:00.000","U","3333"
"18","2026-06-07T00:00:00.000","U","2497"
"20","2026-06-07T00:00:00.000","U","8554"
"21","2026-06-07T00:00:00.000","U","4821"
"22","2026-06-07T00:00:00.000","U","14962"
"28","2026-06-07T00:00:00.000","U","2716"
"29","2026-06-07T00:00:00.000","U","7825"
"3","2026-06-07T00:00:00.000","U","12537"
"30","2026-06-07T00:00:00.000","U","786"
"34","2026-06-07T00:00:00.000","U","2591"
"35","2026-06-07T00:00:00.000","U","2084"
"36","2026-06-07T00:00:00.000","U","12470"
"39","2026-06-07T00:00:00.000","U","588"
"4","2026-06-07T00:00:00.000","U","12268"
"43","2026-06-07T00:00:00.000","U","387"
"44","2026-06-07T00:00:00.000","U","1280"
"47","2026-06-07T00:00:00.000","U","6550"
"49","2026-06-07T00:00:00.000","U","11450"
"49B","2026-06-07T00:00:00.000","U","2306"
"50","2026-06-07T00:00:00.000","U","4892"
"51","2026-06-07T00:00:00.000","U","543"
"52","2026-06-07T00:00:00.000","U","3278"
"52A","2026-06-07T00:00:00.000","U","1491"
"53","2026-06-07T00:00:00.000","U","11179"
"53A","2026-06-07T00:00:00.000","U","1053"
"54","2026-06-07T00:00:00.000","U","5559"
"54B","2026-06-07T00:00:00.000","U","1358"
"55","2026-06-07T00:00:00.000","U","6006"
"56","2026-06-07T00:00:00.000","U","4089"
"57","2026-06-07T00:00:00.000","U","507"
"6","2026-06-07T00:00:00.000","U","7034"
"60","2026-06-07T00:00:00.000","U","6994"
"62","2026-06-07T00:00:00.000","U","5624"
"63","2026-06-07T00:00:00.000","U","8040"
"63W","2026-06-07T00:00:00.000","U","478"
"65","2026-06-07T00:00:00.000","U","4194"
"66","2026-06-07T00:00:00.000","U","11789"
"67","2026-06-07T00:00:00.000","U","4274"
"68","2026-06-07T00:00:00.000","U","330"
"70","2026-06-07T00:00:00.000","U","4292"
"71","2026-06-07T00:00:00.000","U","5118"
"72","2026-06-07T00:00:00.000","U","9957"
"73","2026-06-07T00:00:00.000","U","1988"
"74","2026-06-07T00:00:00.000","U","5966"
"75","2026-06-07T00:00:00.000","U","3997"
"76","2026-06-07T00:00:00.000","U","4166"
"77","2026-06-07T00:00:00.000","U","10215"
"78","2026-06-07T00:00:00.000","U","4049"
"79","2026-06-07T00:00:00.000","U","12000"
"8","2026-06-07T00:00:00.000","U","11655"
"80","2026-06-07T00:00:00.000","U","5861"
"81","2026-06-07T00:00:00.000","U","6767"
"81W","2026-06-07T00:00:00.000","U","671"
"82","2026-06-07T00:00:00.000","U","7505"
"84","2026-06-07T00:00:00.000","U","1325"
"85","2026-06-07T00:00:00.000","U","4708"
"87","2026-06-07T00:00:00.000","U","4946"
"88","2026-06-07T00:00:00.000","U","414"
"8A","2026-06-07T00:00:00.000","U","1661"
"9","2026-06-07T00:00:00.000","U","16995"
"90","2026-06-07T00:00:00.000","U","2109"
"91","2026-06-07T00:00:00.000","U","2379"
"92","2026-06-07T00:00:00.000","U","3077"
"93","2026-06-07T00:00:00.000","U","2154"
"94","2026-06-07T00:00:00.000","U","4649"
"95","2026-06-07T00:00:00.000","U","3380"
"10","2026-06-06T00:00:00.000","A","151"
"1001","2026-06-06T00:00:00.000","A","10957"
"103","2026-06-06T00:00:00.000","A","951"
"106","2026-06-06T00:00:00.000","A","324"
"11","2026-06-06T00:00:00.000","A","602"
"111","2026-06-06T00:00:00.000","A","1524"
"111A","2026-06-06T00:00:00.000","A","291"
"112","2026-06-06T00:00:00.000","A","681"
"115","2026-06-06T00:00:00.000","A","1222"
"119","2026-06-06T00:00:00.000","A","1986"
"12","2026-06-06T00:00:00.000","A","7623"
"124","2026-06-06T00:00:00.000","A","1708"
"126","2026-06-06T00:00:00.000","A","2716"
"130","2026-06-06T00:00:00.000","A","614"
"146","2026-06-06T00:00:00.000","A","14799"
"147","2026-06-06T00:00:00.000","A","12057"
"15","2026-06-06T00:00:00.000","A","3975"
"151","2026-06-06T00:00:00.000","A","19323"
"152","2026-06-06T00:00:00.000","A","4731"
"155","2026-06-06T00:00:00.000","A","4285"
"169","2026-06-06T00:00:00.000","A","33"
"171","2026-06-06T00:00:00.000","A","40"
"172","2026-06-06T00:00:00.000","A","188"
"18","2026-06-06T00:00:00.000","A","2959"
"20","2026-06-06T00:00:00.000","A","9117"
"201","2026-06-06T00:00:00.000","A","874"
"21","2026-06-06T00:00:00.000","A","6867"
"22","2026-06-06T00:00:00.000","A","18608"
"28","2026-06-06T00:00:00.000","A","2707"
"29","2026-06-06T00:00:00.000","A","10017"
"3","2026-06-06T00:00:00.000","A","15744"
"30","2026-06-06T00:00:00.000","A","1663"
"34","2026-06-06T00:00:00.000","A","2984"
"35","2026-06-06T00:00:00.000","A","2445"
"36","2026-06-06T00:00:00.000","A","13512"
"39","2026-06-06T00:00:00.000","A","628"
"4","2026-06-06T00:00:00.000","A","14479"
"43","2026-06-06T00:00:00.000","A","464"
"44","2026-06-06T00:00:00.000","A","1593"
"47","2026-06-06T00:00:00.000","A","7335"
"49","2026-06-06T00:00:00.000","A","14357"
"49B","2026-06-06T00:00:00.000","A","2869"
"50","2026-06-06T00:00:00.000","A","5764"
"51","2026-06-06T00:00:00.000","A","701"
"52","2026-06-06T00:00:00.000","A","4647"
"52A","2026-06-06T00:00:00.000","A","2002"
"53","2026-06-06T00:00:00.000","A","13410"
"53A","2026-06-06T00:00:00.000","A","1501"
"54","2026-06-06T00:00:00.000","A","6290"
"54B","2026-06-06T00:00:00.000","A","2131"
"55","2026-06-06T00:00:00.000","A","7188"
"55N","2026-06-06T00:00:00.000","A","204"
"56","2026-06-06T00:00:00.000","A","5741"
"57","2026-06-06T00:00:00.000","A","1071"
"59","2026-06-06T00:00:00.000","A","1485"
"6","2026-06-06T00:00:00.000","A","8234"
"60","2026-06-06T00:00:00.000","A","8783"
"62","2026-06-06T00:00:00.000","A","7006"
"62H","2026-06-06T00:00:00.000","A","490"
"63","2026-06-06T00:00:00.000","A","10285"
"63W","2026-06-06T00:00:00.000","A","688"
"65","2026-06-06T00:00:00.000","A","6084"
"66","2026-06-06T00:00:00.000","A","14871"
"67","2026-06-06T00:00:00.000","A","5451"
"68","2026-06-06T00:00:00.000","A","419"
"70","2026-06-06T00:00:00.000","A","5153"
"71","2026-06-06T00:00:00.000","A","6009"
"72","2026-06-06T00:00:00.000","A","12271"
"73","2026-06-06T00:00:00.000","A","2668"
"74","2026-06-06T00:00:00.000","A","7983"
"75","2026-06-06T00:00:00.000","A","4828"
"76","2026-06-06T00:00:00.000","A","7267"
"77","2026-06-06T00:00:00.000","A","12652"
"78","2026-06-06T00:00:00.000","A","5454"
"79","2026-06-06T00:00:00.000","A","13948"
"8","2026-06-06T00:00:00.000","A","13481"
"80","2026-06-06T00:00:00.000","A","7187"
"81","2026-06-06T00:00:00.000","A","8554"
"81W","2026-06-06T00:00:00.000","A","957"
"82","2026-06-06T00:00:00.000","A","9862"
"84","2026-06-06T00:00:00.000","A","1720"
"85","2026-06-06T00:00:00.000","A","5488"
"85A","2026-06-06T00:00:00.000","A","322"
"87","2026-06-06T00:00:00.000","A","6250"
"88","2026-06-06T00:00:00.000","A","485"
"8A","2026-06-06T00:00:00.000","A","2099"
"9","2026-06-06T00:00:00.000","A","19877"
"90","2026-06-06T00:00:00.000","A","2621"
"91","2026-06-06T00:00:00.000","A","2811"
"92","2026-06-06T00:00:00.000","A","3868"
"93","2026-06-06T00:00:00.000","A","2582"
"94","2026-06-06T00:00:00.000","A","5591"
"95","2026-06-06T00:00:00.000","A","4653"
"97","2026-06-06T00:00:00.000","A","1857"
"J14","2026-06-06T00:00:00.000","A","6799"
"N5","2026-06-06T00:00:00.000","A","396"
"X9","2026-06-05T00:00:00.000","W","4862"
"X49","2026-06-05T00:00:00.000","W","3240"
"X4","2026-06-05T00:00:00.000","W","2251"
"1","2026-06-05T00:00:00.000","W","850"
"10","2026-06-05T00:00:00.000","W","75"
"100","2026-06-05T00:00:00.000","W","338"
"1001","2026-06-05T00:00:00.000","W","878"
"103","2026-06-05T00:00:00.000","W","1330"
"106","2026-06-05T00:00:00.000","W","762"
"108","2026-06-05T00:00:00.000","W","585"
"11","2026-06-05T00:00:00.000","W","935"
"111","2026-06-05T00:00:00.000","W","1979"
"111A","2026-06-05T00:00:00.000","W","352"
"112","2026-06-05T00:00:00.000","W","985"
"115","2026-06-05T00:00:00.000","W","1728"
"119","2026-06-05T00:00:00.000","W","2601"
"12","2026-06-05T00:00:00.000","W","9431"
"120","2026-06-05T00:00:00.000","W","659"
"121","2026-06-05T00:00:00.000","W","924"
"124","2026-06-05T00:00:00.000","W","1885"
"125","2026-06-05T00:00:00.000","W","382"
"126","2026-06-05T00:00:00.000","W","2983"
"130","2026-06-05T00:00:00.000","W","253"
"134","2026-06-05T00:00:00.000","W","853"
"135","2026-06-05T00:00:00.000","W","929"
"136","2026-06-05T00:00:00.000","W","779"
"143","2026-06-05T00:00:00.000","W","832"
"146","2026-06-05T00:00:00.000","W","11353"
"147","2026-06-05T00:00:00.000","W","9616"
"148","2026-06-05T00:00:00.000","W","1258"
"15","2026-06-05T00:00:00.000","W","5046"
"151","2026-06-05T00:00:00.000","W","14278"
"152","2026-06-05T00:00:00.000","W","6077"
"155","2026-06-05T00:00:00.000","W","4559"
"156","2026-06-05T00:00:00.000","W","3612"
"157","2026-06-05T00:00:00.000","W","4235"
"165","2026-06-05T00:00:00.000","W","52"
"169","2026-06-05T00:00:00.000","W","156"
"171","2026-06-05T00:00:00.000","W","170"
"172","2026-06-05T00:00:00.000","W","1291"
"18","2026-06-05T00:00:00.000","W","3463"
"192","2026-06-05T00:00:00.000","W","418"
"2","2026-06-05T00:00:00.000","W","1700"
"20","2026-06-05T00:00:00.000","W","13642"
"201","2026-06-05T00:00:00.000","W","1215"
"206","2026-06-05T00:00:00.000","W","115"
"21","2026-06-05T00:00:00.000","W","7347"
"22","2026-06-05T00:00:00.000","W","14720"
"24","2026-06-05T00:00:00.000","W","1938"
"26","2026-06-05T00:00:00.000","W","2960"
"28","2026-06-05T00:00:00.000","W","4065"
"29","2026-06-05T00:00:00.000","W","8348"
"3","2026-06-05T00:00:00.000","W","15591"
"30","2026-06-05T00:00:00.000","W","1850"
"31","2026-06-05T00:00:00.000","W","454"
"34","2026-06-05T00:00:00.000","W","3308"
"35","2026-06-05T00:00:00.000","W","3208"
"36","2026-06-05T00:00:00.000","W","10633"
"37","2026-06-05T00:00:00.000","W","1115"
"39","2026-06-05T00:00:00.000","W","1309"
"4","2026-06-05T00:00:00.000","W","14316"
"43","2026-06-05T00:00:00.000","W","570"
"44","2026-06-05T00:00:00.000","W","2625"
"47","2026-06-05T00:00:00.000","W","9286"
"48","2026-06-05T00:00:00.000","W","470"
"49","2026-06-05T00:00:00.000","W","14040"
"49B","2026-06-05T00:00:00.000","W","3487"
"50","2026-06-05T00:00:00.000","W","7574"
"51","2026-06-05T00:00:00.000","W","924"
"52","2026-06-05T00:00:00.000","W","6879"
"52A","2026-06-05T00:00:00.000","W","2854"
"53","2026-06-05T00:00:00.000","W","17182"
"53A","2026-06-05T00:00:00.000","W","2475"
"54","2026-06-05T00:00:00.000","W","7920"
"54A","2026-06-05T00:00:00.000","W","510"
"54B","2026-06-05T00:00:00.000","W","2024"
"55","2026-06-05T00:00:00.000","W","7840"
"55A","2026-06-05T00:00:00.000","W","115"
"55N","2026-06-05T00:00:00.000","W","273"
"56","2026-06-05T00:00:00.000","W","5951"
"57","2026-06-05T00:00:00.000","W","1607"
"59","2026-06-05T00:00:00.000","W","2281"
"6","2026-06-05T00:00:00.000","W","6773"
"60","2026-06-05T00:00:00.000","W","9740"
"62","2026-06-05T00:00:00.000","W","7366"
"62H","2026-06-05T00:00:00.000","W","664"
"63","2026-06-05T00:00:00.000","W","11957"
"63W","2026-06-05T00:00:00.000","W","1035"
"65","2026-06-05T00:00:00.000","W","6247"
"66","2026-06-05T00:00:00.000","W","16674"
"67","2026-06-05T00:00:00.000","W","5820"
"68","2026-06-05T00:00:00.000","W","679"
"7","2026-06-05T00:00:00.000","W","3317"
"70","2026-06-05T00:00:00.000","W","6699"
"71","2026-06-05T00:00:00.000","W","6344"
"72","2026-06-05T00:00:00.000","W","12289"
"73","2026-06-05T00:00:00.000","W","4137"
"74","2026-06-05T00:00:00.000","W","9512"
"75","2026-06-05T00:00:00.000","W","5221"
"76","2026-06-05T00:00:00.000","W","8522"
"77","2026-06-05T00:00:00.000","W","14893"
"78","2026-06-05T00:00:00.000","W","5645"
"79","2026-06-05T00:00:00.000","W","16624"
"8","2026-06-05T00:00:00.000","W","14039"
"80","2026-06-05T00:00:00.000","W","8206"
"81","2026-06-05T00:00:00.000","W","9236"
"81W","2026-06-05T00:00:00.000","W","1255"
"82","2026-06-05T00:00:00.000","W","11928"
"84","2026-06-05T00:00:00.000","W","2517"
"85","2026-06-05T00:00:00.000","W","7923"
"85A","2026-06-05T00:00:00.000","W","493"
"86","2026-06-05T00:00:00.000","W","1218"
"87","2026-06-05T00:00:00.000","W","7098"
"88","2026-06-05T00:00:00.000","W","854"
"8A","2026-06-05T00:00:00.000","W","1985"
"9","2026-06-05T00:00:00.000","W","19230"
"90","2026-06-05T00:00:00.000","W","3545"
"91","2026-06-05T00:00:00.000","W","4060"
"92","2026-06-05T00:00:00.000","W","4716"
"93","2026-06-05T00:00:00.000","W","3499"
"94","2026-06-05T00:00:00.000","W","8392"
"95","2026-06-05T00:00:00.000","W","5012"
"96","2026-06-05T00:00:00.000","W","651"
"97","2026-06-05T00:00:00.000","W","2083"
"J14","2026-06-05T00:00:00.000","W","8273"
"N5","2026-06-05T00:00:00.000","W","421"
"X9","2026-06-04T00:00:00.000","W","6148"
"X49","2026-06-04T00:00:00.000","W","4275"
"X4","2026-06-04T00:00:00.000","W","3223"
"1","2026-06-04T00:00:00.000","W","1288"
"10","2026-06-04T00:00:00.000","W","255"
"100","2026-06-04T00:00:00.000","W","415"
"1001","2026-06-04T00:00:00.000","W","65"
"103","2026-06-04T00:00:00.000","W","1554"
"106","2026-06-04T00:00:00.000","W","1005"
"108","2026-06-04T00:00:00.000","W","806"
"11","2026-06-04T00:00:00.000","W","1090"
"111","2026-06-04T00:00:00.000","W","2497"
"111A","2026-06-04T00:00:00.000","W","441"
"112","2026-06-04T00:00:00.000","W","1066"
"115","2026-06-04T00:00:00.000","W","2067"
"119","2026-06-04T00:00:00.000","W","2834"
"12","2026-06-04T00:00:00.000","W","10799"
"120","2026-06-04T00:00:00.000","W","913"
"121","2026-06-04T00:00:00.000","W","1430"
"124","2026-06-04T00:00:00.000","W","1723"
"125","2026-06-04T00:00:00.000","W","633"
"126","2026-06-04T00:00:00.000","W","3813"
"130","2026-06-04T00:00:00.000","W","340"
"134","2026-06-04T00:00:00.000","W","1997"
"135","2026-06-04T00:00:00.000","W","2128"
"136","2026-06-04T00:00:00.000","W","1352"
"143","2026-06-04T00:00:00.000","W","1049"
"146","2026-06-04T00:00:00.000","W","11718"
"147","2026-06-04T00:00:00.000","W","10778"
"148","2026-06-04T00:00:00.000","W","1443"
"15","2026-06-04T00:00:00.000","W","5705"
"151","2026-06-04T00:00:00.000","W","15451"
"152","2026-06-04T00:00:00.000","W","8574"
"155","2026-06-04T00:00:00.000","W","5498"
"156","2026-06-04T00:00:00.000","W","5395"
"157","2026-06-04T00:00:00.000","W","5307"
"165","2026-06-04T00:00:00.000","W","152"
"169","2026-06-04T00:00:00.000","W","270"
"171","2026-06-04T00:00:00.000","W","529"
"172","2026-06-04T00:00:00.000","W","1160"
"18","2026-06-04T00:00:00.000","W","3524"
"192","2026-06-04T00:00:00.000","W","434"
"2","2026-06-04T00:00:00.000","W","2193"
"20","2026-06-04T00:00:00.000","W","15214"
"201","2026-06-04T00:00:00.000","W","1294"
"206","2026-06-04T00:00:00.000","W","125"
"21","2026-06-04T00:00:00.000","W","8782"
"22","2026-06-04T00:00:00.000","W","15914"
"24","2026-06-04T00:00:00.000","W","2428"
"26","2026-06-04T00:00:00.000","W","3701"
"28","2026-06-04T00:00:00.000","W","5606"
"29","2026-06-04T00:00:00.000","W","9359"
"3","2026-06-04T00:00:00.000","W","17640"
"30","2026-06-04T00:00:00.000","W","2616"
"31","2026-06-04T00:00:00.000","W","594"
"34","2026-06-04T00:00:00.000","W","4033"
"35","2026-06-04T00:00:00.000","W","3863"
"36","2026-06-04T00:00:00.000","W","9967"
"37","2026-06-04T00:00:00.000","W","1788"
"39","2026-06-04T00:00:00.000","W","1622"
"4","2026-06-04T00:00:00.000","W","17392"
"43","2026-06-04T00:00:00.000","W","792"
"44","2026-06-04T00:00:00.000","W","2656"
"47","2026-06-04T00:00:00.000","W","10959"
"48","2026-06-04T00:00:00.000","W","851"
"49","2026-06-04T00:00:00.000","W","16356"
"49B","2026-06-04T00:00:00.000","W","3986"
"50","2026-06-04T00:00:00.000","W","9151"
"51","2026-06-04T00:00:00.000","W","1161"
"52","2026-06-04T00:00:00.000","W","8082"
"52A","2026-06-04T00:00:00.000","W","3534"
"53","2026-06-04T00:00:00.000","W","19413"
"53A","2026-06-04T00:00:00.000","W","2999"
"54","2026-06-04T00:00:00.000","W","8847"
"54A","2026-06-04T00:00:00.000","W","592"
"54B","2026-06-04T00:00:00.000","W","2230"
"55","2026-06-04T00:00:00.000","W","9310"
"55A","2026-06-04T00:00:00.000","W","121"
"55N","2026-06-04T00:00:00.000","W","419"
"56","2026-06-04T00:00:00.000","W","7259"
"57","2026-06-04T00:00:00.000","W","1800"
"59","2026-06-04T00:00:00.000","W","2877"
"6","2026-06-04T00:00:00.000","W","7864"
"60","2026-06-04T00:00:00.000","W","11335"
"62","2026-06-04T00:00:00.000","W","8564"
"62H","2026-06-04T00:00:00.000","W","726"
"63","2026-06-04T00:00:00.000","W","15034"
"63W","2026-06-04T00:00:00.000","W","1358"
"65","2026-06-04T00:00:00.000","W","6958"
"66","2026-06-04T00:00:00.000","W","17955"
"67","2026-06-04T00:00:00.000","W","7431"
"68","2026-06-04T00:00:00.000","W","921"
"7","2026-06-04T00:00:00.000","W","3650"
"70","2026-06-04T00:00:00.000","W","7596"
"71","2026-06-04T00:00:00.000","W","8752"
"72","2026-06-04T00:00:00.000","W","14384"
"73","2026-06-04T00:00:00.000","W","4875"
"74","2026-06-04T00:00:00.000","W","10682"
"75","2026-06-04T00:00:00.000","W","6578"
"76","2026-06-04T00:00:00.000","W","9396"
"77","2026-06-04T00:00:00.000","W","16656"
"78","2026-06-04T00:00:00.000","W","7396"
"79","2026-06-04T00:00:00.000","W","19678"
"8","2026-06-04T00:00:00.000","W","16216"
"80","2026-06-04T00:00:00.000","W","9222"
"81","2026-06-04T00:00:00.000","W","9501"
"81W","2026-06-04T00:00:00.000","W","1526"
"82","2026-06-04T00:00:00.000","W","14309"
"84","2026-06-04T00:00:00.000","W","3512"
"85","2026-06-04T00:00:00.000","W","8793"
"85A","2026-06-04T00:00:00.000","W","735"
"86","2026-06-04T00:00:00.000","W","2016"
"87","2026-06-04T00:00:00.000","W","8555"
"88","2026-06-04T00:00:00.000","W","1072"
"8A","2026-06-04T00:00:00.000","W","2575"
"9","2026-06-04T00:00:00.000","W","20622"
"90","2026-06-04T00:00:00.000","W","3954"
"91","2026-06-04T00:00:00.000","W","4839"
"92","2026-06-04T00:00:00.000","W","6116"
"93","2026-06-04T00:00:00.000","W","4122"
"94","2026-06-04T00:00:00.000","W","9746"
"95","2026-06-04T00:00:00.000","W","5882"
"96","2026-06-04T00:00:00.000","W","729"
"97","2026-06-04T00:00:00.000","W","2156"
"J14","2026-06-04T00:00:00.000","W","8904"
"N5","2026-06-04T00:00:00.000","W","366"
"X9","2026-06-03T00:00:00.000","W","6223"
"X49","2026-06-03T00:00:00.000","W","4337"
"1","2026-06-03T00:00:00.000","W","1423"
"10","2026-06-03T00:00:00.000","W","96"
"100","2026-06-03T00:00:00.000","W","447"
"1001","2026-06-03T00:00:00.000","W","32"
"103","2026-06-03T00:00:00.000","W","1785"
"106","2026-06-03T00:00:00.000","W","956"
"108","2026-06-03T00:00:00.000","W","704"
"11","2026-06-03T00:00:00.000","W","1152"
"111","2026-06-03T00:00:00.000","W","2214"
"111A","2026-06-03T00:00:00.000","W","388"
"112","2026-06-03T00:00:00.000","W","1236"
"115","2026-06-03T00:00:00.000","W","1667"
"119","2026-06-03T00:00:00.000","W","2813"
"12","2026-06-03T00:00:00.000","W","10980"
"120","2026-06-03T00:00:00.000","W","1012"
"121","2026-06-03T00:00:00.000","W","1399"
"124","2026-06-03T00:00:00.000","W","1554"
"125","2026-06-03T00:00:00.000","W","594"
"126","2026-06-03T00:00:00.000","W","4114"
"130","2026-06-03T00:00:00.000","W","251"
"134","2026-06-03T00:00:00.000","W","2321"
"135","2026-06-03T00:00:00.000","W","2493"
"136","2026-06-03T00:00:00.000","W","1368"
"143","2026-06-03T00:00:00.000","W","1189"
"146","2026-06-03T00:00:00.000","W","11793"
"147","2026-06-03T00:00:00.000","W","10815"
"148","2026-06-03T00:00:00.000","W","1597"
"15","2026-06-03T00:00:00.000","W","6011"
"151","2026-06-03T00:00:00.000","W","14926"
"152","2026-06-03T00:00:00.000","W","8282"
"155","2026-06-03T00:00:00.000","W","5231"
"156","2026-06-03T00:00:00.000","W","4810"
"157","2026-06-03T00:00:00.000","W","5095"
"165","2026-06-03T00:00:00.000","W","157"
"169","2026-06-03T00:00:00.000","W","46"
"171","2026-06-03T00:00:00.000","W","557"
"172","2026-06-03T00:00:00.000","W","1244"
"18","2026-06-03T00:00:00.000","W","3786"
"19","2026-06-03T00:00:00.000","W","81"
"192","2026-06-03T00:00:00.000","W","562"
"2","2026-06-03T00:00:00.000","W","2121"
"20","2026-06-03T00:00:00.000","W","16192"
"201","2026-06-03T00:00:00.000","W","1393"
"206","2026-06-03T00:00:00.000","W","109"
"21","2026-06-03T00:00:00.000","W","8652"
"22","2026-06-03T00:00:00.000","W","15742"
"24","2026-06-03T00:00:00.000","W","2350"
"26","2026-06-03T00:00:00.000","W","3367"
"28","2026-06-03T00:00:00.000","W","5535"
"29","2026-06-03T00:00:00.000","W","8826"
"3","2026-06-03T00:00:00.000","W","16784"
"30","2026-06-03T00:00:00.000","W","2405"
"31","2026-06-03T00:00:00.000","W","510"
"34","2026-06-03T00:00:00.000","W","3509"
"35","2026-06-03T00:00:00.000","W","3789"
"36","2026-06-03T00:00:00.000","W","10412"
"37","2026-06-03T00:00:00.000","W","2055"
"39","2026-06-03T00:00:00.000","W","1550"
"4","2026-06-03T00:00:00.000","W","16076"
"43","2026-06-03T00:00:00.000","W","843"
"44","2026-06-03T00:00:00.000","W","3194"
"47","2026-06-03T00:00:00.000","W","11137"
"48","2026-06-03T00:00:00.000","W","756"
"49","2026-06-03T00:00:00.000","W","16040"
"49B","2026-06-03T00:00:00.000","W","3954"
"50","2026-06-03T00:00:00.000","W","8743"
"51","2026-06-03T00:00:00.000","W","1118"
"52","2026-06-03T00:00:00.000","W","7873"
"52A","2026-06-03T00:00:00.000","W","3690"
"53","2026-06-03T00:00:00.000","W","19934"
"53A","2026-06-03T00:00:00.000","W","3192"
"54","2026-06-03T00:00:00.000","W","9401"
"54A","2026-06-03T00:00:00.000","W","567"
"54B","2026-06-03T00:00:00.000","W","2069"
"55","2026-06-03T00:00:00.000","W","9161"
"55A","2026-06-03T00:00:00.000","W","146"
"55N","2026-06-03T00:00:00.000","W","391"
"56","2026-06-03T00:00:00.000","W","7837"
"57","2026-06-03T00:00:00.000","W","1481"
"59","2026-06-03T00:00:00.000","W","2806"
"6","2026-06-03T00:00:00.000","W","7380"
"60","2026-06-03T00:00:00.000","W","11234"
"62","2026-06-03T00:00:00.000","W","8318"
"62H","2026-06-03T00:00:00.000","W","778"
"63","2026-06-03T00:00:00.000","W","14860"
"63W","2026-06-03T00:00:00.000","W","1397"
"65","2026-06-03T00:00:00.000","W","7535"
"66","2026-06-03T00:00:00.000","W","18072"
"67","2026-06-03T00:00:00.000","W","7751"
"68","2026-06-03T00:00:00.000","W","920"
"7","2026-06-03T00:00:00.000","W","3695"
"70","2026-06-03T00:00:00.000","W","7748"
"71","2026-06-03T00:00:00.000","W","8549"
"72","2026-06-03T00:00:00.000","W","13593"
"73","2026-06-03T00:00:00.000","W","4941"
"74","2026-06-03T00:00:00.000","W","10744"
"75","2026-06-03T00:00:00.000","W","6426"
"76","2026-06-03T00:00:00.000","W","9389"
"77","2026-06-03T00:00:00.000","W","16462"
"78","2026-06-03T00:00:00.000","W","6717"
"79","2026-06-03T00:00:00.000","W","18902"
"8","2026-06-03T00:00:00.000","W","16581"
"80","2026-06-03T00:00:00.000","W","9107"
"81","2026-06-03T00:00:00.000","W","9839"
"81W","2026-06-03T00:00:00.000","W","1638"
"82","2026-06-03T00:00:00.000","W","14942"
"84","2026-06-03T00:00:00.000","W","3554"
"85","2026-06-03T00:00:00.000","W","8996"
"85A","2026-06-03T00:00:00.000","W","801"
"86","2026-06-03T00:00:00.000","W","2047"
"87","2026-06-03T00:00:00.000","W","8533"
"88","2026-06-03T00:00:00.000","W","1024"
"8A","2026-06-03T00:00:00.000","W","2360"
"9","2026-06-03T00:00:00.000","W","21222"
"90","2026-06-03T00:00:00.000","W","3980"
"91","2026-06-03T00:00:00.000","W","4796"
"92","2026-06-03T00:00:00.000","W","5984"
"93","2026-06-03T00:00:00.000","W","4427"
"94","2026-06-03T00:00:00.000","W","10219"
"95","2026-06-03T00:00:00.000","W","6211"
"96","2026-06-03T00:00:00.000","W","682"
"97","2026-06-03T00:00:00.000","W","2359"
"J14","2026-06-03T00:00:00.000","W","8864"
"N5","2026-06-03T00:00:00.000","W","284"
"X4","2026-06-03T00:00:00.000","W","3376"
"X9","2026-06-02T00:00:00.000","W","5845"
"X49","2026-06-02T00:00:00.000","W","4243"
"1","2026-06-02T00:00:00.000","W","1436"
"10","2026-06-02T00:00:00.000","W","137"
"100","2026-06-02T00:00:00.000","W","337"
"1001","2026-06-02T00:00:00.000","W","9"
"103","2026-06-02T00:00:00.000","W","1729"
"106","2026-06-02T00:00:00.000","W","1100"
"108","2026-06-02T00:00:00.000","W","718"
"11","2026-06-02T00:00:00.000","W","1172"
"111","2026-06-02T00:00:00.000","W","2431"
"111A","2026-06-02T00:00:00.000","W","316"
"112","2026-06-02T00:00:00.000","W","1163"
"115","2026-06-02T00:00:00.000","W","1678"
"119","2026-06-02T00:00:00.000","W","3280"
"12","2026-06-02T00:00:00.000","W","10744"
"120","2026-06-02T00:00:00.000","W","1124"
"121","2026-06-02T00:00:00.000","W","1545"
"124","2026-06-02T00:00:00.000","W","1040"
"125","2026-06-02T00:00:00.000","W","575"
"126","2026-06-02T00:00:00.000","W","3717"
"130","2026-06-02T00:00:00.000","W","243"
"134","2026-06-02T00:00:00.000","W","2429"
"135","2026-06-02T00:00:00.000","W","2631"
"136","2026-06-02T00:00:00.000","W","1567"
"143","2026-06-02T00:00:00.000","W","1083"
"146","2026-06-02T00:00:00.000","W","11540"
"147","2026-06-02T00:00:00.000","W","10630"
"148","2026-06-02T00:00:00.000","W","1581"
"15","2026-06-02T00:00:00.000","W","5948"
"151","2026-06-02T00:00:00.000","W","13919"
"152","2026-06-02T00:00:00.000","W","8467"
"155","2026-06-02T00:00:00.000","W","5397"
"156","2026-06-02T00:00:00.000","W","4973"
"157","2026-06-02T00:00:00.000","W","5351"
"165","2026-06-02T00:00:00.000","W","178"
"169","2026-06-02T00:00:00.000","W","52"
"171","2026-06-02T00:00:00.000","W","474"
"172","2026-06-02T00:00:00.000","W","1225"
"18","2026-06-02T00:00:00.000","W","3569"
"19","2026-06-02T00:00:00.000","W","152"
"192","2026-06-02T00:00:00.000","W","472"
"2","2026-06-02T00:00:00.000","W","2198"
"20","2026-06-02T00:00:00.000","W","15337"
"201","2026-06-02T00:00:00.000","W","1365"
"206","2026-06-02T00:00:00.000","W","166"
"21","2026-06-02T00:00:00.000","W","8570"
"22","2026-06-02T00:00:00.000","W","15140"
"24","2026-06-02T00:00:00.000","W","1910"
"26","2026-06-02T00:00:00.000","W","3543"
"28","2026-06-02T00:00:00.000","W","5146"
"29","2026-06-02T00:00:00.000","W","8963"
"3","2026-06-02T00:00:00.000","W","15898"
"30","2026-06-02T00:00:00.000","W","2631"
"31","2026-06-02T00:00:00.000","W","510"
"34","2026-06-02T00:00:00.000","W","3762"
"35","2026-06-02T00:00:00.000","W","3793"
"36","2026-06-02T00:00:00.000","W","11011"
"37","2026-06-02T00:00:00.000","W","2052"
"39","2026-06-02T00:00:00.000","W","1571"
"4","2026-06-02T00:00:00.000","W","16012"
"43","2026-06-02T00:00:00.000","W","688"
"44","2026-06-02T00:00:00.000","W","2950"
"47","2026-06-02T00:00:00.000","W","11737"
"48","2026-06-02T00:00:00.000","W","781"
"49","2026-06-02T00:00:00.000","W","16092"
"49B","2026-06-02T00:00:00.000","W","4145"
"50","2026-06-02T00:00:00.000","W","8860"
"51","2026-06-02T00:00:00.000","W","1124"
"52","2026-06-02T00:00:00.000","W","7919"
"52A","2026-06-02T00:00:00.000","W","3164"
"53","2026-06-02T00:00:00.000","W","19628"
"53A","2026-06-02T00:00:00.000","W","3050"
"54","2026-06-02T00:00:00.000","W","8744"
"54A","2026-06-02T00:00:00.000","W","607"
"54B","2026-06-02T00:00:00.000","W","2176"
"55","2026-06-02T00:00:00.000","W","8305"
"55A","2026-06-02T00:00:00.000","W","162"
"55N","2026-06-02T00:00:00.000","W","499"
"56","2026-06-02T00:00:00.000","W","7340"
"57","2026-06-02T00:00:00.000","W","1492"
"59","2026-06-02T00:00:00.000","W","2820"
"6","2026-06-02T00:00:00.000","W","7198"
"60","2026-06-02T00:00:00.000","W","10878"
"62","2026-06-02T00:00:00.000","W","8260"
"62H","2026-06-02T00:00:00.000","W","769"
"63","2026-06-02T00:00:00.000","W","13988"
"63W","2026-06-02T00:00:00.000","W","1412"
"65","2026-06-02T00:00:00.000","W","6689"
"66","2026-06-02T00:00:00.000","W","16977"
"67","2026-06-02T00:00:00.000","W","8331"
"68","2026-06-02T00:00:00.000","W","955"
"7","2026-06-02T00:00:00.000","W","3730"
"70","2026-06-02T00:00:00.000","W","7546"
"71","2026-06-02T00:00:00.000","W","7766"
"72","2026-06-02T00:00:00.000","W","12816"
"73","2026-06-02T00:00:00.000","W","4602"
"74","2026-06-02T00:00:00.000","W","10501"
"75","2026-06-02T00:00:00.000","W","6185"
"76","2026-06-02T00:00:00.000","W","9251"
"77","2026-06-02T00:00:00.000","W","16649"
"78","2026-06-02T00:00:00.000","W","6635"
"79","2026-06-02T00:00:00.000","W","18228"
"8","2026-06-02T00:00:00.000","W","15867"
"80","2026-06-02T00:00:00.000","W","9062"
"81","2026-06-02T00:00:00.000","W","9993"
"81W","2026-06-02T00:00:00.000","W","1487"
"82","2026-06-02T00:00:00.000","W","14423"
"84","2026-06-02T00:00:00.000","W","3266"
"85","2026-06-02T00:00:00.000","W","9357"
"85A","2026-06-02T00:00:00.000","W","748"
"86","2026-06-02T00:00:00.000","W","1872"
"87","2026-06-02T00:00:00.000","W","8208"
"88","2026-06-02T00:00:00.000","W","1020"
"8A","2026-06-02T00:00:00.000","W","2423"
"9","2026-06-02T00:00:00.000","W","20149"
"90","2026-06-02T00:00:00.000","W","3868"
"91","2026-06-02T00:00:00.000","W","4741"
"92","2026-06-02T00:00:00.000","W","5567"
"93","2026-06-02T00:00:00.000","W","4321"
"94","2026-06-02T00:00:00.000","W","10686"
"95","2026-06-02T00:00:00.000","W","5107"
"96","2026-06-02T00:00:00.000","W","687"
"97","2026-06-02T00:00:00.000","W","2323"
"J14","2026-06-02T00:00:00.000","W","8844"
"N5","2026-06-02T00:00:00.000","W","276"
"X4","2026-06-02T00:00:00.000","W","2941"
"X9","2026-06-01T00:00:00.000","W","5821"
"X49","2026-06-01T00:00:00.000","W","4220"
"1","2026-06-01T00:00:00.000","W","1079"
"10","2026-06-01T00:00:00.000","W","113"
"100","2026-06-01T00:00:00.000","W","400"
"1001","2026-06-01T00:00:00.000","W","2100"
"103","2026-06-01T00:00:00.000","W","1369"
"106","2026-06-01T00:00:00.000","W","976"
"108","2026-06-01T00:00:00.000","W","711"
"11","2026-06-01T00:00:00.000","W","1108"
"111","2026-06-01T00:00:00.000","W","2577"
"111A","2026-06-01T00:00:00.000","W","539"
"112","2026-06-01T00:00:00.000","W","1311"
"115","2026-06-01T00:00:00.000","W","1890"
"119","2026-06-01T00:00:00.000","W","2922"
"12","2026-06-01T00:00:00.000","W","10763"
"120","2026-06-01T00:00:00.000","W","860"
"121","2026-06-01T00:00:00.000","W","1087"
"124","2026-06-01T00:00:00.000","W","1015"
"125","2026-06-01T00:00:00.000","W","435"
"126","2026-06-01T00:00:00.000","W","3790"
"130","2026-06-01T00:00:00.000","W","225"
"134","2026-06-01T00:00:00.000","W","1629"
"135","2026-06-01T00:00:00.000","W","1915"
"136","2026-06-01T00:00:00.000","W","1039"
"143","2026-06-01T00:00:00.000","W","881"
"146","2026-06-01T00:00:00.000","W","9274"
"147","2026-06-01T00:00:00.000","W","9725"
"148","2026-06-01T00:00:00.000","W","1234"
"15","2026-06-01T00:00:00.000","W","6110"
"151","2026-06-01T00:00:00.000","W","13109"
"152","2026-06-01T00:00:00.000","W","6910"
"155","2026-06-01T00:00:00.000","W","5079"
"156","2026-06-01T00:00:00.000","W","4249"
"157","2026-06-01T00:00:00.000","W","4204"
"165","2026-06-01T00:00:00.000","W","175"
"169","2026-06-01T00:00:00.000","W","31"
"171","2026-06-01T00:00:00.000","W","491"
"172","2026-06-01T00:00:00.000","W","1089"
"18","2026-06-01T00:00:00.000","W","3294"
"192","2026-06-01T00:00:00.000","W","494"
"2","2026-06-01T00:00:00.000","W","1691"
"20","2026-06-01T00:00:00.000","W","15504"
"201","2026-06-01T00:00:00.000","W","1149"
"206","2026-06-01T00:00:00.000","W","194"
"21","2026-06-01T00:00:00.000","W","9135"
"22","2026-06-01T00:00:00.000","W","13790"
"24","2026-06-01T00:00:00.000","W","2101"
"26","2026-06-01T00:00:00.000","W","3115"
"28","2026-06-01T00:00:00.000","W","4861"
"29","2026-06-01T00:00:00.000","W","8894"
"3","2026-06-01T00:00:00.000","W","16612"
"30","2026-06-01T00:00:00.000","W","2524"
"31","2026-06-01T00:00:00.000","W","507"
"34","2026-06-01T00:00:00.000","W","3930"
"35","2026-06-01T00:00:00.000","W","3492"
"36","2026-06-01T00:00:00.000","W","9982"
"37","2026-06-01T00:00:00.000","W","1601"
"39","2026-06-01T00:00:00.000","W","1331"
"4","2026-06-01T00:00:00.000","W","15587"
"43","2026-06-01T00:00:00.000","W","945"
"44","2026-06-01T00:00:00.000","W","2991"
"47","2026-06-01T00:00:00.000","W","9784"
"48","2026-06-01T00:00:00.000","W","893"
"49","2026-06-01T00:00:00.000","W","15665"
"49B","2026-06-01T00:00:00.000","W","4209"
"50","2026-06-01T00:00:00.000","W","8262"
"51","2026-06-01T00:00:00.000","W","1301"
"52","2026-06-01T00:00:00.000","W","7400"
"52A","2026-06-01T00:00:00.000","W","3291"
"53","2026-06-01T00:00:00.000","W","19265"
"53A","2026-06-01T00:00:00.000","W","2916"
"54","2026-06-01T00:00:00.000","W","9369"
"54A","2026-06-01T00:00:00.000","W","600"
"54B","2026-06-01T00:00:00.000","W","2321"
"55","2026-06-01T00:00:00.000","W","8563"
"55A","2026-06-01T00:00:00.000","W","147"
"55N","2026-06-01T00:00:00.000","W","449"
"56","2026-06-01T00:00:00.000","W","6928"
"57","2026-06-01T00:00:00.000","W","1908"
"59","2026-06-01T00:00:00.000","W","2723"
"6","2026-06-01T00:00:00.000","W","6770"
"60","2026-06-01T00:00:00.000","W","10330"
"62","2026-06-01T00:00:00.000","W","8140"
"62H","2026-06-01T00:00:00.000","W","702"
"63","2026-06-01T00:00:00.000","W","13795"
"63W","2026-06-01T00:00:00.000","W","1248"
"65","2026-06-01T00:00:00.000","W","6267"
"66","2026-06-01T00:00:00.000","W","16882"
"67","2026-06-01T00:00:00.000","W","8136"
"68","2026-06-01T00:00:00.000","W","858"
"7","2026-06-01T00:00:00.000","W","3290"
"70","2026-06-01T00:00:00.000","W","7157"
"71","2026-06-01T00:00:00.000","W","7597"
"72","2026-06-01T00:00:00.000","W","13012"
"73","2026-06-01T00:00:00.000","W","4254"
"74","2026-06-01T00:00:00.000","W","9919"
"75","2026-06-01T00:00:00.000","W","7063"
"76","2026-06-01T00:00:00.000","W","8620"
"77","2026-06-01T00:00:00.000","W","14716"
"78","2026-06-01T00:00:00.000","W","6235"
"79","2026-06-01T00:00:00.000","W","18939"
"8","2026-06-01T00:00:00.000","W","15675"
"80","2026-06-01T00:00:00.000","W","8417"
"81","2026-06-01T00:00:00.000","W","9618"
"81W","2026-06-01T00:00:00.000","W","1476"
"82","2026-06-01T00:00:00.000","W","15048"
"84","2026-06-01T00:00:00.000","W","3301"
"85","2026-06-01T00:00:00.000","W","8382"
"85A","2026-06-01T00:00:00.000","W","637"
"86","2026-06-01T00:00:00.000","W","2004"
"87","2026-06-01T00:00:00.000","W","8638"
"88","2026-06-01T00:00:00.000","W","928"
"8A","2026-06-01T00:00:00.000","W","2690"
"9","2026-06-01T00:00:00.000","W","19867"
"90","2026-06-01T00:00:00.000","W","3582"
"91","2026-06-01T00:00:00.000","W","4449"
"92","2026-06-01T00:00:00.000","W","5625"
"93","2026-06-01T00:00:00.000","W","4059"
"94","2026-06-01T00:00:00.000","W","10034"
"95","2026-06-01T00:00:00.000","W","5237"
"96","2026-06-01T00:00:00.000","W","665"
"97","2026-06-01T00:00:00.000","W","2286"
"J14","2026-06-01T00:00:00.000","W","7966"
"N5","2026-06-01T00:00:00.000","W","334"
"X4","2026-06-01T00:00:00.000","W","2988"
"10","2026-05-31T00:00:00.000","U","317"
"1001","2026-05-31T00:00:00.000","U","6829"
"103","2026-05-31T00:00:00.000","U","749"
"106","2026-05-31T00:00:00.000","U","284"
"11","2026-05-31T00:00:00.000","U","426"
"111","2026-05-31T00:00:00.000","U","1364"
"111A","2026-05-31T00:00:00.000","U","224"
"112","2026-05-31T00:00:00.000","U","358"
"115","2026-05-31T00:00:00.000","U","990"
"119","2026-05-31T00:00:00.000","U","1549"
"12","2026-05-31T00:00:00.000","U","6665"
"124","2026-05-31T00:00:00.000","U","1021"
"126","2026-05-31T00:00:00.000","U","2089"
"130","2026-05-31T00:00:00.000","U","51"
"146","2026-05-31T00:00:00.000","U","8681"
"147","2026-05-31T00:00:00.000","U","8106"
"15","2026-05-31T00:00:00.000","U","4202"
"151","2026-05-31T00:00:00.000","U","11975"
"152","2026-05-31T00:00:00.000","U","2892"
"155","2026-05-31T00:00:00.000","U","3209"
"172","2026-05-31T00:00:00.000","U","197"
"18","2026-05-31T00:00:00.000","U","1916"
"20","2026-05-31T00:00:00.000","U","8490"
"21","2026-05-31T00:00:00.000","U","5244"
"22","2026-05-31T00:00:00.000","U","12719"
"28","2026-05-31T00:00:00.000","U","2244"
"29","2026-05-31T00:00:00.000","U","7523"
"3","2026-05-31T00:00:00.000","U","10835"
"30","2026-05-31T00:00:00.000","U","804"
"34","2026-05-31T00:00:00.000","U","2630"
"35","2026-05-31T00:00:00.000","U","2335"
"36","2026-05-31T00:00:00.000","U","10940"
"39","2026-05-31T00:00:00.000","U","487"
"4","2026-05-31T00:00:00.000","U","11611"
"43","2026-05-31T00:00:00.000","U","352"
"44","2026-05-31T00:00:00.000","U","1390"
"47","2026-05-31T00:00:00.000","U","6115"
"49","2026-05-31T00:00:00.000","U","11755"
"49B","2026-05-31T00:00:00.000","U","2240"
"50","2026-05-31T00:00:00.000","U","4461"
"51","2026-05-31T00:00:00.000","U","474"
"52","2026-05-31T00:00:00.000","U","3712"
"52A","2026-05-31T00:00:00.000","U","1649"
"53","2026-05-31T00:00:00.000","U","11700"
"53A","2026-05-31T00:00:00.000","U","1101"
"54","2026-05-31T00:00:00.000","U","5861"
"54B","2026-05-31T00:00:00.000","U","1307"
"55","2026-05-31T00:00:00.000","U","6162"
"56","2026-05-31T00:00:00.000","U","3969"
"57","2026-05-31T00:00:00.000","U","515"
"6","2026-05-31T00:00:00.000","U","6671"
"60","2026-05-31T00:00:00.000","U","6303"
"62","2026-05-31T00:00:00.000","U","5362"
"63","2026-05-31T00:00:00.000","U","8850"
"63W","2026-05-31T00:00:00.000","U","479"
"65","2026-05-31T00:00:00.000","U","3738"
"66","2026-05-31T00:00:00.000","U","12197"
"67","2026-05-31T00:00:00.000","U","4777"
"68","2026-05-31T00:00:00.000","U","378"
"70","2026-05-31T00:00:00.000","U","3862"
"71","2026-05-31T00:00:00.000","U","4770"
"72","2026-05-31T00:00:00.000","U","9330"
"73","2026-05-31T00:00:00.000","U","1986"
"74","2026-05-31T00:00:00.000","U","5885"
"75","2026-05-31T00:00:00.000","U","3803"
"76","2026-05-31T00:00:00.000","U","4021"
"77","2026-05-31T00:00:00.000","U","10228"
"78","2026-05-31T00:00:00.000","U","4011"
"79","2026-05-31T00:00:00.000","U","11579"
"8","2026-05-31T00:00:00.000","U","10775"
"80","2026-05-31T00:00:00.000","U","5952"
"81","2026-05-31T00:00:00.000","U","6740"
"81W","2026-05-31T00:00:00.000","U","762"
"82","2026-05-31T00:00:00.000","U","8462"
"84","2026-05-31T00:00:00.000","U","1138"
"85","2026-05-31T00:00:00.000","U","5008"
"87","2026-05-31T00:00:00.000","U","4790"
"88","2026-05-31T00:00:00.000","U","407"
"8A","2026-05-31T00:00:00.000","U","1486"
"9","2026-05-31T00:00:00.000","U","16550"
"90","2026-05-31T00:00:00.000","U","1948"
"91","2026-05-31T00:00:00.000","U","2098"
"92","2026-05-31T00:00:00.000","U","2943"
"93","2026-05-31T00:00:00.000","U","2155"
"94","2026-05-31T00:00:00.000","U","4652"
"95","2026-05-31T00:00:00.000","U","3612"
"97","2026-05-31T00:00:00.000","U","1302"
"J14","2026-05-31T00:00:00.000","U","5193"
"N5","2026-05-31T00:00:00.000","U","469"
"10","2026-05-30T00:00:00.000","A","103"
"1001","2026-05-30T00:00:00.000","A","9383"
"103","2026-05-30T00:00:00.000","A","962"
"106","2026-05-30T00:00:00.000","A","319"
"11","2026-05-30T00:00:00.000","A","630"
"111","2026-05-30T00:00:00.000","A","1391"
"111A","2026-05-30T00:00:00.000","A","233"
"112","2026-05-30T00:00:00.000","A","757"
"115","2026-05-30T00:00:00.000","A","1045"
"119","2026-05-30T00:00:00.000","A","2180"
"12","2026-05-30T00:00:00.000","A","8915"
"124","2026-05-30T00:00:00.000","A","1485"
"126","2026-05-30T00:00:00.000","A","2381"
"130","2026-05-30T00:00:00.000","A","116"
"146","2026-05-30T00:00:00.000","A","11332"
"147","2026-05-30T00:00:00.000","A","10086"
"15","2026-05-30T00:00:00.000","A","4973"
"151","2026-05-30T00:00:00.000","A","14963"
"152","2026-05-30T00:00:00.000","A","4016"
"155","2026-05-30T00:00:00.000","A","3947"
"171","2026-05-30T00:00:00.000","A","209"
"172","2026-05-30T00:00:00.000","A","314"
"18","2026-05-30T00:00:00.000","A","2678"
"20","2026-05-30T00:00:00.000","A","9077"
"201","2026-05-30T00:00:00.000","A","951"
"21","2026-05-30T00:00:00.000","A","6988"
"22","2026-05-30T00:00:00.000","A","17238"
"28","2026-05-30T00:00:00.000","A","2571"
"29","2026-05-30T00:00:00.000","A","9627"
"3","2026-05-30T00:00:00.000","A","15008"
"30","2026-05-30T00:00:00.000","A","2177"
"34","2026-05-30T00:00:00.000","A","3003"
"35","2026-05-30T00:00:00.000","A","2682"
"36","2026-05-30T00:00:00.000","A","13221"
"39","2026-05-30T00:00:00.000","A","500"
"4","2026-05-30T00:00:00.000","A","14357"
"43","2026-05-30T00:00:00.000","A","430"
"44","2026-05-30T00:00:00.000","A","1301"
"47","2026-05-30T00:00:00.000","A","7260"
"49","2026-05-30T00:00:00.000","A","15369"
"49B","2026-05-30T00:00:00.000","A","2795"
"50","2026-05-30T00:00:00.000","A","6243"
"51","2026-05-30T00:00:00.000","A","653"
"52","2026-05-30T00:00:00.000","A","5191"
"52A","2026-05-30T00:00:00.000","A","1904"
"53","2026-05-30T00:00:00.000","A","14263"
"53A","2026-05-30T00:00:00.000","A","1455"
"54","2026-05-30T00:00:00.000","A","6987"
"54B","2026-05-30T00:00:00.000","A","2003"
"55","2026-05-30T00:00:00.000","A","6935"
"55N","2026-05-30T00:00:00.000","A","225"
"56","2026-05-30T00:00:00.000","A","4565"
"57","2026-05-30T00:00:00.000","A","944"
"59","2026-05-30T00:00:00.000","A","1353"
"6","2026-05-30T00:00:00.000","A","6882"
"60","2026-05-30T00:00:00.000","A","8048"
"62","2026-05-30T00:00:00.000","A","6921"
"62H","2026-05-30T00:00:00.000","A","418"
"63","2026-05-30T00:00:00.000","A","10420"
"63W","2026-05-30T00:00:00.000","A","765"
"65","2026-05-30T00:00:00.000","A","5741"
"66","2026-05-30T00:00:00.000","A","15434"
"67","2026-05-30T00:00:00.000","A","5412"
"68","2026-05-30T00:00:00.000","A","505"
"70","2026-05-30T00:00:00.000","A","4289"
"71","2026-05-30T00:00:00.000","A","6321"
"72","2026-05-30T00:00:00.000","A","11131"
"73","2026-05-30T00:00:00.000","A","2739"
"74","2026-05-30T00:00:00.000","A","7440"
"75","2026-05-30T00:00:00.000","A","5177"
"76","2026-05-30T00:00:00.000","A","6358"
"77","2026-05-30T00:00:00.000","A","12166"
"78","2026-05-30T00:00:00.000","A","5118"
"79","2026-05-30T00:00:00.000","A","13387"
"8","2026-05-30T00:00:00.000","A","13013"
"80","2026-05-30T00:00:00.000","A","7510"
"81","2026-05-30T00:00:00.000","A","8696"
"81W","2026-05-30T00:00:00.000","A","949"
"82","2026-05-30T00:00:00.000","A","10170"
"84","2026-05-30T00:00:00.000","A","1708"
"85","2026-05-30T00:00:00.000","A","5867"
"85A","2026-05-30T00:00:00.000","A","323"
"87","2026-05-30T00:00:00.000","A","7414"
"88","2026-05-30T00:00:00.000","A","486"
"8A","2026-05-30T00:00:00.000","A","1834"
"9","2026-05-30T00:00:00.000","A","20133"
"90","2026-05-30T00:00:00.000","A","2736"
"91","2026-05-30T00:00:00.000","A","2957"
"92","2026-05-30T00:00:00.000","A","3833"
"93","2026-05-30T00:00:00.000","A","2650"
"94","2026-05-30T00:00:00.000","A","5798"
"95","2026-05-30T00:00:00.000","A","3590"
"97","2026-05-30T00:00:00.000","A","1758"
"J14","2026-05-30T00:00:00.000","A","5996"
"N5","2026-05-30T00:00:00.000","A","395"
"1","2026-05-29T00:00:00.000","W","918"
"10","2026-05-29T00:00:00.000","W","48"
"100","2026-05-29T00:00:00.000","W","456"
"1001","2026-05-29T00:00:00.000","W","1116"
"103","2026-05-29T00:00:00.000","W","1443"
"106","2026-05-29T00:00:00.000","W","995"
"108","2026-05-29T00:00:00.000","W","378"
"11","2026-05-29T00:00:00.000","W","1040"
"111","2026-05-29T00:00:00.000","W","1743"
"111A","2026-05-29T00:00:00.000","W","324"
"112","2026-05-29T00:00:00.000","W","1123"
"115","2026-05-29T00:00:00.000","W","1913"
"119","2026-05-29T00:00:00.000","W","2950"
"12","2026-05-29T00:00:00.000","W","9515"
"120","2026-05-29T00:00:00.000","W","902"
"121","2026-05-29T00:00:00.000","W","953"
"124","2026-05-29T00:00:00.000","W","1350"
"125","2026-05-29T00:00:00.000","W","364"
"126","2026-05-29T00:00:00.000","W","3773"
"130","2026-05-29T00:00:00.000","W","194"
"134","2026-05-29T00:00:00.000","W","849"
"135","2026-05-29T00:00:00.000","W","1106"
"136","2026-05-29T00:00:00.000","W","752"
"143","2026-05-29T00:00:00.000","W","688"
"146","2026-05-29T00:00:00.000","W","10121"
"147","2026-05-29T00:00:00.000","W","9958"
"148","2026-05-29T00:00:00.000","W","999"
"15","2026-05-29T00:00:00.000","W","5995"
"151","2026-05-29T00:00:00.000","W","12848"
"152","2026-05-29T00:00:00.000","W","7120"
"155","2026-05-29T00:00:00.000","W","4945"
"156","2026-05-29T00:00:00.000","W","3279"
"157","2026-05-29T00:00:00.000","W","4455"
"165","2026-05-29T00:00:00.000","W","159"
"169","2026-05-29T00:00:00.000","W","83"
"171","2026-05-29T00:00:00.000","W","573"
"172","2026-05-29T00:00:00.000","W","1499"
"18","2026-05-29T00:00:00.000","W","3547"
"19","2026-05-29T00:00:00.000","W","58"
"192","2026-05-29T00:00:00.000","W","325"
"2","2026-05-29T00:00:00.000","W","1640"
"20","2026-05-29T00:00:00.000","W","14373"
"201","2026-05-29T00:00:00.000","W","1330"
"206","2026-05-29T00:00:00.000","W","147"
"21","2026-05-29T00:00:00.000","W","8535"
"22","2026-05-29T00:00:00.000","W","13944"
"24","2026-05-29T00:00:00.000","W","2184"
"26","2026-05-29T00:00:00.000","W","3245"
"28","2026-05-29T00:00:00.000","W","4563"
"29","2026-05-29T00:00:00.000","W","8725"
"3","2026-05-29T00:00:00.000","W","16729"
"30","2026-05-29T00:00:00.000","W","2684"
"31","2026-05-29T00:00:00.000","W","568"
"34","2026-05-29T00:00:00.000","W","3737"
"35","2026-05-29T00:00:00.000","W","4094"
"36","2026-05-29T00:00:00.000","W","10488"
"37","2026-05-29T00:00:00.000","W","1115"
"39","2026-05-29T00:00:00.000","W","1465"
"4","2026-05-29T00:00:00.000","W","16057"
"43","2026-05-29T00:00:00.000","W","966"
"44","2026-05-29T00:00:00.000","W","3174"
"47","2026-05-29T00:00:00.000","W","10296"
"48","2026-05-29T00:00:00.000","W","927"
"49","2026-05-29T00:00:00.000","W","15557"
"49B","2026-05-29T00:00:00.000","W","3988"
"50","2026-05-29T00:00:00.000","W","8357"
"51","2026-05-29T00:00:00.000","W","959"
"52","2026-05-29T00:00:00.000","W","8058"
"52A","2026-05-29T00:00:00.000","W","3116"
"53","2026-05-29T00:00:00.000","W","18407"
"53A","2026-05-29T00:00:00.000","W","2994"
"54","2026-05-29T00:00:00.000","W","9418"
"54A","2026-05-29T00:00:00.000","W","532"
"54B","2026-05-29T00:00:00.000","W","2263"
"55","2026-05-29T00:00:00.000","W","8381"
"55A","2026-05-29T00:00:00.000","W","138"
"55N","2026-05-29T00:00:00.000","W","338"
"56","2026-05-29T00:00:00.000","W","6150"
"57","2026-05-29T00:00:00.000","W","2219"
"59","2026-05-29T00:00:00.000","W","2601"
"6","2026-05-29T00:00:00.000","W","7093"
"60","2026-05-29T00:00:00.000","W","10117"
"62","2026-05-29T00:00:00.000","W","8122"
"62H","2026-05-29T00:00:00.000","W","827"
"63","2026-05-29T00:00:00.000","W","15454"
"63W","2026-05-29T00:00:00.000","W","1427"
"65","2026-05-29T00:00:00.000","W","6805"
"66","2026-05-29T00:00:00.000","W","17385"
"67","2026-05-29T00:00:00.000","W","8017"
"68","2026-05-29T00:00:00.000","W","920"
"7","2026-05-29T00:00:00.000","W","3403"
"70","2026-05-29T00:00:00.000","W","6511"
"71","2026-05-29T00:00:00.000","W","7906"
"72","2026-05-29T00:00:00.000","W","13087"
"73","2026-05-29T00:00:00.000","W","4175"
"74","2026-05-29T00:00:00.000","W","10392"
"75","2026-05-29T00:00:00.000","W","6606"
"76","2026-05-29T00:00:00.000","W","8930"
"77","2026-05-29T00:00:00.000","W","16503"
"78","2026-05-29T00:00:00.000","W","6456"
"79","2026-05-29T00:00:00.000","W","17699"
"8","2026-05-29T00:00:00.000","W","15390"
"80","2026-05-29T00:00:00.000","W","9142"
"81","2026-05-29T00:00:00.000","W","9639"
"81W","2026-05-29T00:00:00.000","W","1580"
"82","2026-05-29T00:00:00.000","W","14198"
"84","2026-05-29T00:00:00.000","W","3214"
"85","2026-05-29T00:00:00.000","W","9213"
"85A","2026-05-29T00:00:00.000","W","723"
"86","2026-05-29T00:00:00.000","W","2261"
"87","2026-05-29T00:00:00.000","W","8093"
"88","2026-05-29T00:00:00.000","W","1035"
"8A","2026-05-29T00:00:00.000","W","3077"
"9","2026-05-29T00:00:00.000","W","20545"
"90","2026-05-29T00:00:00.000","W","3659"
"91","2026-05-29T00:00:00.000","W","4519"
"92","2026-05-29T00:00:00.000","W","5094"
"93","2026-05-29T00:00:00.000","W","4137"
"94","2026-05-29T00:00:00.000","W","9851"
"95","2026-05-29T00:00:00.000","W","4816"
"96","2026-05-29T00:00:00.000","W","738"
"97","2026-05-29T00:00:00.000","W","2217"
"J14","2026-05-29T00:00:00.000","W","8396"
"N5","2026-05-29T00:00:00.000","W","277"
"X4","2026-05-29T00:00:00.000","W","2968"
"X49","2026-05-29T00:00:00.000","W","4208"
"X9","2026-05-29T00:00:00.000","W","5706"
"1","2026-05-28T00:00:00.000","W","1192"
"10","2026-05-28T00:00:00.000","W","99"
"100","2026-05-28T00:00:00.000","W","497"
"1001","2026-05-28T00:00:00.000","W","55"
"103","2026-05-28T00:00:00.000","W","1274"
"106","2026-05-28T00:00:00.000","W","837"
"108","2026-05-28T00:00:00.000","W","916"
"11","2026-05-28T00:00:00.000","W","974"
"111","2026-05-28T00:00:00.000","W","2117"
"111A","2026-05-28T00:00:00.000","W","333"
"112","2026-05-28T00:00:00.000","W","1399"
"115","2026-05-28T00:00:00.000","W","2077"
"119","2026-05-28T00:00:00.000","W","2670"
"12","2026-05-28T00:00:00.000","W","10194"
"120","2026-05-28T00:00:00.000","W","940"
"121","2026-05-28T00:00:00.000","W","1322"
"124","2026-05-28T00:00:00.000","W","1017"
"125","2026-05-28T00:00:00.000","W","553"
"126","2026-05-28T00:00:00.000","W","3907"
"130","2026-05-28T00:00:00.000","W","301"
"134","2026-05-28T00:00:00.000","W","2215"
"135","2026-05-28T00:00:00.000","W","2318"
"136","2026-05-28T00:00:00.000","W","1326"
"143","2026-05-28T00:00:00.000","W","1139"
"146","2026-05-28T00:00:00.000","W","10303"
"147","2026-05-28T00:00:00.000","W","10135"
"148","2026-05-28T00:00:00.000","W","1448"
"15","2026-05-28T00:00:00.000","W","5835"
"151","2026-05-28T00:00:00.000","W","13537"
"152","2026-05-28T00:00:00.000","W","7299"
"155","2026-05-28T00:00:00.000","W","5047"
"156","2026-05-28T00:00:00.000","W","4727"
"157","2026-05-28T00:00:00.000","W","4658"
"165","2026-05-28T00:00:00.000","W","172"
"169","2026-05-28T00:00:00.000","W","187"
"171","2026-05-28T00:00:00.000","W","951"
"172","2026-05-28T00:00:00.000","W","1251"
"18","2026-05-28T00:00:00.000","W","2968"
"19","2026-05-28T00:00:00.000","W","2"
"192","2026-05-28T00:00:00.000","W","489"
"2","2026-05-28T00:00:00.000","W","1931"
"20","2026-05-28T00:00:00.000","W","15407"
"201","2026-05-28T00:00:00.000","W","1319"
"206","2026-05-28T00:00:00.000","W","127"
"21","2026-05-28T00:00:00.000","W","8107"
"22","2026-05-28T00:00:00.000","W","14793"
"24","2026-05-28T00:00:00.000","W","2590"
"26","2026-05-28T00:00:00.000","W","3221"
"28","2026-05-28T00:00:00.000","W","5092"
"29","2026-05-28T00:00:00.000","W","8435"
"3","2026-05-28T00:00:00.000","W","15810"
"30","2026-05-28T00:00:00.000","W","2675"
"31","2026-05-28T00:00:00.000","W","554"
"34","2026-05-28T00:00:00.000","W","4334"
"35","2026-05-28T00:00:00.000","W","4040"
"36","2026-05-28T00:00:00.000","W","9804"
"37","2026-05-28T00:00:00.000","W","1888"
"39","2026-05-28T00:00:00.000","W","1574"
"4","2026-05-28T00:00:00.000","W","15546"
"43","2026-05-28T00:00:00.000","W","1044"
"44","2026-05-28T00:00:00.000","W","2625"
"47","2026-05-28T00:00:00.000","W","10938"
"48","2026-05-28T00:00:00.000","W","1039"
"49","2026-05-28T00:00:00.000","W","15656"
"49B","2026-05-28T00:00:00.000","W","3985"
"50","2026-05-28T00:00:00.000","W","8600"
"51","2026-05-28T00:00:00.000","W","1241"
"52","2026-05-28T00:00:00.000","W","7835"
"52A","2026-05-28T00:00:00.000","W","3382"
"53","2026-05-28T00:00:00.000","W","19447"
"53A","2026-05-28T00:00:00.000","W","2980"
"54","2026-05-28T00:00:00.000","W","8626"
"54A","2026-05-28T00:00:00.000","W","589"
"54B","2026-05-28T00:00:00.000","W","2258"
"55","2026-05-28T00:00:00.000","W","8357"
"55A","2026-05-28T00:00:00.000","W","155"
"55N","2026-05-28T00:00:00.000","W","498"
"56","2026-05-28T00:00:00.000","W","7419"
"57","2026-05-28T00:00:00.000","W","1875"
"59","2026-05-28T00:00:00.000","W","2694"
"6","2026-05-28T00:00:00.000","W","6394"
"60","2026-05-28T00:00:00.000","W","11448"
"62","2026-05-28T00:00:00.000","W","8301"
"62H","2026-05-28T00:00:00.000","W","903"
"63","2026-05-28T00:00:00.000","W","15070"
"63W","2026-05-28T00:00:00.000","W","1365"
"65","2026-05-28T00:00:00.000","W","6739"
"66","2026-05-28T00:00:00.000","W","17470"
"67","2026-05-28T00:00:00.000","W","7947"
"68","2026-05-28T00:00:00.000","W","1034"
"7","2026-05-28T00:00:00.000","W","3744"
"70","2026-05-28T00:00:00.000","W","7302"
"71","2026-05-28T00:00:00.000","W","8577"
"72","2026-05-28T00:00:00.000","W","12814"
"73","2026-05-28T00:00:00.000","W","4338"
"74","2026-05-28T00:00:00.000","W","10716"
"75","2026-05-28T00:00:00.000","W","7000"
"76","2026-05-28T00:00:00.000","W","8815"
"77","2026-05-28T00:00:00.000","W","16484"
"78","2026-05-28T00:00:00.000","W","6391"
"79","2026-05-28T00:00:00.000","W","18389"
"8","2026-05-28T00:00:00.000","W","15531"
"80","2026-05-28T00:00:00.000","W","9141"
"81","2026-05-28T00:00:00.000","W","10139"
"81W","2026-05-28T00:00:00.000","W","1593"
"82","2026-05-28T00:00:00.000","W","14742"
"84","2026-05-28T00:00:00.000","W","3402"
"85","2026-05-28T00:00:00.000","W","9057"
"85A","2026-05-28T00:00:00.000","W","755"
"86","2026-05-28T00:00:00.000","W","2293"
"87","2026-05-28T00:00:00.000","W","8540"
"88","2026-05-28T00:00:00.000","W","1022"
"8A","2026-05-28T00:00:00.000","W","2714"
"9","2026-05-28T00:00:00.000","W","20183"
"90","2026-05-28T00:00:00.000","W","3705"
"91","2026-05-28T00:00:00.000","W","4615"
"92","2026-05-28T00:00:00.000","W","5627"
"93","2026-05-28T00:00:00.000","W","4134"
"94","2026-05-28T00:00:00.000","W","9840"
"95","2026-05-28T00:00:00.000","W","5357"
"96","2026-05-28T00:00:00.000","W","643"
"97","2026-05-28T00:00:00.000","W","2335"
"J14","2026-05-28T00:00:00.000","W","9289"
"N5","2026-05-28T00:00:00.000","W","333"
"X4","2026-05-28T00:00:00.000","W","3131"
"X49","2026-05-28T00:00:00.000","W","5016"
"X9","2026-05-28T00:00:00.000","W","6048"
"X9","2026-05-27T00:00:00.000","W","5874"
"X49","2026-05-27T00:00:00.000","W","4635"
"X4","2026-05-27T00:00:00.000","W","3324"
"N5","2026-05-27T00:00:00.000","W","359"
"J14","2026-05-27T00:00:00.000","W","8564"
"97","2026-05-27T00:00:00.000","W","2119"
"96","2026-05-27T00:00:00.000","W","635"
"1","2026-05-27T00:00:00.000","W","1355"
"10","2026-05-27T00:00:00.000","W","99"
"100","2026-05-27T00:00:00.000","W","460"
"1001","2026-05-27T00:00:00.000","W","99"
"103","2026-05-27T00:00:00.000","W","1548"
"106","2026-05-27T00:00:00.000","W","931"
"108","2026-05-27T00:00:00.000","W","929"
"11","2026-05-27T00:00:00.000","W","1044"
"111","2026-05-27T00:00:00.000","W","1587"
"111A","2026-05-27T00:00:00.000","W","284"
"112","2026-05-27T00:00:00.000","W","1256"
"115","2026-05-27T00:00:00.000","W","2084"
"119","2026-05-27T00:00:00.000","W","2801"
"12","2026-05-27T00:00:00.000","W","11153"
"120","2026-05-27T00:00:00.000","W","988"
"121","2026-05-27T00:00:00.000","W","1262"
"124","2026-05-27T00:00:00.000","W","1446"
"125","2026-05-27T00:00:00.000","W","437"
"126","2026-05-27T00:00:00.000","W","4356"
"130","2026-05-27T00:00:00.000","W","286"
"134","2026-05-27T00:00:00.000","W","2300"
"135","2026-05-27T00:00:00.000","W","2167"
"136","2026-05-27T00:00:00.000","W","1375"
"143","2026-05-27T00:00:00.000","W","1181"
"146","2026-05-27T00:00:00.000","W","11282"
"147","2026-05-27T00:00:00.000","W","9885"
"148","2026-05-27T00:00:00.000","W","1497"
"15","2026-05-27T00:00:00.000","W","4874"
"151","2026-05-27T00:00:00.000","W","13991"
"152","2026-05-27T00:00:00.000","W","7731"
"155","2026-05-27T00:00:00.000","W","4930"
"156","2026-05-27T00:00:00.000","W","5487"
"157","2026-05-27T00:00:00.000","W","4771"
"165","2026-05-27T00:00:00.000","W","179"
"169","2026-05-27T00:00:00.000","W","71"
"171","2026-05-27T00:00:00.000","W","306"
"172","2026-05-27T00:00:00.000","W","1155"
"18","2026-05-27T00:00:00.000","W","3570"
"19","2026-05-27T00:00:00.000","W","152"
"192","2026-05-27T00:00:00.000","W","482"
"2","2026-05-27T00:00:00.000","W","2136"
"20","2026-05-27T00:00:00.000","W","16392"
"201","2026-05-27T00:00:00.000","W","1341"
"206","2026-05-27T00:00:00.000","W","161"
"21","2026-05-27T00:00:00.000","W","8125"
"22","2026-05-27T00:00:00.000","W","14514"
"24","2026-05-27T00:00:00.000","W","2314"
"26","2026-05-27T00:00:00.000","W","3356"
"28","2026-05-27T00:00:00.000","W","4940"
"29","2026-05-27T00:00:00.000","W","8974"
"3","2026-05-27T00:00:00.000","W","15993"
"30","2026-05-27T00:00:00.000","W","2649"
"31","2026-05-27T00:00:00.000","W","592"
"34","2026-05-27T00:00:00.000","W","3669"
"35","2026-05-27T00:00:00.000","W","3917"
"36","2026-05-27T00:00:00.000","W","10929"
"37","2026-05-27T00:00:00.000","W","2040"
"39","2026-05-27T00:00:00.000","W","1859"
"4","2026-05-27T00:00:00.000","W","16543"
"43","2026-05-27T00:00:00.000","W","1037"
"44","2026-05-27T00:00:00.000","W","3212"
"47","2026-05-27T00:00:00.000","W","11531"
"48","2026-05-27T00:00:00.000","W","947"
"49","2026-05-27T00:00:00.000","W","15762"
"49B","2026-05-27T00:00:00.000","W","3778"
"50","2026-05-27T00:00:00.000","W","9590"
"51","2026-05-27T00:00:00.000","W","1440"
"52","2026-05-27T00:00:00.000","W","8512"
"52A","2026-05-27T00:00:00.000","W","3422"
"53","2026-05-27T00:00:00.000","W","19571"
"53A","2026-05-27T00:00:00.000","W","3013"
"54","2026-05-27T00:00:00.000","W","9604"
"54A","2026-05-27T00:00:00.000","W","567"
"54B","2026-05-27T00:00:00.000","W","1977"
"55","2026-05-27T00:00:00.000","W","9080"
"55A","2026-05-27T00:00:00.000","W","169"
"55N","2026-05-27T00:00:00.000","W","410"
"56","2026-05-27T00:00:00.000","W","7163"
"57","2026-05-27T00:00:00.000","W","1510"
"59","2026-05-27T00:00:00.000","W","2858"
"6","2026-05-27T00:00:00.000","W","6695"
"60","2026-05-27T00:00:00.000","W","10965"
"62","2026-05-27T00:00:00.000","W","8077"
"62H","2026-05-27T00:00:00.000","W","841"
"63","2026-05-27T00:00:00.000","W","15119"
"63W","2026-05-27T00:00:00.000","W","1350"
"65","2026-05-27T00:00:00.000","W","7184"
"66","2026-05-27T00:00:00.000","W","17848"
"67","2026-05-27T00:00:00.000","W","7788"
"68","2026-05-27T00:00:00.000","W","935"
"7","2026-05-27T00:00:00.000","W","4172"
"70","2026-05-27T00:00:00.000","W","7883"
"71","2026-05-27T00:00:00.000","W","7803"
"72","2026-05-27T00:00:00.000","W","13116"
"73","2026-05-27T00:00:00.000","W","4674"
"74","2026-05-27T00:00:00.000","W","10647"
"75","2026-05-27T00:00:00.000","W","6551"
"76","2026-05-27T00:00:00.000","W","9254"
"77","2026-05-27T00:00:00.000","W","15462"
"78","2026-05-27T00:00:00.000","W","6603"
"79","2026-05-27T00:00:00.000","W","18309"
"8","2026-05-27T00:00:00.000","W","15727"
"80","2026-05-27T00:00:00.000","W","9275"
"81","2026-05-27T00:00:00.000","W","9823"
"81W","2026-05-27T00:00:00.000","W","1546"
"82","2026-05-27T00:00:00.000","W","14280"
"84","2026-05-27T00:00:00.000","W","3060"
"85","2026-05-27T00:00:00.000","W","8844"
"85A","2026-05-27T00:00:00.000","W","714"
"86","2026-05-27T00:00:00.000","W","2301"
"87","2026-05-27T00:00:00.000","W","7831"
"88","2026-05-27T00:00:00.000","W","1011"
"8A","2026-05-27T00:00:00.000","W","2745"
"9","2026-05-27T00:00:00.000","W","19856"
"90","2026-05-27T00:00:00.000","W","3528"
"91","2026-05-27T00:00:00.000","W","4807"
"92","2026-05-27T00:00:00.000","W","5805"
"93","2026-05-27T00:00:00.000","W","4086"
"94","2026-05-27T00:00:00.000","W","10260"
"95","2026-05-27T00:00:00.000","W","5685"
"X9","2026-05-26T00:00:00.000","W","5088"
"X49","2026-05-26T00:00:00.000","W","4221"
"X4","2026-05-26T00:00:00.000","W","3093"
"N5","2026-05-26T00:00:00.000","W","379"
"J14","2026-05-26T00:00:00.000","W","8715"
"97","2026-05-26T00:00:00.000","W","2237"
"96","2026-05-26T00:00:00.000","W","682"
"1","2026-05-26T00:00:00.000","W","1321"
"10","2026-05-26T00:00:00.000","W","105"
"100","2026-05-26T00:00:00.000","W","461"
"1001","2026-05-26T00:00:00.000","W","131"
"103","2026-05-26T00:00:00.000","W","1548"
"106","2026-05-26T00:00:00.000","W","1020"
"108","2026-05-26T00:00:00.000","W","889"
"11","2026-05-26T00:00:00.000","W","1071"
"111","2026-05-26T00:00:00.000","W","1723"
"111A","2026-05-26T00:00:00.000","W","305"
"112","2026-05-26T00:00:00.000","W","1414"
"115","2026-05-26T00:00:00.000","W","1376"
"119","2026-05-26T00:00:00.000","W","2892"
"12","2026-05-26T00:00:00.000","W","10855"
"120","2026-05-26T00:00:00.000","W","1073"
"121","2026-05-26T00:00:00.000","W","1355"
"124","2026-05-26T00:00:00.000","W","1160"
"125","2026-05-26T00:00:00.000","W","553"
"126","2026-05-26T00:00:00.000","W","4818"
"130","2026-05-26T00:00:00.000","W","313"
"134","2026-05-26T00:00:00.000","W","2172"
"135","2026-05-26T00:00:00.000","W","2407"
"136","2026-05-26T00:00:00.000","W","1319"
"143","2026-05-26T00:00:00.000","W","1050"
"146","2026-05-26T00:00:00.000","W","11758"
"147","2026-05-26T00:00:00.000","W","10147"
"148","2026-05-26T00:00:00.000","W","1373"
"15","2026-05-26T00:00:00.000","W","6048"
"151","2026-05-26T00:00:00.000","W","13374"
"152","2026-05-26T00:00:00.000","W","7844"
"155","2026-05-26T00:00:00.000","W","4974"
"156","2026-05-26T00:00:00.000","W","4735"
"157","2026-05-26T00:00:00.000","W","5084"
"165","2026-05-26T00:00:00.000","W","137"
"169","2026-05-26T00:00:00.000","W","81"
"171","2026-05-26T00:00:00.000","W","522"
"172","2026-05-26T00:00:00.000","W","713"
"18","2026-05-26T00:00:00.000","W","3178"
"192","2026-05-26T00:00:00.000","W","464"
"2","2026-05-26T00:00:00.000","W","2046"
"20","2026-05-26T00:00:00.000","W","15080"
"201","2026-05-26T00:00:00.000","W","1324"
"206","2026-05-26T00:00:00.000","W","135"
"21","2026-05-26T00:00:00.000","W","8090"
"22","2026-05-26T00:00:00.000","W","15195"
"24","2026-05-26T00:00:00.000","W","2274"
"26","2026-05-26T00:00:00.000","W","3259"
"28","2026-05-26T00:00:00.000","W","4595"
"29","2026-05-26T00:00:00.000","W","9651"
"3","2026-05-26T00:00:00.000","W","15046"
"30","2026-05-26T00:00:00.000","W","2454"
"31","2026-05-26T00:00:00.000","W","524"
"34","2026-05-26T00:00:00.000","W","3805"
"35","2026-05-26T00:00:00.000","W","4156"
"36","2026-05-26T00:00:00.000","W","11070"
"37","2026-05-26T00:00:00.000","W","1929"
"39","2026-05-26T00:00:00.000","W","1579"
"4","2026-05-26T00:00:00.000","W","15089"
"43","2026-05-26T00:00:00.000","W","877"
"44","2026-05-26T00:00:00.000","W","3147"
"47","2026-05-26T00:00:00.000","W","10836"
"48","2026-05-26T00:00:00.000","W","1029"
"49","2026-05-26T00:00:00.000","W","16008"
"49B","2026-05-26T00:00:00.000","W","3913"
"50","2026-05-26T00:00:00.000","W","8903"
"51","2026-05-26T00:00:00.000","W","1350"
"52","2026-05-26T00:00:00.000","W","8146"
"52A","2026-05-26T00:00:00.000","W","3401"
"53","2026-05-26T00:00:00.000","W","20573"
"53A","2026-05-26T00:00:00.000","W","3298"
"54","2026-05-26T00:00:00.000","W","8416"
"54A","2026-05-26T00:00:00.000","W","627"
"54B","2026-05-26T00:00:00.000","W","2185"
"55","2026-05-26T00:00:00.000","W","8665"
"55A","2026-05-26T00:00:00.000","W","155"
"55N","2026-05-26T00:00:00.000","W","418"
"56","2026-05-26T00:00:00.000","W","7617"
"57","2026-05-26T00:00:00.000","W","1824"
"59","2026-05-26T00:00:00.000","W","2670"
"6","2026-05-26T00:00:00.000","W","6511"
"60","2026-05-26T00:00:00.000","W","10447"
"62","2026-05-26T00:00:00.000","W","7995"
"62H","2026-05-26T00:00:00.000","W","841"
"63","2026-05-26T00:00:00.000","W","14858"
"63W","2026-05-26T00:00:00.000","W","1167"
"65","2026-05-26T00:00:00.000","W","6767"
"66","2026-05-26T00:00:00.000","W","17178"
"67","2026-05-26T00:00:00.000","W","8725"
"68","2026-05-26T00:00:00.000","W","1057"
"7","2026-05-26T00:00:00.000","W","3538"
"70","2026-05-26T00:00:00.000","W","7810"
"71","2026-05-26T00:00:00.000","W","7476"
"72","2026-05-26T00:00:00.000","W","12919"
"73","2026-05-26T00:00:00.000","W","4557"
"74","2026-05-26T00:00:00.000","W","10340"
"75","2026-05-26T00:00:00.000","W","6499"
"76","2026-05-26T00:00:00.000","W","8975"
"77","2026-05-26T00:00:00.000","W","15788"
"78","2026-05-26T00:00:00.000","W","6600"
"79","2026-05-26T00:00:00.000","W","18821"
"8","2026-05-26T00:00:00.000","W","15883"
"80","2026-05-26T00:00:00.000","W","9006"
"81","2026-05-26T00:00:00.000","W","10135"
"81W","2026-05-26T00:00:00.000","W","1624"
"82","2026-05-26T00:00:00.000","W","14556"
"84","2026-05-26T00:00:00.000","W","3371"
"85","2026-05-26T00:00:00.000","W","9256"
"85A","2026-05-26T00:00:00.000","W","679"
"86","2026-05-26T00:00:00.000","W","2300"
"87","2026-05-26T00:00:00.000","W","8455"
"88","2026-05-26T00:00:00.000","W","970"
"8A","2026-05-26T00:00:00.000","W","2555"
"9","2026-05-26T00:00:00.000","W","19570"
"90","2026-05-26T00:00:00.000","W","3605"
"91","2026-05-26T00:00:00.000","W","4855"
"92","2026-05-26T00:00:00.000","W","5448"
"93","2026-05-26T00:00:00.000","W","4349"
"94","2026-05-26T00:00:00.000","W","10023"
"95","2026-05-26T00:00:00.000","W","5566"
"N5","2026-05-25T00:00:00.000","U","346"
"J14","2026-05-25T00:00:00.000","U","5347"
"97","2026-05-25T00:00:00.000","U","1309"
"10","2026-05-25T00:00:00.000","U","118"
"1001","2026-05-25T00:00:00.000","U","6"
"103","2026-05-25T00:00:00.000","U","751"
"106","2026-05-25T00:00:00.000","U","280"
"11","2026-05-25T00:00:00.000","U","507"
"111","2026-05-25T00:00:00.000","U","1221"
"111A","2026-05-25T00:00:00.000","U","265"
"112","2026-05-25T00:00:00.000","U","517"
"115","2026-05-25T00:00:00.000","U","900"
"119","2026-05-25T00:00:00.000","U","1789"
"12","2026-05-25T00:00:00.000","U","6481"
"124","2026-05-25T00:00:00.000","U","1685"
"126","2026-05-25T00:00:00.000","U","2208"
"130","2026-05-25T00:00:00.000","U","12"
"146","2026-05-25T00:00:00.000","U","9418"
"147","2026-05-25T00:00:00.000","U","7241"
"15","2026-05-25T00:00:00.000","U","5194"
"151","2026-05-25T00:00:00.000","U","15154"
"152","2026-05-25T00:00:00.000","U","3183"
"155","2026-05-25T00:00:00.000","U","3716"
"169","2026-05-25T00:00:00.000","U","30"
"172","2026-05-25T00:00:00.000","U","596"
"18","2026-05-25T00:00:00.000","U","2226"
"20","2026-05-25T00:00:00.000","U","9191"
"21","2026-05-25T00:00:00.000","U","5005"
"22","2026-05-25T00:00:00.000","U","10512"
"28","2026-05-25T00:00:00.000","U","2430"
"29","2026-05-25T00:00:00.000","U","7309"
"3","2026-05-25T00:00:00.000","U","11407"
"30","2026-05-25T00:00:00.000","U","985"
"34","2026-05-25T00:00:00.000","U","2731"
"35","2026-05-25T00:00:00.000","U","2558"
"36","2026-05-25T00:00:00.000","U","9838"
"39","2026-05-25T00:00:00.000","U","546"
"4","2026-05-25T00:00:00.000","U","12363"
"43","2026-05-25T00:00:00.000","U","306"
"44","2026-05-25T00:00:00.000","U","1528"
"47","2026-05-25T00:00:00.000","U","6532"
"49","2026-05-25T00:00:00.000","U","11449"
"49B","2026-05-25T00:00:00.000","U","2377"
"50","2026-05-25T00:00:00.000","U","3783"
"51","2026-05-25T00:00:00.000","U","562"
"52","2026-05-25T00:00:00.000","U","3948"
"52A","2026-05-25T00:00:00.000","U","1536"
"53","2026-05-25T00:00:00.000","U","12780"
"53A","2026-05-25T00:00:00.000","U","1161"
"54","2026-05-25T00:00:00.000","U","5779"
"54B","2026-05-25T00:00:00.000","U","1276"
"55","2026-05-25T00:00:00.000","U","7595"
"56","2026-05-25T00:00:00.000","U","3652"
"57","2026-05-25T00:00:00.000","U","633"
"6","2026-05-25T00:00:00.000","U","6386"
"60","2026-05-25T00:00:00.000","U","6568"
"62","2026-05-25T00:00:00.000","U","5314"
"63","2026-05-25T00:00:00.000","U","8621"
"63W","2026-05-25T00:00:00.000","U","598"
"65","2026-05-25T00:00:00.000","U","4606"
"66","2026-05-25T00:00:00.000","U","12130"
"67","2026-05-25T00:00:00.000","U","5237"
"68","2026-05-25T00:00:00.000","U","328"
"70","2026-05-25T00:00:00.000","U","4262"
"71","2026-05-25T00:00:00.000","U","5479"
"72","2026-05-25T00:00:00.000","U","12119"
"73","2026-05-25T00:00:00.000","U","2741"
"74","2026-05-25T00:00:00.000","U","6144"
"75","2026-05-25T00:00:00.000","U","4344"
"76","2026-05-25T00:00:00.000","U","5132"
"77","2026-05-25T00:00:00.000","U","10696"
"78","2026-05-25T00:00:00.000","U","5153"
"79","2026-05-25T00:00:00.000","U","11553"
"8","2026-05-25T00:00:00.000","U","9258"
"80","2026-05-25T00:00:00.000","U","5090"
"81","2026-05-25T00:00:00.000","U","6911"
"81W","2026-05-25T00:00:00.000","U","706"
"82","2026-05-25T00:00:00.000","U","9098"
"84","2026-05-25T00:00:00.000","U","1420"
"85","2026-05-25T00:00:00.000","U","5123"
"87","2026-05-25T00:00:00.000","U","4587"
"88","2026-05-25T00:00:00.000","U","410"
"8A","2026-05-25T00:00:00.000","U","1519"
"9","2026-05-25T00:00:00.000","U","14300"
"90","2026-05-25T00:00:00.000","U","2074"
"91","2026-05-25T00:00:00.000","U","2287"
"92","2026-05-25T00:00:00.000","U","3222"
"93","2026-05-25T00:00:00.000","U","1960"
"94","2026-05-25T00:00:00.000","U","4780"
"95","2026-05-25T00:00:00.000","U","3747"
"N5","2026-05-24T00:00:00.000","U","364"
"J14","2026-05-24T00:00:00.000","U","4712"
"97","2026-05-24T00:00:00.000","U","1154"
"10","2026-05-24T00:00:00.000","U","125"
"1001","2026-05-24T00:00:00.000","U","30"
"103","2026-05-24T00:00:00.000","U","804"
"106","2026-05-24T00:00:00.000","U","292"
"11","2026-05-24T00:00:00.000","U","419"
"111","2026-05-24T00:00:00.000","U","947"
"111A","2026-05-24T00:00:00.000","U","185"
"112","2026-05-24T00:00:00.000","U","523"
"115","2026-05-24T00:00:00.000","U","891"
"119","2026-05-24T00:00:00.000","U","1665"
"12","2026-05-24T00:00:00.000","U","6224"
"124","2026-05-24T00:00:00.000","U","1698"
"126","2026-05-24T00:00:00.000","U","1829"
"130","2026-05-24T00:00:00.000","U","9"
"146","2026-05-24T00:00:00.000","U","8816"
"147","2026-05-24T00:00:00.000","U","6697"
"15","2026-05-24T00:00:00.000","U","3851"
"151","2026-05-24T00:00:00.000","U","12511"
"152","2026-05-24T00:00:00.000","U","4035"
"155","2026-05-24T00:00:00.000","U","3243"
"172","2026-05-24T00:00:00.000","U","413"
"18","2026-05-24T00:00:00.000","U","2121"
"20","2026-05-24T00:00:00.000","U","8839"
"21","2026-05-24T00:00:00.000","U","5104"
"22","2026-05-24T00:00:00.000","U","11418"
"28","2026-05-24T00:00:00.000","U","2249"
"29","2026-05-24T00:00:00.000","U","5662"
"3","2026-05-24T00:00:00.000","U","9888"
"30","2026-05-24T00:00:00.000","U","818"
"34","2026-05-24T00:00:00.000","U","2653"
"35","2026-05-24T00:00:00.000","U","1673"
"36","2026-05-24T00:00:00.000","U","10163"
"39","2026-05-24T00:00:00.000","U","455"
"4","2026-05-24T00:00:00.000","U","10370"
"43","2026-05-24T00:00:00.000","U","311"
"44","2026-05-24T00:00:00.000","U","1057"
"47","2026-05-24T00:00:00.000","U","5648"
"49","2026-05-24T00:00:00.000","U","10752"
"49B","2026-05-24T00:00:00.000","U","2228"
"50","2026-05-24T00:00:00.000","U","4527"
"51","2026-05-24T00:00:00.000","U","529"
"52","2026-05-24T00:00:00.000","U","3346"
"52A","2026-05-24T00:00:00.000","U","1491"
"53","2026-05-24T00:00:00.000","U","11306"
"53A","2026-05-24T00:00:00.000","U","988"
"54","2026-05-24T00:00:00.000","U","5686"
"54B","2026-05-24T00:00:00.000","U","1039"
"55","2026-05-24T00:00:00.000","U","5559"
"56","2026-05-24T00:00:00.000","U","3872"
"57","2026-05-24T00:00:00.000","U","404"
"6","2026-05-24T00:00:00.000","U","6098"
"60","2026-05-24T00:00:00.000","U","6309"
"62","2026-05-24T00:00:00.000","U","4458"
"63","2026-05-24T00:00:00.000","U","8287"
"63W","2026-05-24T00:00:00.000","U","469"
"65","2026-05-24T00:00:00.000","U","4195"
"66","2026-05-24T00:00:00.000","U","11217"
"67","2026-05-24T00:00:00.000","U","4566"
"68","2026-05-24T00:00:00.000","U","332"
"70","2026-05-24T00:00:00.000","U","4305"
"71","2026-05-24T00:00:00.000","U","5043"
"72","2026-05-24T00:00:00.000","U","9551"
"73","2026-05-24T00:00:00.000","U","2516"
"74","2026-05-24T00:00:00.000","U","6260"
"75","2026-05-24T00:00:00.000","U","3833"
"76","2026-05-24T00:00:00.000","U","4762"
"77","2026-05-24T00:00:00.000","U","10082"
"78","2026-05-24T00:00:00.000","U","3866"
"79","2026-05-24T00:00:00.000","U","10734"
"8","2026-05-24T00:00:00.000","U","9236"
"80","2026-05-24T00:00:00.000","U","5366"
"81","2026-05-24T00:00:00.000","U","6857"
"81W","2026-05-24T00:00:00.000","U","753"
"82","2026-05-24T00:00:00.000","U","8652"
"84","2026-05-24T00:00:00.000","U","1025"
"85","2026-05-24T00:00:00.000","U","4516"
"87","2026-05-24T00:00:00.000","U","4195"
"88","2026-05-24T00:00:00.000","U","358"
"8A","2026-05-24T00:00:00.000","U","1410"
"9","2026-05-24T00:00:00.000","U","15662"
"90","2026-05-24T00:00:00.000","U","1883"
"91","2026-05-24T00:00:00.000","U","2159"
"92","2026-05-24T00:00:00.000","U","2820"
"93","2026-05-24T00:00:00.000","U","1909"
"94","2026-05-24T00:00:00.000","U","4386"
"95","2026-05-24T00:00:00.000","U","3976"
"N5","2026-05-23T00:00:00.000","A","347"
"J14","2026-05-23T00:00:00.000","A","5089"
"97","2026-05-23T00:00:00.000","A","1824"
"10","2026-05-23T00:00:00.000","A","130"
"1001","2026-05-23T00:00:00.000","A","26"
"103","2026-05-23T00:00:00.000","A","921"
"106","2026-05-23T00:00:00.000","A","479"
"11","2026-05-23T00:00:00.000","A","553"
"111","2026-05-23T00:00:00.000","A","1097"
"111A","2026-05-23T00:00:00.000","A","210"
"112","2026-05-23T00:00:00.000","A","754"
"115","2026-05-23T00:00:00.000","A","1080"
"119","2026-05-23T00:00:00.000","A","2095"
"12","2026-05-23T00:00:00.000","A","8166"
"124","2026-05-23T00:00:00.000","A","1726"
"126","2026-05-23T00:00:00.000","A","2126"
"130","2026-05-23T00:00:00.000","A","214"
"146","2026-05-23T00:00:00.000","A","10372"
"147","2026-05-23T00:00:00.000","A","8420"
"15","2026-05-23T00:00:00.000","A","4088"
"151","2026-05-23T00:00:00.000","A","14183"
"152","2026-05-23T00:00:00.000","A","4846"
"155","2026-05-23T00:00:00.000","A","4005"
"169","2026-05-23T00:00:00.000","A","1"
"171","2026-05-23T00:00:00.000","A","212"
"172","2026-05-23T00:00:00.000","A","330"
"18","2026-05-23T00:00:00.000","A","2811"
"20","2026-05-23T00:00:00.000","A","9927"
"201","2026-05-23T00:00:00.000","A","782"
"21","2026-05-23T00:00:00.000","A","6888"
"22","2026-05-23T00:00:00.000","A","14890"
"28","2026-05-23T00:00:00.000","A","2122"
"29","2026-05-23T00:00:00.000","A","7964"
"3","2026-05-23T00:00:00.000","A","13090"
"30","2026-05-23T00:00:00.000","A","1615"
"34","2026-05-23T00:00:00.000","A","2296"
"35","2026-05-23T00:00:00.000","A","2385"
"36","2026-05-23T00:00:00.000","A","10747"
"39","2026-05-23T00:00:00.000","A","540"
"4","2026-05-23T00:00:00.000","A","13175"
"43","2026-05-23T00:00:00.000","A","419"
"44","2026-05-23T00:00:00.000","A","1626"
"47","2026-05-23T00:00:00.000","A","7474"
"49","2026-05-23T00:00:00.000","A","13501"
"49B","2026-05-23T00:00:00.000","A","2931"
"50","2026-05-23T00:00:00.000","A","5885"
"51","2026-05-23T00:00:00.000","A","661"
"52","2026-05-23T00:00:00.000","A","4821"
"52A","2026-05-23T00:00:00.000","A","1875"
"53","2026-05-23T00:00:00.000","A","14356"
"53A","2026-05-23T00:00:00.000","A","1415"
"54","2026-05-23T00:00:00.000","A","7488"
"54B","2026-05-23T00:00:00.000","A","2021"
"55","2026-05-23T00:00:00.000","A","6810"
"55N","2026-05-23T00:00:00.000","A","251"
"56","2026-05-23T00:00:00.000","A","4848"
"57","2026-05-23T00:00:00.000","A","907"
"59","2026-05-23T00:00:00.000","A","1412"
"6","2026-05-23T00:00:00.000","A","6100"
"60","2026-05-23T00:00:00.000","A","6533"
"62","2026-05-23T00:00:00.000","A","5463"
"62H","2026-05-23T00:00:00.000","A","500"
"63","2026-05-23T00:00:00.000","A","9884"
"63W","2026-05-23T00:00:00.000","A","704"
"65","2026-05-23T00:00:00.000","A","5581"
"66","2026-05-23T00:00:00.000","A","13803"
"67","2026-05-23T00:00:00.000","A","5379"
"68","2026-05-23T00:00:00.000","A","416"
"70","2026-05-23T00:00:00.000","A","5025"
"71","2026-05-23T00:00:00.000","A","6204"
"72","2026-05-23T00:00:00.000","A","10846"
"73","2026-05-23T00:00:00.000","A","2963"
"74","2026-05-23T00:00:00.000","A","7827"
"75","2026-05-23T00:00:00.000","A","4834"
"76","2026-05-23T00:00:00.000","A","7009"
"77","2026-05-23T00:00:00.000","A","11939"
"78","2026-05-23T00:00:00.000","A","4694"
"79","2026-05-23T00:00:00.000","A","13401"
"8","2026-05-23T00:00:00.000","A","12042"
"80","2026-05-23T00:00:00.000","A","6809"
"81","2026-05-23T00:00:00.000","A","8133"
"81W","2026-05-23T00:00:00.000","A","993"
"82","2026-05-23T00:00:00.000","A","9866"
"84","2026-05-23T00:00:00.000","A","1384"
"85","2026-05-23T00:00:00.000","A","6051"
"85A","2026-05-23T00:00:00.000","A","322"
"87","2026-05-23T00:00:00.000","A","6399"
"88","2026-05-23T00:00:00.000","A","439"
"8A","2026-05-23T00:00:00.000","A","2412"
"9","2026-05-23T00:00:00.000","A","19384"
"90","2026-05-23T00:00:00.000","A","2798"
"91","2026-05-23T00:00:00.000","A","2663"
"92","2026-05-23T00:00:00.000","A","3525"
"93","2026-05-23T00:00:00.000","A","2485"
"94","2026-05-23T00:00:00.000","A","5345"
"95","2026-05-23T00:00:00.000","A","4047"
"X9","2026-05-22T00:00:00.000","W","5653"
"X49","2026-05-22T00:00:00.000","W","4453"
"X4","2026-05-22T00:00:00.000","W","2934"
"N5","2026-05-22T00:00:00.000","W","270"
"J14","2026-05-22T00:00:00.000","W","7910"
"97","2026-05-22T00:00:00.000","W","2040"
"96","2026-05-22T00:00:00.000","W","557"
"1","2026-05-22T00:00:00.000","W","884"
"100","2026-05-22T00:00:00.000","W","421"
"1001","2026-05-22T00:00:00.000","W","19"
"103","2026-05-22T00:00:00.000","W","1613"
"106","2026-05-22T00:00:00.000","W","604"
"108","2026-05-22T00:00:00.000","W","626"
"11","2026-05-22T00:00:00.000","W","1066"
"111","2026-05-22T00:00:00.000","W","1902"
"111A","2026-05-22T00:00:00.000","W","320"
"112","2026-05-22T00:00:00.000","W","1297"
"115","2026-05-22T00:00:00.000","W","1675"
"119","2026-05-22T00:00:00.000","W","2455"
"12","2026-05-22T00:00:00.000","W","9982"
"120","2026-05-22T00:00:00.000","W","557"
"121","2026-05-22T00:00:00.000","W","631"
"124","2026-05-22T00:00:00.000","W","1354"
"125","2026-05-22T00:00:00.000","W","341"
"126","2026-05-22T00:00:00.000","W","3687"
"134","2026-05-22T00:00:00.000","W","655"
"135","2026-05-22T00:00:00.000","W","763"
"136","2026-05-22T00:00:00.000","W","640"
"143","2026-05-22T00:00:00.000","W","704"
"146","2026-05-22T00:00:00.000","W","9977"
"147","2026-05-22T00:00:00.000","W","9107"
"148","2026-05-22T00:00:00.000","W","977"
"15","2026-05-22T00:00:00.000","W","6031"
"151","2026-05-22T00:00:00.000","W","12202"
"152","2026-05-22T00:00:00.000","W","8094"
"155","2026-05-22T00:00:00.000","W","4904"
"156","2026-05-22T00:00:00.000","W","3269"
"157","2026-05-22T00:00:00.000","W","4349"
"165","2026-05-22T00:00:00.000","W","128"
"169","2026-05-22T00:00:00.000","W","79"
"171","2026-05-22T00:00:00.000","W","320"
"172","2026-05-22T00:00:00.000","W","1303"
"18","2026-05-22T00:00:00.000","W","3444"
"192","2026-05-22T00:00:00.000","W","332"
"2","2026-05-22T00:00:00.000","W","1592"
"20","2026-05-22T00:00:00.000","W","14410"
"201","2026-05-22T00:00:00.000","W","1267"
"206","2026-05-22T00:00:00.000","W","131"
"21","2026-05-22T00:00:00.000","W","8516"
"22","2026-05-22T00:00:00.000","W","14322"
"24","2026-05-22T00:00:00.000","W","2298"
"26","2026-05-22T00:00:00.000","W","2728"
"28","2026-05-22T00:00:00.000","W","4491"
"29","2026-05-22T00:00:00.000","W","8903"
"3","2026-05-22T00:00:00.000","W","15906"
"30","2026-05-22T00:00:00.000","W","2362"
"31","2026-05-22T00:00:00.000","W","565"
"34","2026-05-22T00:00:00.000","W","3742"
"35","2026-05-22T00:00:00.000","W","3791"
"36","2026-05-22T00:00:00.000","W","10877"
"37","2026-05-22T00:00:00.000","W","1051"
"39","2026-05-22T00:00:00.000","W","1275"
"4","2026-05-22T00:00:00.000","W","15045"
"43","2026-05-22T00:00:00.000","W","856"
"44","2026-05-22T00:00:00.000","W","3114"
"47","2026-05-22T00:00:00.000","W","10278"
"48","2026-05-22T00:00:00.000","W","929"
"49","2026-05-22T00:00:00.000","W","15758"
"49B","2026-05-22T00:00:00.000","W","3785"
"50","2026-05-22T00:00:00.000","W","8564"
"51","2026-05-22T00:00:00.000","W","1061"
"52","2026-05-22T00:00:00.000","W","7234"
"52A","2026-05-22T00:00:00.000","W","3579"
"53","2026-05-22T00:00:00.000","W","19430"
"53A","2026-05-22T00:00:00.000","W","3058"
"54","2026-05-22T00:00:00.000","W","9302"
"54A","2026-05-22T00:00:00.000","W","488"
"54B","2026-05-22T00:00:00.000","W","2331"
"55","2026-05-22T00:00:00.000","W","8816"
"55A","2026-05-22T00:00:00.000","W","155"
"55N","2026-05-22T00:00:00.000","W","350"
"56","2026-05-22T00:00:00.000","W","6633"
"57","2026-05-22T00:00:00.000","W","2109"
"59","2026-05-22T00:00:00.000","W","2957"
"6","2026-05-22T00:00:00.000","W","6250"
"60","2026-05-22T00:00:00.000","W","9888"
"62","2026-05-22T00:00:00.000","W","8224"
"62H","2026-05-22T00:00:00.000","W","760"
"63","2026-05-22T00:00:00.000","W","14941"
"63W","2026-05-22T00:00:00.000","W","1033"
"65","2026-05-22T00:00:00.000","W","6548"
"66","2026-05-22T00:00:00.000","W","17250"
"67","2026-05-22T00:00:00.000","W","7811"
"68","2026-05-22T00:00:00.000","W","987"
"7","2026-05-22T00:00:00.000","W","3360"
"70","2026-05-22T00:00:00.000","W","7234"
"71","2026-05-22T00:00:00.000","W","7352"
"72","2026-05-22T00:00:00.000","W","12824"
"73","2026-05-22T00:00:00.000","W","4478"
"74","2026-05-22T00:00:00.000","W","9744"
"75","2026-05-22T00:00:00.000","W","5663"
"76","2026-05-22T00:00:00.000","W","9615"
"77","2026-05-22T00:00:00.000","W","14552"
"78","2026-05-22T00:00:00.000","W","6130"
"79","2026-05-22T00:00:00.000","W","18168"
"8","2026-05-22T00:00:00.000","W","15251"
"80","2026-05-22T00:00:00.000","W","8960"
"81","2026-05-22T00:00:00.000","W","9479"
"81W","2026-05-22T00:00:00.000","W","1489"
"82","2026-05-22T00:00:00.000","W","14229"
"84","2026-05-22T00:00:00.000","W","3134"
"85","2026-05-22T00:00:00.000","W","8822"
"85A","2026-05-22T00:00:00.000","W","623"
"86","2026-05-22T00:00:00.000","W","2159"
"87","2026-05-22T00:00:00.000","W","8262"
"88","2026-05-22T00:00:00.000","W","914"
"8A","2026-05-22T00:00:00.000","W","2919"
"9","2026-05-22T00:00:00.000","W","20219"
"90","2026-05-22T00:00:00.000","W","3628"
"91","2026-05-22T00:00:00.000","W","4525"
"92","2026-05-22T00:00:00.000","W","5547"
"93","2026-05-22T00:00:00.000","W","4103"
"94","2026-05-22T00:00:00.000","W","10340"
"95","2026-05-22T00:00:00.000","W","5920"
"X9","2026-05-21T00:00:00.000","W","6168"
"X49","2026-05-21T00:00:00.000","W","4909"
"X4","2026-05-21T00:00:00.000","W","3193"
"N5","2026-05-21T00:00:00.000","W","333"
"J14","2026-05-21T00:00:00.000","W","7747"
"97","2026-05-21T00:00:00.000","W","2191"
"96","2026-05-21T00:00:00.000","W","771"
"1","2026-05-21T00:00:00.000","W","1251"
"100","2026-05-21T00:00:00.000","W","500"
"1001","2026-05-21T00:00:00.000","W","13"
"103","2026-05-21T00:00:00.000","W","1693"
"106","2026-05-21T00:00:00.000","W","963"
"108","2026-05-21T00:00:00.000","W","899"
"11","2026-05-21T00:00:00.000","W","1079"
"111","2026-05-21T00:00:00.000","W","2035"
"111A","2026-05-21T00:00:00.000","W","322"
"112","2026-05-21T00:00:00.000","W","1227"
"115","2026-05-21T00:00:00.000","W","2018"
"119","2026-05-21T00:00:00.000","W","2775"
"12","2026-05-21T00:00:00.000","W","10460"
"120","2026-05-21T00:00:00.000","W","853"
"121","2026-05-21T00:00:00.000","W","1281"
"124","2026-05-21T00:00:00.000","W","1275"
"125","2026-05-21T00:00:00.000","W","611"
"126","2026-05-21T00:00:00.000","W","4183"
"134","2026-05-21T00:00:00.000","W","2046"
"135","2026-05-21T00:00:00.000","W","1890"
"136","2026-05-21T00:00:00.000","W","1263"
"143","2026-05-21T00:00:00.000","W","1148"
"146","2026-05-21T00:00:00.000","W","10305"
"147","2026-05-21T00:00:00.000","W","9469"
"148","2026-05-21T00:00:00.000","W","1349"
"15","2026-05-21T00:00:00.000","W","5783"
"151","2026-05-21T00:00:00.000","W","13166"
"152","2026-05-21T00:00:00.000","W","7930"
"155","2026-05-21T00:00:00.000","W","5046"
"156","2026-05-21T00:00:00.000","W","5136"
"157","2026-05-21T00:00:00.000","W","4713"
"165","2026-05-21T00:00:00.000","W","125"
"169","2026-05-21T00:00:00.000","W","191"
"171","2026-05-21T00:00:00.000","W","899"
"172","2026-05-21T00:00:00.000","W","1767"
"18","2026-05-21T00:00:00.000","W","3307"
"192","2026-05-21T00:00:00.000","W","425"
"2","2026-05-21T00:00:00.000","W","2092"
"20","2026-05-21T00:00:00.000","W","14756"
"201","2026-05-21T00:00:00.000","W","1435"
"206","2026-05-21T00:00:00.000","W","268"
"21","2026-05-21T00:00:00.000","W","8400"
"22","2026-05-21T00:00:00.000","W","14957"
"24","2026-05-21T00:00:00.000","W","2267"
"26","2026-05-21T00:00:00.000","W","3086"
"28","2026-05-21T00:00:00.000","W","5324"
"29","2026-05-21T00:00:00.000","W","8907"
"3","2026-05-21T00:00:00.000","W","16027"
"30","2026-05-21T00:00:00.000","W","2934"
"31","2026-05-21T00:00:00.000","W","594"
"34","2026-05-21T00:00:00.000","W","4001"
"35","2026-05-21T00:00:00.000","W","3839"
"36","2026-05-21T00:00:00.000","W","10019"
"37","2026-05-21T00:00:00.000","W","1753"
"39","2026-05-21T00:00:00.000","W","1418"
"4","2026-05-21T00:00:00.000","W","15146"
"43","2026-05-21T00:00:00.000","W","969"
"44","2026-05-21T00:00:00.000","W","2806"
"47","2026-05-21T00:00:00.000","W","10251"
"48","2026-05-21T00:00:00.000","W","997"
"49","2026-05-21T00:00:00.000","W","15264"
"49B","2026-05-21T00:00:00.000","W","3860"
"50","2026-05-21T00:00:00.000","W","8329"
"51","2026-05-21T00:00:00.000","W","1399"
"52","2026-05-21T00:00:00.000","W","7760"
"52A","2026-05-21T00:00:00.000","W","3547"
"53","2026-05-21T00:00:00.000","W","19688"
"53A","2026-05-21T00:00:00.000","W","2922"
"54","2026-05-21T00:00:00.000","W","8803"
"54A","2026-05-21T00:00:00.000","W","514"
"54B","2026-05-21T00:00:00.000","W","2337"
"55","2026-05-21T00:00:00.000","W","8600"
"55A","2026-05-21T00:00:00.000","W","148"
"55N","2026-05-21T00:00:00.000","W","451"
"56","2026-05-21T00:00:00.000","W","7393"
"57","2026-05-21T00:00:00.000","W","1620"
"59","2026-05-21T00:00:00.000","W","3221"
"6","2026-05-21T00:00:00.000","W","6353"
"60","2026-05-21T00:00:00.000","W","10674"
"62","2026-05-21T00:00:00.000","W","8288"
"62H","2026-05-21T00:00:00.000","W","769"
"63","2026-05-21T00:00:00.000","W","14175"
"63W","2026-05-21T00:00:00.000","W","1164"
"65","2026-05-21T00:00:00.000","W","6534"
"66","2026-05-21T00:00:00.000","W","17784"
"67","2026-05-21T00:00:00.000","W","7727"
"68","2026-05-21T00:00:00.000","W","1036"
"7","2026-05-21T00:00:00.000","W","3573"
"70","2026-05-21T00:00:00.000","W","7385"
"71","2026-05-21T00:00:00.000","W","7420"
"72","2026-05-21T00:00:00.000","W","12549"
"73","2026-05-21T00:00:00.000","W","4753"
"74","2026-05-21T00:00:00.000","W","9780"
"75","2026-05-21T00:00:00.000","W","5926"
"76","2026-05-21T00:00:00.000","W","9468"
"77","2026-05-21T00:00:00.000","W","15600"
"78","2026-05-21T00:00:00.000","W","6255"
"79","2026-05-21T00:00:00.000","W","19708"
"8","2026-05-21T00:00:00.000","W","15714"
"80","2026-05-21T00:00:00.000","W","8895"
"81","2026-05-21T00:00:00.000","W","9587"
"81W","2026-05-21T00:00:00.000","W","1514"
"82","2026-05-21T00:00:00.000","W","14846"
"84","2026-05-21T00:00:00.000","W","3239"
"85","2026-05-21T00:00:00.000","W","8545"
"85A","2026-05-21T00:00:00.000","W","721"
"86","2026-05-21T00:00:00.000","W","2289"
"87","2026-05-21T00:00:00.000","W","7304"
"88","2026-05-21T00:00:00.000","W","985"
"8A","2026-05-21T00:00:00.000","W","2403"
"9","2026-05-21T00:00:00.000","W","20041"
"90","2026-05-21T00:00:00.000","W","3349"
"91","2026-05-21T00:00:00.000","W","4759"
"92","2026-05-21T00:00:00.000","W","5659"
"93","2026-05-21T00:00:00.000","W","4429"
"94","2026-05-21T00:00:00.000","W","10477"
"95","2026-05-21T00:00:00.000","W","5281"
"X9","2026-05-20T00:00:00.000","W","6027"
"X49","2026-05-20T00:00:00.000","W","5103"
"X4","2026-05-20T00:00:00.000","W","3210"
"N5","2026-05-20T00:00:00.000","W","360"
"J14","2026-05-20T00:00:00.000","W","8745"
"97","2026-05-20T00:00:00.000","W","2301"
"1","2026-05-20T00:00:00.000","W","1428"
"10","2026-05-20T00:00:00.000","W","2"
"100","2026-05-20T00:00:00.000","W","538"
"1001","2026-05-20T00:00:00.000","W","32"
"103","2026-05-20T00:00:00.000","W","1754"
"106","2026-05-20T00:00:00.000","W","1109"
"108","2026-05-20T00:00:00.000","W","853"
"11","2026-05-20T00:00:00.000","W","1065"
"111","2026-05-20T00:00:00.000","W","1944"
"111A","2026-05-20T00:00:00.000","W","388"
"112","2026-05-20T00:00:00.000","W","1503"
"115","2026-05-20T00:00:00.000","W","2011"
"119","2026-05-20T00:00:00.000","W","2813"
"12","2026-05-20T00:00:00.000","W","10665"
"120","2026-05-20T00:00:00.000","W","1043"
"121","2026-05-20T00:00:00.000","W","1435"
"124","2026-05-20T00:00:00.000","W","1046"
"125","2026-05-20T00:00:00.000","W","533"
"126","2026-05-20T00:00:00.000","W","4565"
"134","2026-05-20T00:00:00.000","W","2430"
"135","2026-05-20T00:00:00.000","W","2390"
"136","2026-05-20T00:00:00.000","W","1462"
"143","2026-05-20T00:00:00.000","W","1089"
"146","2026-05-20T00:00:00.000","W","12303"
"147","2026-05-20T00:00:00.000","W","10245"
"148","2026-05-20T00:00:00.000","W","1645"
"15","2026-05-20T00:00:00.000","W","5250"
"151","2026-05-20T00:00:00.000","W","14074"
"152","2026-05-20T00:00:00.000","W","9006"
"155","2026-05-20T00:00:00.000","W","5172"
"156","2026-05-20T00:00:00.000","W","4977"
"157","2026-05-20T00:00:00.000","W","5114"
"165","2026-05-20T00:00:00.000","W","181"
"169","2026-05-20T00:00:00.000","W","47"
"171","2026-05-20T00:00:00.000","W","69"
"172","2026-05-20T00:00:00.000","W","1318"
"18","2026-05-20T00:00:00.000","W","3413"
"192","2026-05-20T00:00:00.000","W","663"
"2","2026-05-20T00:00:00.000","W","2012"
"20","2026-05-20T00:00:00.000","W","15281"
"201","2026-05-20T00:00:00.000","W","1441"
"206","2026-05-20T00:00:00.000","W","281"
"21","2026-05-20T00:00:00.000","W","8394"
"22","2026-05-20T00:00:00.000","W","14926"
"24","2026-05-20T00:00:00.000","W","2360"
"26","2026-05-20T00:00:00.000","W","3487"
"28","2026-05-20T00:00:00.000","W","4506"
"29","2026-05-20T00:00:00.000","W","8262"
"3","2026-05-20T00:00:00.000","W","15841"
"30","2026-05-20T00:00:00.000","W","2574"
"31","2026-05-20T00:00:00.000","W","626"
"34","2026-05-20T00:00:00.000","W","4056"
"35","2026-05-20T00:00:00.000","W","4146"
"36","2026-05-20T00:00:00.000","W","10364"
"37","2026-05-20T00:00:00.000","W","2016"
"39","2026-05-20T00:00:00.000","W","1341"
"4","2026-05-20T00:00:00.000","W","16370"
"43","2026-05-20T00:00:00.000","W","1046"
"44","2026-05-20T00:00:00.000","W","2974"
"47","2026-05-20T00:00:00.000","W","10167"
"48","2026-05-20T00:00:00.000","W","961"
"49","2026-05-20T00:00:00.000","W","15196"
"49B","2026-05-20T00:00:00.000","W","4027"
"50","2026-05-20T00:00:00.000","W","8987"
"51","2026-05-20T00:00:00.000","W","1207"
"52","2026-05-20T00:00:00.000","W","7961"
"52A","2026-05-20T00:00:00.000","W","3761"
"53","2026-05-20T00:00:00.000","W","20399"
"53A","2026-05-20T00:00:00.000","W","2906"
"54","2026-05-20T00:00:00.000","W","9587"
"54A","2026-05-20T00:00:00.000","W","604"
"54B","2026-05-20T00:00:00.000","W","2197"
"55","2026-05-20T00:00:00.000","W","9576"
"55A","2026-05-20T00:00:00.000","W","193"
"55N","2026-05-20T00:00:00.000","W","343"
"56","2026-05-20T00:00:00.000","W","7264"
"57","2026-05-20T00:00:00.000","W","1951"
"59","2026-05-20T00:00:00.000","W","2924"
"6","2026-05-20T00:00:00.000","W","6842"
"60","2026-05-20T00:00:00.000","W","11210"
"62","2026-05-20T00:00:00.000","W","8474"
"62H","2026-05-20T00:00:00.000","W","857"
"63","2026-05-20T00:00:00.000","W","13694"
"63W","2026-05-20T00:00:00.000","W","1391"
"65","2026-05-20T00:00:00.000","W","7113"
"66","2026-05-20T00:00:00.000","W","17884"
"67","2026-05-20T00:00:00.000","W","6897"
"68","2026-05-20T00:00:00.000","W","1002"
"7","2026-05-20T00:00:00.000","W","3923"
"70","2026-05-20T00:00:00.000","W","7478"
"71","2026-05-20T00:00:00.000","W","8392"
"72","2026-05-20T00:00:00.000","W","12815"
"73","2026-05-20T00:00:00.000","W","4621"
"74","2026-05-20T00:00:00.000","W","10777"
"75","2026-05-20T00:00:00.000","W","6408"
"76","2026-05-20T00:00:00.000","W","10123"
"77","2026-05-20T00:00:00.000","W","16072"
"78","2026-05-20T00:00:00.000","W","6285"
"79","2026-05-20T00:00:00.000","W","20343"
"8","2026-05-20T00:00:00.000","W","15937"
"80","2026-05-20T00:00:00.000","W","8708"
"81","2026-05-20T00:00:00.000","W","9115"
"81W","2026-05-20T00:00:00.000","W","1222"
"82","2026-05-20T00:00:00.000","W","15612"
"84","2026-05-20T00:00:00.000","W","3428"
"85","2026-05-20T00:00:00.000","W","9060"
"85A","2026-05-20T00:00:00.000","W","661"
"86","2026-05-20T00:00:00.000","W","2011"
"87","2026-05-20T00:00:00.000","W","8385"
"88","2026-05-20T00:00:00.000","W","1006"
"8A","2026-05-20T00:00:00.000","W","2093"
"9","2026-05-20T00:00:00.000","W","20455"
"90","2026-05-20T00:00:00.000","W","3782"
"91","2026-05-20T00:00:00.000","W","4594"
"92","2026-05-20T00:00:00.000","W","5616"
"93","2026-05-20T00:00:00.000","W","4498"
"94","2026-05-20T00:00:00.000","W","10715"
"95","2026-05-20T00:00:00.000","W","6119"
"96","2026-05-20T00:00:00.000","W","637"
"X9","2026-05-19T00:00:00.000","W","5906"
"X49","2026-05-19T00:00:00.000","W","4595"
"X4","2026-05-19T00:00:00.000","W","2854"
"N5","2026-05-19T00:00:00.000","W","396"
"J14","2026-05-19T00:00:00.000","W","8758"
"97","2026-05-19T00:00:00.000","W","2155"
"1","2026-05-19T00:00:00.000","W","1423"
"100","2026-05-19T00:00:00.000","W","452"
"1001","2026-05-19T00:00:00.000","W","10"
"103","2026-05-19T00:00:00.000","W","1336"
"106","2026-05-19T00:00:00.000","W","839"
"108","2026-05-19T00:00:00.000","W","810"
"11","2026-05-19T00:00:00.000","W","1152"
"111","2026-05-19T00:00:00.000","W","1598"
"111A","2026-05-19T00:00:00.000","W","309"
"112","2026-05-19T00:00:00.000","W","1444"
"115","2026-05-19T00:00:00.000","W","1984"
"119","2026-05-19T00:00:00.000","W","2902"
"12","2026-05-19T00:00:00.000","W","10898"
"120","2026-05-19T00:00:00.000","W","1122"
"121","2026-05-19T00:00:00.000","W","1475"
"124","2026-05-19T00:00:00.000","W","979"
"125","2026-05-19T00:00:00.000","W","635"
"126","2026-05-19T00:00:00.000","W","4477"
"134","2026-05-19T00:00:00.000","W","2580"
"135","2026-05-19T00:00:00.000","W","2545"
"136","2026-05-19T00:00:00.000","W","1517"
"143","2026-05-19T00:00:00.000","W","1129"
"146","2026-05-19T00:00:00.000","W","10642"
"147","2026-05-19T00:00:00.000","W","10106"
"148","2026-05-19T00:00:00.000","W","1586"
"15","2026-05-19T00:00:00.000","W","5620"
"151","2026-05-19T00:00:00.000","W","13912"
"152","2026-05-19T00:00:00.000","W","8233"
"155","2026-05-19T00:00:00.000","W","5005"
"156","2026-05-19T00:00:00.000","W","5330"
"157","2026-05-19T00:00:00.000","W","5018"
"165","2026-05-19T00:00:00.000","W","157"
"169","2026-05-19T00:00:00.000","W","74"
"171","2026-05-19T00:00:00.000","W","986"
"172","2026-05-19T00:00:00.000","W","1394"
"18","2026-05-19T00:00:00.000","W","3570"
"192","2026-05-19T00:00:00.000","W","551"
"2","2026-05-19T00:00:00.000","W","2058"
"20","2026-05-19T00:00:00.000","W","15174"
"201","2026-05-19T00:00:00.000","W","1440"
"206","2026-05-19T00:00:00.000","W","273"
"21","2026-05-19T00:00:00.000","W","8506"
"22","2026-05-19T00:00:00.000","W","15341"
"24","2026-05-19T00:00:00.000","W","2198"
"26","2026-05-19T00:00:00.000","W","3205"
"28","2026-05-19T00:00:00.000","W","4621"
"29","2026-05-19T00:00:00.000","W","8697"
"3","2026-05-19T00:00:00.000","W","17234"
"30","2026-05-19T00:00:00.000","W","2868"
"31","2026-05-19T00:00:00.000","W","527"
"34","2026-05-19T00:00:00.000","W","3823"
"35","2026-05-19T00:00:00.000","W","3539"
"36","2026-05-19T00:00:00.000","W","10122"
"37","2026-05-19T00:00:00.000","W","2063"
"39","2026-05-19T00:00:00.000","W","1604"
"4","2026-05-19T00:00:00.000","W","15401"
"43","2026-05-19T00:00:00.000","W","875"
"44","2026-05-19T00:00:00.000","W","2824"
"47","2026-05-19T00:00:00.000","W","10546"
"48","2026-05-19T00:00:00.000","W","904"
"49","2026-05-19T00:00:00.000","W","15469"
"49B","2026-05-19T00:00:00.000","W","4012"
"50","2026-05-19T00:00:00.000","W","8946"
"51","2026-05-19T00:00:00.000","W","1161"
"52","2026-05-19T00:00:00.000","W","7938"
"52A","2026-05-19T00:00:00.000","W","3384"
"53","2026-05-19T00:00:00.000","W","20204"
"53A","2026-05-19T00:00:00.000","W","2845"
"54","2026-05-19T00:00:00.000","W","9389"
"54A","2026-05-19T00:00:00.000","W","572"
"54B","2026-05-19T00:00:00.000","W","2121"
"55","2026-05-19T00:00:00.000","W","8035"
"55A","2026-05-19T00:00:00.000","W","227"
"55N","2026-05-19T00:00:00.000","W","415"
"56","2026-05-19T00:00:00.000","W","7529"
"57","2026-05-19T00:00:00.000","W","1249"
"59","2026-05-19T00:00:00.000","W","2873"
"6","2026-05-19T00:00:00.000","W","6570"
"60","2026-05-19T00:00:00.000","W","10919"
"62","2026-05-19T00:00:00.000","W","8422"
"62H","2026-05-19T00:00:00.000","W","801"
"63","2026-05-19T00:00:00.000","W","14668"
"63W","2026-05-19T00:00:00.000","W","1343"
"65","2026-05-19T00:00:00.000","W","6466"
"66","2026-05-19T00:00:00.000","W","17664"
"67","2026-05-19T00:00:00.000","W","9028"
"68","2026-05-19T00:00:00.000","W","1066"
"7","2026-05-19T00:00:00.000","W","3715"
"70","2026-05-19T00:00:00.000","W","7849"
"71","2026-05-19T00:00:00.000","W","6803"
"72","2026-05-19T00:00:00.000","W","12678"
"73","2026-05-19T00:00:00.000","W","4660"
"74","2026-05-19T00:00:00.000","W","10473"
"75","2026-05-19T00:00:00.000","W","6221"
"76","2026-05-19T00:00:00.000","W","9534"
"77","2026-05-19T00:00:00.000","W","15706"
"78","2026-05-19T00:00:00.000","W","6121"
"79","2026-05-19T00:00:00.000","W","19055"
"8","2026-05-19T00:00:00.000","W","15378"
"80","2026-05-19T00:00:00.000","W","9238"
"81","2026-05-19T00:00:00.000","W","9473"
"81W","2026-05-19T00:00:00.000","W","1545"
"82","2026-05-19T00:00:00.000","W","14624"
"84","2026-05-19T00:00:00.000","W","3318"
"85","2026-05-19T00:00:00.000","W","8806"
"85A","2026-05-19T00:00:00.000","W","714"
"86","2026-05-19T00:00:00.000","W","2272"
"87","2026-05-19T00:00:00.000","W","9150"
"88","2026-05-19T00:00:00.000","W","997"
"8A","2026-05-19T00:00:00.000","W","2509"
"9","2026-05-19T00:00:00.000","W","20352"
"90","2026-05-19T00:00:00.000","W","3549"
"91","2026-05-19T00:00:00.000","W","4618"
"92","2026-05-19T00:00:00.000","W","5794"
"93","2026-05-19T00:00:00.000","W","4457"
"94","2026-05-19T00:00:00.000","W","10037"
"95","2026-05-19T00:00:00.000","W","5719"
"96","2026-05-19T00:00:00.000","W","749"
"X9","2026-05-18T00:00:00.000","W","5339"
"X49","2026-05-18T00:00:00.000","W","4313"
"X4","2026-05-18T00:00:00.000","W","2745"
"1","2026-05-18T00:00:00.000","W","1125"
"100","2026-05-18T00:00:00.000","W","451"
"1001","2026-05-18T00:00:00.000","W","88"
"103","2026-05-18T00:00:00.000","W","1495"
"106","2026-05-18T00:00:00.000","W","891"
"108","2026-05-18T00:00:00.000","W","770"
"11","2026-05-18T00:00:00.000","W","975"
"111","2026-05-18T00:00:00.000","W","2339"
"111A","2026-05-18T00:00:00.000","W","259"
"112","2026-05-18T00:00:00.000","W","1286"
"115","2026-05-18T00:00:00.000","W","1900"
"119","2026-05-18T00:00:00.000","W","2595"
"12","2026-05-18T00:00:00.000","W","10217"
"120","2026-05-18T00:00:00.000","W","881"
"121","2026-05-18T00:00:00.000","W","1172"
"124","2026-05-18T00:00:00.000","W","985"
"125","2026-05-18T00:00:00.000","W","436"
"126","2026-05-18T00:00:00.000","W","4001"
"134","2026-05-18T00:00:00.000","W","1570"
"135","2026-05-18T00:00:00.000","W","1716"
"136","2026-05-18T00:00:00.000","W","1038"
"143","2026-05-18T00:00:00.000","W","866"
"146","2026-05-18T00:00:00.000","W","9423"
"147","2026-05-18T00:00:00.000","W","9025"
"148","2026-05-18T00:00:00.000","W","1241"
"15","2026-05-18T00:00:00.000","W","5512"
"151","2026-05-18T00:00:00.000","W","12026"
"152","2026-05-18T00:00:00.000","W","8022"
"155","2026-05-18T00:00:00.000","W","4949"
"156","2026-05-18T00:00:00.000","W","3774"
"157","2026-05-18T00:00:00.000","W","4353"
"165","2026-05-18T00:00:00.000","W","129"
"169","2026-05-18T00:00:00.000","W","71"
"171","2026-05-18T00:00:00.000","W","955"
"172","2026-05-18T00:00:00.000","W","1350"
"18","2026-05-18T00:00:00.000","W","3319"
"192","2026-05-18T00:00:00.000","W","505"
"2","2026-05-18T00:00:00.000","W","1778"
"20","2026-05-18T00:00:00.000","W","14841"
"201","2026-05-18T00:00:00.000","W","1337"
"206","2026-05-18T00:00:00.000","W","265"
"21","2026-05-18T00:00:00.000","W","7777"
"22","2026-05-18T00:00:00.000","W","13632"
"24","2026-05-18T00:00:00.000","W","2110"
"26","2026-05-18T00:00:00.000","W","3215"
"28","2026-05-18T00:00:00.000","W","4336"
"29","2026-05-18T00:00:00.000","W","7840"
"3","2026-05-18T00:00:00.000","W","16567"
"30","2026-05-18T00:00:00.000","W","2475"
"31","2026-05-18T00:00:00.000","W","498"
"34","2026-05-18T00:00:00.000","W","3264"
"35","2026-05-18T00:00:00.000","W","3461"
"36","2026-05-18T00:00:00.000","W","9551"
"37","2026-05-18T00:00:00.000","W","1569"
"39","2026-05-18T00:00:00.000","W","1382"
"4","2026-05-18T00:00:00.000","W","14570"
"43","2026-05-18T00:00:00.000","W","579"
"44","2026-05-18T00:00:00.000","W","2735"
"47","2026-05-18T00:00:00.000","W","9272"
"48","2026-05-18T00:00:00.000","W","915"
"49","2026-05-18T00:00:00.000","W","14039"
"49B","2026-05-18T00:00:00.000","W","3860"
"50","2026-05-18T00:00:00.000","W","8081"
"51","2026-05-18T00:00:00.000","W","1093"
"52","2026-05-18T00:00:00.000","W","7067"
"52A","2026-05-18T00:00:00.000","W","3440"
"53","2026-05-18T00:00:00.000","W","18658"
"53A","2026-05-18T00:00:00.000","W","3036"
"54","2026-05-18T00:00:00.000","W","8437"
"54A","2026-05-18T00:00:00.000","W","422"
"54B","2026-05-18T00:00:00.000","W","1633"
"55","2026-05-18T00:00:00.000","W","8284"
"55A","2026-05-18T00:00:00.000","W","172"
"55N","2026-05-18T00:00:00.000","W","383"
"56","2026-05-18T00:00:00.000","W","6402"
"57","2026-05-18T00:00:00.000","W","1562"
"59","2026-05-18T00:00:00.000","W","2585"
"6","2026-05-18T00:00:00.000","W","6519"
"60","2026-05-18T00:00:00.000","W","9994"
"62","2026-05-18T00:00:00.000","W","7227"
"62H","2026-05-18T00:00:00.000","W","741"
"63","2026-05-18T00:00:00.000","W","14364"
"63W","2026-05-18T00:00:00.000","W","1324"
"65","2026-05-18T00:00:00.000","W","6208"
"66","2026-05-18T00:00:00.000","W","16779"
"67","2026-05-18T00:00:00.000","W","7266"
"68","2026-05-18T00:00:00.000","W","921"
"7","2026-05-18T00:00:00.000","W","3352"
"70","2026-05-18T00:00:00.000","W","6853"
"71","2026-05-18T00:00:00.000","W","7055"
"72","2026-05-18T00:00:00.000","W","11277"
"73","2026-05-18T00:00:00.000","W","4540"
"74","2026-05-18T00:00:00.000","W","9706"
"75","2026-05-18T00:00:00.000","W","6236"
"76","2026-05-18T00:00:00.000","W","8795"
"77","2026-05-18T00:00:00.000","W","14470"
"78","2026-05-18T00:00:00.000","W","5913"
"79","2026-05-18T00:00:00.000","W","19136"
"8","2026-05-18T00:00:00.000","W","13961"
"80","2026-05-18T00:00:00.000","W","8393"
"81","2026-05-18T00:00:00.000","W","9214"
"81W","2026-05-18T00:00:00.000","W","1413"
"82","2026-05-18T00:00:00.000","W","14246"
"84","2026-05-18T00:00:00.000","W","3213"
"85","2026-05-18T00:00:00.000","W","8266"
"85A","2026-05-18T00:00:00.000","W","824"
"86","2026-05-18T00:00:00.000","W","2158"
"87","2026-05-18T00:00:00.000","W","7314"
"88","2026-05-18T00:00:00.000","W","952"
"8A","2026-05-18T00:00:00.000","W","2308"
"9","2026-05-18T00:00:00.000","W","17704"
"90","2026-05-18T00:00:00.000","W","2847"
"91","2026-05-18T00:00:00.000","W","4268"
"92","2026-05-18T00:00:00.000","W","5184"
"93","2026-05-18T00:00:00.000","W","4049"
"94","2026-05-18T00:00:00.000","W","9313"
"95","2026-05-18T00:00:00.000","W","5212"
"96","2026-05-18T00:00:00.000","W","619"
"97","2026-05-18T00:00:00.000","W","2175"
"J14","2026-05-18T00:00:00.000","W","7837"
"N5","2026-05-18T00:00:00.000","W","347"
"1001","2026-05-17T00:00:00.000","U","687"
"103","2026-05-17T00:00:00.000","U","777"
"106","2026-05-17T00:00:00.000","U","327"
"11","2026-05-17T00:00:00.000","U","360"
"111","2026-05-17T00:00:00.000","U","1395"
"111A","2026-05-17T00:00:00.000","U","173"
"112","2026-05-17T00:00:00.000","U","834"
"115","2026-05-17T00:00:00.000","U","895"
"119","2026-05-17T00:00:00.000","U","1842"
"12","2026-05-17T00:00:00.000","U","6547"
"124","2026-05-17T00:00:00.000","U","818"
"126","2026-05-17T00:00:00.000","U","1913"
"146","2026-05-17T00:00:00.000","U","9807"
"147","2026-05-17T00:00:00.000","U","7139"
"15","2026-05-17T00:00:00.000","U","4344"
"151","2026-05-17T00:00:00.000","U","12405"
"152","2026-05-17T00:00:00.000","U","3439"
"155","2026-05-17T00:00:00.000","U","3450"
"172","2026-05-17T00:00:00.000","U","395"
"18","2026-05-17T00:00:00.000","U","2397"
"20","2026-05-17T00:00:00.000","U","9039"
"21","2026-05-17T00:00:00.000","U","4902"
"22","2026-05-17T00:00:00.000","U","12345"
"28","2026-05-17T00:00:00.000","U","2103"
"29","2026-05-17T00:00:00.000","U","6862"
"3","2026-05-17T00:00:00.000","U","11336"
"30","2026-05-17T00:00:00.000","U","986"
"34","2026-05-17T00:00:00.000","U","2641"
"35","2026-05-17T00:00:00.000","U","2273"
"36","2026-05-17T00:00:00.000","U","9780"
"39","2026-05-17T00:00:00.000","U","459"
"4","2026-05-17T00:00:00.000","U","11989"
"43","2026-05-17T00:00:00.000","U","451"
"44","2026-05-17T00:00:00.000","U","1432"
"47","2026-05-17T00:00:00.000","U","6347"
"49","2026-05-17T00:00:00.000","U","11137"
"49B","2026-05-17T00:00:00.000","U","2472"
"50","2026-05-17T00:00:00.000","U","4526"
"51","2026-05-17T00:00:00.000","U","531"
"52","2026-05-17T00:00:00.000","U","3852"
"52A","2026-05-17T00:00:00.000","U","1517"
"53","2026-05-17T00:00:00.000","U","11754"
"53A","2026-05-17T00:00:00.000","U","1048"
"54","2026-05-17T00:00:00.000","U","5676"
"54B","2026-05-17T00:00:00.000","U","1317"
"55","2026-05-17T00:00:00.000","U","6614"
"56","2026-05-17T00:00:00.000","U","4089"
"57","2026-05-17T00:00:00.000","U","404"
"59","2026-05-17T00:00:00.000","U","6"
"6","2026-05-17T00:00:00.000","U","7087"
"60","2026-05-17T00:00:00.000","U","6864"
"62","2026-05-17T00:00:00.000","U","4892"
"63","2026-05-17T00:00:00.000","U","8935"
"63W","2026-05-17T00:00:00.000","U","505"
"65","2026-05-17T00:00:00.000","U","3382"
"66","2026-05-17T00:00:00.000","U","11432"
"67","2026-05-17T00:00:00.000","U","4619"
"68","2026-05-17T00:00:00.000","U","372"
"70","2026-05-17T00:00:00.000","U","4095"
"71","2026-05-17T00:00:00.000","U","5448"
"72","2026-05-17T00:00:00.000","U","9268"
"73","2026-05-17T00:00:00.000","U","2287"
"74","2026-05-17T00:00:00.000","U","6163"
"75","2026-05-17T00:00:00.000","U","3763"
"76","2026-05-17T00:00:00.000","U","4937"
"77","2026-05-17T00:00:00.000","U","10188"
"78","2026-05-17T00:00:00.000","U","4587"
"79","2026-05-17T00:00:00.000","U","11576"
"8","2026-05-17T00:00:00.000","U","9661"
"80","2026-05-17T00:00:00.000","U","5148"
"81","2026-05-17T00:00:00.000","U","7376"
"81W","2026-05-17T00:00:00.000","U","681"
"82","2026-05-17T00:00:00.000","U","8172"
"84","2026-05-17T00:00:00.000","U","1265"
"85","2026-05-17T00:00:00.000","U","4526"
"87","2026-05-17T00:00:00.000","U","4521"
"88","2026-05-17T00:00:00.000","U","440"
"8A","2026-05-17T00:00:00.000","U","1508"
"9","2026-05-17T00:00:00.000","U","16357"
"90","2026-05-17T00:00:00.000","U","1854"
"91","2026-05-17T00:00:00.000","U","2100"
"92","2026-05-17T00:00:00.000","U","2961"
"93","2026-05-17T00:00:00.000","U","2168"
"94","2026-05-17T00:00:00.000","U","4775"
"95","2026-05-17T00:00:00.000","U","4175"
"97","2026-05-17T00:00:00.000","U","1318"
"J14","2026-05-17T00:00:00.000","U","5337"
"N5","2026-05-17T00:00:00.000","U","591"
"1001","2026-05-16T00:00:00.000","A","1263"
"103","2026-05-16T00:00:00.000","A","1098"
"106","2026-05-16T00:00:00.000","A","390"
"11","2026-05-16T00:00:00.000","A","644"
"111","2026-05-16T00:00:00.000","A","1310"
"111A","2026-05-16T00:00:00.000","A","224"
"112","2026-05-16T00:00:00.000","A","627"
"115","2026-05-16T00:00:00.000","A","1309"
"119","2026-05-16T00:00:00.000","A","2485"
"12","2026-05-16T00:00:00.000","A","8206"
"124","2026-05-16T00:00:00.000","A","1833"
"126","2026-05-16T00:00:00.000","A","2657"
"146","2026-05-16T00:00:00.000","A","11914"
"147","2026-05-16T00:00:00.000","A","8983"
"15","2026-05-16T00:00:00.000","A","4439"
"151","2026-05-16T00:00:00.000","A","16095"
"152","2026-05-16T00:00:00.000","A","4257"
"155","2026-05-16T00:00:00.000","A","4208"
"171","2026-05-16T00:00:00.000","A","451"
"172","2026-05-16T00:00:00.000","A","566"
"18","2026-05-16T00:00:00.000","A","2693"
"20","2026-05-16T00:00:00.000","A","9413"
"201","2026-05-16T00:00:00.000","A","689"
"21","2026-05-16T00:00:00.000","A","6852"
"22","2026-05-16T00:00:00.000","A","15470"
"28","2026-05-16T00:00:00.000","A","2475"
"29","2026-05-16T00:00:00.000","A","7276"
"3","2026-05-16T00:00:00.000","A","14020"
"30","2026-05-16T00:00:00.000","A","1690"
"34","2026-05-16T00:00:00.000","A","3137"
"35","2026-05-16T00:00:00.000","A","3048"
"36","2026-05-16T00:00:00.000","A","12139"
"39","2026-05-16T00:00:00.000","A","538"
"4","2026-05-16T00:00:00.000","A","15354"
"43","2026-05-16T00:00:00.000","A","391"
"44","2026-05-16T00:00:00.000","A","1390"
"47","2026-05-16T00:00:00.000","A","7451"
"49","2026-05-16T00:00:00.000","A","13497"
"49B","2026-05-16T00:00:00.000","A","2796"
"50","2026-05-16T00:00:00.000","A","5728"
"51","2026-05-16T00:00:00.000","A","805"
"52","2026-05-16T00:00:00.000","A","5002"
"52A","2026-05-16T00:00:00.000","A","1850"
"53","2026-05-16T00:00:00.000","A","13911"
"53A","2026-05-16T00:00:00.000","A","1426"
"54","2026-05-16T00:00:00.000","A","7100"
"54B","2026-05-16T00:00:00.000","A","2050"
"55","2026-05-16T00:00:00.000","A","7377"
"55N","2026-05-16T00:00:00.000","A","219"
"56","2026-05-16T00:00:00.000","A","4824"
"57","2026-05-16T00:00:00.000","A","970"
"59","2026-05-16T00:00:00.000","A","1650"
"6","2026-05-16T00:00:00.000","A","7535"
"60","2026-05-16T00:00:00.000","A","8234"
"62","2026-05-16T00:00:00.000","A","5820"
"62H","2026-05-16T00:00:00.000","A","452"
"63","2026-05-16T00:00:00.000","A","10749"
"63W","2026-05-16T00:00:00.000","A","740"
"65","2026-05-16T00:00:00.000","A","5405"
"66","2026-05-16T00:00:00.000","A","13805"
"67","2026-05-16T00:00:00.000","A","6056"
"68","2026-05-16T00:00:00.000","A","444"
"70","2026-05-16T00:00:00.000","A","4963"
"71","2026-05-16T00:00:00.000","A","6995"
"72","2026-05-16T00:00:00.000","A","11471"
"73","2026-05-16T00:00:00.000","A","2680"
"74","2026-05-16T00:00:00.000","A","7700"
"75","2026-05-16T00:00:00.000","A","5392"
"76","2026-05-16T00:00:00.000","A","7102"
"77","2026-05-16T00:00:00.000","A","11889"
"78","2026-05-16T00:00:00.000","A","5411"
"79","2026-05-16T00:00:00.000","A","13252"
"8","2026-05-16T00:00:00.000","A","12216"
"80","2026-05-16T00:00:00.000","A","6287"
"81","2026-05-16T00:00:00.000","A","8281"
"81W","2026-05-16T00:00:00.000","A","824"
"82","2026-05-16T00:00:00.000","A","10452"
"84","2026-05-16T00:00:00.000","A","1673"
"85","2026-05-16T00:00:00.000","A","5317"
"85A","2026-05-16T00:00:00.000","A","286"
"87","2026-05-16T00:00:00.000","A","6311"
"88","2026-05-16T00:00:00.000","A","478"
"8A","2026-05-16T00:00:00.000","A","2357"
"9","2026-05-16T00:00:00.000","A","19765"
"90","2026-05-16T00:00:00.000","A","2813"
"91","2026-05-16T00:00:00.000","A","2796"
"92","2026-05-16T00:00:00.000","A","3867"
"93","2026-05-16T00:00:00.000","A","2550"
"94","2026-05-16T00:00:00.000","A","5793"
"95","2026-05-16T00:00:00.000","A","4952"
"97","2026-05-16T00:00:00.000","A","1863"
"J14","2026-05-16T00:00:00.000","A","5915"
"N5","2026-05-16T00:00:00.000","A","248"
"X9","2026-05-15T00:00:00.000","W","5978"
"X49","2026-05-15T00:00:00.000","W","4680"
"X4","2026-05-15T00:00:00.000","W","2946"
"1","2026-05-15T00:00:00.000","W","906"
"100","2026-05-15T00:00:00.000","W","445"
"1001","2026-05-15T00:00:00.000","W","190"
"103","2026-05-15T00:00:00.000","W","1640"
"106","2026-05-15T00:00:00.000","W","1019"
"108","2026-05-15T00:00:00.000","W","554"
"11","2026-05-15T00:00:00.000","W","1060"
"111","2026-05-15T00:00:00.000","W","2764"
"111A","2026-05-15T00:00:00.000","W","323"
"112","2026-05-15T00:00:00.000","W","1197"
"115","2026-05-15T00:00:00.000","W","1838"
"119","2026-05-15T00:00:00.000","W","2435"
"12","2026-05-15T00:00:00.000","W","10836"
"120","2026-05-15T00:00:00.000","W","632"
"121","2026-05-15T00:00:00.000","W","762"
"124","2026-05-15T00:00:00.000","W","1146"
"125","2026-05-15T00:00:00.000","W","300"
"126","2026-05-15T00:00:00.000","W","3583"
"134","2026-05-15T00:00:00.000","W","747"
"135","2026-05-15T00:00:00.000","W","963"
"136","2026-05-15T00:00:00.000","W","737"
"143","2026-05-15T00:00:00.000","W","817"
"146","2026-05-15T00:00:00.000","W","10064"
"147","2026-05-15T00:00:00.000","W","9407"
"148","2026-05-15T00:00:00.000","W","1045"
"15","2026-05-15T00:00:00.000","W","7394"
"151","2026-05-15T00:00:00.000","W","12117"
"152","2026-05-15T00:00:00.000","W","8151"
"155","2026-05-15T00:00:00.000","W","5069"
"156","2026-05-15T00:00:00.000","W","3318"
"157","2026-05-15T00:00:00.000","W","4426"
"165","2026-05-15T00:00:00.000","W","111"
"169","2026-05-15T00:00:00.000","W","110"
"171","2026-05-15T00:00:00.000","W","597"
"172","2026-05-15T00:00:00.000","W","1997"
"18","2026-05-15T00:00:00.000","W","3924"
"192","2026-05-15T00:00:00.000","W","340"
"2","2026-05-15T00:00:00.000","W","1782"
"20","2026-05-15T00:00:00.000","W","15207"
"201","2026-05-15T00:00:00.000","W","1555"
"206","2026-05-15T00:00:00.000","W","427"
"21","2026-05-15T00:00:00.000","W","8794"
"22","2026-05-15T00:00:00.000","W","14228"
"24","2026-05-15T00:00:00.000","W","2472"
"26","2026-05-15T00:00:00.000","W","3079"
"28","2026-05-15T00:00:00.000","W","4322"
"29","2026-05-15T00:00:00.000","W","9422"
"3","2026-05-15T00:00:00.000","W","16827"
"30","2026-05-15T00:00:00.000","W","2746"
"31","2026-05-15T00:00:00.000","W","513"
"34","2026-05-15T00:00:00.000","W","3579"
"35","2026-05-15T00:00:00.000","W","4270"
"36","2026-05-15T00:00:00.000","W","10511"
"37","2026-05-15T00:00:00.000","W","1059"
"39","2026-05-15T00:00:00.000","W","1305"
"4","2026-05-15T00:00:00.000","W","16129"
"43","2026-05-15T00:00:00.000","W","820"
"44","2026-05-15T00:00:00.000","W","3193"
"47","2026-05-15T00:00:00.000","W","9733"
"48","2026-05-15T00:00:00.000","W","881"
"49","2026-05-15T00:00:00.000","W","15587"
"49B","2026-05-15T00:00:00.000","W","4036"
"50","2026-05-15T00:00:00.000","W","8916"
"51","2026-05-15T00:00:00.000","W","1130"
"52","2026-05-15T00:00:00.000","W","7926"
"52A","2026-05-15T00:00:00.000","W","3168"
"53","2026-05-15T00:00:00.000","W","19250"
"53A","2026-05-15T00:00:00.000","W","3242"
"54","2026-05-15T00:00:00.000","W","9504"
"54A","2026-05-15T00:00:00.000","W","521"
"54B","2026-05-15T00:00:00.000","W","2310"
"55","2026-05-15T00:00:00.000","W","8853"
"55A","2026-05-15T00:00:00.000","W","124"
"55N","2026-05-15T00:00:00.000","W","375"
"56","2026-05-15T00:00:00.000","W","6771"
"57","2026-05-15T00:00:00.000","W","2236"
"59","2026-05-15T00:00:00.000","W","2845"
"6","2026-05-15T00:00:00.000","W","7131"
"60","2026-05-15T00:00:00.000","W","10355"
"62","2026-05-15T00:00:00.000","W","8144"
"62H","2026-05-15T00:00:00.000","W","880"
"63","2026-05-15T00:00:00.000","W","14783"
"63W","2026-05-15T00:00:00.000","W","1216"
"65","2026-05-15T00:00:00.000","W","6772"
"66","2026-05-15T00:00:00.000","W","17251"
"67","2026-05-15T00:00:00.000","W","7560"
"68","2026-05-15T00:00:00.000","W","973"
"7","2026-05-15T00:00:00.000","W","3383"
"70","2026-05-15T00:00:00.000","W","6882"
"71","2026-05-15T00:00:00.000","W","7363"
"72","2026-05-15T00:00:00.000","W","12017"
"73","2026-05-15T00:00:00.000","W","4545"
"74","2026-05-15T00:00:00.000","W","9937"
"75","2026-05-15T00:00:00.000","W","5745"
"76","2026-05-15T00:00:00.000","W","9126"
"77","2026-05-15T00:00:00.000","W","16197"
"78","2026-05-15T00:00:00.000","W","6207"
"79","2026-05-15T00:00:00.000","W","19650"
"8","2026-05-15T00:00:00.000","W","15221"
"80","2026-05-15T00:00:00.000","W","8986"
"81","2026-05-15T00:00:00.000","W","10089"
"81W","2026-05-15T00:00:00.000","W","1451"
"82","2026-05-15T00:00:00.000","W","15106"
"84","2026-05-15T00:00:00.000","W","3270"
"85","2026-05-15T00:00:00.000","W","9000"
"85A","2026-05-15T00:00:00.000","W","674"
"86","2026-05-15T00:00:00.000","W","2189"
"87","2026-05-15T00:00:00.000","W","8674"
"88","2026-05-15T00:00:00.000","W","1010"
"8A","2026-05-15T00:00:00.000","W","2966"
"9","2026-05-15T00:00:00.000","W","20547"
"90","2026-05-15T00:00:00.000","W","3602"
"91","2026-05-15T00:00:00.000","W","5019"
"92","2026-05-15T00:00:00.000","W","5645"
"93","2026-05-15T00:00:00.000","W","4200"
"94","2026-05-15T00:00:00.000","W","9432"
"95","2026-05-15T00:00:00.000","W","6151"
"96","2026-05-15T00:00:00.000","W","732"
"97","2026-05-15T00:00:00.000","W","2232"
"J14","2026-05-15T00:00:00.000","W","8460"
"N5","2026-05-15T00:00:00.000","W","327"
"X9","2026-05-14T00:00:00.000","W","6426"
"X49","2026-05-14T00:00:00.000","W","4822"
"1","2026-05-14T00:00:00.000","W","1285"
"100","2026-05-14T00:00:00.000","W","487"
"1001","2026-05-14T00:00:00.000","W","29"
"103","2026-05-14T00:00:00.000","W","1505"
"106","2026-05-14T00:00:00.000","W","1097"
"108","2026-05-14T00:00:00.000","W","948"
"11","2026-05-14T00:00:00.000","W","1071"
"111","2026-05-14T00:00:00.000","W","2242"
"111A","2026-05-14T00:00:00.000","W","403"
"112","2026-05-14T00:00:00.000","W","1129"
"115","2026-05-14T00:00:00.000","W","2064"
"119","2026-05-14T00:00:00.000","W","2894"
"12","2026-05-14T00:00:00.000","W","10534"
"120","2026-05-14T00:00:00.000","W","900"
"121","2026-05-14T00:00:00.000","W","1199"
"124","2026-05-14T00:00:00.000","W","1097"
"125","2026-05-14T00:00:00.000","W","568"
"126","2026-05-14T00:00:00.000","W","4099"
"134","2026-05-14T00:00:00.000","W","2066"
"135","2026-05-14T00:00:00.000","W","2199"
"136","2026-05-14T00:00:00.000","W","1150"
"143","2026-05-14T00:00:00.000","W","1065"
"146","2026-05-14T00:00:00.000","W","10802"
"147","2026-05-14T00:00:00.000","W","10191"
"148","2026-05-14T00:00:00.000","W","1428"
"15","2026-05-14T00:00:00.000","W","6265"
"151","2026-05-14T00:00:00.000","W","13444"
"152","2026-05-14T00:00:00.000","W","8244"
"155","2026-05-14T00:00:00.000","W","5225"
"156","2026-05-14T00:00:00.000","W","4803"
"157","2026-05-14T00:00:00.000","W","4946"
"165","2026-05-14T00:00:00.000","W","227"
"169","2026-05-14T00:00:00.000","W","167"
"171","2026-05-14T00:00:00.000","W","848"
"172","2026-05-14T00:00:00.000","W","2245"
"18","2026-05-14T00:00:00.000","W","3687"
"192","2026-05-14T00:00:00.000","W","416"
"2","2026-05-14T00:00:00.000","W","2042"
"20","2026-05-14T00:00:00.000","W","14890"
"201","2026-05-14T00:00:00.000","W","1432"
"206","2026-05-14T00:00:00.000","W","477"
"21","2026-05-14T00:00:00.000","W","8174"
"22","2026-05-14T00:00:00.000","W","14881"
"24","2026-05-14T00:00:00.000","W","2362"
"26","2026-05-14T00:00:00.000","W","3298"
"28","2026-05-14T00:00:00.000","W","4696"
"29","2026-05-14T00:00:00.000","W","8332"
"3","2026-05-14T00:00:00.000","W","17553"
"30","2026-05-14T00:00:00.000","W","2980"
"31","2026-05-14T00:00:00.000","W","639"
"34","2026-05-14T00:00:00.000","W","3687"
"35","2026-05-14T00:00:00.000","W","3945"
"36","2026-05-14T00:00:00.000","W","10171"
"37","2026-05-14T00:00:00.000","W","1966"
"39","2026-05-14T00:00:00.000","W","1498"
"4","2026-05-14T00:00:00.000","W","16235"
"43","2026-05-14T00:00:00.000","W","839"
"44","2026-05-14T00:00:00.000","W","3005"
"47","2026-05-14T00:00:00.000","W","10776"
"48","2026-05-14T00:00:00.000","W","905"
"49","2026-05-14T00:00:00.000","W","15515"
"49B","2026-05-14T00:00:00.000","W","3721"
"50","2026-05-14T00:00:00.000","W","9339"
"51","2026-05-14T00:00:00.000","W","1384"
"52","2026-05-14T00:00:00.000","W","8163"
"52A","2026-05-14T00:00:00.000","W","3207"
"53","2026-05-14T00:00:00.000","W","19161"
"53A","2026-05-14T00:00:00.000","W","3290"
"54","2026-05-14T00:00:00.000","W","9106"
"54A","2026-05-14T00:00:00.000","W","599"
"54B","2026-05-14T00:00:00.000","W","2021"
"55","2026-05-14T00:00:00.000","W","8345"
"55A","2026-05-14T00:00:00.000","W","142"
"55N","2026-05-14T00:00:00.000","W","432"
"56","2026-05-14T00:00:00.000","W","7386"
"57","2026-05-14T00:00:00.000","W","2009"
"59","2026-05-14T00:00:00.000","W","2845"
"6","2026-05-14T00:00:00.000","W","6231"
"60","2026-05-14T00:00:00.000","W","10849"
"62","2026-05-14T00:00:00.000","W","8174"
"62H","2026-05-14T00:00:00.000","W","813"
"63","2026-05-14T00:00:00.000","W","14285"
"63W","2026-05-14T00:00:00.000","W","1256"
"65","2026-05-14T00:00:00.000","W","6629"
"66","2026-05-14T00:00:00.000","W","17112"
"67","2026-05-14T00:00:00.000","W","7281"
"68","2026-05-14T00:00:00.000","W","1135"
"7","2026-05-14T00:00:00.000","W","3917"
"70","2026-05-14T00:00:00.000","W","7799"
"71","2026-05-14T00:00:00.000","W","8158"
"72","2026-05-14T00:00:00.000","W","12448"
"73","2026-05-14T00:00:00.000","W","4555"
"74","2026-05-14T00:00:00.000","W","10323"
"75","2026-05-14T00:00:00.000","W","6672"
"76","2026-05-14T00:00:00.000","W","9782"
"77","2026-05-14T00:00:00.000","W","16272"
"78","2026-05-14T00:00:00.000","W","6313"
"79","2026-05-14T00:00:00.000","W","21187"
"8","2026-05-14T00:00:00.000","W","15662"
"80","2026-05-14T00:00:00.000","W","9233"
"81","2026-05-14T00:00:00.000","W","9375"
"81W","2026-05-14T00:00:00.000","W","1577"
"82","2026-05-14T00:00:00.000","W","15556"
"84","2026-05-14T00:00:00.000","W","3349"
"85","2026-05-14T00:00:00.000","W","8836"
"85A","2026-05-14T00:00:00.000","W","715"
"86","2026-05-14T00:00:00.000","W","2274"
"87","2026-05-14T00:00:00.000","W","7387"
"88","2026-05-14T00:00:00.000","W","1093"
"8A","2026-05-14T00:00:00.000","W","2570"
"9","2026-05-14T00:00:00.000","W","21586"
"90","2026-05-14T00:00:00.000","W","3704"
"91","2026-05-14T00:00:00.000","W","4773"
"92","2026-05-14T00:00:00.000","W","5735"
"93","2026-05-14T00:00:00.000","W","4413"
"94","2026-05-14T00:00:00.000","W","9582"
"95","2026-05-14T00:00:00.000","W","5907"
"96","2026-05-14T00:00:00.000","W","688"
"97","2026-05-14T00:00:00.000","W","2161"
"J14","2026-05-14T00:00:00.000","W","8852"
"N5","2026-05-14T00:00:00.000","W","314"
"X4","2026-05-14T00:00:00.000","W","3192"
"X9","2026-05-13T00:00:00.000","W","6222"
"X49","2026-05-13T00:00:00.000","W","5129"
"1","2026-05-13T00:00:00.000","W","1381"
"100","2026-05-13T00:00:00.000","W","460"
"1001","2026-05-13T00:00:00.000","W","20"
"103","2026-05-13T00:00:00.000","W","1696"
"106","2026-05-13T00:00:00.000","W","989"
"108","2026-05-13T00:00:00.000","W","751"
"11","2026-05-13T00:00:00.000","W","1122"
"111","2026-05-13T00:00:00.000","W","1976"
"111A","2026-05-13T00:00:00.000","W","275"
"112","2026-05-13T00:00:00.000","W","1531"
"115","2026-05-13T00:00:00.000","W","1598"
"119","2026-05-13T00:00:00.000","W","2949"
"12","2026-05-13T00:00:00.000","W","11617"
"120","2026-05-13T00:00:00.000","W","978"
"121","2026-05-13T00:00:00.000","W","1416"
"124","2026-05-13T00:00:00.000","W","1040"
"125","2026-05-13T00:00:00.000","W","569"
"126","2026-05-13T00:00:00.000","W","4502"
"134","2026-05-13T00:00:00.000","W","2523"
"135","2026-05-13T00:00:00.000","W","2254"
"136","2026-05-13T00:00:00.000","W","1452"
"143","2026-05-13T00:00:00.000","W","1131"
"146","2026-05-13T00:00:00.000","W","10723"
"147","2026-05-13T00:00:00.000","W","10219"
"148","2026-05-13T00:00:00.000","W","1591"
"15","2026-05-13T00:00:00.000","W","6374"
"151","2026-05-13T00:00:00.000","W","13716"
"152","2026-05-13T00:00:00.000","W","8466"
"155","2026-05-13T00:00:00.000","W","5124"
"156","2026-05-13T00:00:00.000","W","5136"
"157","2026-05-13T00:00:00.000","W","5205"
"165","2026-05-13T00:00:00.000","W","197"
"169","2026-05-13T00:00:00.000","W","89"
"171","2026-05-13T00:00:00.000","W","914"
"172","2026-05-13T00:00:00.000","W","1689"
"18","2026-05-13T00:00:00.000","W","3780"
"192","2026-05-13T00:00:00.000","W","545"
"2","2026-05-13T00:00:00.000","W","1910"
"20","2026-05-13T00:00:00.000","W","15795"
"201","2026-05-13T00:00:00.000","W","1392"
"206","2026-05-13T00:00:00.000","W","425"
"21","2026-05-13T00:00:00.000","W","8155"
"22","2026-05-13T00:00:00.000","W","15142"
"24","2026-05-13T00:00:00.000","W","2333"
"26","2026-05-13T00:00:00.000","W","3425"
"28","2026-05-13T00:00:00.000","W","4878"
"29","2026-05-13T00:00:00.000","W","8750"
"3","2026-05-13T00:00:00.000","W","16215"
"30","2026-05-13T00:00:00.000","W","2435"
"31","2026-05-13T00:00:00.000","W","551"
"34","2026-05-13T00:00:00.000","W","3728"
"35","2026-05-13T00:00:00.000","W","3951"
"36","2026-05-13T00:00:00.000","W","10356"
"37","2026-05-13T00:00:00.000","W","2039"
"39","2026-05-13T00:00:00.000","W","1516"
"4","2026-05-13T00:00:00.000","W","15548"
"43","2026-05-13T00:00:00.000","W","863"
"44","2026-05-13T00:00:00.000","W","2991"
"47","2026-05-13T00:00:00.000","W","10611"
"48","2026-05-13T00:00:00.000","W","894"
"49","2026-05-13T00:00:00.000","W","15005"
"49B","2026-05-13T00:00:00.000","W","3975"
"50","2026-05-13T00:00:00.000","W","8767"
"51","2026-05-13T00:00:00.000","W","1416"
"52","2026-05-13T00:00:00.000","W","7872"
"52A","2026-05-13T00:00:00.000","W","3606"
"53","2026-05-13T00:00:00.000","W","19284"
"53A","2026-05-13T00:00:00.000","W","3122"
"54","2026-05-13T00:00:00.000","W","9154"
"54A","2026-05-13T00:00:00.000","W","547"
"54B","2026-05-13T00:00:00.000","W","2167"
"55","2026-05-13T00:00:00.000","W","8616"
"55A","2026-05-13T00:00:00.000","W","165"
"55N","2026-05-13T00:00:00.000","W","466"
"56","2026-05-13T00:00:00.000","W","7654"
"57","2026-05-13T00:00:00.000","W","1736"
"59","2026-05-13T00:00:00.000","W","2621"
"6","2026-05-13T00:00:00.000","W","6646"
"60","2026-05-13T00:00:00.000","W","10725"
"62","2026-05-13T00:00:00.000","W","8144"
"62H","2026-05-13T00:00:00.000","W","802"
"63","2026-05-13T00:00:00.000","W","14218"
"63W","2026-05-13T00:00:00.000","W","1331"
"65","2026-05-13T00:00:00.000","W","6868"
"66","2026-05-13T00:00:00.000","W","17066"
"67","2026-05-13T00:00:00.000","W","6821"
"68","2026-05-13T00:00:00.000","W","1057"
"7","2026-05-13T00:00:00.000","W","3948"
"70","2026-05-13T00:00:00.000","W","7211"
"71","2026-05-13T00:00:00.000","W","7893"
"72","2026-05-13T00:00:00.000","W","12521"
"73","2026-05-13T00:00:00.000","W","4325"
"74","2026-05-13T00:00:00.000","W","10461"
"75","2026-05-13T00:00:00.000","W","6346"
"76","2026-05-13T00:00:00.000","W","10139"
"77","2026-05-13T00:00:00.000","W","15691"
"78","2026-05-13T00:00:00.000","W","6356"
"79","2026-05-13T00:00:00.000","W","20003"
"8","2026-05-13T00:00:00.000","W","15804"
"80","2026-05-13T00:00:00.000","W","9105"
"81","2026-05-13T00:00:00.000","W","9905"
"81W","2026-05-13T00:00:00.000","W","1523"
"82","2026-05-13T00:00:00.000","W","15740"
"84","2026-05-13T00:00:00.000","W","3351"
"85","2026-05-13T00:00:00.000","W","8887"
"85A","2026-05-13T00:00:00.000","W","709"
"86","2026-05-13T00:00:00.000","W","2182"
"87","2026-05-13T00:00:00.000","W","7514"
"88","2026-05-13T00:00:00.000","W","1050"
"8A","2026-05-13T00:00:00.000","W","2756"
"9","2026-05-13T00:00:00.000","W","20102"
"90","2026-05-13T00:00:00.000","W","3622"
"91","2026-05-13T00:00:00.000","W","4883"
"92","2026-05-13T00:00:00.000","W","5748"
"93","2026-05-13T00:00:00.000","W","4551"
"94","2026-05-13T00:00:00.000","W","9832"
"95","2026-05-13T00:00:00.000","W","6008"
"96","2026-05-13T00:00:00.000","W","702"
"97","2026-05-13T00:00:00.000","W","2202"
"J14","2026-05-13T00:00:00.000","W","8652"
"N5","2026-05-13T00:00:00.000","W","382"
"X4","2026-05-13T00:00:00.000","W","3285"
"X9","2026-05-12T00:00:00.000","W","5951"
"X49","2026-05-12T00:00:00.000","W","5014"
"1","2026-05-12T00:00:00.000","W","1550"
"100","2026-05-12T00:00:00.000","W","432"
"1001","2026-05-12T00:00:00.000","W","162"
"103","2026-05-12T00:00:00.000","W","1655"
"106","2026-05-12T00:00:00.000","W","990"
"108","2026-05-12T00:00:00.000","W","873"
"11","2026-05-12T00:00:00.000","W","1117"
"111","2026-05-12T00:00:00.000","W","1848"
"111A","2026-05-12T00:00:00.000","W","336"
"112","2026-05-12T00:00:00.000","W","1336"
"115","2026-05-12T00:00:00.000","W","1738"
"119","2026-05-12T00:00:00.000","W","2726"
"12","2026-05-12T00:00:00.000","W","10625"
"120","2026-05-12T00:00:00.000","W","1114"
"121","2026-05-12T00:00:00.000","W","1462"
"124","2026-05-12T00:00:00.000","W","1027"
"125","2026-05-12T00:00:00.000","W","664"
"126","2026-05-12T00:00:00.000","W","4534"
"134","2026-05-12T00:00:00.000","W","2499"
"135","2026-05-12T00:00:00.000","W","2485"
"136","2026-05-12T00:00:00.000","W","1451"
"143","2026-05-12T00:00:00.000","W","1113"
"146","2026-05-12T00:00:00.000","W","10697"
"147","2026-05-12T00:00:00.000","W","9729"
"148","2026-05-12T00:00:00.000","W","1619"
"15","2026-05-12T00:00:00.000","W","5109"
"151","2026-05-12T00:00:00.000","W","12646"
"152","2026-05-12T00:00:00.000","W","8114"
"155","2026-05-12T00:00:00.000","W","4973"
"156","2026-05-12T00:00:00.000","W","5132"
"157","2026-05-12T00:00:00.000","W","5205"
"165","2026-05-12T00:00:00.000","W","161"
"169","2026-05-12T00:00:00.000","W","45"
"171","2026-05-12T00:00:00.000","W","867"
"172","2026-05-12T00:00:00.000","W","1775"
"18","2026-05-12T00:00:00.000","W","3345"
"192","2026-05-12T00:00:00.000","W","521"
"2","2026-05-12T00:00:00.000","W","1905"
"20","2026-05-12T00:00:00.000","W","15153"
"201","2026-05-12T00:00:00.000","W","1440"
"206","2026-05-12T00:00:00.000","W","442"
"21","2026-05-12T00:00:00.000","W","7925"
"22","2026-05-12T00:00:00.000","W","14757"
"24","2026-05-12T00:00:00.000","W","1914"
"26","2026-05-12T00:00:00.000","W","3523"
"28","2026-05-12T00:00:00.000","W","4557"
"29","2026-05-12T00:00:00.000","W","8490"
"3","2026-05-12T00:00:00.000","W","15626"
"30","2026-05-12T00:00:00.000","W","2993"
"31","2026-05-12T00:00:00.000","W","582"
"34","2026-05-12T00:00:00.000","W","3598"
"35","2026-05-12T00:00:00.000","W","3829"
"36","2026-05-12T00:00:00.000","W","10079"
"37","2026-05-12T00:00:00.000","W","2030"
"39","2026-05-12T00:00:00.000","W","1371"
"4","2026-05-12T00:00:00.000","W","14904"
"43","2026-05-12T00:00:00.000","W","812"
"44","2026-05-12T00:00:00.000","W","2634"
"47","2026-05-12T00:00:00.000","W","10214"
"48","2026-05-12T00:00:00.000","W","919"
"49","2026-05-12T00:00:00.000","W","14479"
"49B","2026-05-12T00:00:00.000","W","3807"
"50","2026-05-12T00:00:00.000","W","8640"
"51","2026-05-12T00:00:00.000","W","1209"
"52","2026-05-12T00:00:00.000","W","7447"
"52A","2026-05-12T00:00:00.000","W","3073"
"53","2026-05-12T00:00:00.000","W","18799"
"53A","2026-05-12T00:00:00.000","W","3072"
"54","2026-05-12T00:00:00.000","W","8605"
"54A","2026-05-12T00:00:00.000","W","542"
"54B","2026-05-12T00:00:00.000","W","1971"
"55","2026-05-12T00:00:00.000","W","8406"
"55A","2026-05-12T00:00:00.000","W","173"
"55N","2026-05-12T00:00:00.000","W","404"
"56","2026-05-12T00:00:00.000","W","8214"
"57","2026-05-12T00:00:00.000","W","1989"
"59","2026-05-12T00:00:00.000","W","2850"
"6","2026-05-12T00:00:00.000","W","6228"
"60","2026-05-12T00:00:00.000","W","10593"
"62","2026-05-12T00:00:00.000","W","7995"
"62H","2026-05-12T00:00:00.000","W","872"
"63","2026-05-12T00:00:00.000","W","14397"
"63W","2026-05-12T00:00:00.000","W","1172"
"65","2026-05-12T00:00:00.000","W","6420"
"66","2026-05-12T00:00:00.000","W","16816"
"67","2026-05-12T00:00:00.000","W","8686"
"68","2026-05-12T00:00:00.000","W","938"
"7","2026-05-12T00:00:00.000","W","3904"
"70","2026-05-12T00:00:00.000","W","7016"
"71","2026-05-12T00:00:00.000","W","7797"
"72","2026-05-12T00:00:00.000","W","12193"
"73","2026-05-12T00:00:00.000","W","4526"
"74","2026-05-12T00:00:00.000","W","10134"
"75","2026-05-12T00:00:00.000","W","6074"
"76","2026-05-12T00:00:00.000","W","9353"
"77","2026-05-12T00:00:00.000","W","15535"
"78","2026-05-12T00:00:00.000","W","6108"
"79","2026-05-12T00:00:00.000","W","18788"
"8","2026-05-12T00:00:00.000","W","15918"
"80","2026-05-12T00:00:00.000","W","8569"
"81","2026-05-12T00:00:00.000","W","9513"
"81W","2026-05-12T00:00:00.000","W","1521"
"82","2026-05-12T00:00:00.000","W","15242"
"84","2026-05-12T00:00:00.000","W","3139"
"85","2026-05-12T00:00:00.000","W","8579"
"85A","2026-05-12T00:00:00.000","W","708"
"86","2026-05-12T00:00:00.000","W","2013"
"87","2026-05-12T00:00:00.000","W","8359"
"88","2026-05-12T00:00:00.000","W","1004"
"8A","2026-05-12T00:00:00.000","W","2583"
"9","2026-05-12T00:00:00.000","W","18847"
"90","2026-05-12T00:00:00.000","W","3380"
"91","2026-05-12T00:00:00.000","W","4263"
"92","2026-05-12T00:00:00.000","W","5431"
"93","2026-05-12T00:00:00.000","W","4287"
"94","2026-05-12T00:00:00.000","W","9535"
"95","2026-05-12T00:00:00.000","W","5311"
"96","2026-05-12T00:00:00.000","W","635"
"97","2026-05-12T00:00:00.000","W","2267"
"J14","2026-05-12T00:00:00.000","W","8729"
"N5","2026-05-12T00:00:00.000","W","205"
"X4","2026-05-12T00:00:00.000","W","3229"
"X9","2026-05-11T00:00:00.000","W","5296"
"X49","2026-05-11T00:00:00.000","W","4574"
"1","2026-05-11T00:00:00.000","W","1092"
"100","2026-05-11T00:00:00.000","W","403"
"1001","2026-05-11T00:00:00.000","W","9"
"103","2026-05-11T00:00:00.000","W","1554"
"106","2026-05-11T00:00:00.000","W","944"
"108","2026-05-11T00:00:00.000","W","731"
"11","2026-05-11T00:00:00.000","W","1043"
"111","2026-05-11T00:00:00.000","W","2739"
"111A","2026-05-11T00:00:00.000","W","348"
"112","2026-05-11T00:00:00.000","W","1445"
"115","2026-05-11T00:00:00.000","W","1951"
"119","2026-05-11T00:00:00.000","W","2646"
"12","2026-05-11T00:00:00.000","W","11014"
"120","2026-05-11T00:00:00.000","W","855"
"121","2026-05-11T00:00:00.000","W","1123"
"124","2026-05-11T00:00:00.000","W","965"
"125","2026-05-11T00:00:00.000","W","460"
"126","2026-05-11T00:00:00.000","W","4009"
"134","2026-05-11T00:00:00.000","W","1685"
"135","2026-05-11T00:00:00.000","W","1683"
"136","2026-05-11T00:00:00.000","W","1092"
"143","2026-05-11T00:00:00.000","W","828"
"146","2026-05-11T00:00:00.000","W","8996"
"147","2026-05-11T00:00:00.000","W","8960"
"148","2026-05-11T00:00:00.000","W","1323"
"15","2026-05-11T00:00:00.000","W","5748"
"151","2026-05-11T00:00:00.000","W","12009"
"152","2026-05-11T00:00:00.000","W","7695"
"155","2026-05-11T00:00:00.000","W","5123"
"156","2026-05-11T00:00:00.000","W","4017"
"157","2026-05-11T00:00:00.000","W","4876"
"165","2026-05-11T00:00:00.000","W","182"
"171","2026-05-11T00:00:00.000","W","668"
"172","2026-05-11T00:00:00.000","W","1822"
"18","2026-05-11T00:00:00.000","W","3571"
"192","2026-05-11T00:00:00.000","W","514"
"2","2026-05-11T00:00:00.000","W","1621"
"20","2026-05-11T00:00:00.000","W","14675"
"201","2026-05-11T00:00:00.000","W","1338"
"206","2026-05-11T00:00:00.000","W","444"
"21","2026-05-11T00:00:00.000","W","8322"
"22","2026-05-11T00:00:00.000","W","13458"
"24","2026-05-11T00:00:00.000","W","2048"
"26","2026-05-11T00:00:00.000","W","3152"
"28","2026-05-11T00:00:00.000","W","3922"
"29","2026-05-11T00:00:00.000","W","8543"
"3","2026-05-11T00:00:00.000","W","15027"
"30","2026-05-11T00:00:00.000","W","2699"
"31","2026-05-11T00:00:00.000","W","651"
"34","2026-05-11T00:00:00.000","W","3802"
"35","2026-05-11T00:00:00.000","W","3357"
"36","2026-05-11T00:00:00.000","W","10038"
"37","2026-05-11T00:00:00.000","W","1537"
"39","2026-05-11T00:00:00.000","W","1373"
"4","2026-05-11T00:00:00.000","W","15235"
"43","2026-05-11T00:00:00.000","W","875"
"44","2026-05-11T00:00:00.000","W","2637"
"47","2026-05-11T00:00:00.000","W","10011"
"48","2026-05-11T00:00:00.000","W","893"
"49","2026-05-11T00:00:00.000","W","14352"
"49B","2026-05-11T00:00:00.000","W","3931"
"50","2026-05-11T00:00:00.000","W","8009"
"51","2026-05-11T00:00:00.000","W","1147"
"52","2026-05-11T00:00:00.000","W","7440"
"52A","2026-05-11T00:00:00.000","W","3547"
"53","2026-05-11T00:00:00.000","W","18611"
"53A","2026-05-11T00:00:00.000","W","3086"
"54","2026-05-11T00:00:00.000","W","8531"
"54A","2026-05-11T00:00:00.000","W","532"
"54B","2026-05-11T00:00:00.000","W","2103"
"55","2026-05-11T00:00:00.000","W","8053"
"55A","2026-05-11T00:00:00.000","W","133"
"55N","2026-05-11T00:00:00.000","W","453"
"56","2026-05-11T00:00:00.000","W","6631"
"57","2026-05-11T00:00:00.000","W","1793"
"59","2026-05-11T00:00:00.000","W","2972"
"6","2026-05-11T00:00:00.000","W","6505"
"60","2026-05-11T00:00:00.000","W","9978"
"62","2026-05-11T00:00:00.000","W","7600"
"62H","2026-05-11T00:00:00.000","W","738"
"63","2026-05-11T00:00:00.000","W","13825"
"63W","2026-05-11T00:00:00.000","W","1312"
"65","2026-05-11T00:00:00.000","W","6229"
"66","2026-05-11T00:00:00.000","W","16967"
"67","2026-05-11T00:00:00.000","W","8481"
"68","2026-05-11T00:00:00.000","W","897"
"7","2026-05-11T00:00:00.000","W","3934"
"70","2026-05-11T00:00:00.000","W","6625"
"71","2026-05-11T00:00:00.000","W","6557"
"72","2026-05-11T00:00:00.000","W","11511"
"73","2026-05-11T00:00:00.000","W","4228"
"74","2026-05-11T00:00:00.000","W","9609"
"75","2026-05-11T00:00:00.000","W","6184"
"76","2026-05-11T00:00:00.000","W","9361"
"77","2026-05-11T00:00:00.000","W","14625"
"78","2026-05-11T00:00:00.000","W","5972"
"79","2026-05-11T00:00:00.000","W","18684"
"8","2026-05-11T00:00:00.000","W","14135"
"80","2026-05-11T00:00:00.000","W","8170"
"81","2026-05-11T00:00:00.000","W","9725"
"81W","2026-05-11T00:00:00.000","W","1469"
"82","2026-05-11T00:00:00.000","W","14441"
"84","2026-05-11T00:00:00.000","W","3371"
"85","2026-05-11T00:00:00.000","W","8358"
"85A","2026-05-11T00:00:00.000","W","638"
"86","2026-05-11T00:00:00.000","W","2030"
"87","2026-05-11T00:00:00.000","W","8111"
"88","2026-05-11T00:00:00.000","W","921"
"8A","2026-05-11T00:00:00.000","W","2645"
"9","2026-05-11T00:00:00.000","W","19081"
"90","2026-05-11T00:00:00.000","W","3057"
"91","2026-05-11T00:00:00.000","W","4542"
"92","2026-05-11T00:00:00.000","W","5534"
"93","2026-05-11T00:00:00.000","W","4133"
"94","2026-05-11T00:00:00.000","W","9229"
"95","2026-05-11T00:00:00.000","W","5160"
"96","2026-05-11T00:00:00.000","W","664"
"97","2026-05-11T00:00:00.000","W","2235"
"J14","2026-05-11T00:00:00.000","W","8058"
"N5","2026-05-11T00:00:00.000","W","237"
"X4","2026-05-11T00:00:00.000","W","3108"
"1001","2026-05-10T00:00:00.000","U","3"
"103","2026-05-10T00:00:00.000","U","578"
"106","2026-05-10T00:00:00.000","U","275"
"11","2026-05-10T00:00:00.000","U","372"
"111","2026-05-10T00:00:00.000","U","1403"
"111A","2026-05-10T00:00:00.000","U","295"
"112","2026-05-10T00:00:00.000","U","335"
"115","2026-05-10T00:00:00.000","U","1065"
"119","2026-05-10T00:00:00.000","U","2308"
"12","2026-05-10T00:00:00.000","U","7186"
"124","2026-05-10T00:00:00.000","U","939"
"126","2026-05-10T00:00:00.000","U","1808"
"146","2026-05-10T00:00:00.000","U","7094"
"147","2026-05-10T00:00:00.000","U","6844"
"15","2026-05-10T00:00:00.000","U","3364"
"151","2026-05-10T00:00:00.000","U","10572"
"152","2026-05-10T00:00:00.000","U","2942"
"155","2026-05-10T00:00:00.000","U","3199"
"172","2026-05-10T00:00:00.000","U","518"
"18","2026-05-10T00:00:00.000","U","1972"
"19","2026-05-10T00:00:00.000","U","30"
"20","2026-05-10T00:00:00.000","U","8962"
"21","2026-05-10T00:00:00.000","U","4778"
"22","2026-05-10T00:00:00.000","U","10743"
"28","2026-05-10T00:00:00.000","U","2255"
"29","2026-05-10T00:00:00.000","U","5955"
"3","2026-05-10T00:00:00.000","U","10128"
"30","2026-05-10T00:00:00.000","U","888"
"34","2026-05-10T00:00:00.000","U","2686"
"35","2026-05-10T00:00:00.000","U","2021"
"36","2026-05-10T00:00:00.000","U","9181"
"39","2026-05-10T00:00:00.000","U","415"
"4","2026-05-10T00:00:00.000","U","10552"
"43","2026-05-10T00:00:00.000","U","306"
"44","2026-05-10T00:00:00.000","U","1330"
"47","2026-05-10T00:00:00.000","U","5608"
"49","2026-05-10T00:00:00.000","U","10432"
"49B","2026-05-10T00:00:00.000","U","2069"
"50","2026-05-10T00:00:00.000","U","3821"
"51","2026-05-10T00:00:00.000","U","456"
"52","2026-05-10T00:00:00.000","U","3673"
"52A","2026-05-10T00:00:00.000","U","1122"
"53","2026-05-10T00:00:00.000","U","11414"
"53A","2026-05-10T00:00:00.000","U","985"
"54","2026-05-10T00:00:00.000","U","5434"
"54B","2026-05-10T00:00:00.000","U","1282"
"55","2026-05-10T00:00:00.000","U","5498"
"56","2026-05-10T00:00:00.000","U","3685"
"57","2026-05-10T00:00:00.000","U","573"
"6","2026-05-10T00:00:00.000","U","5804"
"60","2026-05-10T00:00:00.000","U","6024"
"62","2026-05-10T00:00:00.000","U","4398"
"63","2026-05-10T00:00:00.000","U","8841"
"63W","2026-05-10T00:00:00.000","U","371"
"65","2026-05-10T00:00:00.000","U","3544"
"66","2026-05-10T00:00:00.000","U","10576"
"67","2026-05-10T00:00:00.000","U","4137"
"68","2026-05-10T00:00:00.000","U","343"
"70","2026-05-10T00:00:00.000","U","3781"
"71","2026-05-10T00:00:00.000","U","4683"
"72","2026-05-10T00:00:00.000","U","8585"
"73","2026-05-10T00:00:00.000","U","2197"
"74","2026-05-10T00:00:00.000","U","5682"
"75","2026-05-10T00:00:00.000","U","4047"
"76","2026-05-10T00:00:00.000","U","4378"
"77","2026-05-10T00:00:00.000","U","8932"
"78","2026-05-10T00:00:00.000","U","3240"
"79","2026-05-10T00:00:00.000","U","11474"
"8","2026-05-10T00:00:00.000","U","8889"
"80","2026-05-10T00:00:00.000","U","4909"
"81","2026-05-10T00:00:00.000","U","5794"
"81W","2026-05-10T00:00:00.000","U","696"
"82","2026-05-10T00:00:00.000","U","8501"
"84","2026-05-10T00:00:00.000","U","1082"
"85","2026-05-10T00:00:00.000","U","4671"
"87","2026-05-10T00:00:00.000","U","4609"
"88","2026-05-10T00:00:00.000","U","326"
"8A","2026-05-10T00:00:00.000","U","1573"
"9","2026-05-10T00:00:00.000","U","15149"
"90","2026-05-10T00:00:00.000","U","1956"
"91","2026-05-10T00:00:00.000","U","2091"
"92","2026-05-10T00:00:00.000","U","2714"
"93","2026-05-10T00:00:00.000","U","1712"
"94","2026-05-10T00:00:00.000","U","4241"
"95","2026-05-10T00:00:00.000","U","3651"
"97","2026-05-10T00:00:00.000","U","1244"
"J14","2026-05-10T00:00:00.000","U","5023"
"N5","2026-05-10T00:00:00.000","U","302"
"1001","2026-05-09T00:00:00.000","A","19"
"103","2026-05-09T00:00:00.000","A","983"
"106","2026-05-09T00:00:00.000","A","279"
"11","2026-05-09T00:00:00.000","A","669"
"111","2026-05-09T00:00:00.000","A","1476"
"111A","2026-05-09T00:00:00.000","A","250"
"112","2026-05-09T00:00:00.000","A","725"
"115","2026-05-09T00:00:00.000","A","1493"
"119","2026-05-09T00:00:00.000","A","1869"
"12","2026-05-09T00:00:00.000","A","8925"
"124","2026-05-09T00:00:00.000","A","1908"
"126","2026-05-09T00:00:00.000","A","2784"
"146","2026-05-09T00:00:00.000","A","9659"
"147","2026-05-09T00:00:00.000","A","8759"
"15","2026-05-09T00:00:00.000","A","4960"
"151","2026-05-09T00:00:00.000","A","15257"
"152","2026-05-09T00:00:00.000","A","4471"
"155","2026-05-09T00:00:00.000","A","4134"
"171","2026-05-09T00:00:00.000","A","428"
"172","2026-05-09T00:00:00.000","A","446"
"18","2026-05-09T00:00:00.000","A","2530"
"19","2026-05-09T00:00:00.000","A","40"
"20","2026-05-09T00:00:00.000","A","9413"
"201","2026-05-09T00:00:00.000","A","974"
"21","2026-05-09T00:00:00.000","A","6639"
"22","2026-05-09T00:00:00.000","A","15885"
"28","2026-05-09T00:00:00.000","A","3026"
"29","2026-05-09T00:00:00.000","A","7419"
"3","2026-05-09T00:00:00.000","A","12436"
"30","2026-05-09T00:00:00.000","A","1657"
"34","2026-05-09T00:00:00.000","A","2809"
"35","2026-05-09T00:00:00.000","A","2739"
"36","2026-05-09T00:00:00.000","A","11682"
"39","2026-05-09T00:00:00.000","A","622"
"4","2026-05-09T00:00:00.000","A","13456"
"43","2026-05-09T00:00:00.000","A","407"
"44","2026-05-09T00:00:00.000","A","1589"
"47","2026-05-09T00:00:00.000","A","6782"
"49","2026-05-09T00:00:00.000","A","13948"
"49B","2026-05-09T00:00:00.000","A","2700"
"50","2026-05-09T00:00:00.000","A","5516"
"51","2026-05-09T00:00:00.000","A","761"
"52","2026-05-09T00:00:00.000","A","4973"
"52A","2026-05-09T00:00:00.000","A","1858"
"53","2026-05-09T00:00:00.000","A","13750"
"53A","2026-05-09T00:00:00.000","A","1492"
"54","2026-05-09T00:00:00.000","A","7328"
"54B","2026-05-09T00:00:00.000","A","1863"
"55","2026-05-09T00:00:00.000","A","6905"
"55N","2026-05-09T00:00:00.000","A","243"
"56","2026-05-09T00:00:00.000","A","4765"
"57","2026-05-09T00:00:00.000","A","1114"
"59","2026-05-09T00:00:00.000","A","1722"
"6","2026-05-09T00:00:00.000","A","7619"
"60","2026-05-09T00:00:00.000","A","8366"
"62","2026-05-09T00:00:00.000","A","5685"
"62H","2026-05-09T00:00:00.000","A","545"
"63","2026-05-09T00:00:00.000","A","9961"
"63W","2026-05-09T00:00:00.000","A","766"
"65","2026-05-09T00:00:00.000","A","5347"
"66","2026-05-09T00:00:00.000","A","13159"
"67","2026-05-09T00:00:00.000","A","5228"
"68","2026-05-09T00:00:00.000","A","475"
"70","2026-05-09T00:00:00.000","A","4834"
"71","2026-05-09T00:00:00.000","A","5933"
"72","2026-05-09T00:00:00.000","A","11649"
"73","2026-05-09T00:00:00.000","A","2987"
"74","2026-05-09T00:00:00.000","A","7960"
"75","2026-05-09T00:00:00.000","A","5208"
"76","2026-05-09T00:00:00.000","A","7051"
"77","2026-05-09T00:00:00.000","A","11617"
"78","2026-05-09T00:00:00.000","A","5020"
"79","2026-05-09T00:00:00.000","A","14120"
"8","2026-05-09T00:00:00.000","A","12318"
"80","2026-05-09T00:00:00.000","A","6482"
"81","2026-05-09T00:00:00.000","A","8031"
"81W","2026-05-09T00:00:00.000","A","1080"
"82","2026-05-09T00:00:00.000","A","10291"
"84","2026-05-09T00:00:00.000","A","1602"
"85","2026-05-09T00:00:00.000","A","6102"
"85A","2026-05-09T00:00:00.000","A","315"
"87","2026-05-09T00:00:00.000","A","6286"
"88","2026-05-09T00:00:00.000","A","473"
"8A","2026-05-09T00:00:00.000","A","2058"
"9","2026-05-09T00:00:00.000","A","20376"
"90","2026-05-09T00:00:00.000","A","2747"
"91","2026-05-09T00:00:00.000","A","2878"
"92","2026-05-09T00:00:00.000","A","3191"
"93","2026-05-09T00:00:00.000","A","2570"
"94","2026-05-09T00:00:00.000","A","5566"
"95","2026-05-09T00:00:00.000","A","4784"
"97","2026-05-09T00:00:00.000","A","1777"
"J14","2026-05-09T00:00:00.000","A","6068"
"N5","2026-05-09T00:00:00.000","A","368"
"X9","2026-05-08T00:00:00.000","W","6162"
"1","2026-05-08T00:00:00.000","W","982"
"100","2026-05-08T00:00:00.000","W","363"
"1001","2026-05-08T00:00:00.000","W","34"
"103","2026-05-08T00:00:00.000","W","1489"
"106","2026-05-08T00:00:00.000","W","1085"
"108","2026-05-08T00:00:00.000","W","792"
"11","2026-05-08T00:00:00.000","W","972"
"111","2026-05-08T00:00:00.000","W","2281"
"111A","2026-05-08T00:00:00.000","W","359"
"112","2026-05-08T00:00:00.000","W","1350"
"115","2026-05-08T00:00:00.000","W","1890"
"119","2026-05-08T00:00:00.000","W","2618"
"12","2026-05-08T00:00:00.000","W","11620"
"120","2026-05-08T00:00:00.000","W","627"
"121","2026-05-08T00:00:00.000","W","803"
"124","2026-05-08T00:00:00.000","W","976"
"125","2026-05-08T00:00:00.000","W","357"
"126","2026-05-08T00:00:00.000","W","3648"
"134","2026-05-08T00:00:00.000","W","781"
"135","2026-05-08T00:00:00.000","W","1068"
"136","2026-05-08T00:00:00.000","W","588"
"143","2026-05-08T00:00:00.000","W","780"
"146","2026-05-08T00:00:00.000","W","9307"
"147","2026-05-08T00:00:00.000","W","6363"
"148","2026-05-08T00:00:00.000","W","1042"
"15","2026-05-08T00:00:00.000","W","6551"
"151","2026-05-08T00:00:00.000","W","9502"
"152","2026-05-08T00:00:00.000","W","7817"
"155","2026-05-08T00:00:00.000","W","5096"
"156","2026-05-08T00:00:00.000","W","4121"
"157","2026-05-08T00:00:00.000","W","5411"
"165","2026-05-08T00:00:00.000","W","164"
"169","2026-05-08T00:00:00.000","W","146"
"171","2026-05-08T00:00:00.000","W","630"
"172","2026-05-08T00:00:00.000","W","1567"
"18","2026-05-08T00:00:00.000","W","3906"
"19","2026-05-08T00:00:00.000","W","12"
"192","2026-05-08T00:00:00.000","W","346"
"2","2026-05-08T00:00:00.000","W","1671"
"20","2026-05-08T00:00:00.000","W","15355"
"201","2026-05-08T00:00:00.000","W","1335"
"206","2026-05-08T00:00:00.000","W","462"
"21","2026-05-08T00:00:00.000","W","8641"
"22","2026-05-08T00:00:00.000","W","12420"
"24","2026-05-08T00:00:00.000","W","2224"
"26","2026-05-08T00:00:00.000","W","2770"
"28","2026-05-08T00:00:00.000","W","4419"
"29","2026-05-08T00:00:00.000","W","9343"
"3","2026-05-08T00:00:00.000","W","15415"
"30","2026-05-08T00:00:00.000","W","2798"
"31","2026-05-08T00:00:00.000","W","604"
"34","2026-05-08T00:00:00.000","W","3568"
"35","2026-05-08T00:00:00.000","W","4167"
"36","2026-05-08T00:00:00.000","W","8270"
"37","2026-05-08T00:00:00.000","W","1074"
"39","2026-05-08T00:00:00.000","W","1382"
"4","2026-05-08T00:00:00.000","W","15166"
"43","2026-05-08T00:00:00.000","W","938"
"44","2026-05-08T00:00:00.000","W","3039"
"47","2026-05-08T00:00:00.000","W","10494"
"48","2026-05-08T00:00:00.000","W","907"
"49","2026-05-08T00:00:00.000","W","15046"
"49B","2026-05-08T00:00:00.000","W","3720"
"50","2026-05-08T00:00:00.000","W","7442"
"51","2026-05-08T00:00:00.000","W","922"
"52","2026-05-08T00:00:00.000","W","8034"
"52A","2026-05-08T00:00:00.000","W","3572"
"53","2026-05-08T00:00:00.000","W","19406"
"53A","2026-05-08T00:00:00.000","W","3283"
"54","2026-05-08T00:00:00.000","W","8965"
"54A","2026-05-08T00:00:00.000","W","499"
"54B","2026-05-08T00:00:00.000","W","2325"
"55","2026-05-08T00:00:00.000","W","8557"
"55A","2026-05-08T00:00:00.000","W","142"
"55N","2026-05-08T00:00:00.000","W","405"
"56","2026-05-08T00:00:00.000","W","6606"
"57","2026-05-08T00:00:00.000","W","1960"
"59","2026-05-08T00:00:00.000","W","2863"
"6","2026-05-08T00:00:00.000","W","6866"
"60","2026-05-08T00:00:00.000","W","12029"
"62","2026-05-08T00:00:00.000","W","8504"
"62H","2026-05-08T00:00:00.000","W","896"
"63","2026-05-08T00:00:00.000","W","14390"
"63W","2026-05-08T00:00:00.000","W","1310"
"65","2026-05-08T00:00:00.000","W","6414"
"66","2026-05-08T00:00:00.000","W","17792"
"67","2026-05-08T00:00:00.000","W","8096"
"68","2026-05-08T00:00:00.000","W","874"
"7","2026-05-08T00:00:00.000","W","3843"
"70","2026-05-08T00:00:00.000","W","7726"
"71","2026-05-08T00:00:00.000","W","7945"
"72","2026-05-08T00:00:00.000","W","12523"
"73","2026-05-08T00:00:00.000","W","4644"
"74","2026-05-08T00:00:00.000","W","10045"
"75","2026-05-08T00:00:00.000","W","5917"
"76","2026-05-08T00:00:00.000","W","9475"
"77","2026-05-08T00:00:00.000","W","15482"
"78","2026-05-08T00:00:00.000","W","5744"
"79","2026-05-08T00:00:00.000","W","19614"
"8","2026-05-08T00:00:00.000","W","16589"
"80","2026-05-08T00:00:00.000","W","8784"
"81","2026-05-08T00:00:00.000","W","8476"
"81W","2026-05-08T00:00:00.000","W","1523"
"82","2026-05-08T00:00:00.000","W","14537"
"84","2026-05-08T00:00:00.000","W","3276"
"85","2026-05-08T00:00:00.000","W","9341"
"85A","2026-05-08T00:00:00.000","W","681"
"86","2026-05-08T00:00:00.000","W","2396"
"87","2026-05-08T00:00:00.000","W","9691"
"88","2026-05-08T00:00:00.000","W","927"
"8A","2026-05-08T00:00:00.000","W","2836"
"9","2026-05-08T00:00:00.000","W","19919"
"90","2026-05-08T00:00:00.000","W","3701"
"91","2026-05-08T00:00:00.000","W","4614"
"92","2026-05-08T00:00:00.000","W","4982"
"93","2026-05-08T00:00:00.000","W","3973"
"94","2026-05-08T00:00:00.000","W","9583"
"95","2026-05-08T00:00:00.000","W","5861"
"96","2026-05-08T00:00:00.000","W","685"
"97","2026-05-08T00:00:00.000","W","2174"
"J14","2026-05-08T00:00:00.000","W","7922"
"N5","2026-05-08T00:00:00.000","W","236"
"X4","2026-05-08T00:00:00.000","W","3271"
"X49","2026-05-08T00:00:00.000","W","4666"
"X9","2026-05-07T00:00:00.000","W","5690"
"1","2026-05-07T00:00:00.000","W","1371"
"100","2026-05-07T00:00:00.000","W","441"
"1001","2026-05-07T00:00:00.000","W","78"
"103","2026-05-07T00:00:00.000","W","1647"
"106","2026-05-07T00:00:00.000","W","719"
"108","2026-05-07T00:00:00.000","W","817"
"11","2026-05-07T00:00:00.000","W","1130"
"111","2026-05-07T00:00:00.000","W","2059"
"111A","2026-05-07T00:00:00.000","W","328"
"112","2026-05-07T00:00:00.000","W","1481"
"115","2026-05-07T00:00:00.000","W","2146"
"119","2026-05-07T00:00:00.000","W","3175"
"12","2026-05-07T00:00:00.000","W","10755"
"120","2026-05-07T00:00:00.000","W","907"
"121","2026-05-07T00:00:00.000","W","1301"
"124","2026-05-07T00:00:00.000","W","1091"
"125","2026-05-07T00:00:00.000","W","579"
"126","2026-05-07T00:00:00.000","W","4521"
"134","2026-05-07T00:00:00.000","W","1796"
"135","2026-05-07T00:00:00.000","W","2195"
"136","2026-05-07T00:00:00.000","W","1284"
"143","2026-05-07T00:00:00.000","W","1023"
"146","2026-05-07T00:00:00.000","W","10524"
"147","2026-05-07T00:00:00.000","W","8653"
"148","2026-05-07T00:00:00.000","W","1330"
"15","2026-05-07T00:00:00.000","W","6127"
"151","2026-05-07T00:00:00.000","W","13202"
"152","2026-05-07T00:00:00.000","W","9828"
"155","2026-05-07T00:00:00.000","W","5262"
"156","2026-05-07T00:00:00.000","W","5362"
"157","2026-05-07T00:00:00.000","W","6003"
"165","2026-05-07T00:00:00.000","W","113"
"169","2026-05-07T00:00:00.000","W","219"
"171","2026-05-07T00:00:00.000","W","977"
"172","2026-05-07T00:00:00.000","W","1608"
"18","2026-05-07T00:00:00.000","W","3729"
"19","2026-05-07T00:00:00.000","W","35"
"192","2026-05-07T00:00:00.000","W","458"
"2","2026-05-07T00:00:00.000","W","1917"
"20","2026-05-07T00:00:00.000","W","15027"
"201","2026-05-07T00:00:00.000","W","1409"
"206","2026-05-07T00:00:00.000","W","477"
"21","2026-05-07T00:00:00.000","W","8640"
"22","2026-05-07T00:00:00.000","W","14858"
"24","2026-05-07T00:00:00.000","W","2189"
"26","2026-05-07T00:00:00.000","W","3143"
"28","2026-05-07T00:00:00.000","W","4981"
"29","2026-05-07T00:00:00.000","W","8874"
"3","2026-05-07T00:00:00.000","W","16354"
"30","2026-05-07T00:00:00.000","W","2949"
"31","2026-05-07T00:00:00.000","W","412"
"34","2026-05-07T00:00:00.000","W","3764"
"35","2026-05-07T00:00:00.000","W","3778"
"36","2026-05-07T00:00:00.000","W","10221"
"37","2026-05-07T00:00:00.000","W","1899"
"39","2026-05-07T00:00:00.000","W","1512"
"4","2026-05-07T00:00:00.000","W","16253"
"43","2026-05-07T00:00:00.000","W","867"
"44","2026-05-07T00:00:00.000","W","3181"
"47","2026-05-07T00:00:00.000","W","10806"
"48","2026-05-07T00:00:00.000","W","934"
"49","2026-05-07T00:00:00.000","W","15181"
"49B","2026-05-07T00:00:00.000","W","3731"
"50","2026-05-07T00:00:00.000","W","9060"
"51","2026-05-07T00:00:00.000","W","1203"
"52","2026-05-07T00:00:00.000","W","7724"
"52A","2026-05-07T00:00:00.000","W","3862"
"53","2026-05-07T00:00:00.000","W","19782"
"53A","2026-05-07T00:00:00.000","W","3510"
"54","2026-05-07T00:00:00.000","W","8889"
"54A","2026-05-07T00:00:00.000","W","575"
"54B","2026-05-07T00:00:00.000","W","2151"
"55","2026-05-07T00:00:00.000","W","7816"
"55A","2026-05-07T00:00:00.000","W","179"
"55N","2026-05-07T00:00:00.000","W","452"
"56","2026-05-07T00:00:00.000","W","7495"
"57","2026-05-07T00:00:00.000","W","1893"
"59","2026-05-07T00:00:00.000","W","3071"
"6","2026-05-07T00:00:00.000","W","6534"
"60","2026-05-07T00:00:00.000","W","12425"
"62","2026-05-07T00:00:00.000","W","8781"
"62H","2026-05-07T00:00:00.000","W","784"
"63","2026-05-07T00:00:00.000","W","15110"
"63W","2026-05-07T00:00:00.000","W","1337"
"65","2026-05-07T00:00:00.000","W","6287"
"66","2026-05-07T00:00:00.000","W","17613"
"67","2026-05-07T00:00:00.000","W","6989"
"68","2026-05-07T00:00:00.000","W","973"
"7","2026-05-07T00:00:00.000","W","4269"
"70","2026-05-07T00:00:00.000","W","7553"
"71","2026-05-07T00:00:00.000","W","7899"
"72","2026-05-07T00:00:00.000","W","12404"
"73","2026-05-07T00:00:00.000","W","4545"
"74","2026-05-07T00:00:00.000","W","10267"
"75","2026-05-07T00:00:00.000","W","6380"
"76","2026-05-07T00:00:00.000","W","9696"
"77","2026-05-07T00:00:00.000","W","16894"
"78","2026-05-07T00:00:00.000","W","6882"
"79","2026-05-07T00:00:00.000","W","19364"
"8","2026-05-07T00:00:00.000","W","17271"
"80","2026-05-07T00:00:00.000","W","8927"
"81","2026-05-07T00:00:00.000","W","9759"
"81W","2026-05-07T00:00:00.000","W","1536"
"82","2026-05-07T00:00:00.000","W","14765"
"84","2026-05-07T00:00:00.000","W","3343"
"85","2026-05-07T00:00:00.000","W","8573"
"85A","2026-05-07T00:00:00.000","W","759"
"86","2026-05-07T00:00:00.000","W","2537"
"87","2026-05-07T00:00:00.000","W","8829"
"88","2026-05-07T00:00:00.000","W","923"
"8A","2026-05-07T00:00:00.000","W","2559"
"9","2026-05-07T00:00:00.000","W","20330"
"90","2026-05-07T00:00:00.000","W","3516"
"91","2026-05-07T00:00:00.000","W","4707"
"92","2026-05-07T00:00:00.000","W","5519"
"93","2026-05-07T00:00:00.000","W","4396"
"94","2026-05-07T00:00:00.000","W","9930"
"95","2026-05-07T00:00:00.000","W","5855"
"96","2026-05-07T00:00:00.000","W","681"
"97","2026-05-07T00:00:00.000","W","2198"
"J14","2026-05-07T00:00:00.000","W","8561"
"N5","2026-05-07T00:00:00.000","W","317"
"X4","2026-05-07T00:00:00.000","W","3451"
"X49","2026-05-07T00:00:00.000","W","5104"
"X9","2026-05-06T00:00:00.000","W","6288"
"1","2026-05-06T00:00:00.000","W","1484"
"100","2026-05-06T00:00:00.000","W","470"
"1001","2026-05-06T00:00:00.000","W","32"
"103","2026-05-06T00:00:00.000","W","1817"
"106","2026-05-06T00:00:00.000","W","1044"
"108","2026-05-06T00:00:00.000","W","730"
"11","2026-05-06T00:00:00.000","W","1162"
"111","2026-05-06T00:00:00.000","W","2707"
"111A","2026-05-06T00:00:00.000","W","336"
"112","2026-05-06T00:00:00.000","W","1508"
"115","2026-05-06T00:00:00.000","W","2058"
"119","2026-05-06T00:00:00.000","W","2716"
"12","2026-05-06T00:00:00.000","W","11150"
"120","2026-05-06T00:00:00.000","W","1023"
"121","2026-05-06T00:00:00.000","W","1400"
"124","2026-05-06T00:00:00.000","W","1007"
"125","2026-05-06T00:00:00.000","W","598"
"126","2026-05-06T00:00:00.000","W","4780"
"134","2026-05-06T00:00:00.000","W","2335"
"135","2026-05-06T00:00:00.000","W","2448"
"136","2026-05-06T00:00:00.000","W","1347"
"143","2026-05-06T00:00:00.000","W","1202"
"146","2026-05-06T00:00:00.000","W","10991"
"147","2026-05-06T00:00:00.000","W","10236"
"148","2026-05-06T00:00:00.000","W","1477"
"15","2026-05-06T00:00:00.000","W","6003"
"151","2026-05-06T00:00:00.000","W","12895"
"152","2026-05-06T00:00:00.000","W","9319"
"155","2026-05-06T00:00:00.000","W","5480"
"156","2026-05-06T00:00:00.000","W","4598"
"157","2026-05-06T00:00:00.000","W","6640"
"165","2026-05-06T00:00:00.000","W","173"
"169","2026-05-06T00:00:00.000","W","60"
"171","2026-05-06T00:00:00.000","W","1000"
"172","2026-05-06T00:00:00.000","W","1727"
"18","2026-05-06T00:00:00.000","W","3680"
"192","2026-05-06T00:00:00.000","W","534"
"2","2026-05-06T00:00:00.000","W","2388"
"20","2026-05-06T00:00:00.000","W","15433"
"201","2026-05-06T00:00:00.000","W","1470"
"206","2026-05-06T00:00:00.000","W","411"
"21","2026-05-06T00:00:00.000","W","8357"
"22","2026-05-06T00:00:00.000","W","15010"
"24","2026-05-06T00:00:00.000","W","2065"
"26","2026-05-06T00:00:00.000","W","3751"
"28","2026-05-06T00:00:00.000","W","4915"
"29","2026-05-06T00:00:00.000","W","8667"
"3","2026-05-06T00:00:00.000","W","17817"
"30","2026-05-06T00:00:00.000","W","2648"
"31","2026-05-06T00:00:00.000","W","639"
"34","2026-05-06T00:00:00.000","W","3790"
"35","2026-05-06T00:00:00.000","W","4017"
"36","2026-05-06T00:00:00.000","W","10803"
"37","2026-05-06T00:00:00.000","W","2133"
"39","2026-05-06T00:00:00.000","W","1541"
"4","2026-05-06T00:00:00.000","W","15667"
"43","2026-05-06T00:00:00.000","W","1128"
"44","2026-05-06T00:00:00.000","W","3097"
"47","2026-05-06T00:00:00.000","W","10485"
"48","2026-05-06T00:00:00.000","W","926"
"49","2026-05-06T00:00:00.000","W","15546"
"49B","2026-05-06T00:00:00.000","W","4097"
"50","2026-05-06T00:00:00.000","W","9355"
"51","2026-05-06T00:00:00.000","W","1172"
"52","2026-05-06T00:00:00.000","W","7756"
"52A","2026-05-06T00:00:00.000","W","3451"
"53","2026-05-06T00:00:00.000","W","20652"
"53A","2026-05-06T00:00:00.000","W","3408"
"54","2026-05-06T00:00:00.000","W","9583"
"54A","2026-05-06T00:00:00.000","W","615"
"54B","2026-05-06T00:00:00.000","W","2109"
"55","2026-05-06T00:00:00.000","W","8607"
"55A","2026-05-06T00:00:00.000","W","140"
"55N","2026-05-06T00:00:00.000","W","437"
"56","2026-05-06T00:00:00.000","W","7644"
"57","2026-05-06T00:00:00.000","W","1865"
"59","2026-05-06T00:00:00.000","W","2884"
"6","2026-05-06T00:00:00.000","W","6400"
"60","2026-05-06T00:00:00.000","W","12293"
"62","2026-05-06T00:00:00.000","W","8344"
"62H","2026-05-06T00:00:00.000","W","842"
"63","2026-05-06T00:00:00.000","W","15740"
"63W","2026-05-06T00:00:00.000","W","1377"
"65","2026-05-06T00:00:00.000","W","6847"
"66","2026-05-06T00:00:00.000","W","17166"
"67","2026-05-06T00:00:00.000","W","7401"
"68","2026-05-06T00:00:00.000","W","926"
"7","2026-05-06T00:00:00.000","W","4368"
"70","2026-05-06T00:00:00.000","W","7998"
"71","2026-05-06T00:00:00.000","W","8112"
"72","2026-05-06T00:00:00.000","W","12389"
"73","2026-05-06T00:00:00.000","W","4543"
"74","2026-05-06T00:00:00.000","W","10396"
"75","2026-05-06T00:00:00.000","W","5921"
"76","2026-05-06T00:00:00.000","W","10095"
"77","2026-05-06T00:00:00.000","W","16644"
"78","2026-05-06T00:00:00.000","W","6849"
"79","2026-05-06T00:00:00.000","W","20672"
"8","2026-05-06T00:00:00.000","W","17665"
"80","2026-05-06T00:00:00.000","W","8872"
"81","2026-05-06T00:00:00.000","W","9851"
"81W","2026-05-06T00:00:00.000","W","1522"
"82","2026-05-06T00:00:00.000","W","15169"
"84","2026-05-06T00:00:00.000","W","3639"
"85","2026-05-06T00:00:00.000","W","9273"
"85A","2026-05-06T00:00:00.000","W","668"
"86","2026-05-06T00:00:00.000","W","2421"
"87","2026-05-06T00:00:00.000","W","8224"
"88","2026-05-06T00:00:00.000","W","1125"
"8A","2026-05-06T00:00:00.000","W","2731"
"9","2026-05-06T00:00:00.000","W","20557"
"90","2026-05-06T00:00:00.000","W","3862"
"91","2026-05-06T00:00:00.000","W","5041"
"92","2026-05-06T00:00:00.000","W","6159"
"93","2026-05-06T00:00:00.000","W","4402"
"94","2026-05-06T00:00:00.000","W","10077"
"95","2026-05-06T00:00:00.000","W","5661"
"96","2026-05-06T00:00:00.000","W","696"
"97","2026-05-06T00:00:00.000","W","2286"
"J14","2026-05-06T00:00:00.000","W","8611"
"N5","2026-05-06T00:00:00.000","W","288"
"X4","2026-05-06T00:00:00.000","W","3507"
"X49","2026-05-06T00:00:00.000","W","5075"
"X9","2026-05-05T00:00:00.000","W","6135"
"1","2026-05-05T00:00:00.000","W","1456"
"100","2026-05-05T00:00:00.000","W","474"
"1001","2026-05-05T00:00:00.000","W","127"
"103","2026-05-05T00:00:00.000","W","1710"
"106","2026-05-05T00:00:00.000","W","895"
"108","2026-05-05T00:00:00.000","W","1119"
"11","2026-05-05T00:00:00.000","W","988"
"111","2026-05-05T00:00:00.000","W","2578"
"111A","2026-05-05T00:00:00.000","W","285"
"112","2026-05-05T00:00:00.000","W","1335"
"115","2026-05-05T00:00:00.000","W","2265"
"119","2026-05-05T00:00:00.000","W","2013"
"12","2026-05-05T00:00:00.000","W","11355"
"120","2026-05-05T00:00:00.000","W","1160"
"121","2026-05-05T00:00:00.000","W","1458"
"124","2026-05-05T00:00:00.000","W","942"
"125","2026-05-05T00:00:00.000","W","615"
"126","2026-05-05T00:00:00.000","W","4615"
"134","2026-05-05T00:00:00.000","W","2714"
"135","2026-05-05T00:00:00.000","W","2649"
"136","2026-05-05T00:00:00.000","W","1417"
"143","2026-05-05T00:00:00.000","W","1131"
"146","2026-05-05T00:00:00.000","W","10647"
"147","2026-05-05T00:00:00.000","W","10149"
"148","2026-05-05T00:00:00.000","W","1598"
"15","2026-05-05T00:00:00.000","W","5827"
"151","2026-05-05T00:00:00.000","W","13262"
"152","2026-05-05T00:00:00.000","W","9484"
"155","2026-05-05T00:00:00.000","W","5327"
"156","2026-05-05T00:00:00.000","W","4588"
"157","2026-05-05T00:00:00.000","W","6393"
"165","2026-05-05T00:00:00.000","W","149"
"169","2026-05-05T00:00:00.000","W","20"
"171","2026-05-05T00:00:00.000","W","964"
"172","2026-05-05T00:00:00.000","W","1816"
"18","2026-05-05T00:00:00.000","W","3585"
"192","2026-05-05T00:00:00.000","W","544"
"2","2026-05-05T00:00:00.000","W","2147"
"20","2026-05-05T00:00:00.000","W","15248"
"201","2026-05-05T00:00:00.000","W","1389"
"206","2026-05-05T00:00:00.000","W","501"
"21","2026-05-05T00:00:00.000","W","8255"
"22","2026-05-05T00:00:00.000","W","15000"
"24","2026-05-05T00:00:00.000","W","1880"
"26","2026-05-05T00:00:00.000","W","3610"
"28","2026-05-05T00:00:00.000","W","4587"
"29","2026-05-05T00:00:00.000","W","8455"
"3","2026-05-05T00:00:00.000","W","16934"
"30","2026-05-05T00:00:00.000","W","2804"
"31","2026-05-05T00:00:00.000","W","650"
"34","2026-05-05T00:00:00.000","W","3297"
"35","2026-05-05T00:00:00.000","W","3599"
"36","2026-05-05T00:00:00.000","W","11079"
"37","2026-05-05T00:00:00.000","W","2347"
"39","2026-05-05T00:00:00.000","W","1346"
"4","2026-05-05T00:00:00.000","W","15821"
"43","2026-05-05T00:00:00.000","W","717"
"44","2026-05-05T00:00:00.000","W","2848"
"47","2026-05-05T00:00:00.000","W","11132"
"48","2026-05-05T00:00:00.000","W","880"
"49","2026-05-05T00:00:00.000","W","15569"
"49B","2026-05-05T00:00:00.000","W","3940"
"50","2026-05-05T00:00:00.000","W","9109"
"51","2026-05-05T00:00:00.000","W","1337"
"52","2026-05-05T00:00:00.000","W","7815"
"52A","2026-05-05T00:00:00.000","W","3679"
"53","2026-05-05T00:00:00.000","W","19503"
"53A","2026-05-05T00:00:00.000","W","3250"
"54","2026-05-05T00:00:00.000","W","9218"
"54A","2026-05-05T00:00:00.000","W","565"
"54B","2026-05-05T00:00:00.000","W","2205"
"55","2026-05-05T00:00:00.000","W","8141"
"55A","2026-05-05T00:00:00.000","W","177"
"55N","2026-05-05T00:00:00.000","W","448"
"56","2026-05-05T00:00:00.000","W","7412"
"57","2026-05-05T00:00:00.000","W","1740"
"59","2026-05-05T00:00:00.000","W","3065"
"6","2026-05-05T00:00:00.000","W","6136"
"60","2026-05-05T00:00:00.000","W","11446"
"62","2026-05-05T00:00:00.000","W","8045"
"62H","2026-05-05T00:00:00.000","W","773"
"63","2026-05-05T00:00:00.000","W","14495"
"63W","2026-05-05T00:00:00.000","W","1153"
"65","2026-05-05T00:00:00.000","W","6392"
"66","2026-05-05T00:00:00.000","W","17385"
"67","2026-05-05T00:00:00.000","W","8797"
"68","2026-05-05T00:00:00.000","W","990"
"7","2026-05-05T00:00:00.000","W","4999"
"70","2026-05-05T00:00:00.000","W","7526"
"71","2026-05-05T00:00:00.000","W","7481"
"72","2026-05-05T00:00:00.000","W","12514"
"73","2026-05-05T00:00:00.000","W","4687"
"74","2026-05-05T00:00:00.000","W","10452"
"75","2026-05-05T00:00:00.000","W","5805"
"76","2026-05-05T00:00:00.000","W","9812"
"77","2026-05-05T00:00:00.000","W","16214"
"78","2026-05-05T00:00:00.000","W","6895"
"79","2026-05-05T00:00:00.000","W","19773"
"8","2026-05-05T00:00:00.000","W","17369"
"80","2026-05-05T00:00:00.000","W","9062"
"81","2026-05-05T00:00:00.000","W","9632"
"81W","2026-05-05T00:00:00.000","W","1494"
"82","2026-05-05T00:00:00.000","W","14724"
"84","2026-05-05T00:00:00.000","W","3292"
"85","2026-05-05T00:00:00.000","W","8768"
"85A","2026-05-05T00:00:00.000","W","659"
"86","2026-05-05T00:00:00.000","W","2427"
"87","2026-05-05T00:00:00.000","W","7955"
"88","2026-05-05T00:00:00.000","W","693"
"8A","2026-05-05T00:00:00.000","W","2588"
"9","2026-05-05T00:00:00.000","W","19625"
"90","2026-05-05T00:00:00.000","W","3580"
"91","2026-05-05T00:00:00.000","W","4409"
"92","2026-05-05T00:00:00.000","W","5796"
"93","2026-05-05T00:00:00.000","W","4395"
"94","2026-05-05T00:00:00.000","W","9721"
"95","2026-05-05T00:00:00.000","W","5109"
"96","2026-05-05T00:00:00.000","W","676"
"97","2026-05-05T00:00:00.000","W","2205"
"J14","2026-05-05T00:00:00.000","W","8969"
"N5","2026-05-05T00:00:00.000","W","281"
"X4","2026-05-05T00:00:00.000","W","2954"
"X49","2026-05-05T00:00:00.000","W","4545"
"1","2026-05-04T00:00:00.000","W","1171"
"100","2026-05-04T00:00:00.000","W","402"
"1001","2026-05-04T00:00:00.000","W","36"
"103","2026-05-04T00:00:00.000","W","1632"
"106","2026-05-04T00:00:00.000","W","980"
"108","2026-05-04T00:00:00.000","W","753"
"11","2026-05-04T00:00:00.000","W","1151"
"111","2026-05-04T00:00:00.000","W","2616"
"111A","2026-05-04T00:00:00.000","W","275"
"112","2026-05-04T00:00:00.000","W","1199"
"115","2026-05-04T00:00:00.000","W","1793"
"119","2026-05-04T00:00:00.000","W","2028"
"12","2026-05-04T00:00:00.000","W","11598"
"120","2026-05-04T00:00:00.000","W","875"
"121","2026-05-04T00:00:00.000","W","1090"
"124","2026-05-04T00:00:00.000","W","1072"
"125","2026-05-04T00:00:00.000","W","366"
"126","2026-05-04T00:00:00.000","W","4413"
"134","2026-05-04T00:00:00.000","W","1605"
"135","2026-05-04T00:00:00.000","W","1766"
"136","2026-05-04T00:00:00.000","W","1000"
"143","2026-05-04T00:00:00.000","W","1028"
"146","2026-05-04T00:00:00.000","W","9577"
"147","2026-05-04T00:00:00.000","W","9722"
"148","2026-05-04T00:00:00.000","W","1290"
"15","2026-05-04T00:00:00.000","W","5869"
"151","2026-05-04T00:00:00.000","W","12471"
"152","2026-05-04T00:00:00.000","W","8839"
"155","2026-05-04T00:00:00.000","W","5250"
"156","2026-05-04T00:00:00.000","W","4098"
"157","2026-05-04T00:00:00.000","W","5859"
"165","2026-05-04T00:00:00.000","W","196"
"169","2026-05-04T00:00:00.000","W","25"
"171","2026-05-04T00:00:00.000","W","1123"
"172","2026-05-04T00:00:00.000","W","1792"
"18","2026-05-04T00:00:00.000","W","3473"
"192","2026-05-04T00:00:00.000","W","473"
"2","2026-05-04T00:00:00.000","W","1924"
"20","2026-05-04T00:00:00.000","W","15766"
"201","2026-05-04T00:00:00.000","W","1292"
"206","2026-05-04T00:00:00.000","W","552"
"21","2026-05-04T00:00:00.000","W","9123"
"22","2026-05-04T00:00:00.000","W","14642"
"24","2026-05-04T00:00:00.000","W","2309"
"26","2026-05-04T00:00:00.000","W","3216"
"28","2026-05-04T00:00:00.000","W","4931"
"29","2026-05-04T00:00:00.000","W","8960"
"3","2026-05-04T00:00:00.000","W","16952"
"30","2026-05-04T00:00:00.000","W","2805"
"31","2026-05-04T00:00:00.000","W","574"
"34","2026-05-04T00:00:00.000","W","3428"
"35","2026-05-04T00:00:00.000","W","3573"
"36","2026-05-04T00:00:00.000","W","10476"
"37","2026-05-04T00:00:00.000","W","1535"
"39","2026-05-04T00:00:00.000","W","1439"
"4","2026-05-04T00:00:00.000","W","16225"
"43","2026-05-04T00:00:00.000","W","894"
"44","2026-05-04T00:00:00.000","W","3083"
"47","2026-05-04T00:00:00.000","W","10187"
"48","2026-05-04T00:00:00.000","W","1031"
"49","2026-05-04T00:00:00.000","W","15045"
"49B","2026-05-04T00:00:00.000","W","4112"
"50","2026-05-04T00:00:00.000","W","8922"
"51","2026-05-04T00:00:00.000","W","1153"
"52","2026-05-04T00:00:00.000","W","8111"
"52A","2026-05-04T00:00:00.000","W","3578"
"53","2026-05-04T00:00:00.000","W","20074"
"53A","2026-05-04T00:00:00.000","W","3300"
"54","2026-05-04T00:00:00.000","W","8861"
"54A","2026-05-04T00:00:00.000","W","540"
"54B","2026-05-04T00:00:00.000","W","2115"
"55","2026-05-04T00:00:00.000","W","8714"
"55A","2026-05-04T00:00:00.000","W","147"
"55N","2026-05-04T00:00:00.000","W","416"
"56","2026-05-04T00:00:00.000","W","6917"
"57","2026-05-04T00:00:00.000","W","1962"
"59","2026-05-04T00:00:00.000","W","2942"
"6","2026-05-04T00:00:00.000","W","6514"
"60","2026-05-04T00:00:00.000","W","11536"
"62","2026-05-04T00:00:00.000","W","7974"
"62H","2026-05-04T00:00:00.000","W","696"
"63","2026-05-04T00:00:00.000","W","14545"
"63W","2026-05-04T00:00:00.000","W","1338"
"65","2026-05-04T00:00:00.000","W","6467"
"66","2026-05-04T00:00:00.000","W","16288"
"67","2026-05-04T00:00:00.000","W","8212"
"68","2026-05-04T00:00:00.000","W","974"
"7","2026-05-04T00:00:00.000","W","4318"
"70","2026-05-04T00:00:00.000","W","7326"
"71","2026-05-04T00:00:00.000","W","7572"
"72","2026-05-04T00:00:00.000","W","12391"
"73","2026-05-04T00:00:00.000","W","4383"
"74","2026-05-04T00:00:00.000","W","9954"
"75","2026-05-04T00:00:00.000","W","6772"
"76","2026-05-04T00:00:00.000","W","9592"
"77","2026-05-04T00:00:00.000","W","15412"
"78","2026-05-04T00:00:00.000","W","6809"
"79","2026-05-04T00:00:00.000","W","18736"
"8","2026-05-04T00:00:00.000","W","16466"
"80","2026-05-04T00:00:00.000","W","8616"
"81","2026-05-04T00:00:00.000","W","9491"
"81W","2026-05-04T00:00:00.000","W","1520"
"82","2026-05-04T00:00:00.000","W","15278"
"84","2026-05-04T00:00:00.000","W","3224"
"85","2026-05-04T00:00:00.000","W","8652"
"85A","2026-05-04T00:00:00.000","W","757"
"86","2026-05-04T00:00:00.000","W","2782"
"87","2026-05-04T00:00:00.000","W","8964"
"88","2026-05-04T00:00:00.000","W","1007"
"8A","2026-05-04T00:00:00.000","W","2600"
"9","2026-05-04T00:00:00.000","W","19363"
"90","2026-05-04T00:00:00.000","W","3577"
"91","2026-05-04T00:00:00.000","W","4448"
"92","2026-05-04T00:00:00.000","W","5913"
"93","2026-05-04T00:00:00.000","W","4302"
"94","2026-05-04T00:00:00.000","W","10327"
"95","2026-05-04T00:00:00.000","W","5701"
"96","2026-05-04T00:00:00.000","W","661"
"97","2026-05-04T00:00:00.000","W","2195"
"J14","2026-05-04T00:00:00.000","W","8084"
"N5","2026-05-04T00:00:00.000","W","251"
"X4","2026-05-04T00:00:00.000","W","3499"
"X49","2026-05-04T00:00:00.000","W","4619"
"X9","2026-05-04T00:00:00.000","W","5987"
"1001","2026-05-03T00:00:00.000","U","56"
"103","2026-05-03T00:00:00.000","U","784"
"106","2026-05-03T00:00:00.000","U","274"
"11","2026-05-03T00:00:00.000","U","359"
"111","2026-05-03T00:00:00.000","U","1204"
"111A","2026-05-03T00:00:00.000","U","261"
"112","2026-05-03T00:00:00.000","U","404"
"115","2026-05-03T00:00:00.000","U","872"
"119","2026-05-03T00:00:00.000","U","1782"
"12","2026-05-03T00:00:00.000","U","7298"
"124","2026-05-03T00:00:00.000","U","1138"
"126","2026-05-03T00:00:00.000","U","1860"
"146","2026-05-03T00:00:00.000","U","7124"
"147","2026-05-03T00:00:00.000","U","6012"
"15","2026-05-03T00:00:00.000","U","3371"
"151","2026-05-03T00:00:00.000","U","10337"
"152","2026-05-03T00:00:00.000","U","3579"
"155","2026-05-03T00:00:00.000","U","3355"
"172","2026-05-03T00:00:00.000","U","485"
"18","2026-05-03T00:00:00.000","U","2150"
"20","2026-05-03T00:00:00.000","U","8779"
"21","2026-05-03T00:00:00.000","U","5273"
"22","2026-05-03T00:00:00.000","U","11745"
"28","2026-05-03T00:00:00.000","U","2053"
"29","2026-05-03T00:00:00.000","U","6152"
"3","2026-05-03T00:00:00.000","U","10694"
"30","2026-05-03T00:00:00.000","U","800"
"34","2026-05-03T00:00:00.000","U","2733"
"35","2026-05-03T00:00:00.000","U","1819"
"36","2026-05-03T00:00:00.000","U","10142"
"39","2026-05-03T00:00:00.000","U","456"
"4","2026-05-03T00:00:00.000","U","11434"
"43","2026-05-03T00:00:00.000","U","345"
"44","2026-05-03T00:00:00.000","U","1288"
"47","2026-05-03T00:00:00.000","U","5691"
"49","2026-05-03T00:00:00.000","U","10856"
"49B","2026-05-03T00:00:00.000","U","2146"
"50","2026-05-03T00:00:00.000","U","4287"
"51","2026-05-03T00:00:00.000","U","558"
"52","2026-05-03T00:00:00.000","U","3358"
"52A","2026-05-03T00:00:00.000","U","1482"
"53","2026-05-03T00:00:00.000","U","11431"
"53A","2026-05-03T00:00:00.000","U","859"
"54","2026-05-03T00:00:00.000","U","5744"
"54B","2026-05-03T00:00:00.000","U","1225"
"55","2026-05-03T00:00:00.000","U","5356"
"56","2026-05-03T00:00:00.000","U","4126"
"57","2026-05-03T00:00:00.000","U","427"
"59","2026-05-03T00:00:00.000","U","14"
"6","2026-05-03T00:00:00.000","U","6185"
"60","2026-05-03T00:00:00.000","U","6423"
"62","2026-05-03T00:00:00.000","U","4704"
"63","2026-05-03T00:00:00.000","U","8219"
"63W","2026-05-03T00:00:00.000","U","427"
"65","2026-05-03T00:00:00.000","U","4125"
"66","2026-05-03T00:00:00.000","U","10730"
"67","2026-05-03T00:00:00.000","U","4408"
"68","2026-05-03T00:00:00.000","U","398"
"70","2026-05-03T00:00:00.000","U","3776"
"71","2026-05-03T00:00:00.000","U","5150"
"72","2026-05-03T00:00:00.000","U","8544"
"73","2026-05-03T00:00:00.000","U","2156"
"74","2026-05-03T00:00:00.000","U","6000"
"75","2026-05-03T00:00:00.000","U","3723"
"76","2026-05-03T00:00:00.000","U","4488"
"77","2026-05-03T00:00:00.000","U","9428"
"78","2026-05-03T00:00:00.000","U","3641"
"79","2026-05-03T00:00:00.000","U","11190"
"8","2026-05-03T00:00:00.000","U","9933"
"80","2026-05-03T00:00:00.000","U","5155"
"81","2026-05-03T00:00:00.000","U","6750"
"81W","2026-05-03T00:00:00.000","U","679"
"82","2026-05-03T00:00:00.000","U","8518"
"84","2026-05-03T00:00:00.000","U","1048"
"85","2026-05-03T00:00:00.000","U","4671"
"87","2026-05-03T00:00:00.000","U","4608"
"88","2026-05-03T00:00:00.000","U","408"
"8A","2026-05-03T00:00:00.000","U","1519"
"9","2026-05-03T00:00:00.000","U","15885"
"90","2026-05-03T00:00:00.000","U","1938"
"91","2026-05-03T00:00:00.000","U","2065"
"92","2026-05-03T00:00:00.000","U","2981"
"93","2026-05-03T00:00:00.000","U","1868"
"94","2026-05-03T00:00:00.000","U","4288"
"95","2026-05-03T00:00:00.000","U","3270"
"97","2026-05-03T00:00:00.000","U","1203"
"J14","2026-05-03T00:00:00.000","U","4646"
"N5","2026-05-03T00:00:00.000","U","377"
"1001","2026-05-02T00:00:00.000","A","11"
"103","2026-05-02T00:00:00.000","A","876"
"106","2026-05-02T00:00:00.000","A","303"
"11","2026-05-02T00:00:00.000","A","589"
"111","2026-05-02T00:00:00.000","A","1541"
"111A","2026-05-02T00:00:00.000","A","148"
"112","2026-05-02T00:00:00.000","A","701"
"115","2026-05-02T00:00:00.000","A","1273"
"119","2026-05-02T00:00:00.000","A","2182"
"12","2026-05-02T00:00:00.000","A","8814"
"124","2026-05-02T00:00:00.000","A","1625"
"126","2026-05-02T00:00:00.000","A","2443"
"146","2026-05-02T00:00:00.000","A","9539"
"147","2026-05-02T00:00:00.000","A","9113"
"15","2026-05-02T00:00:00.000","A","4446"
"151","2026-05-02T00:00:00.000","A","15282"
"152","2026-05-02T00:00:00.000","A","5152"
"155","2026-05-02T00:00:00.000","A","4231"
"169","2026-05-02T00:00:00.000","A","35"
"171","2026-05-02T00:00:00.000","A","382"
"172","2026-05-02T00:00:00.000","A","523"
"18","2026-05-02T00:00:00.000","A","2954"
"19","2026-05-02T00:00:00.000","A","24"
"20","2026-05-02T00:00:00.000","A","9340"
"201","2026-05-02T00:00:00.000","A","1016"
"21","2026-05-02T00:00:00.000","A","6887"
"22","2026-05-02T00:00:00.000","A","14987"
"28","2026-05-02T00:00:00.000","A","3100"
"29","2026-05-02T00:00:00.000","A","7788"
"3","2026-05-02T00:00:00.000","A","13603"
"30","2026-05-02T00:00:00.000","A","1758"
"34","2026-05-02T00:00:00.000","A","3131"
"35","2026-05-02T00:00:00.000","A","2293"
"36","2026-05-02T00:00:00.000","A","12647"
"39","2026-05-02T00:00:00.000","A","630"
"4","2026-05-02T00:00:00.000","A","13865"
"43","2026-05-02T00:00:00.000","A","451"
"44","2026-05-02T00:00:00.000","A","1370"
"47","2026-05-02T00:00:00.000","A","7062"
"49","2026-05-02T00:00:00.000","A","13452"
"49B","2026-05-02T00:00:00.000","A","2848"
"50","2026-05-02T00:00:00.000","A","5763"
"51","2026-05-02T00:00:00.000","A","730"
"52","2026-05-02T00:00:00.000","A","4980"
"52A","2026-05-02T00:00:00.000","A","2092"
"53","2026-05-02T00:00:00.000","A","14108"
"53A","2026-05-02T00:00:00.000","A","1401"
"54","2026-05-02T00:00:00.000","A","7151"
"54B","2026-05-02T00:00:00.000","A","2324"
"55","2026-05-02T00:00:00.000","A","7326"
"55N","2026-05-02T00:00:00.000","A","237"
"56","2026-05-02T00:00:00.000","A","4802"
"57","2026-05-02T00:00:00.000","A","963"
"59","2026-05-02T00:00:00.000","A","1496"
"6","2026-05-02T00:00:00.000","A","7695"
"60","2026-05-02T00:00:00.000","A","8410"
"62","2026-05-02T00:00:00.000","A","5873"
"62H","2026-05-02T00:00:00.000","A","468"
"63","2026-05-02T00:00:00.000","A","10430"
"63W","2026-05-02T00:00:00.000","A","665"
"65","2026-05-02T00:00:00.000","A","5096"
"66","2026-05-02T00:00:00.000","A","13501"
"67","2026-05-02T00:00:00.000","A","5033"
"68","2026-05-02T00:00:00.000","A","492"
"70","2026-05-02T00:00:00.000","A","4367"
"71","2026-05-02T00:00:00.000","A","6363"
"72","2026-05-02T00:00:00.000","A","10970"
"73","2026-05-02T00:00:00.000","A","2835"
"74","2026-05-02T00:00:00.000","A","7992"
"75","2026-05-02T00:00:00.000","A","4668"
"76","2026-05-02T00:00:00.000","A","6827"
"77","2026-05-02T00:00:00.000","A","11029"
"78","2026-05-02T00:00:00.000","A","4542"
"79","2026-05-02T00:00:00.000","A","13281"
"8","2026-05-02T00:00:00.000","A","13360"
"80","2026-05-02T00:00:00.000","A","6668"
"81","2026-05-02T00:00:00.000","A","8742"
"81W","2026-05-02T00:00:00.000","A","1058"
"82","2026-05-02T00:00:00.000","A","9679"
"84","2026-05-02T00:00:00.000","A","1620"
"85","2026-05-02T00:00:00.000","A","5319"
"85A","2026-05-02T00:00:00.000","A","318"
"87","2026-05-02T00:00:00.000","A","6125"
"88","2026-05-02T00:00:00.000","A","456"
"8A","2026-05-02T00:00:00.000","A","2067"
"9","2026-05-02T00:00:00.000","A","18950"
"90","2026-05-02T00:00:00.000","A","2657"
"91","2026-05-02T00:00:00.000","A","2826"
"92","2026-05-02T00:00:00.000","A","3739"
"93","2026-05-02T00:00:00.000","A","2582"
"94","2026-05-02T00:00:00.000","A","5408"
"95","2026-05-02T00:00:00.000","A","4256"
"97","2026-05-02T00:00:00.000","A","1840"
"J14","2026-05-02T00:00:00.000","A","5306"
"N5","2026-05-02T00:00:00.000","A","318"
"1","2026-05-01T00:00:00.000","W","886"
"100","2026-05-01T00:00:00.000","W","397"
"1001","2026-05-01T00:00:00.000","W","45"
"103","2026-05-01T00:00:00.000","W","1645"
"106","2026-05-01T00:00:00.000","W","986"
"108","2026-05-01T00:00:00.000","W","632"
"11","2026-05-01T00:00:00.000","W","1101"
"111","2026-05-01T00:00:00.000","W","2770"
"111A","2026-05-01T00:00:00.000","W","362"
"112","2026-05-01T00:00:00.000","W","1216"
"115","2026-05-01T00:00:00.000","W","1857"
"119","2026-05-01T00:00:00.000","W","2772"
"12","2026-05-01T00:00:00.000","W","11363"
"120","2026-05-01T00:00:00.000","W","577"
"121","2026-05-01T00:00:00.000","W","713"
"124","2026-05-01T00:00:00.000","W","1227"
"125","2026-05-01T00:00:00.000","W","337"
"126","2026-05-01T00:00:00.000","W","3809"
"134","2026-05-01T00:00:00.000","W","727"
"135","2026-05-01T00:00:00.000","W","888"
"136","2026-05-01T00:00:00.000","W","715"
"143","2026-05-01T00:00:00.000","W","716"
"146","2026-05-01T00:00:00.000","W","9166"
"147","2026-05-01T00:00:00.000","W","9973"
"148","2026-05-01T00:00:00.000","W","1202"
"15","2026-05-01T00:00:00.000","W","6529"
"151","2026-05-01T00:00:00.000","W","12384"
"152","2026-05-01T00:00:00.000","W","8756"
"155","2026-05-01T00:00:00.000","W","5329"
"156","2026-05-01T00:00:00.000","W","3231"
"157","2026-05-01T00:00:00.000","W","5871"
"165","2026-05-01T00:00:00.000","W","140"
"169","2026-05-01T00:00:00.000","W","107"
"171","2026-05-01T00:00:00.000","W","631"
"172","2026-05-01T00:00:00.000","W","1306"
"18","2026-05-01T00:00:00.000","W","3666"
"19","2026-05-01T00:00:00.000","W","246"
"192","2026-05-01T00:00:00.000","W","336"
"2","2026-05-01T00:00:00.000","W","1809"
"20","2026-05-01T00:00:00.000","W","13569"
"201","2026-05-01T00:00:00.000","W","1475"
"206","2026-05-01T00:00:00.000","W","575"
"21","2026-05-01T00:00:00.000","W","8835"
"22","2026-05-01T00:00:00.000","W","15146"
"24","2026-05-01T00:00:00.000","W","2132"
"26","2026-05-01T00:00:00.000","W","3059"
"28","2026-05-01T00:00:00.000","W","4992"
"29","2026-05-01T00:00:00.000","W","8863"
"3","2026-05-01T00:00:00.000","W","16626"
"30","2026-05-01T00:00:00.000","W","2522"
"31","2026-05-01T00:00:00.000","W","594"
"34","2026-05-01T00:00:00.000","W","3818"
"35","2026-05-01T00:00:00.000","W","3827"
"36","2026-05-01T00:00:00.000","W","11330"
"37","2026-05-01T00:00:00.000","W","1196"
"39","2026-05-01T00:00:00.000","W","1457"
"4","2026-05-01T00:00:00.000","W","17230"
"43","2026-05-01T00:00:00.000","W","1003"
"44","2026-05-01T00:00:00.000","W","3275"
"47","2026-05-01T00:00:00.000","W","10614"
"48","2026-05-01T00:00:00.000","W","709"
"49","2026-05-01T00:00:00.000","W","15617"
"49B","2026-05-01T00:00:00.000","W","4017"
"50","2026-05-01T00:00:00.000","W","9480"
"51","2026-05-01T00:00:00.000","W","1045"
"52","2026-05-01T00:00:00.000","W","7882"
"52A","2026-05-01T00:00:00.000","W","3547"
"53","2026-05-01T00:00:00.000","W","19656"
"53A","2026-05-01T00:00:00.000","W","3048"
"54","2026-05-01T00:00:00.000","W","9329"
"54A","2026-05-01T00:00:00.000","W","510"
"54B","2026-05-01T00:00:00.000","W","2207"
"55","2026-05-01T00:00:00.000","W","8360"
"55A","2026-05-01T00:00:00.000","W","138"
"55N","2026-05-01T00:00:00.000","W","364"
"56","2026-05-01T00:00:00.000","W","6723"
"57","2026-05-01T00:00:00.000","W","1932"
"59","2026-05-01T00:00:00.000","W","3087"
"6","2026-05-01T00:00:00.000","W","6174"
"60","2026-05-01T00:00:00.000","W","11929"
"62","2026-05-01T00:00:00.000","W","7612"
"62H","2026-05-01T00:00:00.000","W","770"
"63","2026-05-01T00:00:00.000","W","15444"
"63W","2026-05-01T00:00:00.000","W","1347"
"65","2026-05-01T00:00:00.000","W","6088"
"66","2026-05-01T00:00:00.000","W","17807"
"67","2026-05-01T00:00:00.000","W","7130"
"68","2026-05-01T00:00:00.000","W","995"
"7","2026-05-01T00:00:00.000","W","4495"
"70","2026-05-01T00:00:00.000","W","7257"
"71","2026-05-01T00:00:00.000","W","8750"
"72","2026-05-01T00:00:00.000","W","12959"
"73","2026-05-01T00:00:00.000","W","4568"
"74","2026-05-01T00:00:00.000","W","10196"
"75","2026-05-01T00:00:00.000","W","6157"
"76","2026-05-01T00:00:00.000","W","9650"
"77","2026-05-01T00:00:00.000","W","16229"
"78","2026-05-01T00:00:00.000","W","6450"
"79","2026-05-01T00:00:00.000","W","18836"
"8","2026-05-01T00:00:00.000","W","16791"
"80","2026-05-01T00:00:00.000","W","8827"
"81","2026-05-01T00:00:00.000","W","9591"
"81W","2026-05-01T00:00:00.000","W","1552"
"82","2026-05-01T00:00:00.000","W","14158"
"84","2026-05-01T00:00:00.000","W","2998"
"85","2026-05-01T00:00:00.000","W","9364"
"85A","2026-05-01T00:00:00.000","W","735"
"86","2026-05-01T00:00:00.000","W","2393"
"87","2026-05-01T00:00:00.000","W","9791"
"88","2026-05-01T00:00:00.000","W","959"
"8A","2026-05-01T00:00:00.000","W","2769"
"9","2026-05-01T00:00:00.000","W","21447"
"90","2026-05-01T00:00:00.000","W","3747"
"91","2026-05-01T00:00:00.000","W","4738"
"92","2026-05-01T00:00:00.000","W","5413"
"93","2026-05-01T00:00:00.000","W","4141"
"94","2026-05-01T00:00:00.000","W","8824"
"95","2026-05-01T00:00:00.000","W","5925"
"96","2026-05-01T00:00:00.000","W","745"
"97","2026-05-01T00:00:00.000","W","2088"
"J14","2026-05-01T00:00:00.000","W","7955"
"N5","2026-05-01T00:00:00.000","W","285"
"X4","2026-05-01T00:00:00.000","W","2845"
"X49","2026-05-01T00:00:00.000","W","4672"
"X9","2026-05-01T00:00:00.000","W","6522"
"1","2026-04-30T00:00:00.000","W","1222"
"100","2026-04-30T00:00:00.000","W","343"
"1001","2026-04-30T00:00:00.000","W","32"
"103","2026-04-30T00:00:00.000","W","1545"
"106","2026-04-30T00:00:00.000","W","1102"
"108","2026-04-30T00:00:00.000","W","932"
"11","2026-04-30T00:00:00.000","W","1075"
"111","2026-04-30T00:00:00.000","W","2096"
"111A","2026-04-30T00:00:00.000","W","384"
"112","2026-04-30T00:00:00.000","W","1302"
"115","2026-04-30T00:00:00.000","W","1919"
"119","2026-04-30T00:00:00.000","W","2664"
"12","2026-04-30T00:00:00.000","W","10566"
"120","2026-04-30T00:00:00.000","W","987"
"121","2026-04-30T00:00:00.000","W","1216"
"124","2026-04-30T00:00:00.000","W","1067"
"125","2026-04-30T00:00:00.000","W","606"
"126","2026-04-30T00:00:00.000","W","4471"
"134","2026-04-30T00:00:00.000","W","2188"
"135","2026-04-30T00:00:00.000","W","2437"
"136","2026-04-30T00:00:00.000","W","1309"
"143","2026-04-30T00:00:00.000","W","1094"
"146","2026-04-30T00:00:00.000","W","10330"
"147","2026-04-30T00:00:00.000","W","10072"
"148","2026-04-30T00:00:00.000","W","1535"
"15","2026-04-30T00:00:00.000","W","5572"
"151","2026-04-30T00:00:00.000","W","12837"
"152","2026-04-30T00:00:00.000","W","8329"
"155","2026-04-30T00:00:00.000","W","5241"
"156","2026-04-30T00:00:00.000","W","5185"
"157","2026-04-30T00:00:00.000","W","6079"
"165","2026-04-30T00:00:00.000","W","151"
"169","2026-04-30T00:00:00.000","W","192"
"171","2026-04-30T00:00:00.000","W","1259"
"172","2026-04-30T00:00:00.000","W","1893"
"18","2026-04-30T00:00:00.000","W","3354"
"192","2026-04-30T00:00:00.000","W","448"
"2","2026-04-30T00:00:00.000","W","1837"
"20","2026-04-30T00:00:00.000","W","14226"
"201","2026-04-30T00:00:00.000","W","1371"
"206","2026-04-30T00:00:00.000","W","495"
"21","2026-04-30T00:00:00.000","W","7768"
"22","2026-04-30T00:00:00.000","W","14912"
"24","2026-04-30T00:00:00.000","W","2332"
"26","2026-04-30T00:00:00.000","W","3188"
"28","2026-04-30T00:00:00.000","W","4888"
"29","2026-04-30T00:00:00.000","W","8875"
"3","2026-04-30T00:00:00.000","W","16165"
"30","2026-04-30T00:00:00.000","W","2553"
"31","2026-04-30T00:00:00.000","W","651"
"34","2026-04-30T00:00:00.000","W","3945"
"35","2026-04-30T00:00:00.000","W","3932"
"36","2026-04-30T00:00:00.000","W","10636"
"37","2026-04-30T00:00:00.000","W","1967"
"39","2026-04-30T00:00:00.000","W","1395"
"4","2026-04-30T00:00:00.000","W","15794"
"43","2026-04-30T00:00:00.000","W","841"
"44","2026-04-30T00:00:00.000","W","3021"
"47","2026-04-30T00:00:00.000","W","10317"
"48","2026-04-30T00:00:00.000","W","889"
"49","2026-04-30T00:00:00.000","W","15044"
"49B","2026-04-30T00:00:00.000","W","3881"
"50","2026-04-30T00:00:00.000","W","9387"
"51","2026-04-30T00:00:00.000","W","1084"
"52","2026-04-30T00:00:00.000","W","7860"
"52A","2026-04-30T00:00:00.000","W","3438"
"53","2026-04-30T00:00:00.000","W","18661"
"53A","2026-04-30T00:00:00.000","W","3142"
"54","2026-04-30T00:00:00.000","W","8508"
"54A","2026-04-30T00:00:00.000","W","554"
"54B","2026-04-30T00:00:00.000","W","2104"
"55","2026-04-30T00:00:00.000","W","8364"
"55A","2026-04-30T00:00:00.000","W","145"
"55N","2026-04-30T00:00:00.000","W","427"
"56","2026-04-30T00:00:00.000","W","7182"
"57","2026-04-30T00:00:00.000","W","1757"
"59","2026-04-30T00:00:00.000","W","2906"
"6","2026-04-30T00:00:00.000","W","6082"
"60","2026-04-30T00:00:00.000","W","13207"
"62","2026-04-30T00:00:00.000","W","7405"
"62H","2026-04-30T00:00:00.000","W","724"
"63","2026-04-30T00:00:00.000","W","13423"
"63W","2026-04-30T00:00:00.000","W","1219"
"65","2026-04-30T00:00:00.000","W","5999"
"66","2026-04-30T00:00:00.000","W","16437"
"67","2026-04-30T00:00:00.000","W","7036"
"68","2026-04-30T00:00:00.000","W","1093"
"7","2026-04-30T00:00:00.000","W","4746"
"70","2026-04-30T00:00:00.000","W","7426"
"71","2026-04-30T00:00:00.000","W","7885"
"72","2026-04-30T00:00:00.000","W","12408"
"73","2026-04-30T00:00:00.000","W","4683"
"74","2026-04-30T00:00:00.000","W","10374"
"75","2026-04-30T00:00:00.000","W","6295"
"76","2026-04-30T00:00:00.000","W","9668"
"77","2026-04-30T00:00:00.000","W","16504"
"78","2026-04-30T00:00:00.000","W","6782"
"79","2026-04-30T00:00:00.000","W","20398"
"8","2026-04-30T00:00:00.000","W","17496"
"80","2026-04-30T00:00:00.000","W","8958"
"81","2026-04-30T00:00:00.000","W","10229"
"81W","2026-04-30T00:00:00.000","W","1520"
"82","2026-04-30T00:00:00.000","W","15143"
"84","2026-04-30T00:00:00.000","W","3138"
"85","2026-04-30T00:00:00.000","W","8753"
"85A","2026-04-30T00:00:00.000","W","723"
"86","2026-04-30T00:00:00.000","W","2556"
"87","2026-04-30T00:00:00.000","W","8809"
"88","2026-04-30T00:00:00.000","W","1100"
"8A","2026-04-30T00:00:00.000","W","2188"
"9","2026-04-30T00:00:00.000","W","20627"
"90","2026-04-30T00:00:00.000","W","3499"
"91","2026-04-30T00:00:00.000","W","4650"
"92","2026-04-30T00:00:00.000","W","5864"
"93","2026-04-30T00:00:00.000","W","4325"
"94","2026-04-30T00:00:00.000","W","9980"
"95","2026-04-30T00:00:00.000","W","5361"
"96","2026-04-30T00:00:00.000","W","679"
"97","2026-04-30T00:00:00.000","W","2076"
"J14","2026-04-30T00:00:00.000","W","8572"
"N5","2026-04-30T00:00:00.000","W","285"
"X4","2026-04-30T00:00:00.000","W","3324"
"X49","2026-04-30T00:00:00.000","W","4905"
"X9","2026-04-30T00:00:00.000","W","5802"
"1","2026-04-29T00:00:00.000","W","1418"
"100","2026-04-29T00:00:00.000","W","407"
"1001","2026-04-29T00:00:00.000","W","24"
"103","2026-04-29T00:00:00.000","W","1735"
"106","2026-04-29T00:00:00.000","W","863"
"108","2026-04-29T00:00:00.000","W","805"
"11","2026-04-29T00:00:00.000","W","1007"
"111","2026-04-29T00:00:00.000","W","2070"
"111A","2026-04-29T00:00:00.000","W","253"
"112","2026-04-29T00:00:00.000","W","1401"
"115","2026-04-29T00:00:00.000","W","1643"
"119","2026-04-29T00:00:00.000","W","2442"
"12","2026-04-29T00:00:00.000","W","11190"
"120","2026-04-29T00:00:00.000","W","1104"
"121","2026-04-29T00:00:00.000","W","1322"
"124","2026-04-29T00:00:00.000","W","920"
"125","2026-04-29T00:00:00.000","W","577"
"126","2026-04-29T00:00:00.000","W","4698"
"134","2026-04-29T00:00:00.000","W","2458"
"135","2026-04-29T00:00:00.000","W","2439"
"136","2026-04-29T00:00:00.000","W","1400"
"143","2026-04-29T00:00:00.000","W","1289"
"146","2026-04-29T00:00:00.000","W","10511"
"147","2026-04-29T00:00:00.000","W","10433"
"148","2026-04-29T00:00:00.000","W","1524"
"15","2026-04-29T00:00:00.000","W","5792"
"151","2026-04-29T00:00:00.000","W","13233"
"152","2026-04-29T00:00:00.000","W","8242"
"155","2026-04-29T00:00:00.000","W","5190"
"156","2026-04-29T00:00:00.000","W","4869"
"157","2026-04-29T00:00:00.000","W","6860"
"165","2026-04-29T00:00:00.000","W","124"
"169","2026-04-29T00:00:00.000","W","44"
"171","2026-04-29T00:00:00.000","W","1048"
"172","2026-04-29T00:00:00.000","W","1827"
"18","2026-04-29T00:00:00.000","W","3597"
"19","2026-04-29T00:00:00.000","W","387"
"192","2026-04-29T00:00:00.000","W","511"
"2","2026-04-29T00:00:00.000","W","2156"
"20","2026-04-29T00:00:00.000","W","14372"
"201","2026-04-29T00:00:00.000","W","1449"
"206","2026-04-29T00:00:00.000","W","440"
"21","2026-04-29T00:00:00.000","W","8014"
"22","2026-04-29T00:00:00.000","W","14811"
"24","2026-04-29T00:00:00.000","W","1998"
"26","2026-04-29T00:00:00.000","W","3513"
"28","2026-04-29T00:00:00.000","W","4531"
"29","2026-04-29T00:00:00.000","W","8810"
"3","2026-04-29T00:00:00.000","W","15940"
"30","2026-04-29T00:00:00.000","W","2894"
"31","2026-04-29T00:00:00.000","W","636"
"34","2026-04-29T00:00:00.000","W","3509"
"35","2026-04-29T00:00:00.000","W","3983"
"36","2026-04-29T00:00:00.000","W","10249"
"37","2026-04-29T00:00:00.000","W","2097"
"39","2026-04-29T00:00:00.000","W","1410"
"4","2026-04-29T00:00:00.000","W","15475"
"43","2026-04-29T00:00:00.000","W","861"
"44","2026-04-29T00:00:00.000","W","2993"
"47","2026-04-29T00:00:00.000","W","9985"
"48","2026-04-29T00:00:00.000","W","705"
"49","2026-04-29T00:00:00.000","W","14716"
"49B","2026-04-29T00:00:00.000","W","3971"
"50","2026-04-29T00:00:00.000","W","9555"
"51","2026-04-29T00:00:00.000","W","1246"
"52","2026-04-29T00:00:00.000","W","7841"
"52A","2026-04-29T00:00:00.000","W","3484"
"53","2026-04-29T00:00:00.000","W","19824"
"53A","2026-04-29T00:00:00.000","W","3088"
"54","2026-04-29T00:00:00.000","W","8921"
"54A","2026-04-29T00:00:00.000","W","585"
"54B","2026-04-29T00:00:00.000","W","2042"
"55","2026-04-29T00:00:00.000","W","8315"
"55A","2026-04-29T00:00:00.000","W","162"
"55N","2026-04-29T00:00:00.000","W","426"
"56","2026-04-29T00:00:00.000","W","7531"
"57","2026-04-29T00:00:00.000","W","1767"
"59","2026-04-29T00:00:00.000","W","2718"
"6","2026-04-29T00:00:00.000","W","6278"
"60","2026-04-29T00:00:00.000","W","13043"
"62","2026-04-29T00:00:00.000","W","7825"
"62H","2026-04-29T00:00:00.000","W","775"
"63","2026-04-29T00:00:00.000","W","14058"
"63W","2026-04-29T00:00:00.000","W","1331"
"65","2026-04-29T00:00:00.000","W","6478"
"66","2026-04-29T00:00:00.000","W","16386"
"67","2026-04-29T00:00:00.000","W","7203"
"68","2026-04-29T00:00:00.000","W","1013"
"7","2026-04-29T00:00:00.000","W","5568"
"70","2026-04-29T00:00:00.000","W","6990"
"71","2026-04-29T00:00:00.000","W","7274"
"72","2026-04-29T00:00:00.000","W","12274"
"73","2026-04-29T00:00:00.000","W","4565"
"74","2026-04-29T00:00:00.000","W","10281"
"75","2026-04-29T00:00:00.000","W","5761"
"76","2026-04-29T00:00:00.000","W","9637"
"77","2026-04-29T00:00:00.000","W","16298"
"78","2026-04-29T00:00:00.000","W","6820"
"79","2026-04-29T00:00:00.000","W","19618"
"8","2026-04-29T00:00:00.000","W","17905"
"80","2026-04-29T00:00:00.000","W","8655"
"81","2026-04-29T00:00:00.000","W","9883"
"81W","2026-04-29T00:00:00.000","W","1468"
"82","2026-04-29T00:00:00.000","W","14939"
"84","2026-04-29T00:00:00.000","W","3117"
"85","2026-04-29T00:00:00.000","W","8891"
"85A","2026-04-29T00:00:00.000","W","736"
"86","2026-04-29T00:00:00.000","W","2526"
"87","2026-04-29T00:00:00.000","W","8938"
"88","2026-04-29T00:00:00.000","W","1038"
"8A","2026-04-29T00:00:00.000","W","2440"
"9","2026-04-29T00:00:00.000","W","20340"
"90","2026-04-29T00:00:00.000","W","3549"
"91","2026-04-29T00:00:00.000","W","4560"
"92","2026-04-29T00:00:00.000","W","5809"
"93","2026-04-29T00:00:00.000","W","4276"
"94","2026-04-29T00:00:00.000","W","9947"
"95","2026-04-29T00:00:00.000","W","4801"
"96","2026-04-29T00:00:00.000","W","704"
"97","2026-04-29T00:00:00.000","W","2267"
"J14","2026-04-29T00:00:00.000","W","8128"
"N5","2026-04-29T00:00:00.000","W","288"
"X4","2026-04-29T00:00:00.000","W","3341"
"X49","2026-04-29T00:00:00.000","W","4760"
"X9","2026-04-29T00:00:00.000","W","6001"
"1","2026-04-28T00:00:00.000","W","1429"
"100","2026-04-28T00:00:00.000","W","441"
"1001","2026-04-28T00:00:00.000","W","13"
"103","2026-04-28T00:00:00.000","W","1434"
"106","2026-04-28T00:00:00.000","W","1067"
"108","2026-04-28T00:00:00.000","W","813"
"11","2026-04-28T00:00:00.000","W","1086"
"111","2026-04-28T00:00:00.000","W","2396"
"111A","2026-04-28T00:00:00.000","W","244"
"112","2026-04-28T00:00:00.000","W","1522"
"115","2026-04-28T00:00:00.000","W","2230"
"119","2026-04-28T00:00:00.000","W","3037"
"12","2026-04-28T00:00:00.000","W","11024"
"120","2026-04-28T00:00:00.000","W","1037"
"121","2026-04-28T00:00:00.000","W","1366"
"124","2026-04-28T00:00:00.000","W","903"
"125","2026-04-28T00:00:00.000","W","526"
"126","2026-04-28T00:00:00.000","W","4946"
"134","2026-04-28T00:00:00.000","W","2460"
"135","2026-04-28T00:00:00.000","W","2846"
"136","2026-04-28T00:00:00.000","W","1523"
"143","2026-04-28T00:00:00.000","W","1184"
"146","2026-04-28T00:00:00.000","W","9821"
"147","2026-04-28T00:00:00.000","W","10530"
"148","2026-04-28T00:00:00.000","W","1628"
"15","2026-04-28T00:00:00.000","W","6378"
"151","2026-04-28T00:00:00.000","W","12642"
"152","2026-04-28T00:00:00.000","W","8156"
"155","2026-04-28T00:00:00.000","W","5522"
"156","2026-04-28T00:00:00.000","W","4964"
"157","2026-04-28T00:00:00.000","W","6690"
"165","2026-04-28T00:00:00.000","W","181"
"169","2026-04-28T00:00:00.000","W","50"
"171","2026-04-28T00:00:00.000","W","1037"
"172","2026-04-28T00:00:00.000","W","2046"
"18","2026-04-28T00:00:00.000","W","3795"
"192","2026-04-28T00:00:00.000","W","539"
"2","2026-04-28T00:00:00.000","W","2155"
"20","2026-04-28T00:00:00.000","W","14919"
"201","2026-04-28T00:00:00.000","W","1386"
"206","2026-04-28T00:00:00.000","W","456"
"21","2026-04-28T00:00:00.000","W","8387"
"22","2026-04-28T00:00:00.000","W","14293"
"24","2026-04-28T00:00:00.000","W","1850"
"26","2026-04-28T00:00:00.000","W","3633"
"28","2026-04-28T00:00:00.000","W","5143"
"29","2026-04-28T00:00:00.000","W","9102"
"3","2026-04-28T00:00:00.000","W","16504"
"30","2026-04-28T00:00:00.000","W","2788"
"31","2026-04-28T00:00:00.000","W","645"
"34","2026-04-28T00:00:00.000","W","3816"
"35","2026-04-28T00:00:00.000","W","4084"
"36","2026-04-28T00:00:00.000","W","10283"
"37","2026-04-28T00:00:00.000","W","1947"
"39","2026-04-28T00:00:00.000","W","1479"
"4","2026-04-28T00:00:00.000","W","15703"
"43","2026-04-28T00:00:00.000","W","862"
"44","2026-04-28T00:00:00.000","W","3038"
"47","2026-04-28T00:00:00.000","W","11181"
"48","2026-04-28T00:00:00.000","W","917"
"49","2026-04-28T00:00:00.000","W","14969"
"49B","2026-04-28T00:00:00.000","W","4115"
"50","2026-04-28T00:00:00.000","W","9162"
"51","2026-04-28T00:00:00.000","W","1268"
"52","2026-04-28T00:00:00.000","W","8314"
"52A","2026-04-28T00:00:00.000","W","3424"
"53","2026-04-28T00:00:00.000","W","20112"
"53A","2026-04-28T00:00:00.000","W","3258"
"54","2026-04-28T00:00:00.000","W","9100"
"54A","2026-04-28T00:00:00.000","W","540"
"54B","2026-04-28T00:00:00.000","W","2057"
"55","2026-04-28T00:00:00.000","W","8409"
"55A","2026-04-28T00:00:00.000","W","156"
"55N","2026-04-28T00:00:00.000","W","502"
"56","2026-04-28T00:00:00.000","W","7341"
"57","2026-04-28T00:00:00.000","W","1732"
"59","2026-04-28T00:00:00.000","W","3054"
"6","2026-04-28T00:00:00.000","W","6236"
"60","2026-04-28T00:00:00.000","W","11990"
"62","2026-04-28T00:00:00.000","W","8129"
"62H","2026-04-28T00:00:00.000","W","774"
"63","2026-04-28T00:00:00.000","W","14575"
"63W","2026-04-28T00:00:00.000","W","1468"
"65","2026-04-28T00:00:00.000","W","6475"
"66","2026-04-28T00:00:00.000","W","17154"
"67","2026-04-28T00:00:00.000","W","8635"
"68","2026-04-28T00:00:00.000","W","1044"
"7","2026-04-28T00:00:00.000","W","5003"
"70","2026-04-28T00:00:00.000","W","7399"
"71","2026-04-28T00:00:00.000","W","7540"
"72","2026-04-28T00:00:00.000","W","12651"
"73","2026-04-28T00:00:00.000","W","4667"
"74","2026-04-28T00:00:00.000","W","10147"
"75","2026-04-28T00:00:00.000","W","5587"
"76","2026-04-28T00:00:00.000","W","9665"
"77","2026-04-28T00:00:00.000","W","15904"
"78","2026-04-28T00:00:00.000","W","6662"
"79","2026-04-28T00:00:00.000","W","19326"
"8","2026-04-28T00:00:00.000","W","18016"
"80","2026-04-28T00:00:00.000","W","8543"
"81","2026-04-28T00:00:00.000","W","9927"
"81W","2026-04-28T00:00:00.000","W","1597"
"82","2026-04-28T00:00:00.000","W","15321"
"84","2026-04-28T00:00:00.000","W","3287"
"85","2026-04-28T00:00:00.000","W","9294"
"85A","2026-04-28T00:00:00.000","W","693"
"86","2026-04-28T00:00:00.000","W","2476"
"87","2026-04-28T00:00:00.000","W","9035"
"88","2026-04-28T00:00:00.000","W","1062"
"8A","2026-04-28T00:00:00.000","W","2885"
"9","2026-04-28T00:00:00.000","W","19975"
"90","2026-04-28T00:00:00.000","W","3638"
"91","2026-04-28T00:00:00.000","W","4551"
"92","2026-04-28T00:00:00.000","W","5680"
"93","2026-04-28T00:00:00.000","W","4360"
"94","2026-04-28T00:00:00.000","W","10175"
"95","2026-04-28T00:00:00.000","W","5098"
"96","2026-04-28T00:00:00.000","W","734"
"97","2026-04-28T00:00:00.000","W","2263"
"J14","2026-04-28T00:00:00.000","W","8558"
"N5","2026-04-28T00:00:00.000","W","220"
"X4","2026-04-28T00:00:00.000","W","2993"
"X49","2026-04-28T00:00:00.000","W","4897"
"X9","2026-04-28T00:00:00.000","W","5778"
"X9","2026-04-27T00:00:00.000","W","5400"
"X49","2026-04-27T00:00:00.000","W","4128"
"X4","2026-04-27T00:00:00.000","W","2886"
"N5","2026-04-27T00:00:00.000","W","245"
"J14","2026-04-27T00:00:00.000","W","7416"
"97","2026-04-27T00:00:00.000","W","1899"
"96","2026-04-27T00:00:00.000","W","655"
"95","2026-04-27T00:00:00.000","W","4992"
"94","2026-04-27T00:00:00.000","W","8900"
"93","2026-04-27T00:00:00.000","W","3487"
"92","2026-04-27T00:00:00.000","W","5141"
"91","2026-04-27T00:00:00.000","W","4112"
"90","2026-04-27T00:00:00.000","W","2884"
"9","2026-04-27T00:00:00.000","W","16156"
"8A","2026-04-27T00:00:00.000","W","2133"
"88","2026-04-27T00:00:00.000","W","636"
"87","2026-04-27T00:00:00.000","W","7296"
"86","2026-04-27T00:00:00.000","W","2277"
"85A","2026-04-27T00:00:00.000","W","568"
"85","2026-04-27T00:00:00.000","W","7288"
"84","2026-04-27T00:00:00.000","W","3025"
"82","2026-04-27T00:00:00.000","W","13375"
"81W","2026-04-27T00:00:00.000","W","1424"
"81","2026-04-27T00:00:00.000","W","8952"
"1","2026-04-27T00:00:00.000","W","1061"
"100","2026-04-27T00:00:00.000","W","432"
"1001","2026-04-27T00:00:00.000","W","8"
"103","2026-04-27T00:00:00.000","W","1484"
"106","2026-04-27T00:00:00.000","W","1079"
"108","2026-04-27T00:00:00.000","W","839"
"11","2026-04-27T00:00:00.000","W","945"
"111","2026-04-27T00:00:00.000","W","2223"
"111A","2026-04-27T00:00:00.000","W","274"
"112","2026-04-27T00:00:00.000","W","1283"
"115","2026-04-27T00:00:00.000","W","1624"
"119","2026-04-27T00:00:00.000","W","2240"
"12","2026-04-27T00:00:00.000","W","9788"
"120","2026-04-27T00:00:00.000","W","841"
"121","2026-04-27T00:00:00.000","W","947"
"124","2026-04-27T00:00:00.000","W","715"
"125","2026-04-27T00:00:00.000","W","404"
"126","2026-04-27T00:00:00.000","W","4092"
"134","2026-04-27T00:00:00.000","W","1617"
"135","2026-04-27T00:00:00.000","W","1636"
"136","2026-04-27T00:00:00.000","W","992"
"143","2026-04-27T00:00:00.000","W","900"
"146","2026-04-27T00:00:00.000","W","8096"
"147","2026-04-27T00:00:00.000","W","8445"
"148","2026-04-27T00:00:00.000","W","1275"
"15","2026-04-27T00:00:00.000","W","5056"
"151","2026-04-27T00:00:00.000","W","10733"
"152","2026-04-27T00:00:00.000","W","7176"
"155","2026-04-27T00:00:00.000","W","4674"
"156","2026-04-27T00:00:00.000","W","3683"
"157","2026-04-27T00:00:00.000","W","6240"
"165","2026-04-27T00:00:00.000","W","180"
"169","2026-04-27T00:00:00.000","W","111"
"171","2026-04-27T00:00:00.000","W","1160"
"172","2026-04-27T00:00:00.000","W","1298"
"18","2026-04-27T00:00:00.000","W","3372"
"192","2026-04-27T00:00:00.000","W","472"
"2","2026-04-27T00:00:00.000","W","1683"
"20","2026-04-27T00:00:00.000","W","13953"
"201","2026-04-27T00:00:00.000","W","1331"
"206","2026-04-27T00:00:00.000","W","120"
"21","2026-04-27T00:00:00.000","W","6784"
"22","2026-04-27T00:00:00.000","W","12341"
"24","2026-04-27T00:00:00.000","W","1870"
"26","2026-04-27T00:00:00.000","W","3052"
"28","2026-04-27T00:00:00.000","W","3784"
"29","2026-04-27T00:00:00.000","W","7210"
"3","2026-04-27T00:00:00.000","W","14236"
"30","2026-04-27T00:00:00.000","W","2358"
"31","2026-04-27T00:00:00.000","W","608"
"34","2026-04-27T00:00:00.000","W","3385"
"35","2026-04-27T00:00:00.000","W","3429"
"36","2026-04-27T00:00:00.000","W","8453"
"37","2026-04-27T00:00:00.000","W","1565"
"39","2026-04-27T00:00:00.000","W","1229"
"4","2026-04-27T00:00:00.000","W","14091"
"43","2026-04-27T00:00:00.000","W","712"
"44","2026-04-27T00:00:00.000","W","2479"
"47","2026-04-27T00:00:00.000","W","9347"
"48","2026-04-27T00:00:00.000","W","848"
"49","2026-04-27T00:00:00.000","W","13132"
"49B","2026-04-27T00:00:00.000","W","3371"
"50","2026-04-27T00:00:00.000","W","7817"
"51","2026-04-27T00:00:00.000","W","931"
"52","2026-04-27T00:00:00.000","W","6774"
"52A","2026-04-27T00:00:00.000","W","3210"
"53","2026-04-27T00:00:00.000","W","17027"
"53A","2026-04-27T00:00:00.000","W","2853"
"54","2026-04-27T00:00:00.000","W","8126"
"54A","2026-04-27T00:00:00.000","W","483"
"54B","2026-04-27T00:00:00.000","W","1734"
"55","2026-04-27T00:00:00.000","W","7661"
"55A","2026-04-27T00:00:00.000","W","138"
"55N","2026-04-27T00:00:00.000","W","331"
"56","2026-04-27T00:00:00.000","W","6219"
"57","2026-04-27T00:00:00.000","W","1775"
"59","2026-04-27T00:00:00.000","W","2401"
"6","2026-04-27T00:00:00.000","W","5494"
"60","2026-04-27T00:00:00.000","W","11744"
"62","2026-04-27T00:00:00.000","W","6894"
"62H","2026-04-27T00:00:00.000","W","707"
"63","2026-04-27T00:00:00.000","W","12258"
"63W","2026-04-27T00:00:00.000","W","1148"
"65","2026-04-27T00:00:00.000","W","5408"
"66","2026-04-27T00:00:00.000","W","14693"
"67","2026-04-27T00:00:00.000","W","7262"
"68","2026-04-27T00:00:00.000","W","872"
"7","2026-04-27T00:00:00.000","W","4586"
"70","2026-04-27T00:00:00.000","W","6681"
"71","2026-04-27T00:00:00.000","W","6877"
"72","2026-04-27T00:00:00.000","W","10472"
"73","2026-04-27T00:00:00.000","W","3988"
"74","2026-04-27T00:00:00.000","W","8571"
"75","2026-04-27T00:00:00.000","W","5721"
"76","2026-04-27T00:00:00.000","W","8061"
"77","2026-04-27T00:00:00.000","W","13754"
"78","2026-04-27T00:00:00.000","W","5958"
"79","2026-04-27T00:00:00.000","W","16743"
"8","2026-04-27T00:00:00.000","W","15711"
"80","2026-04-27T00:00:00.000","W","7475"
"N5","2026-04-26T00:00:00.000","U","458"
"J14","2026-04-26T00:00:00.000","U","4868"
"97","2026-04-26T00:00:00.000","U","1174"
"95","2026-04-26T00:00:00.000","U","3545"
"94","2026-04-26T00:00:00.000","U","4195"
"93","2026-04-26T00:00:00.000","U","1824"
"92","2026-04-26T00:00:00.000","U","2799"
"91","2026-04-26T00:00:00.000","U","2033"
"90","2026-04-26T00:00:00.000","U","1882"
"9","2026-04-26T00:00:00.000","U","14387"
"8A","2026-04-26T00:00:00.000","U","1551"
"88","2026-04-26T00:00:00.000","U","339"
"87","2026-04-26T00:00:00.000","U","4099"
"85","2026-04-26T00:00:00.000","U","4366"
"84","2026-04-26T00:00:00.000","U","1118"
"82","2026-04-26T00:00:00.000","U","8931"
"81W","2026-04-26T00:00:00.000","U","677"
"81","2026-04-26T00:00:00.000","U","6122"
"1001","2026-04-26T00:00:00.000","U","903"
"103","2026-04-26T00:00:00.000","U","741"
"106","2026-04-26T00:00:00.000","U","251"
"11","2026-04-26T00:00:00.000","U","327"
"111","2026-04-26T00:00:00.000","U","1250"
"111A","2026-04-26T00:00:00.000","U","279"
"112","2026-04-26T00:00:00.000","U","416"
"115","2026-04-26T00:00:00.000","U","899"
"119","2026-04-26T00:00:00.000","U","1821"
"12","2026-04-26T00:00:00.000","U","6298"
"124","2026-04-26T00:00:00.000","U","777"
"126","2026-04-26T00:00:00.000","U","1883"
"146","2026-04-26T00:00:00.000","U","7289"
"147","2026-04-26T00:00:00.000","U","6618"
"15","2026-04-26T00:00:00.000","U","3070"
"151","2026-04-26T00:00:00.000","U","11214"
"152","2026-04-26T00:00:00.000","U","3128"
"155","2026-04-26T00:00:00.000","U","3395"
"172","2026-04-26T00:00:00.000","U","560"
"18","2026-04-26T00:00:00.000","U","2020"
"20","2026-04-26T00:00:00.000","U","8339"
"21","2026-04-26T00:00:00.000","U","4896"
"22","2026-04-26T00:00:00.000","U","10994"
"28","2026-04-26T00:00:00.000","U","2279"
"29","2026-04-26T00:00:00.000","U","5401"
"3","2026-04-26T00:00:00.000","U","9504"
"30","2026-04-26T00:00:00.000","U","926"
"34","2026-04-26T00:00:00.000","U","2578"
"35","2026-04-26T00:00:00.000","U","2262"
"36","2026-04-26T00:00:00.000","U","9494"
"39","2026-04-26T00:00:00.000","U","448"
"4","2026-04-26T00:00:00.000","U","10531"
"43","2026-04-26T00:00:00.000","U","357"
"44","2026-04-26T00:00:00.000","U","1261"
"47","2026-04-26T00:00:00.000","U","5554"
"49","2026-04-26T00:00:00.000","U","10268"
"49B","2026-04-26T00:00:00.000","U","2136"
"50","2026-04-26T00:00:00.000","U","3815"
"51","2026-04-26T00:00:00.000","U","538"
"52","2026-04-26T00:00:00.000","U","3410"
"52A","2026-04-26T00:00:00.000","U","1584"
"53","2026-04-26T00:00:00.000","U","11123"
"53A","2026-04-26T00:00:00.000","U","989"
"54","2026-04-26T00:00:00.000","U","5572"
"54B","2026-04-26T00:00:00.000","U","1188"
"55","2026-04-26T00:00:00.000","U","5455"
"56","2026-04-26T00:00:00.000","U","3585"
"57","2026-04-26T00:00:00.000","U","489"
"6","2026-04-26T00:00:00.000","U","5904"
"60","2026-04-26T00:00:00.000","U","6102"
"62","2026-04-26T00:00:00.000","U","4412"
"63","2026-04-26T00:00:00.000","U","8086"
"63W","2026-04-26T00:00:00.000","U","421"
"65","2026-04-26T00:00:00.000","U","3543"
"66","2026-04-26T00:00:00.000","U","10533"
"67","2026-04-26T00:00:00.000","U","4235"
"68","2026-04-26T00:00:00.000","U","349"
"70","2026-04-26T00:00:00.000","U","3965"
"71","2026-04-26T00:00:00.000","U","5050"
"72","2026-04-26T00:00:00.000","U","8209"
"73","2026-04-26T00:00:00.000","U","2271"
"74","2026-04-26T00:00:00.000","U","5696"
"75","2026-04-26T00:00:00.000","U","3820"
"76","2026-04-26T00:00:00.000","U","4297"
"77","2026-04-26T00:00:00.000","U","9306"
"78","2026-04-26T00:00:00.000","U","3393"
"79","2026-04-26T00:00:00.000","U","11480"
"8","2026-04-26T00:00:00.000","U","9502"
"80","2026-04-26T00:00:00.000","U","4651"
"N5","2026-04-25T00:00:00.000","A","329"
"J14","2026-04-25T00:00:00.000","A","5654"
"97","2026-04-25T00:00:00.000","A","1959"
"95","2026-04-25T00:00:00.000","A","4055"
"94","2026-04-25T00:00:00.000","A","5632"
"93","2026-04-25T00:00:00.000","A","2369"
"92","2026-04-25T00:00:00.000","A","3142"
"91","2026-04-25T00:00:00.000","A","2692"
"90","2026-04-25T00:00:00.000","A","2793"
"9","2026-04-25T00:00:00.000","A","18343"
"8A","2026-04-25T00:00:00.000","A","2004"
"88","2026-04-25T00:00:00.000","A","480"
"87","2026-04-25T00:00:00.000","A","5856"
"85A","2026-04-25T00:00:00.000","A","348"
"85","2026-04-25T00:00:00.000","A","5434"
"84","2026-04-25T00:00:00.000","A","1629"
"82","2026-04-25T00:00:00.000","A","10459"
"81W","2026-04-25T00:00:00.000","A","1039"
"81","2026-04-25T00:00:00.000","A","8455"
"1001","2026-04-25T00:00:00.000","A","1192"
"103","2026-04-25T00:00:00.000","A","883"
"106","2026-04-25T00:00:00.000","A","508"
"11","2026-04-25T00:00:00.000","A","505"
"111","2026-04-25T00:00:00.000","A","1471"
"111A","2026-04-25T00:00:00.000","A","235"
"112","2026-04-25T00:00:00.000","A","670"
"115","2026-04-25T00:00:00.000","A","1336"
"119","2026-04-25T00:00:00.000","A","1765"
"12","2026-04-25T00:00:00.000","A","8208"
"124","2026-04-25T00:00:00.000","A","1391"
"126","2026-04-25T00:00:00.000","A","2975"
"146","2026-04-25T00:00:00.000","A","10602"
"147","2026-04-25T00:00:00.000","A","8702"
"15","2026-04-25T00:00:00.000","A","4385"
"151","2026-04-25T00:00:00.000","A","14301"
"152","2026-04-25T00:00:00.000","A","4240"
"155","2026-04-25T00:00:00.000","A","3950"
"171","2026-04-25T00:00:00.000","A","358"
"172","2026-04-25T00:00:00.000","A","485"
"18","2026-04-25T00:00:00.000","A","2618"
"19","2026-04-25T00:00:00.000","A","306"
"20","2026-04-25T00:00:00.000","A","10013"
"201","2026-04-25T00:00:00.000","A","1139"
"21","2026-04-25T00:00:00.000","A","6467"
"22","2026-04-25T00:00:00.000","A","16053"
"28","2026-04-25T00:00:00.000","A","2352"
"29","2026-04-25T00:00:00.000","A","7349"
"3","2026-04-25T00:00:00.000","A","13145"
"30","2026-04-25T00:00:00.000","A","1424"
"34","2026-04-25T00:00:00.000","A","2716"
"35","2026-04-25T00:00:00.000","A","2782"
"36","2026-04-25T00:00:00.000","A","11947"
"39","2026-04-25T00:00:00.000","A","540"
"4","2026-04-25T00:00:00.000","A","12865"
"43","2026-04-25T00:00:00.000","A","424"
"44","2026-04-25T00:00:00.000","A","1450"
"47","2026-04-25T00:00:00.000","A","6476"
"49","2026-04-25T00:00:00.000","A","13913"
"49B","2026-04-25T00:00:00.000","A","2656"
"50","2026-04-25T00:00:00.000","A","6037"
"51","2026-04-25T00:00:00.000","A","650"
"52","2026-04-25T00:00:00.000","A","4819"
"52A","2026-04-25T00:00:00.000","A","1725"
"53","2026-04-25T00:00:00.000","A","13608"
"53A","2026-04-25T00:00:00.000","A","1323"
"54","2026-04-25T00:00:00.000","A","7204"
"54B","2026-04-25T00:00:00.000","A","1845"
"55","2026-04-25T00:00:00.000","A","6594"
"55N","2026-04-25T00:00:00.000","A","218"
"56","2026-04-25T00:00:00.000","A","5094"
"57","2026-04-25T00:00:00.000","A","934"
"59","2026-04-25T00:00:00.000","A","1439"
"6","2026-04-25T00:00:00.000","A","7812"
"60","2026-04-25T00:00:00.000","A","7925"
"62","2026-04-25T00:00:00.000","A","5453"
"62H","2026-04-25T00:00:00.000","A","426"
"63","2026-04-25T00:00:00.000","A","9841"
"63W","2026-04-25T00:00:00.000","A","751"
"65","2026-04-25T00:00:00.000","A","5052"
"66","2026-04-25T00:00:00.000","A","12433"
"67","2026-04-25T00:00:00.000","A","5220"
"68","2026-04-25T00:00:00.000","A","427"
"70","2026-04-25T00:00:00.000","A","4752"
"71","2026-04-25T00:00:00.000","A","5992"
"72","2026-04-25T00:00:00.000","A","10325"
"73","2026-04-25T00:00:00.000","A","3410"
"74","2026-04-25T00:00:00.000","A","7888"
"75","2026-04-25T00:00:00.000","A","4285"
"76","2026-04-25T00:00:00.000","A","7150"
"77","2026-04-25T00:00:00.000","A","12850"
"78","2026-04-25T00:00:00.000","A","4594"
"79","2026-04-25T00:00:00.000","A","12393"
"8","2026-04-25T00:00:00.000","A","12321"
"80","2026-04-25T00:00:00.000","A","5891"
"X9","2026-04-24T00:00:00.000","W","5582"
"X49","2026-04-24T00:00:00.000","W","4604"
"X4","2026-04-24T00:00:00.000","W","2560"
"N5","2026-04-24T00:00:00.000","W","281"
"J14","2026-04-24T00:00:00.000","W","8192"
"97","2026-04-24T00:00:00.000","W","2100"
"96","2026-04-24T00:00:00.000","W","722"
"95","2026-04-24T00:00:00.000","W","4711"
"94","2026-04-24T00:00:00.000","W","9114"
"93","2026-04-24T00:00:00.000","W","4062"
"92","2026-04-24T00:00:00.000","W","5449"
"91","2026-04-24T00:00:00.000","W","4471"
"90","2026-04-24T00:00:00.000","W","3277"
"9","2026-04-24T00:00:00.000","W","20147"
"8A","2026-04-24T00:00:00.000","W","2406"
"88","2026-04-24T00:00:00.000","W","988"
"87","2026-04-24T00:00:00.000","W","8737"
"86","2026-04-24T00:00:00.000","W","2553"
"85A","2026-04-24T00:00:00.000","W","606"
"85","2026-04-24T00:00:00.000","W","8058"
"84","2026-04-24T00:00:00.000","W","2876"
"82","2026-04-24T00:00:00.000","W","14736"
"81W","2026-04-24T00:00:00.000","W","1459"
"1","2026-04-24T00:00:00.000","W","855"
"100","2026-04-24T00:00:00.000","W","420"
"1001","2026-04-24T00:00:00.000","W","23"
"103","2026-04-24T00:00:00.000","W","1692"
"106","2026-04-24T00:00:00.000","W","970"
"108","2026-04-24T00:00:00.000","W","533"
"11","2026-04-24T00:00:00.000","W","1024"
"111","2026-04-24T00:00:00.000","W","2350"
"111A","2026-04-24T00:00:00.000","W","250"
"112","2026-04-24T00:00:00.000","W","1270"
"115","2026-04-24T00:00:00.000","W","1816"
"119","2026-04-24T00:00:00.000","W","2530"
"12","2026-04-24T00:00:00.000","W","11034"
"120","2026-04-24T00:00:00.000","W","616"
"121","2026-04-24T00:00:00.000","W","730"
"124","2026-04-24T00:00:00.000","W","1153"
"125","2026-04-24T00:00:00.000","W","357"
"126","2026-04-24T00:00:00.000","W","4082"
"134","2026-04-24T00:00:00.000","W","874"
"135","2026-04-24T00:00:00.000","W","941"
"136","2026-04-24T00:00:00.000","W","788"
"143","2026-04-24T00:00:00.000","W","652"
"146","2026-04-24T00:00:00.000","W","9590"
"147","2026-04-24T00:00:00.000","W","10221"
"148","2026-04-24T00:00:00.000","W","1063"
"15","2026-04-24T00:00:00.000","W","6145"
"151","2026-04-24T00:00:00.000","W","11889"
"152","2026-04-24T00:00:00.000","W","7870"
"155","2026-04-24T00:00:00.000","W","4904"
"156","2026-04-24T00:00:00.000","W","3221"
"157","2026-04-24T00:00:00.000","W","5841"
"165","2026-04-24T00:00:00.000","W","116"
"169","2026-04-24T00:00:00.000","W","58"
"171","2026-04-24T00:00:00.000","W","276"
"172","2026-04-24T00:00:00.000","W","1825"
"18","2026-04-24T00:00:00.000","W","3543"
"192","2026-04-24T00:00:00.000","W","520"
"2","2026-04-24T00:00:00.000","W","1622"
"20","2026-04-24T00:00:00.000","W","14690"
"201","2026-04-24T00:00:00.000","W","1336"
"206","2026-04-24T00:00:00.000","W","518"
"21","2026-04-24T00:00:00.000","W","7885"
"22","2026-04-24T00:00:00.000","W","13849"
"24","2026-04-24T00:00:00.000","W","2138"
"26","2026-04-24T00:00:00.000","W","3083"
"28","2026-04-24T00:00:00.000","W","4129"
"29","2026-04-24T00:00:00.000","W","8745"
"3","2026-04-24T00:00:00.000","W","15902"
"30","2026-04-24T00:00:00.000","W","2290"
"31","2026-04-24T00:00:00.000","W","646"
"34","2026-04-24T00:00:00.000","W","3601"
"35","2026-04-24T00:00:00.000","W","3932"
"36","2026-04-24T00:00:00.000","W","10125"
"37","2026-04-24T00:00:00.000","W","1102"
"39","2026-04-24T00:00:00.000","W","1476"
"4","2026-04-24T00:00:00.000","W","16311"
"43","2026-04-24T00:00:00.000","W","778"
"44","2026-04-24T00:00:00.000","W","2848"
"47","2026-04-24T00:00:00.000","W","10132"
"48","2026-04-24T00:00:00.000","W","726"
"49","2026-04-24T00:00:00.000","W","14766"
"49B","2026-04-24T00:00:00.000","W","4044"
"50","2026-04-24T00:00:00.000","W","8490"
"51","2026-04-24T00:00:00.000","W","1029"
"52","2026-04-24T00:00:00.000","W","7549"
"52A","2026-04-24T00:00:00.000","W","3367"
"53","2026-04-24T00:00:00.000","W","17792"
"53A","2026-04-24T00:00:00.000","W","3124"
"54","2026-04-24T00:00:00.000","W","9337"
"54A","2026-04-24T00:00:00.000","W","510"
"54B","2026-04-24T00:00:00.000","W","2075"
"55","2026-04-24T00:00:00.000","W","7600"
"55A","2026-04-24T00:00:00.000","W","100"
"55N","2026-04-24T00:00:00.000","W","368"
"56","2026-04-24T00:00:00.000","W","6659"
"57","2026-04-24T00:00:00.000","W","1744"
"59","2026-04-24T00:00:00.000","W","2294"
"6","2026-04-24T00:00:00.000","W","6524"
"60","2026-04-24T00:00:00.000","W","12208"
"62","2026-04-24T00:00:00.000","W","7536"
"62H","2026-04-24T00:00:00.000","W","743"
"63","2026-04-24T00:00:00.000","W","13056"
"63W","2026-04-24T00:00:00.000","W","1262"
"65","2026-04-24T00:00:00.000","W","6304"
"66","2026-04-24T00:00:00.000","W","16737"
"67","2026-04-24T00:00:00.000","W","7152"
"68","2026-04-24T00:00:00.000","W","985"
"7","2026-04-24T00:00:00.000","W","4586"
"70","2026-04-24T00:00:00.000","W","7373"
"71","2026-04-24T00:00:00.000","W","7464"
"72","2026-04-24T00:00:00.000","W","12303"
"73","2026-04-24T00:00:00.000","W","4325"
"74","2026-04-24T00:00:00.000","W","9429"
"75","2026-04-24T00:00:00.000","W","5993"
"76","2026-04-24T00:00:00.000","W","9189"
"77","2026-04-24T00:00:00.000","W","15501"
"78","2026-04-24T00:00:00.000","W","5876"
"79","2026-04-24T00:00:00.000","W","17578"
"8","2026-04-24T00:00:00.000","W","16745"
"80","2026-04-24T00:00:00.000","W","8817"
"81","2026-04-24T00:00:00.000","W","9809"
"X9","2026-04-23T00:00:00.000","W","6349"
"X49","2026-04-23T00:00:00.000","W","4480"
"X4","2026-04-23T00:00:00.000","W","3147"
"N5","2026-04-23T00:00:00.000","W","360"
"J14","2026-04-23T00:00:00.000","W","8943"
"97","2026-04-23T00:00:00.000","W","2225"
"96","2026-04-23T00:00:00.000","W","739"
"95","2026-04-23T00:00:00.000","W","5642"
"94","2026-04-23T00:00:00.000","W","10011"
"93","2026-04-23T00:00:00.000","W","4207"
"92","2026-04-23T00:00:00.000","W","5749"
"91","2026-04-23T00:00:00.000","W","4978"
"90","2026-04-23T00:00:00.000","W","3708"
"9","2026-04-23T00:00:00.000","W","20283"
"8A","2026-04-23T00:00:00.000","W","2655"
"88","2026-04-23T00:00:00.000","W","1097"
"87","2026-04-23T00:00:00.000","W","8684"
"86","2026-04-23T00:00:00.000","W","2596"
"85A","2026-04-23T00:00:00.000","W","716"
"85","2026-04-23T00:00:00.000","W","8031"
"84","2026-04-23T00:00:00.000","W","3360"
"82","2026-04-23T00:00:00.000","W","15528"
"81W","2026-04-23T00:00:00.000","W","1626"
"1","2026-04-23T00:00:00.000","W","1189"
"100","2026-04-23T00:00:00.000","W","447"
"1001","2026-04-23T00:00:00.000","W","696"
"103","2026-04-23T00:00:00.000","W","1855"
"106","2026-04-23T00:00:00.000","W","1126"
"108","2026-04-23T00:00:00.000","W","815"
"11","2026-04-23T00:00:00.000","W","1233"
"111","2026-04-23T00:00:00.000","W","2224"
"111A","2026-04-23T00:00:00.000","W","322"
"112","2026-04-23T00:00:00.000","W","1308"
"115","2026-04-23T00:00:00.000","W","2065"
"119","2026-04-23T00:00:00.000","W","2656"
"12","2026-04-23T00:00:00.000","W","10622"
"120","2026-04-23T00:00:00.000","W","906"
"121","2026-04-23T00:00:00.000","W","1085"
"124","2026-04-23T00:00:00.000","W","1193"
"125","2026-04-23T00:00:00.000","W","542"
"126","2026-04-23T00:00:00.000","W","4449"
"134","2026-04-23T00:00:00.000","W","2113"
"135","2026-04-23T00:00:00.000","W","2090"
"136","2026-04-23T00:00:00.000","W","1401"
"143","2026-04-23T00:00:00.000","W","1071"
"146","2026-04-23T00:00:00.000","W","10610"
"147","2026-04-23T00:00:00.000","W","11567"
"148","2026-04-23T00:00:00.000","W","1477"
"15","2026-04-23T00:00:00.000","W","6563"
"151","2026-04-23T00:00:00.000","W","14108"
"152","2026-04-23T00:00:00.000","W","8545"
"155","2026-04-23T00:00:00.000","W","5796"
"156","2026-04-23T00:00:00.000","W","5048"
"157","2026-04-23T00:00:00.000","W","6753"
"165","2026-04-23T00:00:00.000","W","133"
"169","2026-04-23T00:00:00.000","W","203"
"171","2026-04-23T00:00:00.000","W","961"
"172","2026-04-23T00:00:00.000","W","2228"
"18","2026-04-23T00:00:00.000","W","3526"
"19","2026-04-23T00:00:00.000","W","31"
"192","2026-04-23T00:00:00.000","W","431"
"2","2026-04-23T00:00:00.000","W","1934"
"20","2026-04-23T00:00:00.000","W","14793"
"201","2026-04-23T00:00:00.000","W","1587"
"206","2026-04-23T00:00:00.000","W","494"
"21","2026-04-23T00:00:00.000","W","8000"
"22","2026-04-23T00:00:00.000","W","15151"
"24","2026-04-23T00:00:00.000","W","2078"
"26","2026-04-23T00:00:00.000","W","3581"
"28","2026-04-23T00:00:00.000","W","4939"
"29","2026-04-23T00:00:00.000","W","8860"
"3","2026-04-23T00:00:00.000","W","16160"
"30","2026-04-23T00:00:00.000","W","2558"
"31","2026-04-23T00:00:00.000","W","641"
"34","2026-04-23T00:00:00.000","W","3616"
"35","2026-04-23T00:00:00.000","W","3810"
"36","2026-04-23T00:00:00.000","W","11683"
"37","2026-04-23T00:00:00.000","W","1955"
"39","2026-04-23T00:00:00.000","W","1509"
"4","2026-04-23T00:00:00.000","W","16450"
"43","2026-04-23T00:00:00.000","W","860"
"44","2026-04-23T00:00:00.000","W","2760"
"47","2026-04-23T00:00:00.000","W","10849"
"48","2026-04-23T00:00:00.000","W","905"
"49","2026-04-23T00:00:00.000","W","14906"
"49B","2026-04-23T00:00:00.000","W","3900"
"50","2026-04-23T00:00:00.000","W","9453"
"51","2026-04-23T00:00:00.000","W","1200"
"52","2026-04-23T00:00:00.000","W","8483"
"52A","2026-04-23T00:00:00.000","W","3579"
"53","2026-04-23T00:00:00.000","W","20039"
"53A","2026-04-23T00:00:00.000","W","3389"
"54","2026-04-23T00:00:00.000","W","9316"
"54A","2026-04-23T00:00:00.000","W","657"
"54B","2026-04-23T00:00:00.000","W","1991"
"55","2026-04-23T00:00:00.000","W","8788"
"55A","2026-04-23T00:00:00.000","W","131"
"55N","2026-04-23T00:00:00.000","W","414"
"56","2026-04-23T00:00:00.000","W","7096"
"57","2026-04-23T00:00:00.000","W","1810"
"59","2026-04-23T00:00:00.000","W","2827"
"6","2026-04-23T00:00:00.000","W","6380"
"60","2026-04-23T00:00:00.000","W","13286"
"62","2026-04-23T00:00:00.000","W","8866"
"62H","2026-04-23T00:00:00.000","W","727"
"63","2026-04-23T00:00:00.000","W","15100"
"63W","2026-04-23T00:00:00.000","W","1412"
"65","2026-04-23T00:00:00.000","W","6402"
"66","2026-04-23T00:00:00.000","W","17561"
"67","2026-04-23T00:00:00.000","W","7193"
"68","2026-04-23T00:00:00.000","W","1015"
"7","2026-04-23T00:00:00.000","W","5460"
"70","2026-04-23T00:00:00.000","W","7981"
"71","2026-04-23T00:00:00.000","W","8887"
"72","2026-04-23T00:00:00.000","W","12976"
"73","2026-04-23T00:00:00.000","W","4572"
"74","2026-04-23T00:00:00.000","W","10602"
"75","2026-04-23T00:00:00.000","W","6334"
"76","2026-04-23T00:00:00.000","W","9839"
"77","2026-04-23T00:00:00.000","W","16210"
"78","2026-04-23T00:00:00.000","W","6912"
"79","2026-04-23T00:00:00.000","W","19345"
"8","2026-04-23T00:00:00.000","W","18302"
"80","2026-04-23T00:00:00.000","W","9040"
"81","2026-04-23T00:00:00.000","W","10370"
"X9","2026-04-22T00:00:00.000","W","5972"
"X49","2026-04-22T00:00:00.000","W","4804"
"X4","2026-04-22T00:00:00.000","W","3542"
"N5","2026-04-22T00:00:00.000","W","308"
"J14","2026-04-22T00:00:00.000","W","8563"
"97","2026-04-22T00:00:00.000","W","2229"
"96","2026-04-22T00:00:00.000","W","683"
"95","2026-04-22T00:00:00.000","W","5098"
"94","2026-04-22T00:00:00.000","W","9860"
"93","2026-04-22T00:00:00.000","W","4394"
"92","2026-04-22T00:00:00.000","W","5431"
"91","2026-04-22T00:00:00.000","W","4824"
"90","2026-04-22T00:00:00.000","W","3579"
"9","2026-04-22T00:00:00.000","W","19717"
"8A","2026-04-22T00:00:00.000","W","2570"
"88","2026-04-22T00:00:00.000","W","1080"
"87","2026-04-22T00:00:00.000","W","7847"
"86","2026-04-22T00:00:00.000","W","2668"
"85A","2026-04-22T00:00:00.000","W","613"
"85","2026-04-22T00:00:00.000","W","8478"
"84","2026-04-22T00:00:00.000","W","3626"
"82","2026-04-22T00:00:00.000","W","15249"
"81W","2026-04-22T00:00:00.000","W","1527"
"1","2026-04-22T00:00:00.000","W","1476"
"100","2026-04-22T00:00:00.000","W","368"
"1001","2026-04-22T00:00:00.000","W","17"
"103","2026-04-22T00:00:00.000","W","1931"
"106","2026-04-22T00:00:00.000","W","1197"
"108","2026-04-22T00:00:00.000","W","716"
"11","2026-04-22T00:00:00.000","W","1076"
"111","2026-04-22T00:00:00.000","W","1993"
"111A","2026-04-22T00:00:00.000","W","264"
"112","2026-04-22T00:00:00.000","W","1326"
"115","2026-04-22T00:00:00.000","W","2075"
"119","2026-04-22T00:00:00.000","W","2622"
"12","2026-04-22T00:00:00.000","W","11618"
"120","2026-04-22T00:00:00.000","W","1033"
"121","2026-04-22T00:00:00.000","W","1501"
"124","2026-04-22T00:00:00.000","W","1170"
"125","2026-04-22T00:00:00.000","W","644"
"126","2026-04-22T00:00:00.000","W","4466"
"134","2026-04-22T00:00:00.000","W","2391"
"135","2026-04-22T00:00:00.000","W","2450"
"136","2026-04-22T00:00:00.000","W","1400"
"143","2026-04-22T00:00:00.000","W","1215"
"146","2026-04-22T00:00:00.000","W","10374"
"147","2026-04-22T00:00:00.000","W","10154"
"148","2026-04-22T00:00:00.000","W","1610"
"15","2026-04-22T00:00:00.000","W","5256"
"151","2026-04-22T00:00:00.000","W","13762"
"152","2026-04-22T00:00:00.000","W","9024"
"155","2026-04-22T00:00:00.000","W","5427"
"156","2026-04-22T00:00:00.000","W","5088"
"157","2026-04-22T00:00:00.000","W","6876"
"165","2026-04-22T00:00:00.000","W","173"
"169","2026-04-22T00:00:00.000","W","79"
"171","2026-04-22T00:00:00.000","W","816"
"172","2026-04-22T00:00:00.000","W","1570"
"18","2026-04-22T00:00:00.000","W","4009"
"192","2026-04-22T00:00:00.000","W","529"
"2","2026-04-22T00:00:00.000","W","2181"
"20","2026-04-22T00:00:00.000","W","14712"
"201","2026-04-22T00:00:00.000","W","1405"
"206","2026-04-22T00:00:00.000","W","474"
"21","2026-04-22T00:00:00.000","W","7971"
"22","2026-04-22T00:00:00.000","W","15087"
"24","2026-04-22T00:00:00.000","W","2072"
"26","2026-04-22T00:00:00.000","W","3439"
"28","2026-04-22T00:00:00.000","W","4782"
"29","2026-04-22T00:00:00.000","W","8177"
"3","2026-04-22T00:00:00.000","W","17501"
"30","2026-04-22T00:00:00.000","W","2563"
"31","2026-04-22T00:00:00.000","W","606"
"34","2026-04-22T00:00:00.000","W","3576"
"35","2026-04-22T00:00:00.000","W","3631"
"36","2026-04-22T00:00:00.000","W","10886"
"37","2026-04-22T00:00:00.000","W","1849"
"39","2026-04-22T00:00:00.000","W","1440"
"4","2026-04-22T00:00:00.000","W","15938"
"43","2026-04-22T00:00:00.000","W","814"
"44","2026-04-22T00:00:00.000","W","2906"
"47","2026-04-22T00:00:00.000","W","10492"
"48","2026-04-22T00:00:00.000","W","918"
"49","2026-04-22T00:00:00.000","W","15203"
"49B","2026-04-22T00:00:00.000","W","3950"
"50","2026-04-22T00:00:00.000","W","9658"
"51","2026-04-22T00:00:00.000","W","1405"
"52","2026-04-22T00:00:00.000","W","7727"
"52A","2026-04-22T00:00:00.000","W","3568"
"53","2026-04-22T00:00:00.000","W","19747"
"53A","2026-04-22T00:00:00.000","W","3449"
"54","2026-04-22T00:00:00.000","W","9496"
"54A","2026-04-22T00:00:00.000","W","516"
"54B","2026-04-22T00:00:00.000","W","2145"
"55","2026-04-22T00:00:00.000","W","8507"
"55A","2026-04-22T00:00:00.000","W","121"
"55N","2026-04-22T00:00:00.000","W","463"
"56","2026-04-22T00:00:00.000","W","7112"
"57","2026-04-22T00:00:00.000","W","1920"
"59","2026-04-22T00:00:00.000","W","2497"
"6","2026-04-22T00:00:00.000","W","6638"
"60","2026-04-22T00:00:00.000","W","13306"
"62","2026-04-22T00:00:00.000","W","8510"
"62H","2026-04-22T00:00:00.000","W","806"
"63","2026-04-22T00:00:00.000","W","14348"
"63W","2026-04-22T00:00:00.000","W","1337"
"65","2026-04-22T00:00:00.000","W","6349"
"66","2026-04-22T00:00:00.000","W","16412"
"67","2026-04-22T00:00:00.000","W","7467"
"68","2026-04-22T00:00:00.000","W","994"
"7","2026-04-22T00:00:00.000","W","5635"
"70","2026-04-22T00:00:00.000","W","7838"
"71","2026-04-22T00:00:00.000","W","8124"
"72","2026-04-22T00:00:00.000","W","11849"
"73","2026-04-22T00:00:00.000","W","4612"
"74","2026-04-22T00:00:00.000","W","10927"
"75","2026-04-22T00:00:00.000","W","5812"
"76","2026-04-22T00:00:00.000","W","9679"
"77","2026-04-22T00:00:00.000","W","16883"
"78","2026-04-22T00:00:00.000","W","7207"
"79","2026-04-22T00:00:00.000","W","18752"
"8","2026-04-22T00:00:00.000","W","18383"
"80","2026-04-22T00:00:00.000","W","9125"
"81","2026-04-22T00:00:00.000","W","10061"
"X9","2026-04-21T00:00:00.000","W","6328"
"X49","2026-04-21T00:00:00.000","W","4401"
"X4","2026-04-21T00:00:00.000","W","3198"
"N5","2026-04-21T00:00:00.000","W","163"
"J14","2026-04-21T00:00:00.000","W","8867"
"97","2026-04-21T00:00:00.000","W","2080"
"96","2026-04-21T00:00:00.000","W","712"
"95","2026-04-21T00:00:00.000","W","4697"
"94","2026-04-21T00:00:00.000","W","10464"
"93","2026-04-21T00:00:00.000","W","4256"
"92","2026-04-21T00:00:00.000","W","5588"
"91","2026-04-21T00:00:00.000","W","4718"
"90","2026-04-21T00:00:00.000","W","3468"
"9","2026-04-21T00:00:00.000","W","18710"
"8A","2026-04-21T00:00:00.000","W","2473"
"88","2026-04-21T00:00:00.000","W","1015"
"87","2026-04-21T00:00:00.000","W","8940"
"86","2026-04-21T00:00:00.000","W","2432"
"85A","2026-04-21T00:00:00.000","W","678"
"85","2026-04-21T00:00:00.000","W","8473"
"84","2026-04-21T00:00:00.000","W","3183"
"82","2026-04-21T00:00:00.000","W","15301"
"81W","2026-04-21T00:00:00.000","W","1608"
"1","2026-04-21T00:00:00.000","W","1358"
"100","2026-04-21T00:00:00.000","W","449"
"1001","2026-04-21T00:00:00.000","W","49"
"103","2026-04-21T00:00:00.000","W","1764"
"106","2026-04-21T00:00:00.000","W","1014"
"108","2026-04-21T00:00:00.000","W","729"
"11","2026-04-21T00:00:00.000","W","1029"
"111","2026-04-21T00:00:00.000","W","2253"
"111A","2026-04-21T00:00:00.000","W","307"
"112","2026-04-21T00:00:00.000","W","1408"
"115","2026-04-21T00:00:00.000","W","1570"
"119","2026-04-21T00:00:00.000","W","2192"
"12","2026-04-21T00:00:00.000","W","11910"
"120","2026-04-21T00:00:00.000","W","1073"
"121","2026-04-21T00:00:00.000","W","1254"
"124","2026-04-21T00:00:00.000","W","751"
"125","2026-04-21T00:00:00.000","W","577"
"126","2026-04-21T00:00:00.000","W","4622"
"134","2026-04-21T00:00:00.000","W","2568"
"135","2026-04-21T00:00:00.000","W","2673"
"136","2026-04-21T00:00:00.000","W","1505"
"143","2026-04-21T00:00:00.000","W","1172"
"146","2026-04-21T00:00:00.000","W","11150"
"147","2026-04-21T00:00:00.000","W","10385"
"148","2026-04-21T00:00:00.000","W","1835"
"15","2026-04-21T00:00:00.000","W","5933"
"151","2026-04-21T00:00:00.000","W","13216"
"152","2026-04-21T00:00:00.000","W","8801"
"155","2026-04-21T00:00:00.000","W","5365"
"156","2026-04-21T00:00:00.000","W","5138"
"157","2026-04-21T00:00:00.000","W","6516"
"165","2026-04-21T00:00:00.000","W","189"
"169","2026-04-21T00:00:00.000","W","91"
"171","2026-04-21T00:00:00.000","W","939"
"172","2026-04-21T00:00:00.000","W","1865"
"18","2026-04-21T00:00:00.000","W","3765"
"192","2026-04-21T00:00:00.000","W","578"
"2","2026-04-21T00:00:00.000","W","2202"
"20","2026-04-21T00:00:00.000","W","14337"
"201","2026-04-21T00:00:00.000","W","1451"
"206","2026-04-21T00:00:00.000","W","530"
"21","2026-04-21T00:00:00.000","W","7877"
"22","2026-04-21T00:00:00.000","W","14583"
"24","2026-04-21T00:00:00.000","W","1840"
"26","2026-04-21T00:00:00.000","W","3394"
"28","2026-04-21T00:00:00.000","W","4066"
"29","2026-04-21T00:00:00.000","W","8347"
"3","2026-04-21T00:00:00.000","W","16520"
"30","2026-04-21T00:00:00.000","W","2788"
"31","2026-04-21T00:00:00.000","W","680"
"34","2026-04-21T00:00:00.000","W","3585"
"35","2026-04-21T00:00:00.000","W","3854"
"36","2026-04-21T00:00:00.000","W","10169"
"37","2026-04-21T00:00:00.000","W","2012"
"39","2026-04-21T00:00:00.000","W","1477"
"4","2026-04-21T00:00:00.000","W","15333"
"43","2026-04-21T00:00:00.000","W","907"
"44","2026-04-21T00:00:00.000","W","2844"
"47","2026-04-21T00:00:00.000","W","9609"
"48","2026-04-21T00:00:00.000","W","884"
"49","2026-04-21T00:00:00.000","W","15808"
"49B","2026-04-21T00:00:00.000","W","3629"
"50","2026-04-21T00:00:00.000","W","9002"
"51","2026-04-21T00:00:00.000","W","1250"
"52","2026-04-21T00:00:00.000","W","7672"
"52A","2026-04-21T00:00:00.000","W","3438"
"53","2026-04-21T00:00:00.000","W","20033"
"53A","2026-04-21T00:00:00.000","W","3193"
"54","2026-04-21T00:00:00.000","W","9733"
"54A","2026-04-21T00:00:00.000","W","619"
"54B","2026-04-21T00:00:00.000","W","2015"
"55","2026-04-21T00:00:00.000","W","8439"
"55A","2026-04-21T00:00:00.000","W","156"
"55N","2026-04-21T00:00:00.000","W","471"
"56","2026-04-21T00:00:00.000","W","7028"
"57","2026-04-21T00:00:00.000","W","1870"
"59","2026-04-21T00:00:00.000","W","2758"
"6","2026-04-21T00:00:00.000","W","5942"
"60","2026-04-21T00:00:00.000","W","12490"
"62","2026-04-21T00:00:00.000","W","7459"
"62H","2026-04-21T00:00:00.000","W","806"
"63","2026-04-21T00:00:00.000","W","13741"
"63W","2026-04-21T00:00:00.000","W","1499"
"65","2026-04-21T00:00:00.000","W","6262"
"66","2026-04-21T00:00:00.000","W","16900"
"67","2026-04-21T00:00:00.000","W","7783"
"68","2026-04-21T00:00:00.000","W","996"
"7","2026-04-21T00:00:00.000","W","5323"
"70","2026-04-21T00:00:00.000","W","7388"
"71","2026-04-21T00:00:00.000","W","7749"
"72","2026-04-21T00:00:00.000","W","12466"
"73","2026-04-21T00:00:00.000","W","4650"
"74","2026-04-21T00:00:00.000","W","10269"
"75","2026-04-21T00:00:00.000","W","5629"
"76","2026-04-21T00:00:00.000","W","9174"
"77","2026-04-21T00:00:00.000","W","16062"
"78","2026-04-21T00:00:00.000","W","6686"
"79","2026-04-21T00:00:00.000","W","18030"
"8","2026-04-21T00:00:00.000","W","17612"
"80","2026-04-21T00:00:00.000","W","8754"
"81","2026-04-21T00:00:00.000","W","9811"
"X9","2026-04-20T00:00:00.000","W","5867"
"X49","2026-04-20T00:00:00.000","W","4712"
"X4","2026-04-20T00:00:00.000","W","3303"
"N5","2026-04-20T00:00:00.000","W","243"
"J14","2026-04-20T00:00:00.000","W","7993"
"97","2026-04-20T00:00:00.000","W","2016"
"96","2026-04-20T00:00:00.000","W","723"
"95","2026-04-20T00:00:00.000","W","5090"
"94","2026-04-20T00:00:00.000","W","10566"
"93","2026-04-20T00:00:00.000","W","4169"
"92","2026-04-20T00:00:00.000","W","5741"
"91","2026-04-20T00:00:00.000","W","4570"
"90","2026-04-20T00:00:00.000","W","3395"
"9","2026-04-20T00:00:00.000","W","18346"
"8A","2026-04-20T00:00:00.000","W","2493"
"88","2026-04-20T00:00:00.000","W","1016"
"87","2026-04-20T00:00:00.000","W","8418"
"86","2026-04-20T00:00:00.000","W","2761"
"85A","2026-04-20T00:00:00.000","W","643"
"85","2026-04-20T00:00:00.000","W","8016"
"84","2026-04-20T00:00:00.000","W","3481"
"82","2026-04-20T00:00:00.000","W","14557"
"81W","2026-04-20T00:00:00.000","W","1527"
"1","2026-04-20T00:00:00.000","W","1129"
"100","2026-04-20T00:00:00.000","W","434"
"1001","2026-04-20T00:00:00.000","W","15"
"103","2026-04-20T00:00:00.000","W","1596"
"106","2026-04-20T00:00:00.000","W","1164"
"108","2026-04-20T00:00:00.000","W","847"
"11","2026-04-20T00:00:00.000","W","1082"
"111","2026-04-20T00:00:00.000","W","2273"
"111A","2026-04-20T00:00:00.000","W","347"
"112","2026-04-20T00:00:00.000","W","1426"
"115","2026-04-20T00:00:00.000","W","1646"
"119","2026-04-20T00:00:00.000","W","2238"
"12","2026-04-20T00:00:00.000","W","10952"
"120","2026-04-20T00:00:00.000","W","804"
"121","2026-04-20T00:00:00.000","W","1061"
"124","2026-04-20T00:00:00.000","W","910"
"125","2026-04-20T00:00:00.000","W","495"
"126","2026-04-20T00:00:00.000","W","4163"
"134","2026-04-20T00:00:00.000","W","1676"
"135","2026-04-20T00:00:00.000","W","1818"
"136","2026-04-20T00:00:00.000","W","1121"
"143","2026-04-20T00:00:00.000","W","979"
"146","2026-04-20T00:00:00.000","W","9122"
"147","2026-04-20T00:00:00.000","W","9707"
"148","2026-04-20T00:00:00.000","W","1349"
"15","2026-04-20T00:00:00.000","W","6579"
"151","2026-04-20T00:00:00.000","W","11395"
"152","2026-04-20T00:00:00.000","W","8861"
"155","2026-04-20T00:00:00.000","W","5627"
"156","2026-04-20T00:00:00.000","W","4222"
"157","2026-04-20T00:00:00.000","W","6705"
"165","2026-04-20T00:00:00.000","W","167"
"169","2026-04-20T00:00:00.000","W","75"
"171","2026-04-20T00:00:00.000","W","1089"
"172","2026-04-20T00:00:00.000","W","1738"
"18","2026-04-20T00:00:00.000","W","3616"
"192","2026-04-20T00:00:00.000","W","504"
"2","2026-04-20T00:00:00.000","W","1834"
"20","2026-04-20T00:00:00.000","W","15191"
"201","2026-04-20T00:00:00.000","W","1364"
"206","2026-04-20T00:00:00.000","W","472"
"21","2026-04-20T00:00:00.000","W","8974"
"22","2026-04-20T00:00:00.000","W","13885"
"24","2026-04-20T00:00:00.000","W","2064"
"26","2026-04-20T00:00:00.000","W","3155"
"28","2026-04-20T00:00:00.000","W","4456"
"29","2026-04-20T00:00:00.000","W","8288"
"3","2026-04-20T00:00:00.000","W","16863"
"30","2026-04-20T00:00:00.000","W","2645"
"31","2026-04-20T00:00:00.000","W","629"
"34","2026-04-20T00:00:00.000","W","4072"
"35","2026-04-20T00:00:00.000","W","3344"
"36","2026-04-20T00:00:00.000","W","9546"
"37","2026-04-20T00:00:00.000","W","1709"
"39","2026-04-20T00:00:00.000","W","1486"
"4","2026-04-20T00:00:00.000","W","15332"
"43","2026-04-20T00:00:00.000","W","855"
"44","2026-04-20T00:00:00.000","W","2631"
"47","2026-04-20T00:00:00.000","W","9594"
"48","2026-04-20T00:00:00.000","W","919"
"49","2026-04-20T00:00:00.000","W","14171"
"49B","2026-04-20T00:00:00.000","W","3847"
"50","2026-04-20T00:00:00.000","W","8504"
"51","2026-04-20T00:00:00.000","W","1236"
"52","2026-04-20T00:00:00.000","W","7172"
"52A","2026-04-20T00:00:00.000","W","3517"
"53","2026-04-20T00:00:00.000","W","19858"
"53A","2026-04-20T00:00:00.000","W","3351"
"54","2026-04-20T00:00:00.000","W","8621"
"54A","2026-04-20T00:00:00.000","W","505"
"54B","2026-04-20T00:00:00.000","W","1977"
"55","2026-04-20T00:00:00.000","W","8168"
"55A","2026-04-20T00:00:00.000","W","146"
"55N","2026-04-20T00:00:00.000","W","401"
"56","2026-04-20T00:00:00.000","W","6875"
"57","2026-04-20T00:00:00.000","W","1811"
"59","2026-04-20T00:00:00.000","W","2460"
"6","2026-04-20T00:00:00.000","W","6401"
"60","2026-04-20T00:00:00.000","W","12816"
"62","2026-04-20T00:00:00.000","W","7932"
"62H","2026-04-20T00:00:00.000","W","720"
"63","2026-04-20T00:00:00.000","W","13045"
"63W","2026-04-20T00:00:00.000","W","1355"
"65","2026-04-20T00:00:00.000","W","6389"
"66","2026-04-20T00:00:00.000","W","16697"
"67","2026-04-20T00:00:00.000","W","8144"
"68","2026-04-20T00:00:00.000","W","987"
"7","2026-04-20T00:00:00.000","W","4851"
"70","2026-04-20T00:00:00.000","W","7562"
"71","2026-04-20T00:00:00.000","W","7513"
"72","2026-04-20T00:00:00.000","W","12117"
"73","2026-04-20T00:00:00.000","W","3855"
"74","2026-04-20T00:00:00.000","W","9600"
"75","2026-04-20T00:00:00.000","W","5775"
"76","2026-04-20T00:00:00.000","W","9217"
"77","2026-04-20T00:00:00.000","W","15597"
"78","2026-04-20T00:00:00.000","W","6655"
"79","2026-04-20T00:00:00.000","W","19129"
"8","2026-04-20T00:00:00.000","W","17230"
"80","2026-04-20T00:00:00.000","W","8596"
"81","2026-04-20T00:00:00.000","W","9874"
"N5","2026-04-19T00:00:00.000","U","357"
"J14","2026-04-19T00:00:00.000","U","4396"
"97","2026-04-19T00:00:00.000","U","1127"
"95","2026-04-19T00:00:00.000","U","3250"
"94","2026-04-19T00:00:00.000","U","4081"
"93","2026-04-19T00:00:00.000","U","1778"
"92","2026-04-19T00:00:00.000","U","2759"
"91","2026-04-19T00:00:00.000","U","1920"
"90","2026-04-19T00:00:00.000","U","1869"
"9","2026-04-19T00:00:00.000","U","14791"
"8A","2026-04-19T00:00:00.000","U","1205"
"88","2026-04-19T00:00:00.000","U","326"
"87","2026-04-19T00:00:00.000","U","4220"
"85","2026-04-19T00:00:00.000","U","4465"
"84","2026-04-19T00:00:00.000","U","1136"
"82","2026-04-19T00:00:00.000","U","7780"
"81W","2026-04-19T00:00:00.000","U","617"
"1001","2026-04-19T00:00:00.000","U","3764"
"103","2026-04-19T00:00:00.000","U","705"
"106","2026-04-19T00:00:00.000","U","208"
"11","2026-04-19T00:00:00.000","U","361"
"111","2026-04-19T00:00:00.000","U","1077"
"111A","2026-04-19T00:00:00.000","U","279"
"112","2026-04-19T00:00:00.000","U","249"
"115","2026-04-19T00:00:00.000","U","891"
"119","2026-04-19T00:00:00.000","U","1300"
"12","2026-04-19T00:00:00.000","U","6135"
"124","2026-04-19T00:00:00.000","U","610"
"126","2026-04-19T00:00:00.000","U","1687"
"146","2026-04-19T00:00:00.000","U","7365"
"147","2026-04-19T00:00:00.000","U","6429"
"15","2026-04-19T00:00:00.000","U","3297"
"151","2026-04-19T00:00:00.000","U","10493"
"152","2026-04-19T00:00:00.000","U","4015"
"155","2026-04-19T00:00:00.000","U","3233"
"172","2026-04-19T00:00:00.000","U","694"
"18","2026-04-19T00:00:00.000","U","2056"
"20","2026-04-19T00:00:00.000","U","8278"
"21","2026-04-19T00:00:00.000","U","4826"
"22","2026-04-19T00:00:00.000","U","10603"
"28","2026-04-19T00:00:00.000","U","2020"
"29","2026-04-19T00:00:00.000","U","5243"
"3","2026-04-19T00:00:00.000","U","9884"
"30","2026-04-19T00:00:00.000","U","847"
"34","2026-04-19T00:00:00.000","U","2587"
"35","2026-04-19T00:00:00.000","U","1718"
"36","2026-04-19T00:00:00.000","U","9708"
"39","2026-04-19T00:00:00.000","U","367"
"4","2026-04-19T00:00:00.000","U","10097"
"43","2026-04-19T00:00:00.000","U","229"
"44","2026-04-19T00:00:00.000","U","1264"
"47","2026-04-19T00:00:00.000","U","5411"
"49","2026-04-19T00:00:00.000","U","10283"
"49B","2026-04-19T00:00:00.000","U","2100"
"50","2026-04-19T00:00:00.000","U","3975"
"51","2026-04-19T00:00:00.000","U","450"
"52","2026-04-19T00:00:00.000","U","3441"
"52A","2026-04-19T00:00:00.000","U","1324"
"53","2026-04-19T00:00:00.000","U","10910"
"53A","2026-04-19T00:00:00.000","U","950"
"54","2026-04-19T00:00:00.000","U","5655"
"54B","2026-04-19T00:00:00.000","U","943"
"55","2026-04-19T00:00:00.000","U","5153"
"56","2026-04-19T00:00:00.000","U","3539"
"57","2026-04-19T00:00:00.000","U","811"
"6","2026-04-19T00:00:00.000","U","6591"
"60","2026-04-19T00:00:00.000","U","5828"
"62","2026-04-19T00:00:00.000","U","4583"
"63","2026-04-19T00:00:00.000","U","7996"
"63W","2026-04-19T00:00:00.000","U","412"
"65","2026-04-19T00:00:00.000","U","3198"
"66","2026-04-19T00:00:00.000","U","10118"
"67","2026-04-19T00:00:00.000","U","3871"
"68","2026-04-19T00:00:00.000","U","337"
"70","2026-04-19T00:00:00.000","U","3862"
"71","2026-04-19T00:00:00.000","U","4902"
"72","2026-04-19T00:00:00.000","U","7831"
"73","2026-04-19T00:00:00.000","U","2044"
"74","2026-04-19T00:00:00.000","U","5641"
"75","2026-04-19T00:00:00.000","U","3271"
"76","2026-04-19T00:00:00.000","U","4209"
"77","2026-04-19T00:00:00.000","U","9019"
"78","2026-04-19T00:00:00.000","U","3348"
"79","2026-04-19T00:00:00.000","U","11251"
"8","2026-04-19T00:00:00.000","U","8664"
"80","2026-04-19T00:00:00.000","U","5035"
"81","2026-04-19T00:00:00.000","U","6530"
"N5","2026-04-18T00:00:00.000","A","316"
"J14","2026-04-18T00:00:00.000","A","6001"
"97","2026-04-18T00:00:00.000","A","1776"
"95","2026-04-18T00:00:00.000","A","3953"
"94","2026-04-18T00:00:00.000","A","5387"
"93","2026-04-18T00:00:00.000","A","2449"
