"service_date","day_type","bus","rail_boardings","total_rides"
"2026-07-31T00:00:00.000","W","584065","536958","1121023"
"2026-07-30T00:00:00.000","W","632860","587779","1220639"
"2026-07-29T00:00:00.000","W","647468","521145","1168613"
"2026-07-28T00:00:00.000","W","631099","487956","1119055"
"2026-07-27T00:00:00.000","W","489227","366085","855312"
"2026-07-26T00:00:00.000","U","393973","321708","715681"
"2026-07-25T00:00:00.000","A","493035","439676","932711"
"2026-07-24T00:00:00.000","W","606996","477020","1084016"
"2026-07-23T00:00:00.000","W","640806","483055","1123861"
"2026-07-22T00:00:00.000","W","650229","503126","1153355"
"2026-07-21T00:00:00.000","W","637015","485478","1122493"
"2026-07-20T00:00:00.000","W","599410","425636","1025046"
"2026-07-19T00:00:00.000","U","383547","296048","679595"
"2026-07-18T00:00:00.000","A","475011","366467","841478"
"2026-07-17T00:00:00.000","W","555411","411004","966415"
"2026-07-16T00:00:00.000","W","597995","440486","1038481"
"2026-07-15T00:00:00.000","W","639069","494927","1133996"
"2026-07-14T00:00:00.000","W","633626","485430","1119056"
"2026-07-13T00:00:00.000","W","608616","409642","1018258"
"2026-07-12T00:00:00.000","U","398636","334728","733364"
"2026-07-11T00:00:00.000","A","495769","407862","903631"
"2026-07-10T00:00:00.000","W","615681","444596","1060277"
"2026-07-09T00:00:00.000","W","630965","468701","1099666"
"2026-07-08T00:00:00.000","W","663248","482953","1146201"
"2026-07-07T00:00:00.000","W","654137","469275","1123412"
"2026-07-06T00:00:00.000","W","617054","395404","1012458"
"2026-07-05T00:00:00.000","U","358588","267607","626195"
"2026-07-04T00:00:00.000","A","371193","274555","645748"
"2026-07-03T00:00:00.000","U","431417","319560","750977"
"2026-07-02T00:00:00.000","W","612638","405281","1017919"
"2026-07-01T00:00:00.000","W","642591","455305","1097896"
"2026-06-30T00:00:00.000","W","632314","459373","1091687"
"2026-06-29T00:00:00.000","W","612746","422790","1035536"
"2026-06-28T00:00:00.000","U","393301","372432","765733"
"2026-06-27T00:00:00.000","A","500926","381436","882362"
"2026-06-26T00:00:00.000","W","602267","432822","1035089"
"2026-06-25T00:00:00.000","W","663250","476115","1139365"
"2026-06-24T00:00:00.000","W","615759","456735","1072494"
"2026-06-23T00:00:00.000","W","661722","483885","1145607"
"2026-06-22T00:00:00.000","W","616914","414155","1031069"
"2026-06-21T00:00:00.000","U","322199","252345","574544"
"2026-06-20T00:00:00.000","A","504171","425966","930137"
"2026-06-19T00:00:00.000","W","568798","444156","1012954"
"2026-06-18T00:00:00.000","W","635454","478350","1113804"
"2026-06-17T00:00:00.000","W","521035","418372","939407"
"2026-06-16T00:00:00.000","W","626811","477690","1104501"
"2026-06-15T00:00:00.000","W","609692","433819","1043511"
"2026-06-14T00:00:00.000","U","384733","258639","643372"
"2026-06-13T00:00:00.000","A","516505","354833","871338"
"2026-06-12T00:00:00.000","W","637849","483207","1121056"
"2026-06-11T00:00:00.000","W","567575","444223","1011798"
"2026-06-10T00:00:00.000","W","600265","451705","1051970"
"2026-06-09T00:00:00.000","W","639310","468590","1107900"
"2026-06-08T00:00:00.000","W","589194","403342","992536"
"2026-06-07T00:00:00.000","U","419409","302910","722319"
"2026-06-06T00:00:00.000","A","522892","390015","912907"
"2026-06-05T00:00:00.000","W","602319","467507","1069826"
"2026-06-04T00:00:00.000","W","703449","522870","1226319"
"2026-06-03T00:00:00.000","W","702053","493541","1195594"
"2026-06-02T00:00:00.000","W","686405","490907","1177312"
"2026-06-01T00:00:00.000","W","661514","402581","1064095"
"2026-05-31T00:00:00.000","U","398487","235525","634012"
"2026-05-30T00:00:00.000","A","503152","306596","809748"
"2026-05-29T00:00:00.000","W","659766","429420","1089186"
"2026-05-28T00:00:00.000","W","679150","470807","1149957"
"2026-05-27T00:00:00.000","W","687167","464216","1151383"
"2026-05-26T00:00:00.000","W","680555","442225","1122780"
"2026-05-25T00:00:00.000","U","405024","270702","675726"
"2026-05-24T00:00:00.000","U","374679","319205","693884"
"2026-05-23T00:00:00.000","A","466739","394543","861282"
"2026-05-22T00:00:00.000","W","649765","437173","1086938"
"2026-05-21T00:00:00.000","W","671385","461129","1132514"
"2026-05-20T00:00:00.000","W","692535","485962","1178497"
"2026-05-19T00:00:00.000","W","682742","482957","1165699"
"2026-05-18T00:00:00.000","W","629501","417400","1046901"
"2026-05-17T00:00:00.000","U","394942","304071","699013"
"2026-05-16T00:00:00.000","A","488902","366870","855772"
"2026-05-15T00:00:00.000","W","668794","436600","1105394"
"2026-05-14T00:00:00.000","W","687042","474006","1161048"
"2026-05-13T00:00:00.000","W","685724","458062","1143786"
"2026-05-12T00:00:00.000","W","666123","448226","1114349"
"2026-05-11T00:00:00.000","W","641027","389040","1030067"
"2026-05-10T00:00:00.000","U","360122","234430","594552"
"2026-05-09T00:00:00.000","A","478365","329817","808182"
"2026-05-08T00:00:00.000","W","656464","428810","1085274"
"2026-05-07T00:00:00.000","W","690298","485590","1175888"
"2026-05-06T00:00:00.000","W","705568","475568","1181136"
"2026-05-05T00:00:00.000","W","689689","473875","1163564"
"2026-05-04T00:00:00.000","W","678143","421101","1099244"
"2026-05-03T00:00:00.000","U","369869","255139","625008"
"2026-05-02T00:00:00.000","A","476394","340263","816657"
"2026-05-01T00:00:00.000","W","678734","427564","1106298"
"2026-04-30T00:00:00.000","W","681298","449242","1130540"
"2026-04-29T00:00:00.000","W","683443","452132","1135575"
"2026-04-28T00:00:00.000","W","693327","450554","1143881"
"2026-04-27T00:00:00.000","W","594496","366822","961318"
"2026-04-26T00:00:00.000","U","358682","238809","597491"
"2026-04-25T00:00:00.000","A","467308","330927","798235"
"2026-04-24T00:00:00.000","W","648466","408638","1057104"
"2026-04-23T00:00:00.000","W","704867","480434","1185301"
"2026-04-22T00:00:00.000","W","694018","480559","1174577"
"2026-04-21T00:00:00.000","W","680882","468889","1149771"
"2026-04-20T00:00:00.000","W","663948","411525","1075473"
"2026-04-19T00:00:00.000","U","352633","239192","591825"
"2026-04-18T00:00:00.000","A","456734","325338","782072"
"2026-04-17T00:00:00.000","W","670050","424557","1094607"
"2026-04-16T00:00:00.000","W","669361","459456","1128817"
"2026-04-15T00:00:00.000","W","664108","447463","1111571"
"2026-04-14T00:00:00.000","W","662823","445919","1108742"
"2026-04-13T00:00:00.000","W","649252","397150","1046402"
"2026-04-12T00:00:00.000","U","368788","250476","619264"
"2026-04-11T00:00:00.000","A","458730","330496","789226"
"2026-04-10T00:00:00.000","W","643765","410306","1054071"
"2026-04-09T00:00:00.000","W","684531","457632","1142163"
"2026-04-08T00:00:00.000","W","694793","457780","1152573"
"2026-04-07T00:00:00.000","W","688145","450584","1138729"
"2026-04-06T00:00:00.000","W","652271","393504","1045775"
"2026-04-05T00:00:00.000","U","334625","207280","541905"
"2026-04-04T00:00:00.000","A","426509","278404","704913"
"2026-04-03T00:00:00.000","W","590346","379889","970235"
"2026-04-02T00:00:00.000","W","620278","419466","1039744"
"2026-04-01T00:00:00.000","W","684531","451016","1135547"
"2026-03-31T00:00:00.000","W","633486","442332","1075818"
"2026-03-30T00:00:00.000","W","674656","424832","1099488"
"2026-03-29T00:00:00.000","U","352753","240934","593687"
"2026-03-28T00:00:00.000","A","435694","352741","788435"
"2026-03-27T00:00:00.000","W","543109","346088","889197"
"2026-03-26T00:00:00.000","W","541319","393264","934583"
"2026-03-25T00:00:00.000","W","589979","397051","987030"
"2026-03-24T00:00:00.000","W","564217","386435","950652"
"2026-03-23T00:00:00.000","W","535703","338133","873836"
"2026-03-22T00:00:00.000","U","299580","232111","531691"
"2026-03-21T00:00:00.000","A","471889","315594","787483"
"2026-03-20T00:00:00.000","W","654441","391660","1046101"
"2026-03-19T00:00:00.000","W","672561","441647","1114208"
"2026-03-18T00:00:00.000","W","602749","423062","1025811"
"2026-03-17T00:00:00.000","W","583376","419010","1002386"
"2026-03-16T00:00:00.000","W","567191","373439","940630"
"2026-03-15T00:00:00.000","U","297111","219029","516140"
"2026-03-14T00:00:00.000","A","444090","553359","997449"
"2026-03-13T00:00:00.000","W","622701","419196","1041897"
"2026-03-12T00:00:00.000","W","675989","460185","1136174"
"2026-03-11T00:00:00.000","W","613371","421433","1034804"
"2026-03-10T00:00:00.000","W","637883","422603","1060486"
"2026-03-09T00:00:00.000","W","661043","392502","1053545"
"2026-03-08T00:00:00.000","U","360240","193036","553276"
"2026-03-07T00:00:00.000","A","452680","248609","701289"
"2026-03-06T00:00:00.000","W","589975","356027","946002"
"2026-03-05T00:00:00.000","W","648366","421818","1070184"
"2026-03-04T00:00:00.000","W","658701","424237","1082938"
"2026-03-03T00:00:00.000","W","668530","417616","1086146"
"2026-03-02T00:00:00.000","W","627486","360058","987544"
"2026-03-01T00:00:00.000","U","326886","203933","530819"
"2026-02-28T00:00:00.000","A","416135","263047","679182"
"2026-02-27T00:00:00.000","W","650668","380592","1031260"
"2026-02-26T00:00:00.000","W","644774","421868","1066642"
"2026-02-25T00:00:00.000","W","661102","425585","1086687"
"2026-02-24T00:00:00.000","W","642202","416203","1058405"
"2026-02-23T00:00:00.000","W","600377","356212","956589"
"2026-02-22T00:00:00.000","U","298002","177621","475623"
"2026-02-21T00:00:00.000","A","400275","261821","662096"
"2026-02-20T00:00:00.000","W","597569","353219","950788"
"2026-02-19T00:00:00.000","W","657096","428673","1085769"
"2026-02-18T00:00:00.000","W","680733","435487","1116220"
"2026-02-17T00:00:00.000","W","600520","409165","1009685"
"2026-02-16T00:00:00.000","W","502042","305664","807706"
"2026-02-15T00:00:00.000","U","357737","224299","582036"
"2026-02-14T00:00:00.000","A","433835","287425","721260"
"2026-02-13T00:00:00.000","W","643010","371703","1014713"
"2026-02-12T00:00:00.000","W","644978","417057","1062035"
"2026-02-11T00:00:00.000","W","670727","428818","1099545"
"2026-02-10T00:00:00.000","W","670567","426064","1096631"
"2026-02-09T00:00:00.000","W","617302","359902","977204"
"2026-02-08T00:00:00.000","U","313435","182992","496427"
"2026-02-07T00:00:00.000","A","406313","248901","655214"
"2026-02-06T00:00:00.000","W","606602","354566","961168"
"2026-02-05T00:00:00.000","W","638238","415242","1053480"
"2026-02-04T00:00:00.000","W","652700","420723","1073423"
"2026-02-03T00:00:00.000","W","663459","423650","1087109"
"2026-02-02T00:00:00.000","W","614282","364184","978466"
"2026-02-01T00:00:00.000","U","306240","183186","489426"
"2026-01-31T00:00:00.000","A","370671","233048","603719"
"2026-01-30T00:00:00.000","W","569408","340882","910290"
"2026-01-29T00:00:00.000","W","604117","401847","1005964"
"2026-01-28T00:00:00.000","W","561816","396969","958785"
"2026-01-27T00:00:00.000","W","593424","393460","986884"
"2026-01-26T00:00:00.000","W","498891","309223","808114"
"2026-01-25T00:00:00.000","U","226408","154109","380517"
"2026-01-24T00:00:00.000","A","263971","156280","420251"
"2026-01-23T00:00:00.000","W","241720","145668","387388"
"2026-01-22T00:00:00.000","W","594942","396883","991825"
"2026-01-21T00:00:00.000","W","632558","414434","1046992"
"2026-01-20T00:00:00.000","W","586434","381984","968418"
"2026-01-19T00:00:00.000","W","319605","192340","511945"
"2026-01-18T00:00:00.000","U","287953","197529","485482"
"2026-01-17T00:00:00.000","A","366948","237089","604037"
"2026-01-16T00:00:00.000","W","581872","354351","936223"
"2026-01-15T00:00:00.000","W","617491","416542","1034033"
"2026-01-14T00:00:00.000","W","577865","409445","987310"
"2026-01-13T00:00:00.000","W","659722","428301","1088023"
"2026-01-12T00:00:00.000","W","627327","375119","1002446"
"2026-01-11T00:00:00.000","U","303604","185125","488729"
"2026-01-10T00:00:00.000","A","394664","262131","656795"
"2026-01-09T00:00:00.000","W","598950","349771","948721"
"2026-01-08T00:00:00.000","W","601327","396490","997817"
"2026-01-07T00:00:00.000","W","639146","404037","1043183"
"2026-01-06T00:00:00.000","W","625421","395670","1021091"
"2026-01-05T00:00:00.000","W","531936","338468","870404"
"2026-01-04T00:00:00.000","U","304696","187835","492531"
"2026-01-03T00:00:00.000","A","367490","224048","591538"
"2026-01-02T00:00:00.000","W","458255","266897","725152"
"2026-01-01T00:00:00.000","U","241782","193871","435653"
"2025-12-31T00:00:00.000","W","449613","289944","739557"
"2025-12-30T00:00:00.000","W","448472","290152","738624"
"2025-12-29T00:00:00.000","W","411259","263237","674496"
"2025-12-28T00:00:00.000","U","260640","162803","423443"
"2025-12-27T00:00:00.000","A","365180","220383","585563"
"2025-12-26T00:00:00.000","W","404406","225567","629973"
"2025-12-25T00:00:00.000","U","184004","97129","281133"
"2025-12-24T00:00:00.000","W","392531","200188","592719"
"2025-12-23T00:00:00.000","W","504239","308285","812524"
"2025-12-22T00:00:00.000","W","488902","307963","796865"
"2025-12-21T00:00:00.000","U","312184","206150","518334"
"2025-12-20T00:00:00.000","A","396429","282597","679026"
"2025-12-19T00:00:00.000","W","546060","345835","891895"
"2025-12-18T00:00:00.000","W","582363","396000","978363"
"2025-12-17T00:00:00.000","W","636688","423583","1060271"
"2025-12-16T00:00:00.000","W","615002","411424","1026426"
"2025-12-15T00:00:00.000","W","541081","336188","877269"
"2025-12-14T00:00:00.000","U","252339","180692","433031"
"2025-12-13T00:00:00.000","A","347547","258582","606129"
"2025-12-12T00:00:00.000","W","603670","396009","999679"
"2025-12-11T00:00:00.000","W","629716","439175","1068891"
"2025-12-10T00:00:00.000","W","637423","434547","1071970"
"2025-12-09T00:00:00.000","W","636800","438491","1075291"
"2025-12-08T00:00:00.000","W","603721","379510","983231"
"2025-12-07T00:00:00.000","U","295921","218452","514373"
"2025-12-06T00:00:00.000","A","349457","310919","660376"
"2025-12-05T00:00:00.000","W","596002","394923","990925"
"2025-12-04T00:00:00.000","W","582248","424985","1007233"
"2025-12-03T00:00:00.000","W","648760","452833","1101593"
"2025-12-02T00:00:00.000","W","629538","440785","1070323"
"2025-12-01T00:00:00.000","W","604355","381325","985680"
"2025-11-30T00:00:00.000","U","271575","188988","460563"
"2025-11-29T00:00:00.000","A","280784","211288","492072"
"2025-11-28T00:00:00.000","W","389505","249231","638736"
"2025-11-27T00:00:00.000","U","212762","132098","344860"
"2025-11-26T00:00:00.000","W","465776","309035","774811"
"2025-11-25T00:00:00.000","W","550524","387745","938269"
"2025-11-24T00:00:00.000","W","550755","381922","932677"
"2025-11-23T00:00:00.000","U","339913","247351","587264"
"2025-11-22T00:00:00.000","A","412805","363456","776261"
"2025-11-21T00:00:00.000","W","640965","468037","1109002"
"2025-11-20T00:00:00.000","W","661684","467611","1129295"
"2025-11-19T00:00:00.000","W","662191","468628","1130819"
"2025-11-18T00:00:00.000","W","636407","464060","1100467"
"2025-11-17T00:00:00.000","W","640950","415711","1056661"
"2025-11-16T00:00:00.000","U","332419","233468","565887"
"2025-11-15T00:00:00.000","A","447945","354593","802538"
"2025-11-14T00:00:00.000","W","643173","426729","1069902"
"2025-11-13T00:00:00.000","W","664732","476480","1141212"
"2025-11-12T00:00:00.000","W","670402","473816","1144218"
"2025-11-11T00:00:00.000","W","513364","395231","908595"
"2025-11-10T00:00:00.000","W","552135","376616","928751"
"2025-11-09T00:00:00.000","U","302361","219909","522270"
"2025-11-08T00:00:00.000","A","414216","305025","719241"
"2025-11-07T00:00:00.000","W","650979","430612","1081591"
"2025-11-06T00:00:00.000","W","664491","471201","1135692"
"2025-11-05T00:00:00.000","W","673357","466429","1139786"
"2025-11-04T00:00:00.000","W","673038","464993","1138031"
"2025-11-03T00:00:00.000","W","665548","419744","1085292"
"2025-11-02T00:00:00.000","U","331012","261115","592127"
"2025-11-01T00:00:00.000","A","425503","327617","753120"
"2025-10-31T00:00:00.000","W","664859","442259","1107118"
"2025-10-30T00:00:00.000","W","685819","486576","1172395"
"2025-10-29T00:00:00.000","W","681235","477620","1158855"
"2025-10-28T00:00:00.000","W","674402","474511","1148913"
"2025-10-27T00:00:00.000","W","589139","406067","995206"
"2025-10-26T00:00:00.000","U","355126","222282","577408"
"2025-10-25T00:00:00.000","A","443149","291053","734202"
"2025-10-24T00:00:00.000","W","630708","425786","1056494"
"2025-10-23T00:00:00.000","W","663146","485055","1148201"
"2025-10-22T00:00:00.000","W","656744","473974","1130718"
"2025-10-21T00:00:00.000","W","654157","476293","1130450"
"2025-10-20T00:00:00.000","W","651558","432409","1083967"
"2025-10-19T00:00:00.000","U","329001","253066","582067"
"2025-10-18T00:00:00.000","A","439065","452626","891691"
"2025-10-17T00:00:00.000","W","649764","449582","1099346"
"2025-10-16T00:00:00.000","W","688365","503737","1192102"
"2025-10-15T00:00:00.000","W","666759","487505","1154264"
"2025-10-14T00:00:00.000","W","692393","497278","1189671"
"2025-10-13T00:00:00.000","W","515678","414376","930054"
"2025-10-12T00:00:00.000","U","313881","557727","871608"
"2025-10-11T00:00:00.000","A","453038","413476","866514"
"2025-10-10T00:00:00.000","W","659950","490395","1150345"
"2025-10-09T00:00:00.000","W","689150","541178","1230328"
"2025-10-08T00:00:00.000","W","699779","519969","1219748"
"2025-10-07T00:00:00.000","W","656234","469717","1125951"
"2025-10-06T00:00:00.000","W","654948","423223","1078171"
"2025-10-05T00:00:00.000","U","353373","262217","615590"
"2025-10-04T00:00:00.000","A","462810","338258","801068"
"2025-10-03T00:00:00.000","W","675874","439014","1114888"
"2025-10-02T00:00:00.000","W","690196","504178","1194374"
"2025-10-01T00:00:00.000","W","714964","514769","1229733"
"2025-09-30T00:00:00.000","W","690052","508219","1198271"
"2025-09-29T00:00:00.000","W","657970","433247","1091217"
"2025-09-28T00:00:00.000","U","355700","279298","634998"
"2025-09-27T00:00:00.000","A","468349","367693","836042"
"2025-09-26T00:00:00.000","W","614351","462671","1077022"
"2025-09-25T00:00:00.000","W","695282","530667","1225949"
"2025-09-24T00:00:00.000","W","700959","512386","1213345"
"2025-09-23T00:00:00.000","W","673622","498011","1171633"
"2025-09-22T00:00:00.000","W","666516","442484","1109000"
"2025-09-21T00:00:00.000","U","357015","291395","648410"
"2025-09-20T00:00:00.000","A","445319","363583","808902"
"2025-09-19T00:00:00.000","W","674243","485407","1159650"
"2025-09-18T00:00:00.000","W","694285","512054","1206339"
"2025-09-17T00:00:00.000","W","694761","500989","1195750"
"2025-09-16T00:00:00.000","W","688942","496717","1185659"
"2025-09-15T00:00:00.000","W","664100","446019","1110119"
"2025-09-14T00:00:00.000","U","350343","276301","626644"
"2025-09-13T00:00:00.000","A","421457","332671","754128"
"2025-09-12T00:00:00.000","W","666234","462050","1128284"
"2025-09-11T00:00:00.000","W","681871","500765","1182636"
"2025-09-10T00:00:00.000","W","695318","495963","1191281"
"2025-09-09T00:00:00.000","W","687645","485475","1173120"
"2025-09-08T00:00:00.000","W","664938","439636","1104574"
"2025-09-07T00:00:00.000","U","357064","299209","656273"
"2025-09-06T00:00:00.000","A","455956","382576","838532"
"2025-09-05T00:00:00.000","W","673122","469348","1142470"
"2025-09-04T00:00:00.000","W","700645","485295","1185940"
"2025-09-03T00:00:00.000","W","689262","482621","1171883"
"2025-09-02T00:00:00.000","W","695791","481324","1177115"
"2025-09-01T00:00:00.000","U","372225","300248","672473"
"2025-08-31T00:00:00.000","U","385506","353202","738708"
"2025-08-30T00:00:00.000","A","465234","401830","867064"
"2025-08-29T00:00:00.000","W","680405","489248","1169653"
"2025-08-28T00:00:00.000","W","686401","533270","1219671"
"2025-08-27T00:00:00.000","W","692677","484758","1177435"
"2025-08-26T00:00:00.000","W","695460","477392","1172852"
"2025-08-25T00:00:00.000","W","670572","417570","1088142"
"2025-08-24T00:00:00.000","U","365984","271530","637514"
"2025-08-23T00:00:00.000","A","471307","341375","812682"
"2025-08-22T00:00:00.000","W","660294","426849","1087143"
"2025-08-21T00:00:00.000","W","681067","492067","1173134"
"2025-08-20T00:00:00.000","W","686934","482944","1169878"
"2025-08-19T00:00:00.000","W","664674","481760","1146434"
"2025-08-18T00:00:00.000","W","617598","410564","1028162"
"2025-08-17T00:00:00.000","U","377116","316775","693891"
"2025-08-16T00:00:00.000","A","456717","385469","842186"
"2025-08-15T00:00:00.000","W","602922","462943","1065865"
"2025-08-14T00:00:00.000","W","618844","452988","1071832"
"2025-08-13T00:00:00.000","W","623327","456084","1079411"
"2025-08-12T00:00:00.000","W","549342","427909","977251"
"2025-08-11T00:00:00.000","W","569387","398640","968027"
"2025-08-10T00:00:00.000","U","365955","281154","647109"
"2025-08-09T00:00:00.000","A","470881","351031","821912"
"2025-08-08T00:00:00.000","W","587536","429046","1016582"
"2025-08-07T00:00:00.000","W","612000","464756","1076756"
"2025-08-06T00:00:00.000","W","615389","481335","1096724"
"2025-08-05T00:00:00.000","W","618490","483403","1101893"
"2025-08-04T00:00:00.000","W","583320","446058","1029378"
"2025-08-03T00:00:00.000","U","373971","377437","751408"
"2025-08-02T00:00:00.000","A","481035","464316","945351"
"2025-08-01T00:00:00.000","W","626124","542964","1169088"
"2025-07-31T00:00:00.000","W","620788","554424","1175212"
"2025-07-30T00:00:00.000","W","581194","477096","1058290"
"2025-07-29T00:00:00.000","W","613764","458261","1072025"
"2025-07-28T00:00:00.000","W","563527","389510","953037"
"2025-07-27T00:00:00.000","U","367565","288486","656051"
"2025-07-26T00:00:00.000","A","443346","374114","817460"
"2025-07-25T00:00:00.000","W","553138","420908","974046"
"2025-07-24T00:00:00.000","W","571166","435051","1006217"
"2025-07-23T00:00:00.000","W","619156","477607","1096763"
"2025-07-22T00:00:00.000","W","634982","489994","1124976"
"2025-07-21T00:00:00.000","W","603611","431476","1035087"
"2025-07-20T00:00:00.000","U","362550","299545","662095"
"2025-07-19T00:00:00.000","A","447221","362224","809445"
"2025-07-18T00:00:00.000","W","614017","471069","1085086"
"2025-07-17T00:00:00.000","W","621409","470736","1092145"
"2025-07-16T00:00:00.000","W","605163","443023","1048186"
"2025-07-15T00:00:00.000","W","636511","449385","1085896"
"2025-07-14T00:00:00.000","W","600622","393820","994442"
"2025-07-13T00:00:00.000","U","368882","269248","638130"
"2025-07-12T00:00:00.000","A","470738","340047","810785"
"2025-07-11T00:00:00.000","W","584818","412182","997000"
"2025-07-10T00:00:00.000","W","634428","458530","1092958"
"2025-07-09T00:00:00.000","W","628372","450426","1078798"
"2025-07-08T00:00:00.000","W","617880","447111","1064991"
"2025-07-07T00:00:00.000","W","600991","403250","1004241"
"2025-07-06T00:00:00.000","U","335927","270905","606832"
"2025-07-05T00:00:00.000","A","430107","340772","770879"
"2025-07-04T00:00:00.000","U","366244","283915","650159"
"2025-07-03T00:00:00.000","W","609341","435512","1044853"
"2025-07-02T00:00:00.000","W","629630","448830","1078460"
"2025-07-01T00:00:00.000","W","652608","461740","1114348"
"2025-06-30T00:00:00.000","W","590108","385554","975662"
"2025-06-29T00:00:00.000","U","357530","331024","688554"
"2025-06-28T00:00:00.000","A","476323","347157","823480"
"2025-06-27T00:00:00.000","W","593324","428848","1022172"
"2025-06-26T00:00:00.000","W","614512","481722","1096234"
"2025-06-25T00:00:00.000","W","625677","455201","1080878"
"2025-06-24T00:00:00.000","W","599119","433791","1032910"
"2025-06-23T00:00:00.000","W","570365","380857","951222"
"2025-06-22T00:00:00.000","U","362280","272523","634803"
"2025-06-21T00:00:00.000","A","473807","362564","836371"
"2025-06-20T00:00:00.000","W","589269","437543","1026812"
"2025-06-19T00:00:00.000","W","539643","399059","938702"
"2025-06-18T00:00:00.000","W","549897","426656","976553"
"2025-06-17T00:00:00.000","W","620233","475334","1095567"
"2025-06-16T00:00:00.000","W","579527","387954","967481"
"2025-06-15T00:00:00.000","U","369158","279837","648995"
"2025-06-14T00:00:00.000","A","457053","445477","902530"
"2025-06-13T00:00:00.000","W","564232","434661","998893"
"2025-06-12T00:00:00.000","W","655819","494741","1150560"
"2025-06-11T00:00:00.000","W","674938","468460","1143398"
"2025-06-10T00:00:00.000","W","655612","471254","1126866"
"2025-06-09T00:00:00.000","W","624412","403747","1028159"
"2025-06-08T00:00:00.000","U","359710","273304","633014"
"2025-06-07T00:00:00.000","A","477562","357317","834879"
"2025-06-06T00:00:00.000","W","651138","439491","1090629"
"2025-06-05T00:00:00.000","W","673762","467995","1141757"
"2025-06-04T00:00:00.000","W","616414","432355","1048769"
"2025-06-03T00:00:00.000","W","685304","459948","1145252"
"2025-06-02T00:00:00.000","W","651315","408540","1059855"
"2025-06-01T00:00:00.000","U","354696","274853","629549"
"2025-05-31T00:00:00.000","A","464022","342068","806090"
"2025-05-30T00:00:00.000","W","646031","426223","1072254"
"2025-05-29T00:00:00.000","W","667477","450747","1118224"
"2025-05-28T00:00:00.000","W","636696","443464","1080160"
"2025-05-27T00:00:00.000","W","650816","432469","1083285"
"2025-05-26T00:00:00.000","U","350782","247930","598712"
"2025-05-25T00:00:00.000","U","357748","280409","638157"
"2025-05-24T00:00:00.000","A","449312","352134","801446"
"2025-05-23T00:00:00.000","W","642179","407023","1049202"
"2025-05-22T00:00:00.000","W","660421","458127","1118548"
"2025-05-21T00:00:00.000","W","643463","435417","1078880"
"2025-05-20T00:00:00.000","W","596285","414254","1010539"
"2025-05-19T00:00:00.000","W","632753","400442","1033195"
"2025-05-18T00:00:00.000","U","360197","291025","651222"
"2025-05-17T00:00:00.000","A","455837","351119","806956"
"2025-05-16T00:00:00.000","W","655731","446648","1102379"
"2025-05-15T00:00:00.000","W","670398","455797","1126195"
"2025-05-14T00:00:00.000","W","676792","469275","1146067"
"2025-05-13T00:00:00.000","W","674740","459584","1134324"
"2025-05-12T00:00:00.000","W","632141","399002","1031143"
"2025-05-11T00:00:00.000","U","344970","224894","569864"
"2025-05-10T00:00:00.000","A","464180","304816","768996"
"2025-05-09T00:00:00.000","W","662444","408120","1070564"
"2025-05-08T00:00:00.000","W","678319","456161","1134480"
"2025-05-07T00:00:00.000","W","687937","469297","1157234"
"2025-05-06T00:00:00.000","W","696611","471735","1168346"
"2025-05-05T00:00:00.000","W","655835","409212","1065047"
"2025-05-04T00:00:00.000","U","325938","212285","538223"
"2025-05-03T00:00:00.000","A","462238","298596","760834"
"2025-05-02T00:00:00.000","W","667696","398588","1066284"
"2025-05-01T00:00:00.000","W","665584","447789","1113373"
"2025-04-30T00:00:00.000","W","673173","445816","1118989"
"2025-04-29T00:00:00.000","W","684590","451083","1135673"
"2025-04-28T00:00:00.000","W","665474","403776","1069250"
"2025-04-27T00:00:00.000","U","358340","251485","609825"
"2025-04-26T00:00:00.000","A","463597","324508","788105"
"2025-04-25T00:00:00.000","W","632561","409879","1042440"
"2025-04-24T00:00:00.000","W","693232","458764","1151996"
"2025-04-23T00:00:00.000","W","663110","458376","1121486"
"2025-04-22T00:00:00.000","W","682743","459783","1142526"
"2025-04-21T00:00:00.000","W","615719","370290","986009"
"2025-04-20T00:00:00.000","U","307295","197946","505241"
"2025-04-19T00:00:00.000","A","434831","298128","732959"
"2025-04-18T00:00:00.000","W","573522","388980","962502"
"2025-04-17T00:00:00.000","W","664953","447559","1112512"
"2025-04-16T00:00:00.000","W","693466","449648","1143114"
"2025-04-15T00:00:00.000","W","670860","441572","1112432"
"2025-04-14T00:00:00.000","W","658807","392199","1051006"
"2025-04-13T00:00:00.000","U","349886","234292","584178"
"2025-04-12T00:00:00.000","A","462736","305232","767968"
"2025-04-11T00:00:00.000","W","663376","399616","1062992"
"2025-04-10T00:00:00.000","W","661603","435867","1097470"
"2025-04-09T00:00:00.000","W","654492","432528","1087020"
"2025-04-08T00:00:00.000","W","654659","440394","1095053"
"2025-04-07T00:00:00.000","W","633704","384950","1018654"
"2025-04-06T00:00:00.000","U","344926","234208","579134"
"2025-04-05T00:00:00.000","A","445037","336612","781649"
"2025-04-04T00:00:00.000","W","655531","408483","1064014"
"2025-04-03T00:00:00.000","W","706537","448398","1154935"
"2025-04-02T00:00:00.000","W","562307","384684","946991"
"2025-04-01T00:00:00.000","W","640123","417811","1057934"
"2025-03-31T00:00:00.000","W","569528","363874","933402"
"2025-03-30T00:00:00.000","U","310139","194212","504351"
"2025-03-29T00:00:00.000","A","426225","272473","698698"
"2025-03-28T00:00:00.000","W","558797","348709","907506"
"2025-03-27T00:00:00.000","W","572285","385280","957565"
"2025-03-26T00:00:00.000","W","595476","381973","977449"
"2025-03-25T00:00:00.000","W","586792","380398","967190"
"2025-03-24T00:00:00.000","W","536885","328513","865398"
"2025-03-23T00:00:00.000","U","297740","213829","511569"
"2025-03-22T00:00:00.000","A","431231","276414","707645"
"2025-03-21T00:00:00.000","W","635894","374920","1010814"
"2025-03-20T00:00:00.000","W","648522","420015","1068537"
"2025-03-19T00:00:00.000","W","635916","419475","1055391"
"2025-03-18T00:00:00.000","W","683691","444142","1127833"
"2025-03-17T00:00:00.000","W","641760","397964","1039724"
"2025-03-16T00:00:00.000","U","298358","217264","515622"
"2025-03-15T00:00:00.000","A","459936","578528","1038464"
"2025-03-14T00:00:00.000","W","660184","426782","1086966"
"2025-03-13T00:00:00.000","W","685187","443842","1129029"
"2025-03-12T00:00:00.000","W","685975","431488","1117463"
"2025-03-11T00:00:00.000","W","678778","428526","1107304"
"2025-03-10T00:00:00.000","W","642632","380879","1023511"
"2025-03-09T00:00:00.000","U","328363","197588","525951"
"2025-03-08T00:00:00.000","A","437194","264584","701778"
"2025-03-07T00:00:00.000","W","600283","344590","944873"
"2025-03-06T00:00:00.000","W","671560","414203","1085763"
"2025-03-05T00:00:00.000","W","654088","406995","1061083"
"2025-03-04T00:00:00.000","W","629120","399036","1028156"
"2025-03-03T00:00:00.000","W","625319","354348","979667"
"2025-03-02T00:00:00.000","U","317388","184554","501942"
"2025-03-01T00:00:00.000","A","417449","246424","663873"
"2025-02-28T00:00:00.000","W","638990","361604","1000594"
"2025-02-27T00:00:00.000","W","664356","411692","1076048"
"2025-02-26T00:00:00.000","W","660497","406418","1066915"
"2025-02-25T00:00:00.000","W","627199","405412","1032611"
"2025-02-24T00:00:00.000","W","624782","362175","986957"
"2025-02-23T00:00:00.000","U","307050","178392","485442"
"2025-02-22T00:00:00.000","A","406903","240475","647378"
"2025-02-21T00:00:00.000","W","596118","337263","933381"
"2025-02-20T00:00:00.000","W","617425","389274","1006699"
"2025-02-19T00:00:00.000","W","594850","372372","967222"
"2025-02-18T00:00:00.000","W","531736","333870","865606"
"2025-02-17T00:00:00.000","W","400615","244659","645274"
"2025-02-16T00:00:00.000","U","299024","181536","480560"
"2025-02-15T00:00:00.000","A","386605","240422","627027"
"2025-02-14T00:00:00.000","W","573008","335400","908408"
"2025-02-13T00:00:00.000","W","606722","385304","992026"
"2025-02-12T00:00:00.000","W","534498","331208","865706"
"2025-02-11T00:00:00.000","W","647968","403018","1050986"
"2025-02-10T00:00:00.000","W","610015","348496","958511"
"2025-02-09T00:00:00.000","U","305384","184140","489524"
"2025-02-08T00:00:00.000","A","384157","230997","615154"
"2025-02-07T00:00:00.000","W","607518","343179","950697"
"2025-02-06T00:00:00.000","W","609473","389270","998743"
"2025-02-05T00:00:00.000","W","635406","401074","1036480"
"2025-02-04T00:00:00.000","W","645402","406443","1051845"
"2025-02-03T00:00:00.000","W","606339","353604","959943"
"2025-02-02T00:00:00.000","U","302902","176382","479284"
"2025-02-01T00:00:00.000","A","407712","237678","645390"
"2025-01-31T00:00:00.000","W","543000","316913","859913"
"2025-01-30T00:00:00.000","W","641234","404454","1045688"
"2025-01-29T00:00:00.000","W","649484","408844","1058328"
"2025-01-28T00:00:00.000","W","646008","407799","1053807"
"2025-01-27T00:00:00.000","W","601896","354963","956859"
"2025-01-26T00:00:00.000","U","285407","171484","456891"
"2025-01-25T00:00:00.000","A","384469","234734","619203"
"2025-01-24T00:00:00.000","W","555584","324370","879954"
"2025-01-23T00:00:00.000","W","598113","389055","987168"
"2025-01-22T00:00:00.000","W","539021","355811","894832"
"2025-01-21T00:00:00.000","W","316922","213964","530886"
"2025-01-20T00:00:00.000","W","279669","168638","448307"
"2025-01-19T00:00:00.000","U","238638","149337","387975"
"2025-01-18T00:00:00.000","A","384014","241519","625533"
"2025-01-17T00:00:00.000","W","607549","359582","967131"
"2025-01-16T00:00:00.000","W","622511","403599","1026110"
"2025-01-15T00:00:00.000","W","590263","388077","978340"
"2025-01-14T00:00:00.000","W","580195","389994","970189"
"2025-01-13T00:00:00.000","W","560632","350428","911060"
"2025-01-12T00:00:00.000","U","270457","167566","438023"
"2025-01-11T00:00:00.000","A","373278","231993","605271"
"2025-01-10T00:00:00.000","W","531028","320065","851093"
"2025-01-09T00:00:00.000","W","585049","377231","962280"
"2025-01-08T00:00:00.000","W","585761","381427","967188"
"2025-01-07T00:00:00.000","W","578221","379515","957736"
"2025-01-06T00:00:00.000","W","514719","325537","840256"
"2025-01-05T00:00:00.000","U","260559","156598","417157"
"2025-01-04T00:00:00.000","A","342619","216349","558968"
"2025-01-03T00:00:00.000","W","470436","290712","761148"
"2025-01-02T00:00:00.000","W","458775","286815","745590"
"2025-01-01T00:00:00.000","U","225844","192904","418748"
"2024-12-31T00:00:00.000","W","386206","281447","667653"
"2024-12-30T00:00:00.000","W","447644","285475","733119"
"2024-12-29T00:00:00.000","U","231003","158657","389660"
"2024-12-28T00:00:00.000","A","348599","222891","571490"
"2024-12-27T00:00:00.000","W","394689","245475","640164"
"2024-12-26T00:00:00.000","W","366721","225335","592056"
"2024-12-25T00:00:00.000","U","146592","86287","232879"
"2024-12-24T00:00:00.000","W","341225","181487","522712"
"2024-12-23T00:00:00.000","W","425982","267754","693736"
"2024-12-22T00:00:00.000","U","271433","188272","459705"
"2024-12-21T00:00:00.000","A","346988","234439","581427"
"2024-12-20T00:00:00.000","W","509530","326711","836241"
"2024-12-19T00:00:00.000","W","552524","373795","926319"
"2024-12-18T00:00:00.000","W","577854","382314","960168"
"2024-12-17T00:00:00.000","W","582711","391307","974018"
"2024-12-16T00:00:00.000","W","551435","342529","893964"
"2024-12-15T00:00:00.000","U","277186","198006","475192"
"2024-12-14T00:00:00.000","A","347954","262799","610753"
"2024-12-13T00:00:00.000","W","521773","360766","882539"
"2024-12-12T00:00:00.000","W","481459","350852","832311"
"2024-12-11T00:00:00.000","W","580091","398016","978107"
"2024-12-10T00:00:00.000","W","597740","406353","1004093"
"2024-12-09T00:00:00.000","W","585535","364276","949811"
"2024-12-08T00:00:00.000","U","310160","216292","526452"
"2024-12-07T00:00:00.000","A","384908","286352","671260"
"2024-12-06T00:00:00.000","W","559457","371522","930979"
"2024-12-05T00:00:00.000","W","564481","401576","966057"
"2024-12-04T00:00:00.000","W","600576","411039","1011615"
"2024-12-03T00:00:00.000","W","607733","405908","1013641"
"2024-12-02T00:00:00.000","W","554092","349175","903267"
"2024-12-01T00:00:00.000","U","251107","175212","426319"
"2024-11-30T00:00:00.000","A","308864","217565","526429"
"2024-11-29T00:00:00.000","W","344005","224635","568640"
"2024-11-28T00:00:00.000","U","190991","132382","323373"
"2024-11-27T00:00:00.000","W","477247","308919","786166"
"2024-11-26T00:00:00.000","W","518470","356826","875296"
"2024-11-25T00:00:00.000","W","512387","344627","857014"
"2024-11-24T00:00:00.000","U","301518","222021","523539"
"2024-11-23T00:00:00.000","A","384030","340935","724965"
"2024-11-22T00:00:00.000","W","583958","431451","1015409"
"2024-11-21T00:00:00.000","W","539977","414493","954470"
"2024-11-20T00:00:00.000","W","625498","428958","1054456"
"2024-11-19T00:00:00.000","W","639269","439683","1078952"
"2024-11-18T00:00:00.000","W","565097","383053","948150"
"2024-11-17T00:00:00.000","U","308995","233733","542728"
"2024-11-16T00:00:00.000","A","399551","316374","715925"
"2024-11-15T00:00:00.000","W","603141","397040","1000181"
"2024-11-14T00:00:00.000","W","620448","439564","1060012"
"2024-11-13T00:00:00.000","W","633647","434362","1068009"
"2024-11-12T00:00:00.000","W","640199","437888","1078087"
"2024-11-11T00:00:00.000","W","556273","358572","914845"
"2024-11-10T00:00:00.000","U","306889","232420","539309"
"2024-11-09T00:00:00.000","A","391070","288855","679925"
"2024-11-08T00:00:00.000","W","601808","396291","998099"
"2024-11-07T00:00:00.000","W","644506","450680","1095186"
"2024-11-06T00:00:00.000","W","631969","427995","1059964"
"2024-11-05T00:00:00.000","W","519574","379110","898684"
"2024-11-04T00:00:00.000","W","553515","383217","936732"
"2024-11-03T00:00:00.000","U","267845","227887","495732"
"2024-11-02T00:00:00.000","A","410559","281277","691836"
"2024-11-01T00:00:00.000","W","618998","381782","1000780"
"2024-10-31T00:00:00.000","W","605292","425596","1030888"
"2024-10-30T00:00:00.000","W","657942","451915","1109857"
"2024-10-29T00:00:00.000","W","652674","444706","1097380"
"2024-10-28T00:00:00.000","W","611041","389359","1000400"
"2024-10-27T00:00:00.000","U","312965","215594","528559"
"2024-10-26T00:00:00.000","A","427475","296326","723801"
"2024-10-25T00:00:00.000","W","611655","408835","1020490"
"2024-10-24T00:00:00.000","W","654696","465121","1119817"
"2024-10-23T00:00:00.000","W","653689","461471","1115160"
"2024-10-22T00:00:00.000","W","642373","451887","1094260"
"2024-10-21T00:00:00.000","W","619582","403752","1023334"
"2024-10-20T00:00:00.000","U","321239","239392","560631"
"2024-10-19T00:00:00.000","A","425987","354109","780096"
"2024-10-18T00:00:00.000","W","627426","413404","1040830"
"2024-10-17T00:00:00.000","W","650082","466090","1116172"
"2024-10-16T00:00:00.000","W","652964","462121","1115085"
"2024-10-15T00:00:00.000","W","582685","444249","1026934"
"2024-10-14T00:00:00.000","W","486971","384342","871313"
"2024-10-13T00:00:00.000","U","280965","466771","747736"
"2024-10-12T00:00:00.000","A","427732","369877","797609"
"2024-10-11T00:00:00.000","W","624145","456909","1081054"
"2024-10-10T00:00:00.000","W","650278","485221","1135499"
"2024-10-09T00:00:00.000","W","661361","467517","1128878"
"2024-10-08T00:00:00.000","W","652969","459661","1112630"
"2024-10-07T00:00:00.000","W","623133","406230","1029363"
"2024-10-06T00:00:00.000","U","336190","248486","584676"
"2024-10-05T00:00:00.000","A","431370","318359","749729"
"2024-10-04T00:00:00.000","W","619444","409598","1029042"
"2024-10-03T00:00:00.000","W","670461","454449","1124910"
"2024-10-02T00:00:00.000","W","663546","452173","1115719"
"2024-10-01T00:00:00.000","W","675858","457355","1133213"
"2024-09-30T00:00:00.000","W","619994","406220","1026214"
"2024-09-29T00:00:00.000","U","312714","246922","559636"
"2024-09-28T00:00:00.000","A","384642","312755","697397"
"2024-09-27T00:00:00.000","W","564419","418093","982512"
"2024-09-26T00:00:00.000","W","659106","474890","1133996"
"2024-09-25T00:00:00.000","W","669879","472330","1142209"
"2024-09-24T00:00:00.000","W","582939","434551","1017490"
"2024-09-23T00:00:00.000","W","613582","407176","1020758"
"2024-09-22T00:00:00.000","U","271129","219586","490715"
"2024-09-21T00:00:00.000","A","433756","343362","777118"
"2024-09-20T00:00:00.000","W","622603","444850","1067453"
"2024-09-19T00:00:00.000","W","652616","478448","1131064"
"2024-09-18T00:00:00.000","W","655614","467380","1122994"
"2024-09-17T00:00:00.000","W","651158","466890","1118048"
"2024-09-16T00:00:00.000","W","607976","412568","1020544"
"2024-09-15T00:00:00.000","U","308413","257266","565679"
"2024-09-14T00:00:00.000","A","412078","324266","736344"
"2024-09-13T00:00:00.000","W","610703","407861","1018564"
"2024-09-12T00:00:00.000","W","637736","454382","1092118"
"2024-09-11T00:00:00.000","W","655564","452664","1108228"
"2024-09-10T00:00:00.000","W","646216","451939","1098155"
"2024-09-09T00:00:00.000","W","618371","405350","1023721"
"2024-09-08T00:00:00.000","U","320438","267262","587700"
"2024-09-07T00:00:00.000","A","409867","335343","745210"
"2024-09-06T00:00:00.000","W","616701","434618","1051319"
"2024-09-05T00:00:00.000","W","644748","447217","1091965"
"2024-09-04T00:00:00.000","W","653220","454140","1107360"
"2024-09-03T00:00:00.000","W","654167","437190","1091357"
"2024-09-02T00:00:00.000","U","325776","239695","565471"
"2024-09-01T00:00:00.000","U","344967","290763","635730"
"2024-08-31T00:00:00.000","A","428266","353476","781742"
"2024-08-30T00:00:00.000","W","606824","417283","1024107"
"2024-08-29T00:00:00.000","W","644581","469123","1113704"
"2024-08-28T00:00:00.000","W","637588","442189","1079777"
"2024-08-27T00:00:00.000","W","583649","409119","992768"
"2024-08-26T00:00:00.000","W","596306","376308","972614"
"2024-08-25T00:00:00.000","U","325668","239814","565482"
"2024-08-24T00:00:00.000","A","404561","296195","700756"
"2024-08-23T00:00:00.000","W","519640","368235","887875"
"2024-08-22T00:00:00.000","W","529364","377301","906665"
"2024-08-21T00:00:00.000","W","528372","364450","892822"
"2024-08-20T00:00:00.000","W","521241","361335","882576"
"2024-08-19T00:00:00.000","W","498548","335708","834256"
"2024-08-18T00:00:00.000","U","319383","253295","572678"
"2024-08-17T00:00:00.000","A","388616","312275","700891"
"2024-08-16T00:00:00.000","W","526888","392699","919587"
"2024-08-15T00:00:00.000","W","519903","391361","911264"
"2024-08-14T00:00:00.000","W","566338","414324","980662"
"2024-08-13T00:00:00.000","W","561949","432482","994431"
"2024-08-12T00:00:00.000","W","511004","367635","878639"
"2024-08-11T00:00:00.000","U","335905","277892","613797"
"2024-08-10T00:00:00.000","A","429880","355517","785397"
"2024-08-09T00:00:00.000","W","534634","407471","942105"
"2024-08-08T00:00:00.000","W","555177","415675","970852"
"2024-08-07T00:00:00.000","W","572289","435129","1007418"
"2024-08-06T00:00:00.000","W","536195","418245","954440"
"2024-08-05T00:00:00.000","W","501014","373023","874037"
"2024-08-04T00:00:00.000","U","330850","304125","634975"
"2024-08-03T00:00:00.000","A","424966","401995","826961"
"2024-08-02T00:00:00.000","W","540073","474521","1014594"
"2024-08-01T00:00:00.000","W","554928","506493","1061421"
"2024-07-31T00:00:00.000","W","553120","451191","1004311"
"2024-07-30T00:00:00.000","W","564465","418450","982915"
"2024-07-29T00:00:00.000","W","499487","347579","847066"
"2024-07-28T00:00:00.000","U","305854","225835","531689"
"2024-07-27T00:00:00.000","A","426551","328573","755124"
"2024-07-26T00:00:00.000","W","543502","393133","936635"
"2024-07-25T00:00:00.000","W","571492","427841","999333"
"2024-07-24T00:00:00.000","W","574946","434300","1009246"
"2024-07-23T00:00:00.000","W","563934","431681","995615"
"2024-07-22T00:00:00.000","W","536657","384948","921605"
"2024-07-21T00:00:00.000","U","336062","262703","598765"
"2024-07-20T00:00:00.000","A","415213","336971","752184"
"2024-07-19T00:00:00.000","W","536479","407254","943733"
"2024-07-18T00:00:00.000","W","563700","423510","987210"
"2024-07-17T00:00:00.000","W","579034","417491","996525"
"2024-07-16T00:00:00.000","W","565584","408295","973879"
"2024-07-15T00:00:00.000","W","514909","360359","875268"
"2024-07-14T00:00:00.000","U","303034","217483","520517"
"2024-07-13T00:00:00.000","A","424138","300881","725019"
"2024-07-12T00:00:00.000","W","548479","381120","929599"
"2024-07-11T00:00:00.000","W","569850","418692","988542"
"2024-07-10T00:00:00.000","W","560627","409640","970267"
"2024-07-09T00:00:00.000","W","543503","400891","944394"
"2024-07-08T00:00:00.000","W","523371","364702","888073"
"2024-07-07T00:00:00.000","U","304485","241639","546124"
"2024-07-06T00:00:00.000","A","400805","322596","723401"
"2024-07-05T00:00:00.000","W","472097","346546","818643"
"2024-07-04T00:00:00.000","U","319593","237409","557002"
"2024-07-03T00:00:00.000","W","575361","404738","980099"
"2024-07-02T00:00:00.000","W","554430","411251","965681"
"2024-07-01T00:00:00.000","W","556122","362056","918178"
"2024-06-30T00:00:00.000","U","332479","322925","655404"
"2024-06-29T00:00:00.000","A","426204","296659","722863"
"2024-06-28T00:00:00.000","W","519127","372226","891353"
"2024-06-27T00:00:00.000","W","573982","434454","1008436"
"2024-06-26T00:00:00.000","W","586929","426272","1013201"
"2024-06-25T00:00:00.000","W","537591","390929","928520"
"2024-06-24T00:00:00.000","W","535003","366575","901578"
"2024-06-23T00:00:00.000","U","333514","259057","592571"
"2024-06-22T00:00:00.000","A","430009","334791","764800"
"2024-06-21T00:00:00.000","W","539303","406032","945335"
"2024-06-20T00:00:00.000","W","548449","411020","959469"
"2024-06-19T00:00:00.000","W","482860","349203","832063"
"2024-06-18T00:00:00.000","W","551782","426829","978611"
"2024-06-17T00:00:00.000","W","500089","363300","863389"
"2024-06-16T00:00:00.000","U","314305","239123","553428"
"2024-06-15T00:00:00.000","A","421892","329557","751449"
"2024-06-14T00:00:00.000","W","536639","412548","949187"
"2024-06-13T00:00:00.000","W","541343","414773","956116"
"2024-06-12T00:00:00.000","W","576142","423834","999976"
"2024-06-11T00:00:00.000","W","556731","415884","972615"
"2024-06-10T00:00:00.000","W","521105","360674","881779"
"2024-06-09T00:00:00.000","U","338317","265680","603997"
"2024-06-08T00:00:00.000","A","388074","295372","683446"
"2024-06-07T00:00:00.000","W","538174","384835","923009"
"2024-06-06T00:00:00.000","W","606273","440625","1046898"
"2024-06-05T00:00:00.000","W","602717","450039","1052756"
"2024-06-04T00:00:00.000","W","602909","443126","1046035"
"2024-06-03T00:00:00.000","W","594326","377947","972273"
"2024-06-02T00:00:00.000","U","347275","256837","604112"
"2024-06-01T00:00:00.000","A","359226","257545","616771"
"2024-05-31T00:00:00.000","W","590998","410904","1001902"
"2024-05-30T00:00:00.000","W","604848","424200","1029048"
"2024-05-29T00:00:00.000","W","612055","423439","1035494"
"2024-05-28T00:00:00.000","W","585174","396139","981313"
"2024-05-27T00:00:00.000","U","306648","205186","511834"
"2024-05-26T00:00:00.000","U","279820","220267","500087"
"2024-05-25T00:00:00.000","A","420064","342285","762349"
"2024-05-24T00:00:00.000","W","557209","368883","926092"
"2024-05-23T00:00:00.000","W","609570","457738","1067308"
"2024-05-22T00:00:00.000","W","621123","450124","1071247"
"2024-05-21T00:00:00.000","W","618559","443937","1062496"
"2024-05-20T00:00:00.000","W","561715","366053","927768"
"2024-05-19T00:00:00.000","U","329129","250996","580125"
"2024-05-18T00:00:00.000","A","430341","315833","746174"
"2024-05-17T00:00:00.000","W","595193","402254","997447"
"2024-05-16T00:00:00.000","W","601542","434466","1036008"
"2024-05-15T00:00:00.000","W","615430","419635","1035065"
"2024-05-14T00:00:00.000","W","598482","410254","1008736"
"2024-05-13T00:00:00.000","W","550608","349237","899845"
"2024-05-12T00:00:00.000","U","318883","203067","521950"
"2024-05-11T00:00:00.000","A","416481","273276","689757"
"2024-05-10T00:00:00.000","W","591810","378284","970094"
"2024-05-09T00:00:00.000","W","569230","406557","975787"
"2024-05-08T00:00:00.000","W","624927","443868","1068795"
"2024-05-07T00:00:00.000","W","572181","412646","984827"
"2024-05-06T00:00:00.000","W","597540","379559","977099"
"2024-05-05T00:00:00.000","U","317248","226928","544176"
"2024-05-04T00:00:00.000","A","418067","299808","717875"
"2024-05-03T00:00:00.000","W","608085","388593","996678"
"2024-05-02T00:00:00.000","W","600203","409105","1009308"
"2024-05-01T00:00:00.000","W","644438","416920","1061358"
"2024-04-30T00:00:00.000","W","632501","409097","1041598"
"2024-04-29T00:00:00.000","W","556233","349857","906090"
"2024-04-28T00:00:00.000","U","293589","196481","490070"
"2024-04-27T00:00:00.000","A","419731","286199","705930"
"2024-04-26T00:00:00.000","W","554146","355278","909424"
"2024-04-25T00:00:00.000","W","615343","428724","1044067"
"2024-04-24T00:00:00.000","W","599179","416815","1015994"
"2024-04-23T00:00:00.000","W","600004","410045","1010049"
"2024-04-22T00:00:00.000","W","576206","353190","929396"
"2024-04-21T00:00:00.000","U","307107","203722","510829"
"2024-04-20T00:00:00.000","A","406861","279746","686607"
"2024-04-19T00:00:00.000","W","591814","383321","975135"
"2024-04-18T00:00:00.000","W","606325","417750","1024075"
"2024-04-17T00:00:00.000","W","600084","408474","1008558"
"2024-04-16T00:00:00.000","W","599597","405400","1004997"
"2024-04-15T00:00:00.000","W","588349","369259","957608"
"2024-04-14T00:00:00.000","U","327938","210780","538718"
"2024-04-13T00:00:00.000","A","412391","281343","693734"
"2024-04-12T00:00:00.000","W","582983","365492","948475"
"2024-04-11T00:00:00.000","W","557100","397195","954295"
"2024-04-10T00:00:00.000","W","604655","405524","1010179"
"2024-04-09T00:00:00.000","W","593688","400628","994316"
"2024-04-08T00:00:00.000","W","560623","352426","913049"
"2024-04-07T00:00:00.000","U","256839","185460","442299"
"2024-04-06T00:00:00.000","A","397658","286304","683962"
"2024-04-05T00:00:00.000","W","576732","375602","952334"
"2024-04-04T00:00:00.000","W","575373","401414","976787"
"2024-04-03T00:00:00.000","W","572710","395413","968123"
"2024-04-02T00:00:00.000","W","570490","393519","964009"
"2024-04-01T00:00:00.000","W","478962","333881","812843"
"2024-03-31T00:00:00.000","U","251600","158867","410467"
"2024-03-30T00:00:00.000","A","375490","244072","619562"
"2024-03-29T00:00:00.000","W","480044","313507","793551"
"2024-03-28T00:00:00.000","W","513043","374590","887633"
"2024-03-27T00:00:00.000","W","515194","364672","879866"
"2024-03-26T00:00:00.000","W","514563","359360","873923"
"2024-03-25T00:00:00.000","W","474355","319635","793990"
"2024-03-24T00:00:00.000","U","279349","206108","485457"
"2024-03-23T00:00:00.000","A","373194","249326","622520"
"2024-03-22T00:00:00.000","W","491011","318712","809723"
"2024-03-21T00:00:00.000","W","564484","383735","948219"
"2024-03-20T00:00:00.000","W","584856","392077","976933"
"2024-03-19T00:00:00.000","W","583292","396834","980126"
"2024-03-18T00:00:00.000","W","535201","346463","881664"
"2024-03-17T00:00:00.000","U","281004","206731","487735"
"2024-03-16T00:00:00.000","A","399006","499424","898430"
"2024-03-15T00:00:00.000","W","566639","386514","953153"
"2024-03-14T00:00:00.000","W","539322","393348","932670"
"2024-03-13T00:00:00.000","W","597287","416180","1013467"
"2024-03-12T00:00:00.000","W","599389","411314","1010703"
"2024-03-11T00:00:00.000","W","567851","351801","919652"
"2024-03-10T00:00:00.000","U","280181","178611","458792"
"2024-03-09T00:00:00.000","A","379680","245369","625049"
"2024-03-08T00:00:00.000","W","488443","314783","803226"
"2024-03-07T00:00:00.000","W","580398","390865","971263"
"2024-03-06T00:00:00.000","W","595103","393574","988677"
"2024-03-05T00:00:00.000","W","570139","383689","953828"
"2024-03-04T00:00:00.000","W","556051","334107","890158"
"2024-03-03T00:00:00.000","U","298601","184885","483486"
"2024-03-02T00:00:00.000","A","389713","252550","642263"
"2024-03-01T00:00:00.000","W","569569","335736","905305"
"2024-02-29T00:00:00.000","W","577283","386672","963955"
"2024-02-28T00:00:00.000","W","549028","375242","924270"
"2024-02-27T00:00:00.000","W","587359","392420","979779"
"2024-02-26T00:00:00.000","W","560355","347691","908046"
"2024-02-25T00:00:00.000","U","280214","175446","455660"
"2024-02-24T00:00:00.000","A","345189","225233","570422"
"2024-02-23T00:00:00.000","W","551392","336416","887808"
"2024-02-22T00:00:00.000","W","587867","396466","984333"
"2024-02-21T00:00:00.000","W","600241","395915","996156"
"2024-02-20T00:00:00.000","W","591252","389327","980579"
"2024-02-19T00:00:00.000","W","417871","271357","689228"
"2024-02-18T00:00:00.000","U","280002","189881","469883"
"2024-02-17T00:00:00.000","A","340993","224306","565299"
"2024-02-16T00:00:00.000","W","533701","325332","859033"
"2024-02-15T00:00:00.000","W","568392","387472","955864"
"2024-02-14T00:00:00.000","W","595347","397294","992641"
"2024-02-13T00:00:00.000","W","598961","395880","994841"
"2024-02-12T00:00:00.000","W","534181","325070","859251"
"2024-02-11T00:00:00.000","U","277432","165836","443268"
"2024-02-10T00:00:00.000","A","373420","231891","605311"
"2024-02-09T00:00:00.000","W","515769","333453","849222"
"2024-02-08T00:00:00.000","W","584729","391355","976084"
"2024-02-07T00:00:00.000","W","595233","389227","984460"
"2024-02-06T00:00:00.000","W","595983","390513","986496"
"2024-02-05T00:00:00.000","W","558625","339256","897881"
"2024-02-04T00:00:00.000","U","274654","168339","442993"
"2024-02-03T00:00:00.000","A","372165","230410","602575"
"2024-02-02T00:00:00.000","W","558905","329307","888212"
"2024-02-01T00:00:00.000","W","601932","393012","994944"
"2024-01-31T00:00:00.000","W","579236","389322","968558"
"2024-01-30T00:00:00.000","W","571297","388718","960015"
"2024-01-29T00:00:00.000","W","545769","340556","886325"
"2024-01-28T00:00:00.000","U","255458","158081","413539"
"2024-01-27T00:00:00.000","A","349068","222033","571101"
"2024-01-26T00:00:00.000","W","534739","329826","864565"
"2024-01-25T00:00:00.000","W","554313","390971","945284"
"2024-01-24T00:00:00.000","W","549204","389714","938918"
"2024-01-23T00:00:00.000","W","521585","369664","891249"
"2024-01-22T00:00:00.000","W","518106","336751","854857"
"2024-01-21T00:00:00.000","U","227288","147028","374316"
"2024-01-20T00:00:00.000","A","301556","191705","493261"
"2024-01-19T00:00:00.000","W","462986","293650","756636"
"2024-01-18T00:00:00.000","W","521058","362414","883472"
"2024-01-17T00:00:00.000","W","466850","322741","789591"
"2024-01-16T00:00:00.000","W","280514","185903","466417"
"2024-01-15T00:00:00.000","W","206791","127069","333860"
"2024-01-14T00:00:00.000","U","146724","93057","239781"
"2024-01-13T00:00:00.000","A","286037","183824","469861"
"2024-01-12T00:00:00.000","W","368347","239249","607596"
"2024-01-11T00:00:00.000","W","552911","377922","930833"
"2024-01-10T00:00:00.000","W","548560","369768","918328"
"2024-01-09T00:00:00.000","W","478685","330005","808690"
"2024-01-08T00:00:00.000","W","517198","326817","844015"
"2024-01-07T00:00:00.000","U","249187","152158","401345"
"2024-01-06T00:00:00.000","A","308872","196983","505855"
"2024-01-05T00:00:00.000","W","445488","280897","726385"
"2024-01-04T00:00:00.000","W","460277","317437","777714"
"2024-01-03T00:00:00.000","W","451613","307037","758650"
"2024-01-02T00:00:00.000","W","417384","278216","695600"
"2024-01-01T00:00:00.000","U","205964","152767","358731"
"2023-12-31T00:00:00.000","U","250204","187144","437348"
"2023-12-30T00:00:00.000","A","340207","212901","553108"
"2023-12-29T00:00:00.000","W","415822","261610","677432"
"2023-12-28T00:00:00.000","W","392855","253397","646252"
"2023-12-27T00:00:00.000","W","403147","252136","655283"
"2023-12-26T00:00:00.000","W","360458","208665","569123"
"2023-12-25T00:00:00.000","U","145433","80206","225639"
"2023-12-24T00:00:00.000","U","247277","141693","388970"
"2023-12-23T00:00:00.000","A","341975","206358","548333"
"2023-12-22T00:00:00.000","W","418720","267301","686021"
"2023-12-21T00:00:00.000","W","519383","325377","844760"
"2023-12-20T00:00:00.000","W","540890","343581","884471"
"2023-12-19T00:00:00.000","W","527927","342290","870217"
"2023-12-18T00:00:00.000","W","498940","306545","805485"
"2023-12-17T00:00:00.000","U","271335","184885","456220"
"2023-12-16T00:00:00.000","A","321951","230799","552750"
"2023-12-15T00:00:00.000","W","535654","351722","887376"
"2023-12-14T00:00:00.000","W","558905","384778","943683"
"2023-12-13T00:00:00.000","W","559461","378896","938357"
"2023-12-12T00:00:00.000","W","556451","378617","935068"
"2023-12-11T00:00:00.000","W","517482","326238","843720"
"2023-12-10T00:00:00.000","U","264202","196318","460520"
"2023-12-09T00:00:00.000","A","369433","283097","652530"
"2023-12-08T00:00:00.000","W","561665","372605","934270"
"2023-12-07T00:00:00.000","W","580504","404303","984807"
"2023-12-06T00:00:00.000","W","572732","389802","962534"
"2023-12-05T00:00:00.000","W","556584","384481","941065"
"2023-12-04T00:00:00.000","W","537917","337666","875583"
"2023-12-03T00:00:00.000","U","268845","172945","441790"
"2023-12-02T00:00:00.000","A","358919","260456","619375"
"2023-12-01T00:00:00.000","W","513523","339748","853271"
"2023-11-30T00:00:00.000","W","559855","396342","956197"
"2023-11-29T00:00:00.000","W","553418","387126","940544"
"2023-11-28T00:00:00.000","W","522935","368618","891553"
"2023-11-27T00:00:00.000","W","505729","325992","831721"
"2023-11-26T00:00:00.000","U","219912","160320","380232"
"2023-11-25T00:00:00.000","A","310164","213175","523339"
"2023-11-24T00:00:00.000","W","323157","227199","550356"
"2023-11-23T00:00:00.000","U","187931","128326","316257"
"2023-11-22T00:00:00.000","W","443954","298121","742075"
"2023-11-21T00:00:00.000","W","465329","339605","804934"
"2023-11-20T00:00:00.000","W","472022","334103","806125"
"2023-11-19T00:00:00.000","U","278346","201431","479777"
"2023-11-18T00:00:00.000","A","348044","315864","663908"
"2023-11-17T00:00:00.000","W","544624","418827","963451"
"2023-11-16T00:00:00.000","W","580758","415406","996164"
"2023-11-15T00:00:00.000","W","587609","422609","1010218"
"2023-11-14T00:00:00.000","W","581009","424128","1005137"
"2023-11-13T00:00:00.000","W","558320","370511","928831"
"2023-11-12T00:00:00.000","U","294251","195035","489286"
"2023-11-11T00:00:00.000","A","354671","266284","620955"
"2023-11-10T00:00:00.000","W","461731","351382","813113"
"2023-11-09T00:00:00.000","W","588110","454074","1042184"
"2023-11-08T00:00:00.000","W","578329","422082","1000411"
"2023-11-07T00:00:00.000","W","588549","424318","1012867"
"2023-11-06T00:00:00.000","W","568672","375471","944143"
"2023-11-05T00:00:00.000","U","296526","200577","497103"
"2023-11-04T00:00:00.000","A","401704","280222","681926"
"2023-11-03T00:00:00.000","W","563943","373412","937355"
"2023-11-02T00:00:00.000","W","579094","419780","998874"
"2023-11-01T00:00:00.000","W","576336","410084","986420"
"2023-10-31T00:00:00.000","W","520069","390110","910179"
"2023-10-30T00:00:00.000","W","551840","367453","919293"
"2023-10-29T00:00:00.000","U","250473","185823","436296"
"2023-10-28T00:00:00.000","A","360484","275006","635490"
"2023-10-27T00:00:00.000","W","503840","373004","876844"
"2023-10-26T00:00:00.000","W","535013","412606","947619"
"2023-10-25T00:00:00.000","W","570560","426962","997522"
"2023-10-24T00:00:00.000","W","598773","434867","1033640"
"2023-10-23T00:00:00.000","W","555068","379650","934718"
"2023-10-22T00:00:00.000","U","288942","219804","508746"
"2023-10-21T00:00:00.000","A","364186","309900","674086"
"2023-10-20T00:00:00.000","W","562941","395292","958233"
"2023-10-19T00:00:00.000","W","579587","433975","1013562"
"2023-10-18T00:00:00.000","W","595182","439266","1034448"
"2023-10-17T00:00:00.000","W","587256","440241","1027497"
"2023-10-16T00:00:00.000","W","551971","374520","926491"
"2023-10-15T00:00:00.000","U","293753","222768","516521"
"2023-10-14T00:00:00.000","A","338320","266624","604944"
"2023-10-13T00:00:00.000","W","519462","373986","893448"
"2023-10-12T00:00:00.000","W","567954","433731","1001685"
"2023-10-11T00:00:00.000","W","598019","442594","1040613"
"2023-10-10T00:00:00.000","W","601129","443465","1044594"
"2023-10-09T00:00:00.000","W","452540","366694","819234"
"2023-10-08T00:00:00.000","U","253021","403385","656406"
"2023-10-07T00:00:00.000","A","386990","334134","721124"
"2023-10-06T00:00:00.000","W","559485","428321","987806"
"2023-10-05T00:00:00.000","W","584937","447707","1032644"
"2023-10-04T00:00:00.000","W","610623","445787","1056410"
"2023-10-03T00:00:00.000","W","619488","434467","1053955"
"2023-10-02T00:00:00.000","W","576630","378334","954964"
"2023-10-01T00:00:00.000","U","303953","229368","533321"
"2023-09-30T00:00:00.000","A","391173","301206","692379"
"2023-09-29T00:00:00.000","W","578054","401168","979222"
"2023-09-28T00:00:00.000","W","597723","437574","1035297"
"2023-09-27T00:00:00.000","W","583749","427267","1011016"
"2023-09-26T00:00:00.000","W","565172","416619","981791"
"2023-09-25T00:00:00.000","W","552311","370891","923202"
"2023-09-24T00:00:00.000","U","290336","234578","524914"
"2023-09-23T00:00:00.000","A","381816","312772","694588"
"2023-09-22T00:00:00.000","W","525718","400937","926655"
"2023-09-21T00:00:00.000","W","581536","449600","1031136"
"2023-09-20T00:00:00.000","W","599268","447165","1046433"
"2023-09-19T00:00:00.000","W","555949","432367","988316"
"2023-09-18T00:00:00.000","W","560810","382031","942841"
"2023-09-17T00:00:00.000","U","252015","219746","471761"
"2023-09-16T00:00:00.000","A","352049","340865","692914"
"2023-09-15T00:00:00.000","W","566708","432176","998884"
"2023-09-14T00:00:00.000","W","587439","437320","1024759"
"2023-09-13T00:00:00.000","W","593103","431950","1025053"
"2023-09-12T00:00:00.000","W","603242","432403","1035645"
"2023-09-11T00:00:00.000","W","504742","356445","861187"
"2023-09-10T00:00:00.000","U","297306","247808","545114"
"2023-09-09T00:00:00.000","A","385592","323033","708625"
"2023-09-08T00:00:00.000","W","555213","397332","952545"
"2023-09-07T00:00:00.000","W","597711","442432","1040143"
"2023-09-06T00:00:00.000","W","578259","425429","1003688"
"2023-09-05T00:00:00.000","W","586167","409043","995210"
"2023-09-04T00:00:00.000","U","293106","220411","513517"
"2023-09-03T00:00:00.000","U","309758","248524","558282"
"2023-09-02T00:00:00.000","A","384728","291029","675757"
"2023-09-01T00:00:00.000","W","585674","386812","972486"
"2023-08-31T00:00:00.000","W","579376","413083","992459"
"2023-08-30T00:00:00.000","W","589901","420080","1009981"
"2023-08-29T00:00:00.000","W","585643","418817","1004460"
"2023-08-28T00:00:00.000","W","567171","371199","938370"
"2023-08-27T00:00:00.000","U","289983","218533","508516"
"2023-08-26T00:00:00.000","A","361538","273589","635127"
"2023-08-25T00:00:00.000","W","553276","375055","928331"
"2023-08-24T00:00:00.000","W","501750","365055","866805"
"2023-08-23T00:00:00.000","W","531763","365111","896874"
"2023-08-22T00:00:00.000","W","564653","390141","954794"
"2023-08-21T00:00:00.000","W","551302","343866","895168"
"2023-08-20T00:00:00.000","U","296344","239159","535503"
"2023-08-19T00:00:00.000","A","381458","303336","684794"
"2023-08-18T00:00:00.000","W","490626","366654","857280"
"2023-08-17T00:00:00.000","W","484256","366327","850583"
"2023-08-16T00:00:00.000","W","518485","390193","908678"
"2023-08-15T00:00:00.000","W","500013","382517","882530"
"2023-08-14T00:00:00.000","W","408865","290559","699424"
"2023-08-13T00:00:00.000","U","279218","225085","504303"
"2023-08-12T00:00:00.000","A","370464","315090","685554"
"2023-08-11T00:00:00.000","W","472150","370307","842457"
"2023-08-10T00:00:00.000","W","506343","383545","889888"
"2023-08-09T00:00:00.000","W","501770","394563","896333"
"2023-08-08T00:00:00.000","W","508824","388916","897740"
"2023-08-07T00:00:00.000","W","467465","346627","814092"
"2023-08-06T00:00:00.000","U","264872","298188","563060"
"2023-08-05T00:00:00.000","A","338701","346075","684776"
"2023-08-04T00:00:00.000","W","493321","456039","949360"
"2023-08-03T00:00:00.000","W","521191","480968","1002159"
"2023-08-02T00:00:00.000","W","519583","423358","942941"
"2023-08-01T00:00:00.000","W","528437","389535","917972"
"2023-07-31T00:00:00.000","W","469024","334195","803219"
"2023-07-30T00:00:00.000","U","285496","219936","505432"
"2023-07-29T00:00:00.000","A","364824","286441","651265"
"2023-07-28T00:00:00.000","W","446842","334517","781359"
"2023-07-27T00:00:00.000","W","502581","385163","887744"
"2023-07-26T00:00:00.000","W","478350","371278","849628"
"2023-07-25T00:00:00.000","W","508517","383391","891908"
"2023-07-24T00:00:00.000","W","474506","338496","813002"
"2023-07-23T00:00:00.000","U","288305","247161","535466"
"2023-07-22T00:00:00.000","A","360932","312905","673837"
"2023-07-21T00:00:00.000","W","485225","389288","874513"
"2023-07-20T00:00:00.000","W","502681","414002","916683"
"2023-07-19T00:00:00.000","W","515105","402686","917791"
"2023-07-18T00:00:00.000","W","512122","398713","910835"
"2023-07-17T00:00:00.000","W","480822","349113","829935"
"2023-07-16T00:00:00.000","U","281420","234238","515658"
"2023-07-15T00:00:00.000","A","359874","287408","647282"
"2023-07-14T00:00:00.000","W","476443","373807","850250"
"2023-07-13T00:00:00.000","W","505564","394862","900426"
"2023-07-12T00:00:00.000","W","443121","354104","797225"
"2023-07-11T00:00:00.000","W","483040","372976","856016"
"2023-07-10T00:00:00.000","W","485647","330776","816423"
"2023-07-09T00:00:00.000","U","281445","205204","486649"
"2023-07-08T00:00:00.000","A","352631","259570","612201"
"2023-07-07T00:00:00.000","W","479367","347499","826866"
"2023-07-06T00:00:00.000","W","495284","375201","870485"
"2023-07-05T00:00:00.000","W","448241","324432","772673"
"2023-07-04T00:00:00.000","U","281675","195858","477533"
"2023-07-03T00:00:00.000","W","444738","293378","738116"
"2023-07-02T00:00:00.000","U","170177","192380","362557"
"2023-07-01T00:00:00.000","A","335143","311337","646480"
"2023-06-30T00:00:00.000","W","473836","378120","851956"
"2023-06-29T00:00:00.000","W","470303","393963","864266"
"2023-06-28T00:00:00.000","W","496731","392034","888765"
"2023-06-27T00:00:00.000","W","496729","395754","892483"
"2023-06-26T00:00:00.000","W","445453","323554","769007"
"2023-06-25T00:00:00.000","U","258229","295714","553943"
"2023-06-24T00:00:00.000","A","369643","298557","668200"
"2023-06-23T00:00:00.000","W","469905","383443","853348"
"2023-06-22T00:00:00.000","W","486237","402155","888392"
"2023-06-21T00:00:00.000","W","495689","401487","897176"
"2023-06-20T00:00:00.000","W","488457","375171","863628"
"2023-06-19T00:00:00.000","W","384578","261569","646147"
"2023-06-18T00:00:00.000","U","272736","221073","493809"
"2023-06-17T00:00:00.000","A","372865","295909","668774"
"2023-06-16T00:00:00.000","W","453530","361553","815083"
"2023-06-15T00:00:00.000","W","482965","398441","881406"
"2023-06-14T00:00:00.000","W","493401","392696","886097"
"2023-06-13T00:00:00.000","W","450859","375000","825859"
"2023-06-12T00:00:00.000","W","457944","327050","784994"
"2023-06-11T00:00:00.000","U","239715","193563","433278"
"2023-06-10T00:00:00.000","A","379556","320326","699882"
"2023-06-09T00:00:00.000","W","476837","381247","858084"
"2023-06-08T00:00:00.000","W","493065","387473","880538"
"2023-06-07T00:00:00.000","W","535180","390851","926031"
"2023-06-06T00:00:00.000","W","522067","389250","911317"
"2023-06-05T00:00:00.000","W","511045","350028","861073"
"2023-06-04T00:00:00.000","U","278304","238509","516813"
"2023-06-03T00:00:00.000","A","371914","300646","672560"
"2023-06-02T00:00:00.000","W","514354","386122","900476"
"2023-06-01T00:00:00.000","W","544178","393187","937365"
"2023-05-31T00:00:00.000","W","517111","389469","906580"
"2023-05-30T00:00:00.000","W","517974","382375","900349"
"2023-05-29T00:00:00.000","U","269683","209702","479385"
"2023-05-28T00:00:00.000","U","273385","247157","520542"
"2023-05-27T00:00:00.000","A","340968","290957","631925"
"2023-05-26T00:00:00.000","W","497832","356184","854016"
"2023-05-25T00:00:00.000","W","528009","395099","923108"
"2023-05-24T00:00:00.000","W","535858","401039","936897"
"2023-05-23T00:00:00.000","W","537810","406630","944440"
"2023-05-22T00:00:00.000","W","499608","333292","832900"
"2023-05-21T00:00:00.000","U","273007","193053","466060"
"2023-05-20T00:00:00.000","A","354750","241214","595964"
"2023-05-19T00:00:00.000","W","486435","337006","823441"
"2023-05-18T00:00:00.000","W","525435","390005","915440"
"2023-05-17T00:00:00.000","W","527429","382604","910033"
"2023-05-16T00:00:00.000","W","533948","384145","918093"
"2023-05-15T00:00:00.000","W","486638","320403","807041"
"2023-05-14T00:00:00.000","U","233363","156364","389727"
"2023-05-13T00:00:00.000","A","344247","221075","565322"
"2023-05-12T00:00:00.000","W","481927","328362","810289"
"2023-05-11T00:00:00.000","W","533940","384804","918744"
"2023-05-10T00:00:00.000","W","544618","397870","942488"
"2023-05-09T00:00:00.000","W","548033","396388","944421"
"2023-05-08T00:00:00.000","W","469174","325860","795034"
"2023-05-07T00:00:00.000","U","281403","198280","479683"
"2023-05-06T00:00:00.000","A","354490","259476","613966"
"2023-05-05T00:00:00.000","W","518792","367635","886427"
"2023-05-04T00:00:00.000","W","542958","391265","934223"
"2023-05-03T00:00:00.000","W","555155","381538","936693"
"2023-05-02T00:00:00.000","W","530573","372211","902784"
"2023-05-01T00:00:00.000","W","482348","315630","797978"
"2023-04-30T00:00:00.000","U","238929","165311","404240"
"2023-04-29T00:00:00.000","A","331120","224434","555554"
"2023-04-28T00:00:00.000","W","503332","340242","843574"
"2023-04-27T00:00:00.000","W","532971","395661","928632"
"2023-04-26T00:00:00.000","W","539161","388688","927849"
"2023-04-25T00:00:00.000","W","516696","378228","894924"
"2023-04-24T00:00:00.000","W","502642","328298","830940"
"2023-04-23T00:00:00.000","U","245927","174185","420112"
"2023-04-22T00:00:00.000","A","329493","240134","569627"
"2023-04-21T00:00:00.000","W","505681","360742","866423"
"2023-04-20T00:00:00.000","W","516298","393967","910265"
"2023-04-19T00:00:00.000","W","527267","380103","907370"
"2023-04-18T00:00:00.000","W","523866","378471","902337"
"2023-04-17T00:00:00.000","W","458530","310077","768607"
"2023-04-16T00:00:00.000","U","229968","157603","387571"
"2023-04-15T00:00:00.000","A","360082","254964","615046"
"2023-04-14T00:00:00.000","W","518497","353807","872304"
"2023-04-13T00:00:00.000","W","541076","386440","927516"
"2023-04-12T00:00:00.000","W","516841","388965","905806"
"2023-04-11T00:00:00.000","W","539533","388288","927821"
"2023-04-10T00:00:00.000","W","492576","324608","817184"
"2023-04-09T00:00:00.000","U","237320","168475","405795"
"2023-04-08T00:00:00.000","A","333736","244038","577774"
"2023-04-07T00:00:00.000","W","419926","312653","732579"
"2023-04-06T00:00:00.000","W","459977","353018","812995"
"2023-04-05T00:00:00.000","W","438936","335701","774637"
"2023-04-04T00:00:00.000","W","428000","325448","753448"
"2023-04-03T00:00:00.000","W","439537","304009","743546"
"2023-04-02T00:00:00.000","U","261251","191192","452443"
"2023-04-01T00:00:00.000","A","315267","235235","550502"
"2023-03-31T00:00:00.000","W","467904","309609","777513"
"2023-03-30T00:00:00.000","W","517477","388264","905741"
"2023-03-29T00:00:00.000","W","470430","353192","823622"
"2023-03-28T00:00:00.000","W","521594","365749","887343"
"2023-03-27T00:00:00.000","W","493436","320115","813551"
"2023-03-26T00:00:00.000","U","222855","179536","402391"
"2023-03-25T00:00:00.000","A","287548","202198","489746"
"2023-03-24T00:00:00.000","W","475520","306297","781817"
"2023-03-23T00:00:00.000","W","489519","342562","832081"
"2023-03-22T00:00:00.000","W","499380","340260","839640"
"2023-03-21T00:00:00.000","W","510959","347098","858057"
"2023-03-20T00:00:00.000","W","478059","300593","778652"
"2023-03-19T00:00:00.000","U","238907","157695","396602"
"2023-03-18T00:00:00.000","A","284653","199267","483920"
"2023-03-17T00:00:00.000","W","435055","319561","754616"
"2023-03-16T00:00:00.000","W","499382","360728","860110"
"2023-03-15T00:00:00.000","W","535449","367880","903329"
"2023-03-14T00:00:00.000","W","524325","366497","890822"
"2023-03-13T00:00:00.000","W","459265","307389","766654"
"2023-03-12T00:00:00.000","U","215765","159274","375039"
"2023-03-11T00:00:00.000","A","326961","340919","667880"
"2023-03-10T00:00:00.000","W","466305","312533","778838"
"2023-03-09T00:00:00.000","W","498577","352220","850797"
"2023-03-08T00:00:00.000","W","521850","359517","881367"
"2023-03-07T00:00:00.000","W","528413","362941","891354"
"2023-03-06T00:00:00.000","W","470524","303195","773719"
"2023-03-05T00:00:00.000","U","246208","156086","402294"
"2023-03-04T00:00:00.000","A","332481","209545","542026"
"2023-03-03T00:00:00.000","W","441984","285055","727039"
"2023-03-02T00:00:00.000","W","505862","352552","858414"
"2023-03-01T00:00:00.000","W","538035","357399","895434"
"2023-02-28T00:00:00.000","W","516342","350093","866435"
"2023-02-27T00:00:00.000","W","438886","284156","723042"
"2023-02-26T00:00:00.000","U","246373","152718","399091"
"2023-02-25T00:00:00.000","A","313877","199947","513824"
"2023-02-24T00:00:00.000","W","468093","303528","771621"
"2023-02-23T00:00:00.000","W","500377","349987","850364"
"2023-02-22T00:00:00.000","W","445175","320183","765358"
"2023-02-21T00:00:00.000","W","512268","349053","861321"
"2023-02-20T00:00:00.000","W","371110","251523","622633"
"2023-02-19T00:00:00.000","U","241433","167599","409032"
"2023-02-18T00:00:00.000","A","307618","213471","521089"
"2023-02-17T00:00:00.000","W","447365","297527","744892"
"2023-02-16T00:00:00.000","W","450939","324574","775513"
"2023-02-15T00:00:00.000","W","498251","346762","845013"
"2023-02-14T00:00:00.000","W","510605","355572","866177"
"2023-02-13T00:00:00.000","W","477325","298814","776139"
"2023-02-12T00:00:00.000","U","228971","139964","368935"
"2023-02-11T00:00:00.000","A","305427","182401","487828"
"2023-02-10T00:00:00.000","W","480757","289003","769760"
"2023-02-09T00:00:00.000","W","456891","326676","783567"
"2023-02-08T00:00:00.000","W","517223","348441","865664"
"2023-02-07T00:00:00.000","W","512128","348998","861126"
"2023-02-06T00:00:00.000","W","489061","304675","793736"
"2023-02-05T00:00:00.000","U","228506","147681","376187"
"2023-02-04T00:00:00.000","A","295858","188543","484401"
"2023-02-03T00:00:00.000","W","367206","247871","615077"
"2023-02-02T00:00:00.000","W","488230","339244","827474"
"2023-02-01T00:00:00.000","W","488390","332706","821096"
"2023-01-31T00:00:00.000","W","428116","311121","739237"
"2023-01-30T00:00:00.000","W","420711","284230","704941"
"2023-01-29T00:00:00.000","U","199420","144673","344093"
"2023-01-28T00:00:00.000","A","270454","190883","461337"
"2023-01-27T00:00:00.000","W","435531","290048","725579"
"2023-01-26T00:00:00.000","W","484428","350067","834495"
"2023-01-25T00:00:00.000","W","462648","337076","799724"
"2023-01-24T00:00:00.000","W","505791","355136","860927"
"2023-01-23T00:00:00.000","W","468304","307836","776140"
"2023-01-22T00:00:00.000","U","201809","140538","342347"
"2023-01-21T00:00:00.000","A","285487","196802","482289"
"2023-01-20T00:00:00.000","W","457848","296350","754198"
"2023-01-19T00:00:00.000","W","479283","347238","826521"
"2023-01-18T00:00:00.000","W","495410","346875","842285"
"2023-01-17T00:00:00.000","W","496926","344762","841688"
"2023-01-16T00:00:00.000","W","295880","196321","492201"
"2023-01-15T00:00:00.000","U","220389","154138","374527"
"2023-01-14T00:00:00.000","A","288502","201672","490174"
"2023-01-13T00:00:00.000","W","443233","292169","735402"
"2023-01-12T00:00:00.000","W","474679","340171","814850"
"2023-01-11T00:00:00.000","W","499126","343468","842594"
"2023-01-10T00:00:00.000","W","499769","345615","845384"
"2023-01-09T00:00:00.000","W","449465","296803","746268"
"2023-01-08T00:00:00.000","U","209397","145377","354774"
"2023-01-07T00:00:00.000","A","272633","183930","456563"
"2023-01-06T00:00:00.000","W","371923","258636","630559"
"2023-01-05T00:00:00.000","W","384238","292708","676946"
"2023-01-04T00:00:00.000","W","398456","292474","690930"
"2023-01-03T00:00:00.000","W","383247","275846","659093"
"2023-01-02T00:00:00.000","U","254124","165797","419921"
"2023-01-01T00:00:00.000","U","164489","140776","305265"
"2022-12-31T00:00:00.000","A","257498","181031","438529"
"2022-12-30T00:00:00.000","W","364899","243067","607966"
"2022-12-29T00:00:00.000","W","347158","231287","578445"
"2022-12-28T00:00:00.000","W","321472","212073","533545"
"2022-12-27T00:00:00.000","W","315154","202638","517792"
"2022-12-26T00:00:00.000","U","205368","123005","328373"
"2022-12-25T00:00:00.000","U","85188","55366","140554"
"2022-12-24T00:00:00.000","A","150459","94387","244846"
"2022-12-23T00:00:00.000","W","154576","107314","261890"
"2022-12-22T00:00:00.000","W","334740","211520","546260"
"2022-12-21T00:00:00.000","W","449539","293415","742954"
"2022-12-20T00:00:00.000","W","458350","301658","760008"
"2022-12-19T00:00:00.000","W","422466","271588","694054"
"2022-12-18T00:00:00.000","U","205652","168395","374047"
"2022-12-17T00:00:00.000","A","273704","221530","495234"
"2022-12-16T00:00:00.000","W","438828","317559","756387"
"2022-12-15T00:00:00.000","W","479951","357938","837889"
"2022-12-14T00:00:00.000","W","460656","334180","794836"
"2022-12-13T00:00:00.000","W","488778","350345","839123"
"2022-12-12T00:00:00.000","W","461205","309804","771009"
"2022-12-11T00:00:00.000","U","217920","181270","399190"
"2022-12-10T00:00:00.000","A","301199","250406","551605"
"2022-12-09T00:00:00.000","W","434379","310116","744495"
"2022-12-08T00:00:00.000","W","491122","354293","845415"
"2022-12-07T00:00:00.000","W","501570","348450","850020"
"2022-12-06T00:00:00.000","W","491402","343974","835376"
"2022-12-05T00:00:00.000","W","473036","301290","774326"
"2022-12-04T00:00:00.000","U","219158","175364","394522"
"2022-12-03T00:00:00.000","A","302524","235937","538461"
"2022-12-02T00:00:00.000","W","490109","327826","817935"
"2022-12-01T00:00:00.000","W","494028","351763","845791"
"2022-11-30T00:00:00.000","W","471180","342095","813275"
"2022-11-29T00:00:00.000","W","492390","346172","838562"
"2022-11-28T00:00:00.000","W","472849","306743","779592"
"2022-11-27T00:00:00.000","U","190990","145822","336812"
"2022-11-26T00:00:00.000","A","283619","206385","490004"
"2022-11-25T00:00:00.000","W","305747","216040","521787"
"2022-11-24T00:00:00.000","U","160200","111986","272186"
"2022-11-23T00:00:00.000","W","398091","275787","673878"
"2022-11-22T00:00:00.000","W","435161","314006","749167"
"2022-11-21T00:00:00.000","W","423423","299744","723167"
"2022-11-20T00:00:00.000","U","204456","163384","367840"
"2022-11-19T00:00:00.000","A","253918","231052","484970"
"2022-11-18T00:00:00.000","W","437859","348326","786185"
"2022-11-17T00:00:00.000","W","489196","368122","857318"
"2022-11-16T00:00:00.000","W","501388","367015","868403"
"2022-11-15T00:00:00.000","W","482772","363154","845926"
"2022-11-14T00:00:00.000","W","479311","330831","810142"
"2022-11-13T00:00:00.000","U","216386","184686","401072"
"2022-11-12T00:00:00.000","A","283958","233513","517471"
"2022-11-11T00:00:00.000","W","458476","329637","788113"
"2022-11-10T00:00:00.000","W","534931","396488","931419"
"2022-11-09T00:00:00.000","W","524300","382075","906375"
"2022-11-08T00:00:00.000","W","445547","343165","788712"
"2022-11-07T00:00:00.000","W","502205","345095","847300"
"2022-11-06T00:00:00.000","U","237292","195418","432710"
"2022-11-05T00:00:00.000","A","271210","239302","510512"
"2022-11-04T00:00:00.000","W","489779","345651","835430"
"2022-11-03T00:00:00.000","W","540308","389939","930247"
"2022-11-02T00:00:00.000","W","532834","379413","912247"
"2022-11-01T00:00:00.000","W","535639","378179","913818"
"2022-10-31T00:00:00.000","W","454862","318942","773804"
"2022-10-30T00:00:00.000","U","217204","177961","395165"
"2022-10-29T00:00:00.000","A","311437","254149","565586"
"2022-10-28T00:00:00.000","W","501985","352842","854827"
"2022-10-27T00:00:00.000","W","528826","395129","923955"
"2022-10-26T00:00:00.000","W","539425","393904","933329"
"2022-10-25T00:00:00.000","W","478171","370030","848201"
"2022-10-24T00:00:00.000","W","499098","342781","841879"
"2022-10-23T00:00:00.000","U","239284","189552","428836"
"2022-10-22T00:00:00.000","A","328599","254638","583237"
"2022-10-21T00:00:00.000","W","462718","343986","806704"
"2022-10-20T00:00:00.000","W","507374","383470","890844"
"2022-10-19T00:00:00.000","W","525153","378834","903987"
"2022-10-18T00:00:00.000","W","499407","372296","871703"
"2022-10-17T00:00:00.000","W","470688","332889","803577"
"2022-10-16T00:00:00.000","U","227365","191906","419271"
"2022-10-15T00:00:00.000","A","325294","272080","597374"
"2022-10-14T00:00:00.000","W","501494","372144","873638"
"2022-10-13T00:00:00.000","W","533103","420167","953270"
"2022-10-12T00:00:00.000","W","497854","384939","882793"
"2022-10-11T00:00:00.000","W","516976","397158","914134"
"2022-10-10T00:00:00.000","W","413126","332397","745523"
"2022-10-09T00:00:00.000","U","207502","351798","559300"
"2022-10-08T00:00:00.000","A","327134","300298","627432"
"2022-10-07T00:00:00.000","W","497726","385824","883550"
"2022-10-06T00:00:00.000","W","528937","407379","936316"
"2022-10-05T00:00:00.000","W","535091","386695","921786"
"2022-10-04T00:00:00.000","W","539617","387120","926737"
"2022-10-03T00:00:00.000","W","522157","347552","869709"
"2022-10-02T00:00:00.000","U","230938","198343","429281"
"2022-10-01T00:00:00.000","A","331991","278557","610548"
"2022-09-30T00:00:00.000","W","517079","372584","889663"
"2022-09-29T00:00:00.000","W","521049","399396","920445"
"2022-09-28T00:00:00.000","W","530749","399004","929753"
"2022-09-27T00:00:00.000","W","527776","392549","920325"
"2022-09-26T00:00:00.000","W","497354","338256","835610"
"2022-09-25T00:00:00.000","U","229013","196621","425634"
"2022-09-24T00:00:00.000","A","320145","265000","585145"
"2022-09-23T00:00:00.000","W","458882","354789","813671"
"2022-09-22T00:00:00.000","W","530009","398846","928855"
"2022-09-21T00:00:00.000","W","537697","392818","930515"
"2022-09-20T00:00:00.000","W","522109","387279","909388"
"2022-09-19T00:00:00.000","W","495344","350160","845504"
"2022-09-18T00:00:00.000","U","237991","241024","479015"
"2022-09-17T00:00:00.000","A","333893","324035","657928"
"2022-09-16T00:00:00.000","W","508567","431965","940532"
"2022-09-15T00:00:00.000","W","526216","409158","935374"
"2022-09-14T00:00:00.000","W","531662","395177","926839"
"2022-09-13T00:00:00.000","W","527850","390462","918312"
"2022-09-12T00:00:00.000","W","480954","342767","823721"
"2022-09-11T00:00:00.000","U","180862","175036","355898"
"2022-09-10T00:00:00.000","A","328476","293144","621620"
"2022-09-09T00:00:00.000","W","506174","373012","879186"
"2022-09-08T00:00:00.000","W","529691","391210","920901"
"2022-09-07T00:00:00.000","W","534473","388259","922732"
"2022-09-06T00:00:00.000","W","523472","365689","889161"
"2022-09-05T00:00:00.000","U","236613","180944","417557"
"2022-09-04T00:00:00.000","U","229381","227410","456791"
"2022-09-03T00:00:00.000","A","329125","291196","620321"
"2022-09-02T00:00:00.000","W","507102","361289","868391"
"2022-09-01T00:00:00.000","W","526641","371181","897822"
"2022-08-31T00:00:00.000","W","521586","366459","888045"
"2022-08-30T00:00:00.000","W","524895","366870","891765"
"2022-08-29T00:00:00.000","W","453804","307410","761214"
"2022-08-28T00:00:00.000","U","219848","188705","408553"
"2022-08-27T00:00:00.000","A","313588","249105","562693"
"2022-08-26T00:00:00.000","W","495636","347989","843625"
"2022-08-25T00:00:00.000","W","491181","367289","858470"
"2022-08-24T00:00:00.000","W","509522","369646","879168"
"2022-08-23T00:00:00.000","W","510024","370191","880215"
"2022-08-22T00:00:00.000","W","484550","322408","806958"
"2022-08-21T00:00:00.000","U","235253","221628","456881"
"2022-08-20T00:00:00.000","A","276088","263681","539769"
"2022-08-19T00:00:00.000","W","446821","359501","806322"
"2022-08-18T00:00:00.000","W","447149","343155","790304"
"2022-08-17T00:00:00.000","W","451427","335610","787037"
"2022-08-16T00:00:00.000","W","445900","335456","781356"
"2022-08-15T00:00:00.000","W","422612","312773","735385"
"2022-08-14T00:00:00.000","U","214683","189154","403837"
"2022-08-13T00:00:00.000","A","295364","253835","549199"
"2022-08-12T00:00:00.000","W","430652","320260","750912"
"2022-08-11T00:00:00.000","W","444736","337937","782673"
"2022-08-10T00:00:00.000","W","455381","346182","801563"
"2022-08-09T00:00:00.000","W","454272","352582","806854"
"2022-08-08T00:00:00.000","W","381427","286194","667621"
"2022-08-07T00:00:00.000","U","202042","193344","395386"
"2022-08-06T00:00:00.000","A","302707","280369","583076"
"2022-08-05T00:00:00.000","W","445484","357462","802946"
"2022-08-04T00:00:00.000","W","449161","341966","791127"
"2022-08-03T00:00:00.000","W","430236","321771","752007"
"2022-08-02T00:00:00.000","W","451890","335737","787627"
"2022-08-01T00:00:00.000","W","433904","304820","738724"
"2022-07-31T00:00:00.000","U","224307","252781","477088"
"2022-07-30T00:00:00.000","A","304052","327388","631440"
"2022-07-29T00:00:00.000","W","430804","378849","809653"
"2022-07-28T00:00:00.000","W","448728","380517","829245"
"2022-07-27T00:00:00.000","W","446320","340006","786326"
"2022-07-26T00:00:00.000","W","460649","352662","813311"
"2022-07-25T00:00:00.000","W","423680","314719","738399"
"2022-07-24T00:00:00.000","U","209703","202481","412184"
"2022-07-23T00:00:00.000","A","275396","265291","540687"
"2022-07-22T00:00:00.000","W","426586","323821","750407"
"2022-07-21T00:00:00.000","W","445763","342598","788361"
"2022-07-20T00:00:00.000","W","455439","338205","793644"
"2022-07-19T00:00:00.000","W","453338","335621","788959"
"2022-07-18T00:00:00.000","W","432780","299248","732028"
"2022-07-17T00:00:00.000","U","212995","208264","421259"
"2022-07-16T00:00:00.000","A","306271","295499","601770"
"2022-07-15T00:00:00.000","W","385035","307877","692912"
"2022-07-14T00:00:00.000","W","459272","364927","824199"
"2022-07-13T00:00:00.000","W","462243","357923","820166"
"2022-07-12T00:00:00.000","W","460573","351612","812185"
"2022-07-11T00:00:00.000","W","411177","289480","700657"
"2022-07-10T00:00:00.000","U","228764","208566","437330"
"2022-07-09T00:00:00.000","A","314661","288100","602761"
"2022-07-08T00:00:00.000","W","414527","323371","737898"
"2022-07-07T00:00:00.000","W","444168","331132","775300"
"2022-07-06T00:00:00.000","W","438241","315347","753588"
"2022-07-05T00:00:00.000","W","400714","283797","684511"
"2022-07-04T00:00:00.000","U","201272","158486","359758"
"2022-07-03T00:00:00.000","U","234889","221003","455892"
"2022-07-02T00:00:00.000","A","314971","271980","586951"
"2022-07-01T00:00:00.000","W","427111","319073","746184"
"2022-06-30T00:00:00.000","W","434307","354302","788609"
"2022-06-29T00:00:00.000","W","448310","350300","798610"
"2022-06-28T00:00:00.000","W","445097","348827","793924"
"2022-06-27T00:00:00.000","W","416606","298347","714953"
"2022-06-26T00:00:00.000","U","228786","301320","530106"
"2022-06-25T00:00:00.000","A","276951","259318","536269"
"2022-06-24T00:00:00.000","W","429666","353308","782974"
"2022-06-23T00:00:00.000","W","442860","345391","788251"
"2022-06-22T00:00:00.000","W","444712","335641","780353"
"2022-06-21T00:00:00.000","W","427588","321100","748688"
"2022-06-20T00:00:00.000","W","365955","257700","623655"
"2022-06-19T00:00:00.000","U","227181","226033","453214"
"2022-06-18T00:00:00.000","A","316980","307051","624031"
"2022-06-17T00:00:00.000","W","438575","356445","795020"
"2022-06-16T00:00:00.000","W","441821","351622","793443"
"2022-06-15T00:00:00.000","W","435538","338852","774390"
"2022-06-14T00:00:00.000","W","467146","345831","812977"
"2022-06-13T00:00:00.000","W","433682","306621","740303"
"2022-06-12T00:00:00.000","U","224348","193587","417935"
"2022-06-11T00:00:00.000","A","311911","264509","576420"
"2022-06-10T00:00:00.000","W","450488","327910","778398"
"2022-06-09T00:00:00.000","W","488146","359630","847776"
"2022-06-08T00:00:00.000","W","454093","328980","783073"
"2022-06-07T00:00:00.000","W","492774","348945","841719"
"2022-06-06T00:00:00.000","W","437910","291922","729832"
"2022-06-05T00:00:00.000","U","230730","216530","447260"
"2022-06-04T00:00:00.000","A","298993","261915","560908"
"2022-06-03T00:00:00.000","W","494862","353934","848796"
"2022-06-02T00:00:00.000","W","492400","355544","847944"
"2022-06-01T00:00:00.000","W","496766","346924","843690"
"2022-05-31T00:00:00.000","W","468550","326376","794926"
"2022-05-30T00:00:00.000","U","235865","210421","446286"
"2022-05-29T00:00:00.000","U","239199","246793","485992"
"2022-05-28T00:00:00.000","A","299533","280228","579761"
"2022-05-27T00:00:00.000","W","435553","299737","735290"
"2022-05-26T00:00:00.000","W","467853","332069","799922"
"2022-05-25T00:00:00.000","W","461780","319883","781663"
"2022-05-24T00:00:00.000","W","484351","336010","820361"
"2022-05-23T00:00:00.000","W","456515","297901","754416"
"2022-05-22T00:00:00.000","U","221756","193002","414758"
"2022-05-21T00:00:00.000","A","258763","218972","477735"
"2022-05-20T00:00:00.000","W","458078","321127","779205"
"2022-05-19T00:00:00.000","W","486489","351429","837918"
"2022-05-18T00:00:00.000","W","452731","322841","775572"
"2022-05-17T00:00:00.000","W","479630","337079","816709"
"2022-05-16T00:00:00.000","W","460986","304494","765480"
"2022-05-15T00:00:00.000","U","210931","171982","382913"
"2022-05-14T00:00:00.000","A","303044","249361","552405"
"2022-05-13T00:00:00.000","W","470223","332657","802880"
"2022-05-12T00:00:00.000","W","475308","345676","820984"
"2022-05-11T00:00:00.000","W","481802","332548","814350"
"2022-05-10T00:00:00.000","W","487603","334899","822502"
"2022-05-09T00:00:00.000","W","456324","296458","752782"
"2022-05-08T00:00:00.000","U","204641","167467","372108"
"2022-05-07T00:00:00.000","A","308573","262869","571442"
"2022-05-06T00:00:00.000","W","429700","298387","728087"
"2022-05-05T00:00:00.000","W","464544","329241","793785"
"2022-05-04T00:00:00.000","W","500429","344233","844662"
"2022-05-03T00:00:00.000","W","427088","304189","731277"
"2022-05-02T00:00:00.000","W","456676","288292","744968"
"2022-05-01T00:00:00.000","U","209565","167306","376871"
"2022-04-30T00:00:00.000","A","260440","208693","469133"
"2022-04-29T00:00:00.000","W","472802","324138","796940"
"2022-04-28T00:00:00.000","W","461751","329024","790775"
"2022-04-27T00:00:00.000","W","473316","325530","798846"
"2022-04-26T00:00:00.000","W","476474","323321","799795"
"2022-04-25T00:00:00.000","W","454532","293934","748466"
"2022-04-24T00:00:00.000","U","192744","162462","355206"
"2022-04-23T00:00:00.000","A","312128","278763","590891"
"2022-04-22T00:00:00.000","W","414144","295319","709463"
"2022-04-21T00:00:00.000","W","455139","339779","794918"
"2022-04-20T00:00:00.000","W","453943","322677","776620"
"2022-04-19T00:00:00.000","W","461501","324667","786168"
"2022-04-18T00:00:00.000","W","416359","279342","695701"
"2022-04-17T00:00:00.000","U","183837","139738","323575"
"2022-04-16T00:00:00.000","A","274093","216395","490488"
"2022-04-15T00:00:00.000","W","367610","276605","644215"
"2022-04-14T00:00:00.000","W","408379","316347","724726"
"2022-04-13T00:00:00.000","W","375870","290641","666511"
"2022-04-12T00:00:00.000","W","426444","323042","749486"
"2022-04-11T00:00:00.000","W","388543","276040","664583"
"2022-04-10T00:00:00.000","U","221977","184272","406249"
"2022-04-09T00:00:00.000","A","283129","232566","515695"
"2022-04-08T00:00:00.000","W","398017","301320","699337"
"2022-04-07T00:00:00.000","W","468788","346853","815641"
"2022-04-06T00:00:00.000","W","470573","327753","798326"
"2022-04-05T00:00:00.000","W","482775","326164","808939"
"2022-04-04T00:00:00.000","W","457452","291019","748471"
"2022-04-03T00:00:00.000","U","218901","153875","372776"
"2022-04-02T00:00:00.000","A","264044","194383","458427"
"2022-04-01T00:00:00.000","W","484903","314610","799513"
"2022-03-31T00:00:00.000","W","446918","313624","760542"
"2022-03-30T00:00:00.000","W","425844","299471","725315"
"2022-03-29T00:00:00.000","W","459127","310432","769559"
"2022-03-28T00:00:00.000","W","443113","283316","726429"
"2022-03-27T00:00:00.000","U","193217","147865","341082"
"2022-03-26T00:00:00.000","A","242199","191025","433224"
"2022-03-25T00:00:00.000","W","431829","290569","722398"
"2022-03-24T00:00:00.000","W","452116","279960","732076"
"2022-03-23T00:00:00.000","W","411053","285528","696581"
"2022-03-22T00:00:00.000","W","432916","290803","723719"
"2022-03-21T00:00:00.000","W","459452","286077","745529"
"2022-03-20T00:00:00.000","U","220280","183597","403877"
"2022-03-19T00:00:00.000","A","250839","203842","454681"
"2022-03-18T00:00:00.000","W","404540","292739","697279"
"2022-03-17T00:00:00.000","W","463068","336933","800001"
"2022-03-16T00:00:00.000","W","479823","333597","813420"
"2022-03-15T00:00:00.000","W","463215","322609","785824"
"2022-03-14T00:00:00.000","W","448558","294168","742726"
"2022-03-13T00:00:00.000","U","200879","168821","369700"
"2022-03-12T00:00:00.000","A","247872","287526","535398"
"2022-03-11T00:00:00.000","W","422764","294476","717240"
"2022-03-10T00:00:00.000","W","444721","310435","755156"
"2022-03-09T00:00:00.000","W","466984","310336","777320"
"2022-03-08T00:00:00.000","W","464441","303631","768072"
"2022-03-07T00:00:00.000","W","399383","261592","660975"
"2022-03-06T00:00:00.000","U","194300","141976","336276"
"2022-03-05T00:00:00.000","A","291281","221714","512995"
"2022-03-04T00:00:00.000","W","437164","288975","726139"
"2022-03-03T00:00:00.000","W","450905","301344","752249"
"2022-03-02T00:00:00.000","W","461679","304639","766318"
"2022-03-01T00:00:00.000","W","471547","297951","769498"
"2022-02-28T00:00:00.000","W","437269","272433","709702"
"2022-02-27T00:00:00.000","U","197978","139377","337355"
"2022-02-26T00:00:00.000","A","260161","190557","450718"
"2022-02-25T00:00:00.000","W","411882","278287","690169"
"2022-02-24T00:00:00.000","W","417551","290246","707797"
"2022-02-23T00:00:00.000","W","434639","288569","723208"
"2022-02-22T00:00:00.000","W","402852","275702","678554"
"2022-02-21T00:00:00.000","W","330376","219366","549742"
"2022-02-20T00:00:00.000","U","193971","146532","340503"
"2022-02-19T00:00:00.000","A","228190","179991","408181"
"2022-02-18T00:00:00.000","W","383850","268927","652777"
"2022-02-17T00:00:00.000","W","365062","260175","625237"
"2022-02-16T00:00:00.000","W","436057","286506","722563"
"2022-02-15T00:00:00.000","W","434683","282736","717419"
"2022-02-14T00:00:00.000","W","400492","260703","661195"
"2022-02-13T00:00:00.000","U","175728","133282","309010"
"2022-02-12T00:00:00.000","A","236977","177109","414086"
"2022-02-11T00:00:00.000","W","413489","269373","682862"
"2022-02-10T00:00:00.000","W","426111","284248","710359"
"2022-02-09T00:00:00.000","W","433494","283336","716830"
"2022-02-08T00:00:00.000","W","431086","280312","711398"
"2022-02-07T00:00:00.000","W","405768","257867","663635"
"2022-02-06T00:00:00.000","U","179811","125211","305022"
"2022-02-05T00:00:00.000","A","222874","169731","392605"
"2022-02-04T00:00:00.000","W","391793","263572","655365"
"2022-02-03T00:00:00.000","W","342011","232018","574029"
"2022-02-02T00:00:00.000","W","252363","189573","441936"
"2022-02-01T00:00:00.000","W","438309","273732","712041"
"2022-01-31T00:00:00.000","W","405219","253283","658502"
"2022-01-30T00:00:00.000","U","163483","115445","278928"
"2022-01-29T00:00:00.000","A","216590","160644","377234"
"2022-01-28T00:00:00.000","W","310477","229809","540286"
"2022-01-27T00:00:00.000","W","388880","254620","643500"
"2022-01-26T00:00:00.000","W","313683","215518","529201"
"2022-01-25T00:00:00.000","W","352155","234112","586267"
"2022-01-24T00:00:00.000","W","352311","235351","587662"
"2022-01-23T00:00:00.000","U","149802","112997","262799"
"2022-01-22T00:00:00.000","A","213615","153452","367067"
"2022-01-21T00:00:00.000","W","360918","227754","588672"
"2022-01-20T00:00:00.000","W","343001","227670","570671"
"2022-01-19T00:00:00.000","W","373531","235997","609528"
"2022-01-18T00:00:00.000","W","394532","239770","634302"
"2022-01-17T00:00:00.000","W","247901","160202","408103"
"2022-01-16T00:00:00.000","U","157849","117493","275342"
"2022-01-15T00:00:00.000","A","201975","153357","355332"
"2022-01-14T00:00:00.000","W","355305","224098","579403"
"2022-01-13T00:00:00.000","W","364235","218508","582743"
"2022-01-12T00:00:00.000","W","364308","214250","578558"
"2022-01-11T00:00:00.000","W","299534","190644","490178"
"2022-01-10T00:00:00.000","W","273785","175964","449749"
"2022-01-09T00:00:00.000","U","139413","102330","241743"
"2022-01-08T00:00:00.000","A","190569","133844","324413"
"2022-01-07T00:00:00.000","W","246042","172216","418258"
"2022-01-06T00:00:00.000","W","256983","175465","432448"
"2022-01-05T00:00:00.000","W","261752","177105","438857"
"2022-01-04T00:00:00.000","W","343163","202963","546126"
"2022-01-03T00:00:00.000","W","308893","184727","493620"
"2022-01-02T00:00:00.000","U","141100","114070","255170"
"2022-01-01T00:00:00.000","A","115581","116473","232054"
"2021-12-31T00:00:00.000","U","227449","163183","390632"
"2021-12-30T00:00:00.000","W","295024","194851","489875"
"2021-12-29T00:00:00.000","W","294413","191745","486158"
"2021-12-28T00:00:00.000","W","267102","174336","441438"
"2021-12-27T00:00:00.000","W","276748","170801","447549"
"2021-12-26T00:00:00.000","U","160349","106278","266627"
"2021-12-25T00:00:00.000","A","101622","63575","165197"
"2021-12-24T00:00:00.000","U","215369","118922","334291"
"2021-12-23T00:00:00.000","W","311895","192858","504753"
"2021-12-22T00:00:00.000","W","314359","209334","523693"
"2021-12-21T00:00:00.000","W","343757","224928","568685"
"2021-12-20T00:00:00.000","W","346355","235596","581951"
"2021-12-19T00:00:00.000","U","193554","150673","344227"
"2021-12-18T00:00:00.000","A","243767","196349","440116"
"2021-12-17T00:00:00.000","W","405415","282060","687475"
"2021-12-16T00:00:00.000","W","424823","297427","722250"
"2021-12-15T00:00:00.000","W","441500","299691","741191"
"2021-12-14T00:00:00.000","W","443484","293750","737234"
"2021-12-13T00:00:00.000","W","425654","272016","697670"
"2021-12-12T00:00:00.000","U","200373","165296","365669"
"2021-12-11T00:00:00.000","A","253954","221509","475463"
"2021-12-10T00:00:00.000","W","425279","297443","722722"
"2021-12-09T00:00:00.000","W","441609","310636","752245"
"2021-12-08T00:00:00.000","W","440298","300242","740540"
"2021-12-07T00:00:00.000","W","412108","287065","699173"
"2021-12-06T00:00:00.000","W","419783","278439","698222"
"2021-12-05T00:00:00.000","U","175680","150682","326362"
"2021-12-04T00:00:00.000","A","282720","237153","519873"
"2021-12-03T00:00:00.000","W","460247","320326","780573"
"2021-12-02T00:00:00.000","W","466625","323958","790583"
"2021-12-01T00:00:00.000","W","464613","309075","773688"
"2021-11-30T00:00:00.000","W","450230","302349","752579"
"2021-11-29T00:00:00.000","W","421322","276090","697412"
"2021-11-28T00:00:00.000","U","184817","147830","332647"
"2021-11-27T00:00:00.000","A","237839","187065","424904"
"2021-11-26T00:00:00.000","W","257700","189694","447394"
"2021-11-25T00:00:00.000","U","136680","103108","239788"
"2021-11-24T00:00:00.000","W","359261","257882","617143"
"2021-11-23T00:00:00.000","W","437577","300261","737838"
"2021-11-22T00:00:00.000","W","428156","288075","716231"
"2021-11-21T00:00:00.000","U","214017","179537","393554"
"2021-11-20T00:00:00.000","A","271655","276136","547791"
"2021-11-19T00:00:00.000","W","443247","337202","780449"
"2021-11-18T00:00:00.000","W","413008","315161","728169"
"2021-11-17T00:00:00.000","W","436216","311717","747933"
"2021-11-16T00:00:00.000","W","463846","321135","784981"
"2021-11-15T00:00:00.000","W","427781","292876","720657"
"2021-11-14T00:00:00.000","U","191694","153282","344976"
"2021-11-13T00:00:00.000","A","263401","221836","485237"
"2021-11-12T00:00:00.000","W","381722","302454","684176"
"2021-11-11T00:00:00.000","W","349696","286823","636519"
"2021-11-10T00:00:00.000","W","474682","332506","807188"
"2021-11-09T00:00:00.000","W","465479","324645","790124"
"2021-11-08T00:00:00.000","W","458387","305403","763790"
"2021-11-07T00:00:00.000","U","211114","177817","388931"
"2021-11-06T00:00:00.000","A","279147","235533","514680"
"2021-11-05T00:00:00.000","W","403870","312819","716689"
"2021-11-04T00:00:00.000","W","463508","333562","797070"
"2021-11-03T00:00:00.000","W","481029","327770","808799"
"2021-11-02T00:00:00.000","W","463908","319122","783030"
"2021-11-01T00:00:00.000","W","452937","300996","753933"
"2021-10-31T00:00:00.000","U","203393","183268","386661"
"2021-10-30T00:00:00.000","A","280283","244786","525069"
"2021-10-29T00:00:00.000","W","407815","307878","715693"
"2021-10-28T00:00:00.000","W","447442","328865","776307"
"2021-10-27T00:00:00.000","W","475784","327121","802905"
"2021-10-26T00:00:00.000","W","476997","320974","797971"
"2021-10-25T00:00:00.000","W","384314","270031","654345"
"2021-10-24T00:00:00.000","U","171424","144992","316416"
"2021-10-23T00:00:00.000","A","288871","244421","533292"
"2021-10-22T00:00:00.000","W","446072","328904","774976"
"2021-10-21T00:00:00.000","W","449160","330258","779418"
"2021-10-20T00:00:00.000","W","470815","323794","794609"
"2021-10-19T00:00:00.000","W","467179","323286","790465"
"2021-10-18T00:00:00.000","W","447658","303246","750904"
"2021-10-17T00:00:00.000","U","219929","196386","416315"
"2021-10-16T00:00:00.000","A","301890","266017","567907"
"2021-10-15T00:00:00.000","W","456194","338278","794472"
"2021-10-14T00:00:00.000","W","466987","336464","803451"
"2021-10-13T00:00:00.000","W","456836","323735","780571"
"2021-10-12T00:00:00.000","W","469702","337547","807249"
"2021-10-11T00:00:00.000","W","335704","269043","604747"
"2021-10-10T00:00:00.000","U","194232","312750","506982"
"2021-10-09T00:00:00.000","A","301635","281790","583425"
"2021-10-08T00:00:00.000","W","461163","348740","809903"
"2021-10-07T00:00:00.000","W","447936","323569","771505"
"2021-10-06T00:00:00.000","W","474666","317494","792160"
"2021-10-05T00:00:00.000","W","469691","317319","787010"
"2021-10-04T00:00:00.000","W","453108","297717","750825"
"2021-10-03T00:00:00.000","U","209009","188875","397884"
"2021-10-02T00:00:00.000","A","283289","248678","531967"
"2021-10-01T00:00:00.000","W","486451","343048","829499"
"2021-09-30T00:00:00.000","W","469820","326450","796270"
"2021-09-29T00:00:00.000","W","471319","323001","794320"
"2021-09-28T00:00:00.000","W","474767","315354","790121"
"2021-09-27T00:00:00.000","W","458134","298532","756666"
"2021-09-26T00:00:00.000","U","214958","195380","410338"
"2021-09-25T00:00:00.000","A","300821","296621","597442"
"2021-09-24T00:00:00.000","W","463710","365392","829102"
"2021-09-23T00:00:00.000","W","464140","327671","791811"
"2021-09-22T00:00:00.000","W","450883","322522","773405"
"2021-09-21T00:00:00.000","W","452211","319330","771541"
"2021-09-20T00:00:00.000","W","443252","298947","742199"
"2021-09-19T00:00:00.000","U","221743","220835","442578"
"2021-09-18T00:00:00.000","A","297188","295961","593149"
"2021-09-17T00:00:00.000","W","469512","377373","846885"
"2021-09-16T00:00:00.000","W","467659","365090","832749"
"2021-09-15T00:00:00.000","W","472623","329295","801918"
"2021-09-14T00:00:00.000","W","468812","311965","780777"
"2021-09-13T00:00:00.000","W","450527","296554","747081"
"2021-09-12T00:00:00.000","U","216327","206582","422909"
"2021-09-11T00:00:00.000","A","292316","276714","569030"
"2021-09-10T00:00:00.000","W","469400","355788","825188"
"2021-09-09T00:00:00.000","W","471953","326271","798224"
"2021-09-08T00:00:00.000","W","480111","320091","800202"
"2021-09-07T00:00:00.000","W","445989","291803","737792"
"2021-09-06T00:00:00.000","U","231171","190360","421531"
"2021-09-05T00:00:00.000","U","238982","232104","471086"
"2021-09-04T00:00:00.000","A","288744","249857","538601"
"2021-09-03T00:00:00.000","W","460822","332962","793784"
"2021-09-02T00:00:00.000","W","466988","316474","783462"
"2021-09-01T00:00:00.000","W","483883","302972","786855"
"2021-08-31T00:00:00.000","W","457408","294988","752396"
"2021-08-30T00:00:00.000","W","452128","283312","735440"
"2021-08-29T00:00:00.000","U","215493","180030","395523"
"2021-08-28T00:00:00.000","A","290939","232278","523217"
"2021-08-27T00:00:00.000","W","411406","302286","713692"
"2021-08-26T00:00:00.000","W","417416","287640","705056"
"2021-08-25T00:00:00.000","W","398464","278830","677294"
"2021-08-24T00:00:00.000","W","382748","259641","642389"
"2021-08-23T00:00:00.000","W","389873","263283","653156"
"2021-08-22T00:00:00.000","U","231270","202393","433663"
"2021-08-21T00:00:00.000","A","282205","248705","530910"
"2021-08-20T00:00:00.000","W","399149","298535","697684"
"2021-08-19T00:00:00.000","W","390171","274749","664920"
"2021-08-18T00:00:00.000","W","387316","265679","652995"
"2021-08-17T00:00:00.000","W","385106","259308","644414"
"2021-08-16T00:00:00.000","W","371748","246824","618572"
"2021-08-15T00:00:00.000","U","221156","205673","426829"
"2021-08-14T00:00:00.000","A","294345","252710","547055"
"2021-08-13T00:00:00.000","W","396567","277082","673649"
"2021-08-12T00:00:00.000","W","381061","280760","661821"
"2021-08-11T00:00:00.000","W","364185","258741","622926"
"2021-08-10T00:00:00.000","W","372961","264354","637315"
"2021-08-09T00:00:00.000","W","334547","240520","575067"
"2021-08-08T00:00:00.000","U","223653","187344","410997"
"2021-08-07T00:00:00.000","A","301542","275050","576592"
"2021-08-06T00:00:00.000","W","387894","313936","701830"
"2021-08-05T00:00:00.000","W","401248","283716","684964"
"2021-08-04T00:00:00.000","W","401665","271469","673134"
"2021-08-03T00:00:00.000","W","407869","267547","675416"
"2021-08-02T00:00:00.000","W","374987","259408","634395"
"2021-08-01T00:00:00.000","U","223161","244404","467565"
"2021-07-31T00:00:00.000","A","292772","310759","603531"
"2021-07-30T00:00:00.000","W","402364","362949","765313"
"2021-07-29T00:00:00.000","W","394751","362106","756857"
"2021-07-28T00:00:00.000","W","390425","298392","688817"
"2021-07-27T00:00:00.000","W","387327","279049","666376"
"2021-07-26T00:00:00.000","W","373206","260296","633502"
"2021-07-25T00:00:00.000","U","221645","198799","420444"
"2021-07-24T00:00:00.000","A","280927","250014","530941"
"2021-07-23T00:00:00.000","W","386289","298869","685158"
"2021-07-22T00:00:00.000","W","390531","275892","666423"
"2021-07-21T00:00:00.000","W","392548","274123","666671"
"2021-07-20T00:00:00.000","W","390578","264471","655049"
"2021-07-19T00:00:00.000","W","377772","248181","625953"
"2021-07-18T00:00:00.000","U","226558","191007","417565"
"2021-07-17T00:00:00.000","A","296714","245066","541780"
"2021-07-16T00:00:00.000","W","379552","280527","660079"
"2021-07-15T00:00:00.000","W","374072","261351","635423"
"2021-07-14T00:00:00.000","W","396163","262113","658276"
"2021-07-13T00:00:00.000","W","375230","250575","625805"
"2021-07-12T00:00:00.000","W","363268","237710","600978"
"2021-07-11T00:00:00.000","U","189913","165360","355273"
"2021-07-10T00:00:00.000","A","275612","238903","514515"
"2021-07-09T00:00:00.000","W","389894","302893","692787"
"2021-07-08T00:00:00.000","W","375578","276819","652397"
"2021-07-07T00:00:00.000","W","371601","261796","633397"
"2021-07-06T00:00:00.000","W","378230","255296","633526"
"2021-07-05T00:00:00.000","U","237811","178415","416226"
"2021-07-04T00:00:00.000","U","214496","167760","382256"
"2021-07-03T00:00:00.000","A","292341","215230","507571"
"2021-07-02T00:00:00.000","W","389185","254956","644141"
"2021-07-01T00:00:00.000","W","397781","257789","655570"
"2021-06-30T00:00:00.000","W","356837","237763","594600"
"2021-06-29T00:00:00.000","W","346254","229881","576135"
"2021-06-28T00:00:00.000","W","337566","218776","556342"
"2021-06-27T00:00:00.000","U","219887","176898","396785"
"2021-06-26T00:00:00.000","A","232678","190791","423469"
"2021-06-25T00:00:00.000","W","343853","251904","595757"
"2021-06-24T00:00:00.000","W","345186","240440","585626"
"2021-06-23T00:00:00.000","W","362682","239858","602540"
"2021-06-22T00:00:00.000","W","376511","256084","632595"
"2021-06-21T00:00:00.000","W","349781","237699","587480"
"2021-06-20T00:00:00.000","U","194025","158875","352900"
"2021-06-19T00:00:00.000","A","276925","238075","515000"
"2021-06-18T00:00:00.000","W","362823","272803","635626"
"2021-06-17T00:00:00.000","W","372186","247900","620086"
"2021-06-16T00:00:00.000","W","374362","242785","617147"
"2021-06-15T00:00:00.000","W","372531","238872","611403"
"2021-06-14T00:00:00.000","W","362267","227377","589644"
"2021-06-13T00:00:00.000","U","219260","184714","403974"
"2021-06-12T00:00:00.000","A","265224","224185","489409"
"2021-06-11T00:00:00.000","W","375533","271425","646958"
"2021-06-10T00:00:00.000","W","374697","246542","621239"
"2021-06-09T00:00:00.000","W","367755","231622","599377"
"2021-06-08T00:00:00.000","W","366854","222841","589695"
"2021-06-07T00:00:00.000","W","343982","202767","546749"
"2021-06-06T00:00:00.000","U","204309","148509","352818"
"2021-06-05T00:00:00.000","A","278036","199123","477159"
"2021-06-04T00:00:00.000","W","374475","244454","618929"
"2021-06-03T00:00:00.000","W","382161","231398","613559"
"2021-06-02T00:00:00.000","W","356620","222827","579447"
"2021-06-01T00:00:00.000","W","349451","221402","570853"
"2021-05-31T00:00:00.000","U","194901","147880","342781"
"2021-05-30T00:00:00.000","U","209937","177745","387682"
"2021-05-29T00:00:00.000","A","266944","208819","475763"
"2021-05-28T00:00:00.000","W","313635","217115","530750"
"2021-05-27T00:00:00.000","W","334991","208682","543673"
"2021-05-26T00:00:00.000","W","349319","208470","557789"
"2021-05-25T00:00:00.000","W","345371","205679","551050"
"2021-05-24T00:00:00.000","W","338290","196524","534814"
"2021-05-23T00:00:00.000","U","184730","129720","314450"
"2021-05-22T00:00:00.000","A","265066","188124","453190"
"2021-05-21T00:00:00.000","W","353721","226276","579997"
"2021-05-20T00:00:00.000","W","350455","215181","565636"
"2021-05-19T00:00:00.000","W","331674","198718","530392"
"2021-05-18T00:00:00.000","W","338267","195305","533572"
"2021-05-17T00:00:00.000","W","333150","190203","523353"
"2021-05-16T00:00:00.000","U","195939","137410","333349"
"2021-05-15T00:00:00.000","A","234951","166559","401510"
"2021-05-14T00:00:00.000","W","353950","222830","576780"
"2021-05-13T00:00:00.000","W","347914","205589","553503"
"2021-05-12T00:00:00.000","W","337223","193841","531064"
"2021-05-11T00:00:00.000","W","338523","189589","528112"
"2021-05-10T00:00:00.000","W","317899","175820","493719"
"2021-05-09T00:00:00.000","U","158199","108981","267180"
"2021-05-08T00:00:00.000","A","255252","161702","416954"
"2021-05-07T00:00:00.000","W","351011","212194","563205"
"2021-05-06T00:00:00.000","W","322453","187545","509998"
"2021-05-05T00:00:00.000","W","346837","193605","540442"
"2021-05-04T00:00:00.000","W","330540","183621","514161"
"2021-05-03T00:00:00.000","W","334667","174120","508787"
"2021-05-02T00:00:00.000","U","195776","126355","322131"
"2021-05-01T00:00:00.000","A","266141","170503","436644"
"2021-04-30T00:00:00.000","W","358329","207166","565495"
"2021-04-29T00:00:00.000","W","327089","184416","511505"
"2021-04-28T00:00:00.000","W","303689","172569","476258"
"2021-04-27T00:00:00.000","W","352388","193712","546100"
"2021-04-26T00:00:00.000","W","337128","176283","513411"
"2021-04-25T00:00:00.000","U","175558","113050","288608"
"2021-04-24T00:00:00.000","A","234939","149135","384074"
"2021-04-23T00:00:00.000","W","341811","203880","545691"
"2021-04-22T00:00:00.000","W","336610","187886","524496"
"2021-04-21T00:00:00.000","W","313705","173325","487030"
"2021-04-20T00:00:00.000","W","310048","170031","480079"
"2021-04-19T00:00:00.000","W","307407","165608","473015"
"2021-04-18T00:00:00.000","U","177249","112596","289845"
"2021-04-17T00:00:00.000","A","237265","155208","392473"
"2021-04-16T00:00:00.000","W","334144","199086","533230"
"2021-04-15T00:00:00.000","W","321850","179206","501056"
"2021-04-14T00:00:00.000","W","320689","173838","494527"
"2021-04-13T00:00:00.000","W","335197","179135","514332"
"2021-04-12T00:00:00.000","W","326192","170290","496482"
"2021-04-11T00:00:00.000","U","177686","105758","283444"
"2021-04-10T00:00:00.000","A","212976","129831","342807"
"2021-04-09T00:00:00.000","W","330542","186985","517527"
"2021-04-08T00:00:00.000","W","302569","171140","473709"
"2021-04-07T00:00:00.000","W","340512","181069","521581"
"2021-04-06T00:00:00.000","W","338664","181795","520459"
"2021-04-05T00:00:00.000","W","313426","166404","479830"
"2021-04-04T00:00:00.000","U","178580","105039","283619"
"2021-04-03T00:00:00.000","A","258780","150786","409566"
"2021-04-02T00:00:00.000","W","329144","180602","509746"
"2021-04-01T00:00:00.000","W","330414","178267","508681"
"2021-03-31T00:00:00.000","W","313521","168955","482476"
"2021-03-30T00:00:00.000","W","324218","170588","494806"
"2021-03-29T00:00:00.000","W","316586","165113","481699"
"2021-03-28T00:00:00.000","U","171037","101679","272716"
"2021-03-27T00:00:00.000","A","235940","137705","373645"
"2021-03-26T00:00:00.000","W","321386","175255","496641"
"2021-03-25T00:00:00.000","W","316190","168278","484468"
"2021-03-24T00:00:00.000","W","320929","168422","489351"
"2021-03-23T00:00:00.000","W","303876","159635","463511"
"2021-03-22T00:00:00.000","W","319333","164624","483957"
"2021-03-21T00:00:00.000","U","187953","111138","299091"
"2021-03-20T00:00:00.000","A","246067","141702","387769"
"2021-03-19T00:00:00.000","W","330666","178106","508772"
"2021-03-18T00:00:00.000","W","293346","160989","454335"
"2021-03-17T00:00:00.000","W","310656","165207","475863"
"2021-03-16T00:00:00.000","W","300583","158171","458754"
"2021-03-15T00:00:00.000","W","265818","144990","410808"
"2021-03-14T00:00:00.000","U","163299","97387","260686"
"2021-03-13T00:00:00.000","A","247738","148004","395742"
"2021-03-12T00:00:00.000","W","323199","172476","495675"
"2021-03-11T00:00:00.000","W","318121","165057","483178"
"2021-03-10T00:00:00.000","W","312074","161736","473810"
"2021-03-09T00:00:00.000","W","327340","164868","492208"
"2021-03-08T00:00:00.000","W","317267","159512","476779"
"2021-03-07T00:00:00.000","U","173071","95906","268977"
"2021-03-06T00:00:00.000","A","228890","124851","353741"
"2021-03-05T00:00:00.000","W","317629","167771","485400"
"2021-03-04T00:00:00.000","W","309302","159889","469191"
"2021-03-03T00:00:00.000","W","333410","163566","496976"
"2021-03-02T00:00:00.000","W","308998","156140","465138"
"2021-03-01T00:00:00.000","W","309106","149826","458932"
"2021-02-28T00:00:00.000","U","158200","87008","245208"
"2021-02-27T00:00:00.000","A","232432","127246","359678"
"2021-02-26T00:00:00.000","W","309217","164565","473782"
"2021-02-25T00:00:00.000","W","300304","157867","458171"
"2021-02-24T00:00:00.000","W","307300","156793","464093"
"2021-02-23T00:00:00.000","W","308822","157020","465842"
"2021-02-22T00:00:00.000","W","280331","146573","426904"
"2021-02-21T00:00:00.000","U","146116","81211","227327"
"2021-02-20T00:00:00.000","A","192157","112011","304168"
"2021-02-19T00:00:00.000","W","287852","156832","444684"
"2021-02-18T00:00:00.000","W","283168","155250","438418"
"2021-02-17T00:00:00.000","W","278930","149828","428758"
"2021-02-16T00:00:00.000","W","206197","114830","321027"
"2021-02-15T00:00:00.000","W","196912","118258","315170"
"2021-02-14T00:00:00.000","U","121070","73603","194673"
"2021-02-13T00:00:00.000","A","186257","106030","292287"
"2021-02-12T00:00:00.000","W","280767","149261","430028"
"2021-02-11T00:00:00.000","W","269772","146284","416056"
"2021-02-10T00:00:00.000","W","267271","141210","408481"
"2021-02-09T00:00:00.000","W","260772","137064","397836"
"2021-02-08T00:00:00.000","W","242899","128998","371897"
"2021-02-07T00:00:00.000","U","110637","64459","175096"
"2021-02-06T00:00:00.000","A","161437","89065","250502"
"2021-02-05T00:00:00.000","W","250369","139613","389982"
"2021-02-04T00:00:00.000","W","278515","147593","426108"
"2021-02-03T00:00:00.000","W","315672","152303","467975"
"2021-02-02T00:00:00.000","W","288369","146050","434419"
"2021-02-01T00:00:00.000","W","285366","145356","430722"
"2021-01-31T00:00:00.000","U","119669","75697","195366"
"2021-01-30T00:00:00.000","A","192267","102119","294386"
"2021-01-29T00:00:00.000","W","285439","148439","433878"
"2021-01-28T00:00:00.000","W","265152","140259","405411"
"2021-01-27T00:00:00.000","W","262570","138610","401180"
"2021-01-26T00:00:00.000","W","233767","127803","361570"
"2021-01-25T00:00:00.000","W","265782","135618","401400"
"2021-01-24T00:00:00.000","U","141538","71996","213534"
"2021-01-23T00:00:00.000","A","190988","96503","287491"
"2021-01-22T00:00:00.000","W","264517","138811","403328"
"2021-01-21T00:00:00.000","W","287899","144085","431984"
"2021-01-20T00:00:00.000","W","257638","131313","388951"
"2021-01-19T00:00:00.000","W","270497","137227","407724"
"2021-01-18T00:00:00.000","W","227108","113727","340835"
"2021-01-17T00:00:00.000","U","143923","72570","216493"
"2021-01-16T00:00:00.000","A","193303","96530","289833"
"2021-01-15T00:00:00.000","W","277928","139988","417916"
"2021-01-14T00:00:00.000","W","275747","137634","413381"
"2021-01-13T00:00:00.000","W","282529","140007","422536"
"2021-01-12T00:00:00.000","W","277882","136866","414748"
"2021-01-11T00:00:00.000","W","262355","129615","391970"
"2021-01-10T00:00:00.000","U","145412","71867","217279"
"2021-01-09T00:00:00.000","A","205370","101095","306465"
"2021-01-08T00:00:00.000","W","272827","137181","410008"
"2021-01-07T00:00:00.000","W","270340","135092","405432"
"2021-01-06T00:00:00.000","W","278317","136069","414386"
"2021-01-05T00:00:00.000","W","281724","134514","416238"
"2021-01-04T00:00:00.000","W","282862","132124","414986"
"2021-01-03T00:00:00.000","U","140440","72391","212831"
"2021-01-02T00:00:00.000","A","186877","91034","277911"
"2021-01-01T00:00:00.000","U","114115","62077","176192"
"2020-12-31T00:00:00.000","W","254787","114338","369125"
"2020-12-30T00:00:00.000","W","244219","126447","370666"
"2020-12-29T00:00:00.000","W","253437","128558","381995"
"2020-12-28T00:00:00.000","W","259552","125317","384869"
"2020-12-27T00:00:00.000","U","139350","72363","211713"
"2020-12-26T00:00:00.000","A","170294","81793","252087"
"2020-12-25T00:00:00.000","U","80783","40861","121644"
"2020-12-24T00:00:00.000","W","201261","92528","293789"
"2020-12-23T00:00:00.000","W","283137","138325","421462"
"2020-12-22T00:00:00.000","W","289292","140759","430051"
"2020-12-21T00:00:00.000","W","280892","137696","418588"
"2020-12-20T00:00:00.000","U","157805","80063","237868"
"2020-12-19T00:00:00.000","A","201406","101970","303376"
"2020-12-18T00:00:00.000","W","284841","144568","429409"
"2020-12-17T00:00:00.000","W","273791","139375","413166"
"2020-12-16T00:00:00.000","W","269375","138422","407797"
"2020-12-15T00:00:00.000","W","273075","137120","410195"
"2020-12-14T00:00:00.000","W","269583","135394","404977"
"2020-12-13T00:00:00.000","U","150344","78380","228724"
"2020-12-12T00:00:00.000","A","181545","92521","274066"
"2020-12-11T00:00:00.000","W","277727","138386","416113"
"2020-12-10T00:00:00.000","W","297368","144459","441827"
"2020-12-09T00:00:00.000","W","293699","143390","437089"
"2020-12-08T00:00:00.000","W","277139","137145","414284"
"2020-12-07T00:00:00.000","W","272363","133537","405900"
"2020-12-06T00:00:00.000","U","144322","74099","218421"
"2020-12-05T00:00:00.000","A","206508","100869","307377"
"2020-12-04T00:00:00.000","W","297160","144348","441508"
"2020-12-03T00:00:00.000","W","301357","142080","443437"
"2020-12-02T00:00:00.000","W","289930","137598","427528"
"2020-12-01T00:00:00.000","W","290906","138364","429270"
"2020-11-30T00:00:00.000","W","255801","130426","386227"
"2020-11-29T00:00:00.000","U","145682","76276","221958"
"2020-11-28T00:00:00.000","A","198860","97141","296001"
"2020-11-27T00:00:00.000","W","221878","106692","328570"
"2020-11-26T00:00:00.000","U","119470","56839","176309"
"2020-11-25T00:00:00.000","W","267787","131704","399491"
"2020-11-24T00:00:00.000","W","264500","135119","399619"
"2020-11-23T00:00:00.000","W","283365","138635","422000"
"2020-11-22T00:00:00.000","U","146562","74926","221488"
"2020-11-21T00:00:00.000","A","206379","100672","307051"
"2020-11-20T00:00:00.000","W","297292","149612","446904"
"2020-11-19T00:00:00.000","W","292548","148286","440834"
"2020-11-18T00:00:00.000","W","285245","143331","428576"
"2020-11-17T00:00:00.000","W","279757","140971","420728"
"2020-11-16T00:00:00.000","W","282290","140661","422951"
"2020-11-15T00:00:00.000","U","136434","75619","212053"
"2020-11-14T00:00:00.000","A","206691","104500","311191"
"2020-11-13T00:00:00.000","W","305354","159535","464889"
"2020-11-12T00:00:00.000","W","305497","158496","463993"
"2020-11-11T00:00:00.000","W","286362","147595","433957"
"2020-11-10T00:00:00.000","W","298502","153003","451505"
"2020-11-09T00:00:00.000","W","308098","157126","465224"
"2020-11-08T00:00:00.000","U","166538","94199","260737"
"2020-11-07T00:00:00.000","A","226237","126890","353127"
"2020-11-06T00:00:00.000","W","318896","167110","486006"
"2020-11-05T00:00:00.000","W","311836","158434","470270"
"2020-11-04T00:00:00.000","W","306904","151147","458051"
"2020-11-03T00:00:00.000","W","317723","149741","467464"
"2020-11-02T00:00:00.000","W","301558","154284","455842"
"2020-11-01T00:00:00.000","U","149896","85934","235830"
"2020-10-31T00:00:00.000","A","224885","120080","344965"
"2020-10-30T00:00:00.000","W","334559","172445","507004"
"2020-10-29T00:00:00.000","W","304342","165360","469702"
"2020-10-28T00:00:00.000","W","318538","165838","484376"
"2020-10-27T00:00:00.000","W","299100","158973","458073"
"2020-10-26T00:00:00.000","W","294204","155238","449442"
"2020-10-25T00:00:00.000","U","160807","94731","255538"
"2020-10-24T00:00:00.000","A","239353","132006","371359"
"2020-10-23T00:00:00.000","W","288787","166459","455246"
"2020-10-22T00:00:00.000","W","318012","168824","486836"
"2020-10-21T00:00:00.000","W","321256","167872","489128"
"2020-10-20T00:00:00.000","W","310091","163811","473902"
"2020-10-19T00:00:00.000","W","300842","158006","458848"
"2020-10-18T00:00:00.000","U","150496","92227","242723"
"2020-10-17T00:00:00.000","A","231563","134238","365801"
"2020-10-16T00:00:00.000","W","324544","178507","503051"
"2020-10-15T00:00:00.000","W","323424","172888","496312"
"2020-10-14T00:00:00.000","W","334911","172419","507330"
"2020-10-13T00:00:00.000","W","334145","170998","505143"
"2020-10-12T00:00:00.000","W","271925","145635","417560"
"2020-10-11T00:00:00.000","U","181194","103244","284438"
"2020-10-10T00:00:00.000","A","248858","137846","386704"
"2020-10-09T00:00:00.000","W","335842","183544","519386"
"2020-10-08T00:00:00.000","W","334365","174469","508834"
"2020-10-07T00:00:00.000","W","333595","171757","505352"
"2020-10-06T00:00:00.000","W","332474","168456","500930"
"2020-10-05T00:00:00.000","W","326242","164517","490759"
"2020-10-04T00:00:00.000","U","179954","100387","280341"
"2020-10-03T00:00:00.000","A","241921","133772","375693"
"2020-10-02T00:00:00.000","W","349664","182413","532077"
"2020-10-01T00:00:00.000","W","336911","173387","510298"
"2020-09-30T00:00:00.000","W","320186","169305","489491"
"2020-09-29T00:00:00.000","W","323062","167874","490936"
"2020-09-28T00:00:00.000","W","299874","158980","458854"
"2020-09-27T00:00:00.000","U","176943","102308","279251"
"2020-09-26T00:00:00.000","A","239686","136388","376074"
"2020-09-25T00:00:00.000","W","338121","180938","519059"
"2020-09-24T00:00:00.000","W","321314","169953","491267"
"2020-09-23T00:00:00.000","W","326416","169407","495823"
"2020-09-22T00:00:00.000","W","324554","166852","491406"
"2020-09-21T00:00:00.000","W","312717","160531","473248"
"2020-09-20T00:00:00.000","U","175502","101785","277287"
"2020-09-19T00:00:00.000","A","240028","135343","375371"
"2020-09-18T00:00:00.000","W","329339","179021","508360"
"2020-09-17T00:00:00.000","W","322703","171455","494158"
"2020-09-16T00:00:00.000","W","323500","171467","494967"
"2020-09-15T00:00:00.000","W","323465","166872","490337"
"2020-09-14T00:00:00.000","W","314508","159479","473987"
"2020-09-13T00:00:00.000","U","183881","104162","288043"
"2020-09-12T00:00:00.000","A","213040","118325","331365"
"2020-09-11T00:00:00.000","W","323815","172643","496458"
"2020-09-10T00:00:00.000","W","320927","167696","488623"
"2020-09-09T00:00:00.000","W","318510","162823","481333"
"2020-09-08T00:00:00.000","W","288854","151558","440412"
"2020-09-07T00:00:00.000","U","189391","104992","294383"
"2020-09-06T00:00:00.000","U","161152","98132","259284"
"2020-09-05T00:00:00.000","A","239660","134087","373747"
"2020-09-04T00:00:00.000","W","339339","176834","516173"
"2020-09-03T00:00:00.000","W","347516","172408","519924"
"2020-09-02T00:00:00.000","W","335025","167989","503014"
"2020-09-01T00:00:00.000","W","320186","157112","477298"
"2020-08-31T00:00:00.000","W","312659","156093","468752"
"2020-08-30T00:00:00.000","U","172100","96089","268189"
"2020-08-29T00:00:00.000","A","228415","120335","348750"
"2020-08-28T00:00:00.000","W","313712","163890","477602"
"2020-08-27T00:00:00.000","W","307570","159603","467173"
"2020-08-26T00:00:00.000","W","311882","158419","470301"
"2020-08-25T00:00:00.000","W","306720","156020","462740"
"2020-08-24T00:00:00.000","W","295919","152126","448045"
"2020-08-23T00:00:00.000","U","167737","93123","260860"
"2020-08-22T00:00:00.000","A","229626","119732","349358"
"2020-08-21T00:00:00.000","W","322563","165104","487667"
"2020-08-20T00:00:00.000","W","317199","160843","478042"
"2020-08-19T00:00:00.000","W","317835","158653","476488"
"2020-08-18T00:00:00.000","W","313038","155406","468444"
"2020-08-17T00:00:00.000","W","304431","147684","452115"
"2020-08-16T00:00:00.000","U","172492","89599","262091"
"2020-08-15T00:00:00.000","A","215071","107720","322791"
"2020-08-14T00:00:00.000","W","315311","155653","470964"
"2020-08-13T00:00:00.000","W","313917","150941","464858"
"2020-08-12T00:00:00.000","W","313739","146680","460419"
"2020-08-11T00:00:00.000","W","309009","138581","447590"
"2020-08-10T00:00:00.000","W","250672","96642","347314"
"2020-08-09T00:00:00.000","U","175080","93832","268912"
"2020-08-08T00:00:00.000","A","232723","118676","351399"
"2020-08-07T00:00:00.000","W","326107","164886","490993"
"2020-08-06T00:00:00.000","W","320751","159609","480360"
"2020-08-05T00:00:00.000","W","319021","157695","476716"
"2020-08-04T00:00:00.000","W","326128","157759","483887"
"2020-08-03T00:00:00.000","W","324028","152552","476580"
"2020-08-02T00:00:00.000","U","169536","89199","258735"
"2020-08-01T00:00:00.000","A","235944","117414","353358"
"2020-07-31T00:00:00.000","W","338021","164604","502625"
"2020-07-30T00:00:00.000","W","307576","156312","463888"
"2020-07-29T00:00:00.000","W","305332","152279","457611"
"2020-07-28T00:00:00.000","W","314899","153221","468120"
"2020-07-27T00:00:00.000","W","295579","144168","439747"
"2020-07-26T00:00:00.000","U","163332","90069","253401"
"2020-07-25T00:00:00.000","A","228619","116404","345023"
"2020-07-24T00:00:00.000","W","318269","161024","479293"
"2020-07-23T00:00:00.000","W","315401","156970","472371"
"2020-07-22T00:00:00.000","W","306629","152652","459281"
"2020-07-21T00:00:00.000","W","297659","148632","446291"
"2020-07-20T00:00:00.000","W","307261","149404","456665"
"2020-07-19T00:00:00.000","U","148461","80714","229175"
"2020-07-18T00:00:00.000","A","219217","109549","328766"
"2020-07-17T00:00:00.000","W","315882","161335","477217"
"2020-07-16T00:00:00.000","W","306288","154912","461200"
"2020-07-15T00:00:00.000","W","295648","147794","443442"
"2020-07-14T00:00:00.000","W","312379","152758","465137"
"2020-07-13T00:00:00.000","W","309700","149117","458817"
"2020-07-12T00:00:00.000","U","174761","90382","265143"
"2020-07-11T00:00:00.000","A","233152","112641","345793"
"2020-07-10T00:00:00.000","W","312226","155529","467755"
"2020-07-09T00:00:00.000","W","301260","149971","451231"
"2020-07-08T00:00:00.000","W","301892","149845","451737"
"2020-07-07T00:00:00.000","W","300508","147310","447818"
"2020-07-06T00:00:00.000","W","301317","143054","444371"
"2020-07-05T00:00:00.000","U","166998","84977","251975"
"2020-07-04T00:00:00.000","A","188378","94601","282979"
"2020-07-03T00:00:00.000","U","272940","127079","400019"
"2020-07-02T00:00:00.000","W","320859","149071","469930"
"2020-07-01T00:00:00.000","W","327984","148683","476667"
"2020-06-30T00:00:00.000","W","298563","140782","439345"
"2020-06-29T00:00:00.000","W","279383","133291","412674"
"2020-06-28T00:00:00.000","U","171693","86966","258659"
"2020-06-27T00:00:00.000","A","233358","106092","339450"
"2020-06-26T00:00:00.000","W","275240","130402","405642"
"2020-06-25T00:00:00.000","W","304522","139288","443810"
"2020-06-24T00:00:00.000","W","286680","133015","419695"
"2020-06-23T00:00:00.000","W","299680","131100","430780"
"2020-06-22T00:00:00.000","W","260524","114622","375146"
"2020-06-21T00:00:00.000","U","165913","70884","236797"
"2020-06-20T00:00:00.000","A","221620","81634","303254"
"2020-06-19T00:00:00.000","W","303502","125162","428664"
"2020-06-18T00:00:00.000","W","305028","119506","424534"
"2020-06-17T00:00:00.000","W","306380","117798","424178"
"2020-06-16T00:00:00.000","W","301881","114566","416447"
"2020-06-15T00:00:00.000","W","294517","111956","406473"
"2020-06-14T00:00:00.000","U","165299","66384","231683"
"2020-06-13T00:00:00.000","A","206386","81727","288113"
"2020-06-12T00:00:00.000","W","276051","113656","389707"
"2020-06-11T00:00:00.000","W","282597","110709","393306"
"2020-06-10T00:00:00.000","W","258523","101685","360208"
"2020-06-09T00:00:00.000","W","245154","98717","343871"
"2020-06-08T00:00:00.000","W","263520","100516","364036"
"2020-06-07T00:00:00.000","U","143697","53232","196929"
"2020-06-06T00:00:00.000","A","184406","69622","254028"
"2020-06-05T00:00:00.000","W","252137","90734","342871"
"2020-06-04T00:00:00.000","W","236590","83605","320195"
"2020-06-03T00:00:00.000","W","207502","68423","275925"
"2020-06-02T00:00:00.000","W","154414","31544","185958"
"2020-06-01T00:00:00.000","W","146931","27517","174448"
"2020-05-31T00:00:00.000","U","86503","23544","110047"
"2020-05-30T00:00:00.000","A","210004","69848","279852"
"2020-05-29T00:00:00.000","W","265087","92565","357652"
"2020-05-28T00:00:00.000","W","250675","86579","337254"
"2020-05-27T00:00:00.000","W","258713","86518","345231"
"2020-05-26T00:00:00.000","W","260758","84940","345698"
"2020-05-25T00:00:00.000","U","170039","52921","222960"
"2020-05-24T00:00:00.000","U","171095","53281","224376"
"2020-05-23T00:00:00.000","A","198708","59164","257872"
"2020-05-22T00:00:00.000","W","255894","86436","342330"
"2020-05-21T00:00:00.000","W","244336","85164","329500"
"2020-05-20T00:00:00.000","W","253916","85596","339512"
"2020-05-19T00:00:00.000","W","228412","79752","308164"
"2020-05-18T00:00:00.000","W","242568","80822","323390"
"2020-05-17T00:00:00.000","U","119698","40451","160149"
"2020-05-16T00:00:00.000","A","204433","60144","264577"
"2020-05-15T00:00:00.000","W","261148","82454","343602"
"2020-05-14T00:00:00.000","W","211894","76152","288046"
"2020-05-13T00:00:00.000","W","259169","83529","342698"
"2020-05-12T00:00:00.000","W","244938","81217","326155"
"2020-05-11T00:00:00.000","W","236521","77650","314171"
"2020-05-10T00:00:00.000","U","134047","43773","177820"
"2020-05-09T00:00:00.000","A","206907","59372","266279"
"2020-05-08T00:00:00.000","W","242402","82107","324509"
"2020-05-07T00:00:00.000","W","247597","83941","331538"
"2020-05-06T00:00:00.000","W","248434","82526","330960"
"2020-05-05T00:00:00.000","W","224885","77485","302370"
"2020-05-04T00:00:00.000","W","244960","79706","324666"
"2020-05-03T00:00:00.000","U","155791","49160","204951"
"2020-05-02T00:00:00.000","A","210617","59142","269759"
"2020-05-01T00:00:00.000","W","272700","89139","361839"
"2020-04-30T00:00:00.000","W","224948","79783","304731"
"2020-04-29T00:00:00.000","W","205453","74942","280395"
"2020-04-28T00:00:00.000","W","229831","79284","309115"
"2020-04-27T00:00:00.000","W","230903","77830","308733"
"2020-04-26T00:00:00.000","U","145023","47350","192373"
"2020-04-25T00:00:00.000","A","156179","51764","207943"
"2020-04-24T00:00:00.000","W","225498","78966","304464"
"2020-04-23T00:00:00.000","W","214131","77918","292049"
"2020-04-22T00:00:00.000","W","213080","77822","290902"
"2020-04-21T00:00:00.000","W","219120","77886","297006"
"2020-04-20T00:00:00.000","W","225938","79017","304955"
"2020-04-19T00:00:00.000","U","135539","47512","183051"
"2020-04-18T00:00:00.000","A","175887","58347","234234"
"2020-04-17T00:00:00.000","W","205280","77935","283215"
"2020-04-16T00:00:00.000","W","213862","79764","293626"
"2020-04-15T00:00:00.000","W","199545","78844","278389"
"2020-04-14T00:00:00.000","W","196277","79616","275893"
"2020-04-13T00:00:00.000","W","199679","79074","278753"
"2020-04-12T00:00:00.000","U","117907","46243","164150"
"2020-04-11T00:00:00.000","A","161743","59808","221551"
"2020-04-10T00:00:00.000","W","202934","85608","288542"
"2020-04-09T00:00:00.000","W","189898","86725","276623"
"2020-04-08T00:00:00.000","W","197789","88894","286683"
"2020-04-07T00:00:00.000","W","202629","90824","293453"
"2020-04-06T00:00:00.000","W","199323","89714","289037"
"2020-04-05T00:00:00.000","U","118701","53173","171874"
"2020-04-04T00:00:00.000","A","154302","65727","220029"
"2020-04-03T00:00:00.000","W","240528","101015","341543"
"2020-04-02T00:00:00.000","W","214222","95183","309405"
"2020-04-01T00:00:00.000","W","235503","100042","335545"
"2020-03-31T00:00:00.000","W","200537","94709","295246"
"2020-03-30T00:00:00.000","W","208762","96996","305758"
"2020-03-29T00:00:00.000","U","111188","57736","168924"
"2020-03-28T00:00:00.000","A","144561","68572","213133"
"2020-03-27T00:00:00.000","W","220715","102714","323429"
"2020-03-26T00:00:00.000","W","211746","100860","312606"
"2020-03-25T00:00:00.000","W","229414","106913","336327"
"2020-03-24T00:00:00.000","W","220319","105312","325631"
"2020-03-23T00:00:00.000","W","212121","103992","316113"
"2020-03-22T00:00:00.000","U","113282","60490","173772"
"2020-03-21T00:00:00.000","A","185406","86695","272101"
"2020-03-20T00:00:00.000","W","303882","152797","456679"
"2020-03-19T00:00:00.000","W","305501","163013","468514"
"2020-03-18T00:00:00.000","W","320242","179316","499558"
"2020-03-17T00:00:00.000","W","390091","217294","607385"
"2020-03-16T00:00:00.000","W","493179","284844","778023"
"2020-03-15T00:00:00.000","U","256591","166575","423166"
"2020-03-14T00:00:00.000","A","347925","235841","583766"
"2020-03-13T00:00:00.000","W","674594","496474","1171068"
"2020-03-12T00:00:00.000","W","737628","601682","1339310"
"2020-03-11T00:00:00.000","W","767610","660739","1428349"
"2020-03-10T00:00:00.000","W","787025","678996","1466021"
"2020-03-09T00:00:00.000","W","736013","647602","1383615"
"2020-03-08T00:00:00.000","U","343291","269577","612868"
"2020-03-07T00:00:00.000","A","455672","366530","822202"
"2020-03-06T00:00:00.000","W","767084","655010","1422094"
"2020-03-05T00:00:00.000","W","803260","698732","1501992"
"2020-03-04T00:00:00.000","W","815420","699192","1514612"
"2020-03-03T00:00:00.000","W","834640","701777","1536417"
"2020-03-02T00:00:00.000","W","785700","666046","1451746"
"2020-03-01T00:00:00.000","U","357257","267438","624695"
"2020-02-29T00:00:00.000","A","458601","337983","796584"
"2020-02-28T00:00:00.000","W","786008","665937","1451945"
"2020-02-27T00:00:00.000","W","778992","698886","1477878"
"2020-02-26T00:00:00.000","W","756936","682501","1439437"
"2020-02-25T00:00:00.000","W","781725","693749","1475474"
"2020-02-24T00:00:00.000","W","789498","682036","1471534"
"2020-02-23T00:00:00.000","U","357784","260505","618289"
"2020-02-22T00:00:00.000","A","463771","344117","807888"
"2020-02-21T00:00:00.000","W","782853","675973","1458826"
"2020-02-20T00:00:00.000","W","778698","700575","1479273"
"2020-02-19T00:00:00.000","W","804097","707598","1511695"
"2020-02-18T00:00:00.000","W","815098","711305","1526403"
"2020-02-17T00:00:00.000","W","567523","502927","1070450"
"2020-02-16T00:00:00.000","U","338343","267790","606133"
"2020-02-15T00:00:00.000","A","408435","326795","735230"
"2020-02-14T00:00:00.000","W","674960","628729","1303689"
"2020-02-13T00:00:00.000","W","746798","689019","1435817"
"2020-02-12T00:00:00.000","W","785838","697300","1483138"
"2020-02-11T00:00:00.000","W","819275","717350","1536625"
"2020-02-10T00:00:00.000","W","799851","694168","1494019"
"2020-02-09T00:00:00.000","U","310705","223411","534116"
"2020-02-08T00:00:00.000","A","456540","325289","781829"
"2020-02-07T00:00:00.000","W","778480","676805","1455285"
"2020-02-06T00:00:00.000","W","761859","701795","1463654"
"2020-02-05T00:00:00.000","W","802795","707772","1510567"
"2020-02-04T00:00:00.000","W","806946","710072","1517018"
"2020-02-03T00:00:00.000","W","816538","689308","1505846"
"2020-02-02T00:00:00.000","U","352056","253149","605205"
"2020-02-01T00:00:00.000","A","449112","325925","775037"
"2020-01-31T00:00:00.000","W","735622","665472","1401094"
"2020-01-30T00:00:00.000","W","787640","718793","1506433"
"2020-01-29T00:00:00.000","W","793740","711177","1504917"
"2020-01-28T00:00:00.000","W","802484","715500","1517984"
"2020-01-27T00:00:00.000","W","790014","697371","1487385"
"2020-01-26T00:00:00.000","U","318824","241153","559977"
"2020-01-25T00:00:00.000","A","408051","320905","728956"
"2020-01-24T00:00:00.000","W","745526","677320","1422846"
"2020-01-23T00:00:00.000","W","768601","717469","1486070"
"2020-01-22T00:00:00.000","W","794213","715399","1509612"
"2020-01-21T00:00:00.000","W","789718","712386","1502104"
"2020-01-20T00:00:00.000","W","477995","410324","888319"
"2020-01-19T00:00:00.000","U","256029","219005","475034"
"2020-01-18T00:00:00.000","A","371460","319878","691338"
"2020-01-17T00:00:00.000","W","737073","687789","1424862"
"2020-01-16T00:00:00.000","W","774375","715978","1490353"
"2020-01-15T00:00:00.000","W","794821","720057","1514878"
"2020-01-14T00:00:00.000","W","807239","720277","1527516"
"2020-01-13T00:00:00.000","W","775861","699927","1475788"
"2020-01-12T00:00:00.000","U","294457","237736","532193"
"2020-01-11T00:00:00.000","A","345787","281493","627280"
"2020-01-10T00:00:00.000","W","753866","654344","1408210"
"2020-01-09T00:00:00.000","W","758063","679244","1437307"
"2020-01-08T00:00:00.000","W","744261","665227","1409488"
"2020-01-07T00:00:00.000","W","775765","677497","1453262"
"2020-01-06T00:00:00.000","W","750349","659521","1409870"
"2020-01-05T00:00:00.000","U","314424","234155","548579"
"2020-01-04T00:00:00.000","A","409243","306656","715899"
"2020-01-03T00:00:00.000","W","688165","578202","1266367"
"2020-01-02T00:00:00.000","W","651421","565139","1216560"
"2020-01-01T00:00:00.000","U","267300","255759","523059"
"2019-12-31T00:00:00.000","W","511289","431677","942966"
"2019-12-30T00:00:00.000","W","544713","480721","1025434"
"2019-12-29T00:00:00.000","U","315428","251105","566533"
"2019-12-28T00:00:00.000","A","394869","298646","693515"
"2019-12-27T00:00:00.000","W","552198","445835","998033"
"2019-12-26T00:00:00.000","W","517911","402948","920859"
"2019-12-25T00:00:00.000","U","200121","133009","333130"
"2019-12-24T00:00:00.000","W","462098","310604","772702"
"2019-12-23T00:00:00.000","W","601685","501524","1103209"
"2019-12-22T00:00:00.000","U","350959","283094","634053"
"2019-12-21T00:00:00.000","A","454167","356991","811158"
"2019-12-20T00:00:00.000","W","731997","640236","1372233"
"2019-12-19T00:00:00.000","W","745959","664554","1410513"
"2019-12-18T00:00:00.000","W","734493","658439","1392932"
"2019-12-17T00:00:00.000","W","765207","678194","1443401"
"2019-12-16T00:00:00.000","W","743694","648766","1392460"
"2019-12-15T00:00:00.000","U","348516","255659","604175"
"2019-12-14T00:00:00.000","A","471203","367508","838711"
"2019-12-13T00:00:00.000","W","788504","704438","1492942"
"2019-12-12T00:00:00.000","W","787393","716707","1504100"
"2019-12-11T00:00:00.000","W","753922","692730","1446652"
"2019-12-10T00:00:00.000","W","770888","697269","1468157"
"2019-12-09T00:00:00.000","W","786431","690443","1476874"
"2019-12-08T00:00:00.000","U","347917","286023","633940"
"2019-12-07T00:00:00.000","A","472207","404394","876601"
"2019-12-06T00:00:00.000","W","799551","729231","1528782"
"2019-12-05T00:00:00.000","W","833516","761399","1594915"
"2019-12-04T00:00:00.000","W","837738","739104","1576842"
"2019-12-03T00:00:00.000","W","849440","732651","1582091"
"2019-12-02T00:00:00.000","W","803894","702424","1506318"
"2019-12-01T00:00:00.000","U","315646","257317","572963"
"2019-11-30T00:00:00.000","A","386439","302733","689172"
"2019-11-29T00:00:00.000","W","480801","373012","853813"
"2019-11-28T00:00:00.000","U","244233","186732","430965"
"2019-11-27T00:00:00.000","W","669245","576379","1245624"
"2019-11-26T00:00:00.000","W","791651","707015","1498666"
"2019-11-25T00:00:00.000","W","810928","721624","1532552"
"2019-11-24T00:00:00.000","U","358133","301849","659982"
"2019-11-23T00:00:00.000","A","468337","443394","911731"
"2019-11-22T00:00:00.000","W","817445","782838","1600283"
"2019-11-21T00:00:00.000","W","790016","752762","1542778"
"2019-11-20T00:00:00.000","W","839934","756096","1596030"
"2019-11-19T00:00:00.000","W","822152","755257","1577409"
"2019-11-18T00:00:00.000","W","807951","731335","1539286"
"2019-11-17T00:00:00.000","U","340985","280372","621357"
"2019-11-16T00:00:00.000","A","467987","398924","866911"
"2019-11-15T00:00:00.000","W","794430","732607","1527037"
"2019-11-14T00:00:00.000","W","764328","745044","1509372"
"2019-11-13T00:00:00.000","W","762247","729140","1491387"
"2019-11-12T00:00:00.000","W","756604","724448","1481052"
"2019-11-11T00:00:00.000","W","590714","604475","1195189"
"2019-11-10T00:00:00.000","U","353042","292170","645212"
"2019-11-09T00:00:00.000","A","479816","386355","866171"
"2019-11-08T00:00:00.000","W","718820","702518","1421338"
"2019-11-07T00:00:00.000","W","821063","768460","1589523"
"2019-11-06T00:00:00.000","W","840399","762015","1602414"
"2019-11-05T00:00:00.000","W","855055","769233","1624288"
"2019-11-04T00:00:00.000","W","848867","749735","1598602"
"2019-11-03T00:00:00.000","U","356367","310621","666988"
"2019-11-02T00:00:00.000","A","467877","381954","849831"
"2019-11-01T00:00:00.000","W","798542","719267","1517809"
"2019-10-31T00:00:00.000","W","698934","693962","1392896"
"2019-10-30T00:00:00.000","W","733054","721966","1455020"
"2019-10-29T00:00:00.000","W","781400","752054","1533454"
"2019-10-28T00:00:00.000","W","762580","729809","1492389"
"2019-10-27T00:00:00.000","U","390090","314740","704830"
"2019-10-26T00:00:00.000","A","412819","356371","769190"
"2019-10-25T00:00:00.000","W","757907","729221","1487128"
"2019-10-24T00:00:00.000","W","790853","766559","1557412"
"2019-10-23T00:00:00.000","W","789783","791468","1581251"
"2019-10-22T00:00:00.000","W","772142","750644","1522786"
"2019-10-21T00:00:00.000","W","739027","727743","1466770"
"2019-10-20T00:00:00.000","U","377822","340156","717978"
"2019-10-19T00:00:00.000","A","499700","467794","967494"
"2019-10-18T00:00:00.000","W","762811","778466","1541277"
"2019-10-17T00:00:00.000","W","787285","790202","1577487"
"2019-10-16T00:00:00.000","W","845543","782133","1627676"
"2019-10-15T00:00:00.000","W","844826","788101","1632927"
"2019-10-14T00:00:00.000","W","666607","698402","1365009"
"2019-10-13T00:00:00.000","U","319885","522816","842701"
"2019-10-12T00:00:00.000","A","480048","470284","950332"
"2019-10-11T00:00:00.000","W","776609","762011","1538620"
"2019-10-10T00:00:00.000","W","855556","803767","1659323"
"2019-10-09T00:00:00.000","W","857532","766121","1623653"
"2019-10-08T00:00:00.000","W","868009","773805","1641814"
"2019-10-07T00:00:00.000","W","845146","748413","1593559"
"2019-10-06T00:00:00.000","U","403747","306647","710394"
"2019-10-05T00:00:00.000","A","492689","388710","881399"
"2019-10-04T00:00:00.000","W","851906","740946","1592852"
"2019-10-03T00:00:00.000","W","885919","781701","1667620"
"2019-10-02T00:00:00.000","W","844694","765652","1610346"
"2019-10-01T00:00:00.000","W","905477","772082","1677559"
"2019-09-30T00:00:00.000","W","850333","738159","1588492"
"2019-09-29T00:00:00.000","U","358174","294350","652524"
"2019-09-28T00:00:00.000","A","476234","401745","877979"
"2019-09-27T00:00:00.000","W","734962","699996","1434958"
"2019-09-26T00:00:00.000","W","853333","791418","1644751"
"2019-09-25T00:00:00.000","W","859089","781453","1640542"
"2019-09-24T00:00:00.000","W","850825","780378","1631203"
"2019-09-23T00:00:00.000","W","832762","766712","1599474"
"2019-09-22T00:00:00.000","U","338418","299658","638076"
"2019-09-21T00:00:00.000","A","489155","440464","929619"
"2019-09-20T00:00:00.000","W","830757","803291","1634048"
"2019-09-19T00:00:00.000","W","845624","816086","1661710"
"2019-09-18T00:00:00.000","W","859904","807081","1666985"
"2019-09-17T00:00:00.000","W","856186","797063","1653249"
"2019-09-16T00:00:00.000","W","825739","777685","1603424"
"2019-09-15T00:00:00.000","U","353264","352467","705731"
"2019-09-14T00:00:00.000","A","498571","487396","985967"
"2019-09-13T00:00:00.000","W","822197","800812","1623009"
"2019-09-12T00:00:00.000","W","845028","795224","1640252"
"2019-09-11T00:00:00.000","W","848169","777407","1625576"
"2019-09-10T00:00:00.000","W","856513","769458","1625971"
"2019-09-09T00:00:00.000","W","829266","737160","1566426"
"2019-09-08T00:00:00.000","U","344385","310823","655208"
"2019-09-07T00:00:00.000","A","486423","420502","906925"
"2019-09-06T00:00:00.000","W","821645","744323","1565968"
"2019-09-05T00:00:00.000","W","853186","800432","1653618"
"2019-09-04T00:00:00.000","W","861286","762868","1624154"
"2019-09-03T00:00:00.000","W","821674","738399","1560073"
"2019-09-02T00:00:00.000","U","374967","328376","703343"
"2019-09-01T00:00:00.000","U","379610","357032","736642"
"2019-08-31T00:00:00.000","A","482463","428658","911121"
"2019-08-30T00:00:00.000","W","761440","717490","1478930"
"2019-08-29T00:00:00.000","W","769645","747141","1516786"
"2019-08-28T00:00:00.000","W","772893","736506","1509399"
"2019-08-27T00:00:00.000","W","776670","740341","1517011"
"2019-08-26T00:00:00.000","W","693566","678343","1371909"
"2019-08-25T00:00:00.000","U","395847","327749","723596"
"2019-08-24T00:00:00.000","A","499355","424284","923639"
"2019-08-23T00:00:00.000","W","720876","723775","1444651"
"2019-08-22T00:00:00.000","W","739175","741995","1481170"
"2019-08-21T00:00:00.000","W","732929","724089","1457018"
"2019-08-20T00:00:00.000","W","670195","689224","1359419"
"2019-08-19T00:00:00.000","W","697759","669727","1367486"
"2019-08-18T00:00:00.000","U","330848","289890","620738"
"2019-08-17T00:00:00.000","A","456968","396155","853123"
"2019-08-16T00:00:00.000","W","699501","675393","1374894"
"2019-08-15T00:00:00.000","W","723069","703513","1426582"
"2019-08-14T00:00:00.000","W","708180","698339","1406519"
"2019-08-13T00:00:00.000","W","715539","697693","1413232"
"2019-08-12T00:00:00.000","W","672626","659442","1332068"
"2019-08-11T00:00:00.000","U","376464","321310","697774"
"2019-08-10T00:00:00.000","A","490001","428555","918556"
"2019-08-09T00:00:00.000","W","720081","716084","1436165"
"2019-08-08T00:00:00.000","W","746213","735310","1481523"
"2019-08-07T00:00:00.000","W","745371","746207","1491578"
"2019-08-06T00:00:00.000","W","737702","738151","1475853"
"2019-08-05T00:00:00.000","W","727517","724021","1451538"
"2019-08-04T00:00:00.000","U","375863","416740","792603"
"2019-08-03T00:00:00.000","A","497883","512548","1010431"
"2019-08-02T00:00:00.000","W","740366","804952","1545318"
"2019-08-01T00:00:00.000","W","763703","795333","1559036"
"2019-07-31T00:00:00.000","W","738630","739592","1478222"
"2019-07-30T00:00:00.000","W","744356","721545","1465901"
"2019-07-29T00:00:00.000","W","677033","663313","1340346"
"2019-07-28T00:00:00.000","U","399059","314226","713285"
"2019-07-27T00:00:00.000","A","509542","417935","927477"
"2019-07-26T00:00:00.000","W","728460","713766","1442226"
"2019-07-25T00:00:00.000","W","746240","746890","1493130"
"2019-07-24T00:00:00.000","W","754694","737880","1492574"
"2019-07-23T00:00:00.000","W","754783","731712","1486495"
"2019-07-22T00:00:00.000","W","733191","716299","1449490"
"2019-07-21T00:00:00.000","U","360488","342739","703227"
"2019-07-20T00:00:00.000","A","466646","419897","886543"
"2019-07-19T00:00:00.000","W","700392","721558","1421950"
"2019-07-18T00:00:00.000","W","681127","699545","1380672"
"2019-07-17T00:00:00.000","W","751727","751160","1502887"
"2019-07-16T00:00:00.000","W","736299","746731","1483030"
"2019-07-15T00:00:00.000","W","733408","723684","1457092"
"2019-07-14T00:00:00.000","U","386786","362994","749780"
"2019-07-13T00:00:00.000","A","496000","471671","967671"
"2019-07-12T00:00:00.000","W","738700","777202","1515902"
"2019-07-11T00:00:00.000","W","761712","767177","1528889"
"2019-07-10T00:00:00.000","W","750223","735504","1485727"
"2019-07-09T00:00:00.000","W","760765","733255","1494020"
"2019-07-08T00:00:00.000","W","738529","696647","1435176"
"2019-07-07T00:00:00.000","U","365003","328344","693347"
"2019-07-06T00:00:00.000","A","464539","390851","855390"
"2019-07-05T00:00:00.000","W","593204","492198","1085402"
"2019-07-04T00:00:00.000","U","386135","354474","740609"
"2019-07-03T00:00:00.000","W","761825","694945","1456770"
"2019-07-02T00:00:00.000","W","732483","698347","1430830"
"2019-07-01T00:00:00.000","W","751938","691817","1443755"
"2019-06-30T00:00:00.000","U","342891","473462","816353"
"2019-06-29T00:00:00.000","A","507082","438017","945099"
"2019-06-28T00:00:00.000","W","742317","717591","1459908"
"2019-06-27T00:00:00.000","W","763256","757999","1521255"
"2019-06-26T00:00:00.000","W","778502","758880","1537382"
"2019-06-25T00:00:00.000","W","790945","756023","1546968"
"2019-06-24T00:00:00.000","W","713826","694599","1408425"
"2019-06-23T00:00:00.000","U","372216","314345","686561"
"2019-06-22T00:00:00.000","A","485555","468890","954445"
"2019-06-21T00:00:00.000","W","741691","748258","1489949"
"2019-06-20T00:00:00.000","W","754094","755009","1509103"
"2019-06-19T00:00:00.000","W","762852","735207","1498059"
"2019-06-18T00:00:00.000","W","783381","747919","1531300"
"2019-06-17T00:00:00.000","W","739714","684609","1424323"
"2019-06-16T00:00:00.000","U","347416","319752","667168"
"2019-06-15T00:00:00.000","A","447116","419997","867113"
"2019-06-14T00:00:00.000","W","786956","769162","1556118"
"2019-06-13T00:00:00.000","W","784003","758006","1542009"
"2019-06-12T00:00:00.000","W","768907","722333","1491240"
"2019-06-11T00:00:00.000","W","812806","748133","1560939"
"2019-06-10T00:00:00.000","W","787528","717811","1505339"
"2019-06-09T00:00:00.000","U","372952","329388","702340"
"2019-06-08T00:00:00.000","A","517706","469189","986895"
"2019-06-07T00:00:00.000","W","797917","760907","1558824"
"2019-06-06T00:00:00.000","W","819351","773638","1592989"
"2019-06-05T00:00:00.000","W","817943","764911","1582854"
"2019-06-04T00:00:00.000","W","797511","749759","1547270"
"2019-06-03T00:00:00.000","W","814607","731571","1546178"
"2019-06-02T00:00:00.000","U","370049","319334","689383"
"2019-06-01T00:00:00.000","A","473204","379044","852248"
"2019-05-31T00:00:00.000","W","817633","738322","1555955"
"2019-05-30T00:00:00.000","W","792091","735508","1527599"
"2019-05-29T00:00:00.000","W","791059","717681","1508740"
"2019-05-28T00:00:00.000","W","769069","694292","1463361"
"2019-05-27T00:00:00.000","U","298987","256757","555744"
"2019-05-26T00:00:00.000","U","349368","335435","684803"
"2019-05-25T00:00:00.000","A","483109","426932","910041"
"2019-05-24T00:00:00.000","W","749827","681443","1431270"
"2019-05-23T00:00:00.000","W","801697","766717","1568414"
"2019-05-22T00:00:00.000","W","811376","756639","1568015"
"2019-05-21T00:00:00.000","W","777647","723782","1501429"
"2019-05-20T00:00:00.000","W","781061","721397","1502458"
"2019-05-19T00:00:00.000","U","332006","295929","627935"
"2019-05-18T00:00:00.000","A","448115","388373","836488"
"2019-05-17T00:00:00.000","W","758399","691390","1449789"
"2019-05-16T00:00:00.000","W","768250","714282","1482532"
"2019-05-15T00:00:00.000","W","810290","724761","1535051"
"2019-05-14T00:00:00.000","W","808863","722423","1531286"
"2019-05-13T00:00:00.000","W","783657","704326","1487983"
"2019-05-12T00:00:00.000","U","336476","298999","635475"
"2019-05-11T00:00:00.000","A","456362","407442","863804"
"2019-05-10T00:00:00.000","W","816268","749306","1565574"
"2019-05-09T00:00:00.000","W","810976","751965","1562941"
"2019-05-08T00:00:00.000","W","822516","755171","1577687"
"2019-05-07T00:00:00.000","W","805130","738981","1544111"
"2019-05-06T00:00:00.000","W","803622","724230","1527852"
"2019-05-05T00:00:00.000","U","402463","338727","741190"
"2019-05-04T00:00:00.000","A","495436","437434","932870"
"2019-05-03T00:00:00.000","W","834369","750517","1584886"
"2019-05-02T00:00:00.000","W","787163","728705","1515868"
"2019-05-01T00:00:00.000","W","841583","729104","1570687"
"2019-04-30T00:00:00.000","W","757497","707685","1465182"
"2019-04-29T00:00:00.000","W","729815","673476","1403291"
"2019-04-28T00:00:00.000","U","338518","289270","627788"
"2019-04-27T00:00:00.000","A","369056","319488","688544"
"2019-04-26T00:00:00.000","W","806103","731398","1537501"
"2019-04-25T00:00:00.000","W","820219","770006","1590225"
"2019-04-24T00:00:00.000","W","813407","759394","1572801"
"2019-04-23T00:00:00.000","W","806358","747351","1553709"
"2019-04-22T00:00:00.000","W","767623","692515","1460138"
"2019-04-21T00:00:00.000","U","330270","276935","607205"
"2019-04-20T00:00:00.000","A","462233","372841","835074"
"2019-04-19T00:00:00.000","W","643329","619953","1263282"
"2019-04-18T00:00:00.000","W","654819","675919","1330738"
"2019-04-17T00:00:00.000","W","710771","699083","1409854"
"2019-04-16T00:00:00.000","W","725056","709023","1434079"
"2019-04-15T00:00:00.000","W","694149","679904","1374053"
"2019-04-14T00:00:00.000","U","240601","215007","455608"
"2019-04-13T00:00:00.000","A","473087","417501","890588"
"2019-04-12T00:00:00.000","W","795077","731825","1526902"
"2019-04-11T00:00:00.000","W","771911","746596","1518507"
"2019-04-10T00:00:00.000","W","760548","731858","1492406"
"2019-04-09T00:00:00.000","W","791556","747311","1538867"
"2019-04-08T00:00:00.000","W","823032","754465","1577497"
"2019-04-07T00:00:00.000","U","331229","276992","608221"
"2019-04-06T00:00:00.000","A","487323","414140","901463"
"2019-04-05T00:00:00.000","W","754962","710414","1465376"
"2019-04-04T00:00:00.000","W","791393","735719","1527112"
"2019-04-03T00:00:00.000","W","846418","744443","1590861"
"2019-04-02T00:00:00.000","W","815370","727263","1542633"
"2019-04-01T00:00:00.000","W","825150","707874","1533024"
"2019-03-31T00:00:00.000","U","324724","264228","588952"
"2019-03-30T00:00:00.000","A","428233","346980","775213"
"2019-03-29T00:00:00.000","W","764086","667916","1432002"
"2019-03-28T00:00:00.000","W","782670","692421","1475091"
"2019-03-27T00:00:00.000","W","802407","693509","1495916"
"2019-03-26T00:00:00.000","W","794453","688849","1483302"
"2019-03-25T00:00:00.000","W","761448","666862","1428310"
"2019-03-24T00:00:00.000","U","312958","279989","592947"
"2019-03-23T00:00:00.000","A","472376","386972","859348"
"2019-03-22T00:00:00.000","W","784281","695716","1479997"
"2019-03-21T00:00:00.000","W","795501","719946","1515447"
"2019-03-20T00:00:00.000","W","782960","712714","1495674"
"2019-03-19T00:00:00.000","W","812217","727732","1539949"
"2019-03-18T00:00:00.000","W","786322","711535","1497857"
"2019-03-17T00:00:00.000","U","337661","301294","638955"
"2019-03-16T00:00:00.000","A","468181","570703","1038884"
"2019-03-15T00:00:00.000","W","769660","716230","1485890"
"2019-03-14T00:00:00.000","W","777417","726502","1503919"
"2019-03-13T00:00:00.000","W","785256","727150","1512406"
"2019-03-12T00:00:00.000","W","816229","729476","1545705"
"2019-03-11T00:00:00.000","W","784354","697758","1482112"
"2019-03-10T00:00:00.000","U","310427","250702","561129"
"2019-03-09T00:00:00.000","A","409779","326686","736465"
"2019-03-08T00:00:00.000","W","781577","684186","1465763"
"2019-03-07T00:00:00.000","W","790299","711428","1501727"
"2019-03-06T00:00:00.000","W","790908","708876","1499784"
"2019-03-05T00:00:00.000","W","761781","692945","1454726"
"2019-03-04T00:00:00.000","W","699086","635353","1334439"
"2019-03-03T00:00:00.000","U","313539","252150","565689"
"2019-03-02T00:00:00.000","A","454119","349392","803511"
"2019-03-01T00:00:00.000","W","812238","682969","1495207"
"2019-02-28T00:00:00.000","W","783920","714700","1498620"
"2019-02-27T00:00:00.000","W","797800","711827","1509627"
"2019-02-26T00:00:00.000","W","773049","699462","1472511"
"2019-02-25T00:00:00.000","W","762857","680844","1443701"
"2019-02-24T00:00:00.000","U","288368","240478","528846"
"2019-02-23T00:00:00.000","A","406839","328179","735018"
"2019-02-22T00:00:00.000","W","798311","702988","1501299"
"2019-02-21T00:00:00.000","W","813056","727504","1540560"
"2019-02-20T00:00:00.000","W","779660","717172","1496832"
"2019-02-19T00:00:00.000","W","812492","725195","1537687"
"2019-02-18T00:00:00.000","W","555501","519409","1074910"
"2019-02-17T00:00:00.000","U","296482","256817","553299"
"2019-02-16T00:00:00.000","A","438454","362613","801067"
"2019-02-15T00:00:00.000","W","754152","687932","1442084"
"2019-02-14T00:00:00.000","W","824482","746611","1571093"
"2019-02-13T00:00:00.000","W","795205","728764","1523969"
"2019-02-12T00:00:00.000","W","741083","698387","1439470"
"2019-02-11T00:00:00.000","W","779386","704667","1484053"
"2019-02-10T00:00:00.000","U","296809","251192","548001"
"2019-02-09T00:00:00.000","A","423681","338847","762528"
"2019-02-08T00:00:00.000","W","710682","655823","1366505"
"2019-02-07T00:00:00.000","W","789342","732351","1521693"
"2019-02-06T00:00:00.000","W","799164","727769","1526933"
"2019-02-05T00:00:00.000","W","808858","734181","1543039"
"2019-02-04T00:00:00.000","W","808055","718764","1526819"
"2019-02-03T00:00:00.000","U","322488","250724","573212"
"2019-02-02T00:00:00.000","A","435441","345650","781091"
"2019-02-01T00:00:00.000","W","683059","648091","1331150"
"2019-01-31T00:00:00.000","W","282336","243912","526248"
"2019-01-30T00:00:00.000","W","124154","97917","222071"
"2019-01-29T00:00:00.000","W","581664","579917","1161581"
"2019-01-28T00:00:00.000","W","668192","678810","1347002"
"2019-01-27T00:00:00.000","U","258884","221081","479965"
"2019-01-26T00:00:00.000","A","343625","296063","639688"
"2019-01-25T00:00:00.000","W","568100","590674","1158774"
"2019-01-24T00:00:00.000","W","745872","711300","1457172"
"2019-01-23T00:00:00.000","W","764136","718899","1483035"
"2019-01-22T00:00:00.000","W","757962","712125","1470087"
"2019-01-21T00:00:00.000","W","445534","401503","847037"
"2019-01-20T00:00:00.000","U","271961","236744","508705"
"2019-01-19T00:00:00.000","A","337080","312424","649504"
"2019-01-18T00:00:00.000","W","776640","700006","1476646"
"2019-01-17T00:00:00.000","W","800348","734929","1535277"
"2019-01-16T00:00:00.000","W","800537","728048","1528585"
"2019-01-15T00:00:00.000","W","783113","720095","1503208"
"2019-01-14T00:00:00.000","W","756590","705571","1462161"
"2019-01-13T00:00:00.000","U","301855","250222","552077"
"2019-01-12T00:00:00.000","A","382464","325219","707683"
"2019-01-11T00:00:00.000","W","763718","679115","1442833"
"2019-01-10T00:00:00.000","W","747850","690162","1438012"
"2019-01-09T00:00:00.000","W","747949","685444","1433393"
"2019-01-08T00:00:00.000","W","784085","701693","1485778"
"2019-01-07T00:00:00.000","W","723023","662470","1385493"
"2019-01-06T00:00:00.000","U","318623","260556","579179"
"2019-01-05T00:00:00.000","A","444434","348257","792691"
"2019-01-04T00:00:00.000","W","668812","628514","1297326"
"2019-01-03T00:00:00.000","W","664442","627781","1292223"
"2019-01-02T00:00:00.000","W","591006","573542","1164548"
"2019-01-01T00:00:00.000","U","248879","245852","494731"
"2018-12-31T00:00:00.000","W","463165","386058","849223"
"2018-12-30T00:00:00.000","U","314550","265310","579860"
"2018-12-29T00:00:00.000","A","394088","307105","701193"
"2018-12-28T00:00:00.000","W","577497","493961","1071458"
"2018-12-27T00:00:00.000","W","509948","453029","962977"
"2018-12-26T00:00:00.000","W","515030","411993","927023"
"2018-12-25T00:00:00.000","U","188696","127994","316690"
"2018-12-24T00:00:00.000","W","422369","279324","701693"
"2018-12-23T00:00:00.000","U","330462","260130","590592"
"2018-12-22T00:00:00.000","A","442692","339426","782118"
"2018-12-21T00:00:00.000","W","727571","633479","1361050"
"2018-12-20T00:00:00.000","W","762587","682043","1444630"
"2018-12-19T00:00:00.000","W","799278","700814","1500092"
"2018-12-18T00:00:00.000","W","794636","701867","1496503"
"2018-12-17T00:00:00.000","W","791252","668008","1459260"
"2018-12-16T00:00:00.000","U","353013","309297","662310"
"2018-12-15T00:00:00.000","A","481485","425132","906617"
"2018-12-14T00:00:00.000","W","789944","724198","1514142"
"2018-12-13T00:00:00.000","W","804783","738003","1542786"
"2018-12-12T00:00:00.000","W","809305","727070","1536375"
"2018-12-11T00:00:00.000","W","817284","731059","1548343"
"2018-12-10T00:00:00.000","W","794682","706501","1501183"
"2018-12-09T00:00:00.000","U","346457","291673","638130"
"2018-12-08T00:00:00.000","A","456911","399714","856625"
"2018-12-07T00:00:00.000","W","785144","731440","1516584"
"2018-12-06T00:00:00.000","W","820745","757102","1577847"
"2018-12-05T00:00:00.000","W","816399","736966","1553365"
"2018-12-04T00:00:00.000","W","835143","745696","1580839"
"2018-12-03T00:00:00.000","W","831431","731079","1562510"
"2018-12-02T00:00:00.000","U","339157","285153","624310"
"2018-12-01T00:00:00.000","A","428105","359088","787193"
"2018-11-30T00:00:00.000","W","840494","760471","1600965"
"2018-11-29T00:00:00.000","W","809744","764611","1574355"
"2018-11-28T00:00:00.000","W","804497","749760","1554257"
"2018-11-27T00:00:00.000","W","788682","742355","1531037"
"2018-11-26T00:00:00.000","W","681371","647084","1328455"
"2018-11-25T00:00:00.000","U","285466","246992","532458"
"2018-11-24T00:00:00.000","A","407870","347967","755837"
"2018-11-23T00:00:00.000","W","473453","393241","866694"
"2018-11-22T00:00:00.000","U","244365","196549","440914"
"2018-11-21T00:00:00.000","W","649866","605419","1255285"
"2018-11-20T00:00:00.000","W","807383","741467","1548850"
"2018-11-19T00:00:00.000","W","803920","740162","1544082"
"2018-11-18T00:00:00.000","U","339408","316014","655422"
"2018-11-17T00:00:00.000","A","437661","453688","891349"
"2018-11-16T00:00:00.000","W","816628","783218","1599846"
"2018-11-15T00:00:00.000","W","768946","764868","1533814"
"2018-11-14T00:00:00.000","W","820013","766177","1586190"
"2018-11-13T00:00:00.000","W","824479","769160","1593639"
"2018-11-12T00:00:00.000","W","652992","652215","1305207"
"2018-11-11T00:00:00.000","U","344050","304712","648762"
"2018-11-10T00:00:00.000","A","465852","385710","851562"
"2018-11-09T00:00:00.000","W","796310","751427","1547737"
"2018-11-08T00:00:00.000","W","841232","797333","1638565"
"2018-11-07T00:00:00.000","W","841086","783160","1624246"
"2018-11-06T00:00:00.000","W","836999","764653","1601652"
"2018-11-05T00:00:00.000","W","853379","770186","1623565"
"2018-11-04T00:00:00.000","U","322036","291311","613347"
"2018-11-03T00:00:00.000","A","513626","428523","942149"
"2018-11-02T00:00:00.000","W","785859","754310","1540169"
"2018-11-01T00:00:00.000","W","866316","798312","1664628"
"2018-10-31T00:00:00.000","W","840619","776366","1616985"
"2018-10-30T00:00:00.000","W","851167","785017","1636184"
"2018-10-29T00:00:00.000","W","835732","766123","1601855"
"2018-10-28T00:00:00.000","U","334541","315184","649725"
"2018-10-27T00:00:00.000","A","492859","435508","928367"
"2018-10-26T00:00:00.000","W","842904","777822","1620726"
"2018-10-25T00:00:00.000","W","846179","802796","1648975"
"2018-10-24T00:00:00.000","W","855770","795929","1651699"
"2018-10-23T00:00:00.000","W","858222","793605","1651827"
"2018-10-22T00:00:00.000","W","841090","769144","1610234"
"2018-10-21T00:00:00.000","U","353981","332004","685985"
"2018-10-20T00:00:00.000","A","464296","439297","903593"
"2018-10-19T00:00:00.000","W","814805","774539","1589344"
"2018-10-18T00:00:00.000","W","858568","814542","1673110"
"2018-10-17T00:00:00.000","W","866716","807188","1673904"
"2018-10-16T00:00:00.000","W","856815","802082","1658897"
"2018-10-15T00:00:00.000","W","836275","778324","1614599"
"2018-10-14T00:00:00.000","U","362011","332403","694414"
"2018-10-13T00:00:00.000","A","494592","466427","961019"
"2018-10-12T00:00:00.000","W","824598","776261","1600859"
"2018-10-11T00:00:00.000","W","860410","817569","1677979"
"2018-10-10T00:00:00.000","W","831398","794576","1625974"
"2018-10-09T00:00:00.000","W","882871","813161","1696032"
"2018-10-08T00:00:00.000","W","700116","719617","1419733"
"2018-10-07T00:00:00.000","U","325617","510071","835688"
"2018-10-06T00:00:00.000","A","471199","466775","937974"
"2018-10-05T00:00:00.000","W","798129","781321","1579450"
"2018-10-04T00:00:00.000","W","875646","845234","1720880"
"2018-10-03T00:00:00.000","W","910415","829500","1739915"
"2018-10-02T00:00:00.000","W","870588","824655","1695243"
"2018-10-01T00:00:00.000","W","878697","808415","1687112"
"2018-09-30T00:00:00.000","U","365436","362732","728168"
"2018-09-29T00:00:00.000","A","492591","500479","993070"
"2018-09-28T00:00:00.000","W","824823","816264","1641087"
"2018-09-27T00:00:00.000","W","858664","847133","1705797"
"2018-09-26T00:00:00.000","W","868419","838474","1706893"
"2018-09-25T00:00:00.000","W","843206","813982","1657188"
"2018-09-24T00:00:00.000","W","829917","806181","1636098"
"2018-09-23T00:00:00.000","U","373382","331323","704705"
"2018-09-22T00:00:00.000","A","497023","464531","961554"
"2018-09-21T00:00:00.000","W","829287","806274","1635561"
"2018-09-20T00:00:00.000","W","840571","812664","1653235"
"2018-09-19T00:00:00.000","W","844257","786851","1631108"
"2018-09-18T00:00:00.000","W","846003","796654","1642657"
"2018-09-17T00:00:00.000","W","839178","794968","1634146"
"2018-09-16T00:00:00.000","U","375988","375547","751535"
"2018-09-15T00:00:00.000","A","498240","505429","1003669"
"2018-09-14T00:00:00.000","W","841332","833730","1675062"
"2018-09-13T00:00:00.000","W","851071","821484","1672555"
"2018-09-12T00:00:00.000","W","865443","835997","1701440"
"2018-09-11T00:00:00.000","W","861007","818737","1679744"
"2018-09-10T00:00:00.000","W","844530","792245","1636775"
"2018-09-09T00:00:00.000","U","361946","329445","691391"
"2018-09-08T00:00:00.000","A","486855","460892","947747"
"2018-09-07T00:00:00.000","W","814560","796057","1610617"
"2018-09-06T00:00:00.000","W","819596","786139","1605735"
"2018-09-05T00:00:00.000","W","854763","785143","1639906"
"2018-09-04T00:00:00.000","W","864262","756397","1620659"
"2018-09-03T00:00:00.000","U","330488","293772","624260"
"2018-09-02T00:00:00.000","U","393446","368715","762161"
"2018-09-01T00:00:00.000","A","457556","415563","873119"
"2018-08-31T00:00:00.000","W","773345","726643","1499988"
"2018-08-30T00:00:00.000","W","776906","780357","1557263"
"2018-08-29T00:00:00.000","W","752668","767691","1520359"
"2018-08-28T00:00:00.000","W","751236","764285","1515521"
"2018-08-27T00:00:00.000","W","751100","740835","1491935"
"2018-08-26T00:00:00.000","U","358918","344736","703654"
"2018-08-25T00:00:00.000","A","472537","437488","910025"
"2018-08-24T00:00:00.000","W","692290","698828","1391118"
"2018-08-23T00:00:00.000","W","751380","748147","1499527"
"2018-08-22T00:00:00.000","W","747818","711067","1458885"
"2018-08-21T00:00:00.000","W","714668","705759","1420427"
"2018-08-20T00:00:00.000","W","668029","672736","1340765"
"2018-08-19T00:00:00.000","U","380140","357318","737458"
"2018-08-18T00:00:00.000","A","493509","469340","962849"
"2018-08-17T00:00:00.000","W","702584","697625","1400209"
"2018-08-16T00:00:00.000","W","720279","712077","1432356"
"2018-08-15T00:00:00.000","W","710743","720004","1430747"
"2018-08-14T00:00:00.000","W","722447","739143","1461590"
"2018-08-13T00:00:00.000","W","705028","681926","1386954"
"2018-08-12T00:00:00.000","U","372421","371962","744383"
"2018-08-11T00:00:00.000","A","498035","485775","983810"
"2018-08-10T00:00:00.000","W","728844","757214","1486058"
"2018-08-09T00:00:00.000","W","725134","727089","1452223"
"2018-08-08T00:00:00.000","W","737497","726837","1464334"
"2018-08-07T00:00:00.000","W","710000","702495","1412495"
"2018-08-06T00:00:00.000","W","688147","687412","1375559"
"2018-08-05T00:00:00.000","U","368543","423810","792353"
"2018-08-04T00:00:00.000","A","480664","521622","1002286"
"2018-08-03T00:00:00.000","W","765341","831628","1596969"
"2018-08-02T00:00:00.000","W","743458","861954","1605412"
"2018-08-01T00:00:00.000","W","778530","757280","1535810"
"2018-07-31T00:00:00.000","W","733107","729861","1462968"
"2018-07-30T00:00:00.000","W","718899","721661","1440560"
"2018-07-29T00:00:00.000","U","374591","354824","729415"
"2018-07-28T00:00:00.000","A","484064","453186","937250"
"2018-07-27T00:00:00.000","W","729506","741794","1471300"
"2018-07-26T00:00:00.000","W","758033","781151","1539184"
"2018-07-25T00:00:00.000","W","763505","768014","1531519"
"2018-07-24T00:00:00.000","W","766503","775343","1541846"
"2018-07-23T00:00:00.000","W","742296","746950","1489246"
"2018-07-22T00:00:00.000","U","339813","357484","697297"
"2018-07-21T00:00:00.000","A","469280","483657","952937"
"2018-07-20T00:00:00.000","W","721413","762815","1484228"
"2018-07-19T00:00:00.000","W","765291","780813","1546104"
"2018-07-18T00:00:00.000","W","770336","745511","1515847"
"2018-07-17T00:00:00.000","W","768143","739651","1507794"
"2018-07-16T00:00:00.000","W","731999","700335","1432334"
"2018-07-15T00:00:00.000","U","380142","378006","758148"
"2018-07-14T00:00:00.000","A","471688","455259","926947"
"2018-07-13T00:00:00.000","W","753196","784018","1537214"
"2018-07-12T00:00:00.000","W","755211","766466","1521677"
"2018-07-11T00:00:00.000","W","772083","765257","1537340"
"2018-07-10T00:00:00.000","W","766160","742163","1508323"
"2018-07-09T00:00:00.000","W","742452","704612","1447064"
"2018-07-08T00:00:00.000","U","376335","346489","722824"
"2018-07-07T00:00:00.000","A","485369","439367","924736"
"2018-07-06T00:00:00.000","W","720068","699130","1419198"
"2018-07-05T00:00:00.000","W","652746","615715","1268461"
"2018-07-04T00:00:00.000","U","384885","366963","751848"
"2018-07-03T00:00:00.000","W","771705","716848","1488553"
"2018-07-02T00:00:00.000","W","734869","678249","1413118"
"2018-07-01T00:00:00.000","U","353385","329670","683055"
"2018-06-30T00:00:00.000","A","473766","468103","941869"
"2018-06-29T00:00:00.000","W","748648","755938","1504586"
"2018-06-28T00:00:00.000","W","751395","758891","1510286"
"2018-06-27T00:00:00.000","W","734332","744015","1478347"
"2018-06-26T00:00:00.000","W","714896","717661","1432557"
"2018-06-25T00:00:00.000","W","730834","709948","1440782"
"2018-06-24T00:00:00.000","U","382787","515034","897821"
"2018-06-23T00:00:00.000","A","487366","452638","940004"
"2018-06-22T00:00:00.000","W","669210","689577","1358787"
"2018-06-21T00:00:00.000","W","628563","683599","1312162"
"2018-06-20T00:00:00.000","W","741682","763084","1504766"
"2018-06-19T00:00:00.000","W","779092","768531","1547623"
"2018-06-18T00:00:00.000","W","742447","722983","1465430"
"2018-06-17T00:00:00.000","U","351730","324959","676689"
"2018-06-16T00:00:00.000","A","472932","441274","914206"
"2018-06-15T00:00:00.000","W","775628","735211","1510839"
"2018-06-14T00:00:00.000","W","795923","754502","1550425"
"2018-06-13T00:00:00.000","W","783799","759987","1543786"
"2018-06-12T00:00:00.000","W","807427","750111","1557538"
"2018-06-11T00:00:00.000","W","781557","724255","1505812"
"2018-06-10T00:00:00.000","U","332042","339387","671429"
"2018-06-09T00:00:00.000","A","464236","475218","939454"
"2018-06-08T00:00:00.000","W","779201","766692","1545893"
"2018-06-07T00:00:00.000","W","821694","798516","1620210"
"2018-06-06T00:00:00.000","W","820198","778486","1598684"
"2018-06-05T00:00:00.000","W","826465","778366","1604831"
"2018-06-04T00:00:00.000","W","820746","726476","1547222"
"2018-06-03T00:00:00.000","U","383320","342776","726096"
"2018-06-02T00:00:00.000","A","496149","437154","933303"
"2018-06-01T00:00:00.000","W","851045","773824","1624869"
"2018-05-31T00:00:00.000","W","819988","753062","1573050"
"2018-05-30T00:00:00.000","W","793348","716886","1510234"
"2018-05-29T00:00:00.000","W","797433","716137","1513570"
"2018-05-28T00:00:00.000","U","364119","325534","689653"
"2018-05-27T00:00:00.000","U","382202","375810","758012"
"2018-05-26T00:00:00.000","A","474011","472471","946482"
"2018-05-25T00:00:00.000","W","797393","730669","1528062"
"2018-05-24T00:00:00.000","W","813320","757935","1571255"
"2018-05-23T00:00:00.000","W","827983","774273","1602256"
"2018-05-22T00:00:00.000","W","819740","762899","1582639"
"2018-05-21T00:00:00.000","W","709633","669968","1379601"
"2018-05-20T00:00:00.000","U","321817","288853","610670"
"2018-05-19T00:00:00.000","A","461266","408091","869357"
"2018-05-18T00:00:00.000","W","784606","717590","1502196"
"2018-05-17T00:00:00.000","W","807735","743467","1551202"
"2018-05-16T00:00:00.000","W","824209","733303","1557512"
"2018-05-15T00:00:00.000","W","809607","728488","1538095"
"2018-05-14T00:00:00.000","W","742924","686671","1429595"
"2018-05-13T00:00:00.000","U","335726","306051","641777"
"2018-05-12T00:00:00.000","A","440554","392468","833022"
"2018-05-11T00:00:00.000","W","788585","744337","1532922"
"2018-05-10T00:00:00.000","W","838748","762718","1601466"
"2018-05-09T00:00:00.000","W","803570","756378","1559948"
"2018-05-08T00:00:00.000","W","841014","781451","1622465"
"2018-05-07T00:00:00.000","W","821267","742969","1564236"
"2018-05-06T00:00:00.000","U","359516","315030","674546"
"2018-05-05T00:00:00.000","A","506199","443358","949557"
"2018-05-04T00:00:00.000","W","830802","736342","1567144"
"2018-05-03T00:00:00.000","W","840135","744199","1584334"
"2018-05-02T00:00:00.000","W","834718","752143","1586861"
"2018-05-01T00:00:00.000","W","876677","777780","1654457"
"2018-04-30T00:00:00.000","W","817980","746550","1564530"
"2018-04-29T00:00:00.000","U","354456","327855","682311"
"2018-04-28T00:00:00.000","A","480130","426851","906981"
"2018-04-27T00:00:00.000","W","812960","752386","1565346"
"2018-04-26T00:00:00.000","W","837802","777534","1615336"
"2018-04-25T00:00:00.000","W","838143","748866","1587009"
"2018-04-24T00:00:00.000","W","826998","743776","1570774"
"2018-04-23T00:00:00.000","W","810268","712596","1522864"
"2018-04-22T00:00:00.000","U","348195","294515","642710"
"2018-04-21T00:00:00.000","A","455577","392721","848298"
"2018-04-20T00:00:00.000","W","812450","735681","1548131"
"2018-04-19T00:00:00.000","W","774579","749646","1524225"
"2018-04-18T00:00:00.000","W","783296","728207","1511503"
"2018-04-17T00:00:00.000","W","830925","759128","1590053"
"2018-04-16T00:00:00.000","W","773294","704714","1478008"
"2018-04-15T00:00:00.000","U","300857","258277","559134"
"2018-04-14T00:00:00.000","A","417189","374923","792112"
"2018-04-13T00:00:00.000","W","729175","716600","1445775"
"2018-04-12T00:00:00.000","W","836193","775422","1611615"
"2018-04-11T00:00:00.000","W","849255","770269","1619524"
"2018-04-10T00:00:00.000","W","798350","748682","1547032"
"2018-04-09T00:00:00.000","W","773663","708735","1482398"
"2018-04-08T00:00:00.000","U","335409","283411","618820"
"2018-04-07T00:00:00.000","A","466492","404650","871142"
"2018-04-06T00:00:00.000","W","792532","721169","1513701"
"2018-04-05T00:00:00.000","W","817204","753661","1570865"
"2018-04-04T00:00:00.000","W","823619","738079","1561698"
"2018-04-03T00:00:00.000","W","816056","720417","1536473"
"2018-04-02T00:00:00.000","W","782016","688114","1470130"
"2018-04-01T00:00:00.000","U","305848","238356","544204"
"2018-03-31T00:00:00.000","A","428294","349132","777426"
"2018-03-30T00:00:00.000","W","672341","608535","1280876"
"2018-03-29T00:00:00.000","W","692129","686014","1378143"
"2018-03-28T00:00:00.000","W","719691","695373","1415064"
"2018-03-27T00:00:00.000","W","688138","684664","1372802"
"2018-03-26T00:00:00.000","W","685230","660176","1345406"
"2018-03-25T00:00:00.000","U","331496","306710","638206"
"2018-03-24T00:00:00.000","A","424609","389468","814077"
"2018-03-23T00:00:00.000","W","789868","699928","1489796"
"2018-03-22T00:00:00.000","W","807829","722634","1530463"
"2018-03-21T00:00:00.000","W","815911","715243","1531154"
"2018-03-20T00:00:00.000","W","808168","710058","1518226"
"2018-03-19T00:00:00.000","W","807848","709194","1517042"
"2018-03-18T00:00:00.000","U","361391","320742","682133"
"2018-03-17T00:00:00.000","A","471682","607823","1079505"
"2018-03-16T00:00:00.000","W","808945","738857","1547802"
"2018-03-15T00:00:00.000","W","829652","754110","1583762"
"2018-03-14T00:00:00.000","W","834401","747391","1581792"
"2018-03-13T00:00:00.000","W","808848","731938","1540786"
"2018-03-12T00:00:00.000","W","798061","715220","1513281"
"2018-03-11T00:00:00.000","U","339755","286948","626703"
"2018-03-10T00:00:00.000","A","471143","394014","865157"
"2018-03-09T00:00:00.000","W","806152","712092","1518244"
"2018-03-08T00:00:00.000","W","813217","734447","1547664"
"2018-03-07T00:00:00.000","W","829608","731992","1561600"
"2018-03-06T00:00:00.000","W","818087","723274","1541361"
"2018-03-05T00:00:00.000","W","793241","686228","1479469"
"2018-03-04T00:00:00.000","U","360783","288394","649177"
"2018-03-03T00:00:00.000","A","489631","400158","889789"
"2018-03-02T00:00:00.000","W","838965","719445","1558410"
"2018-03-01T00:00:00.000","W","807973","724095","1532068"
"2018-02-28T00:00:00.000","W","837820","736868","1574688"
"2018-02-27T00:00:00.000","W","846696","743269","1589965"
"2018-02-26T00:00:00.000","W","825842","718649","1544491"
"2018-02-25T00:00:00.000","U","347690","292093","639783"
"2018-02-24T00:00:00.000","A","461537","387230","848767"
"2018-02-23T00:00:00.000","W","820477","720769","1541246"
"2018-02-22T00:00:00.000","W","833819","743449","1577268"
"2018-02-21T00:00:00.000","W","831241","740388","1571629"
"2018-02-20T00:00:00.000","W","786356","718493","1504849"
"2018-02-19T00:00:00.000","W","569983","523621","1093604"
"2018-02-18T00:00:00.000","U","345438","299983","645421"
"2018-02-17T00:00:00.000","A","438472","383764","822236"
"2018-02-16T00:00:00.000","W","803410","725091","1528501"
"2018-02-15T00:00:00.000","W","819948","746521","1566469"
"2018-02-14T00:00:00.000","W","846174","756475","1602649"
"2018-02-13T00:00:00.000","W","832686","743502","1576188"
"2018-02-12T00:00:00.000","W","771383","692183","1463566"
"2018-02-11T00:00:00.000","U","294675","260148","554823"
"2018-02-10T00:00:00.000","A","399759","351548","751307"
"2018-02-09T00:00:00.000","W","480347","490054","970401"
"2018-02-08T00:00:00.000","W","782384","727764","1510148"
"2018-02-07T00:00:00.000","W","790600","714000","1504600"
"2018-02-06T00:00:00.000","W","783522","708071","1491593"
"2018-02-05T00:00:00.000","W","734272","675368","1409640"
"2018-02-04T00:00:00.000","U","279353","232906","512259"
"2018-02-03T00:00:00.000","A","435554","344309","779863"
"2018-02-02T00:00:00.000","W","706351","657689","1364040"
"2018-02-01T00:00:00.000","W","824632","724399","1549031"
"2018-01-31T00:00:00.000","W","815252","729419","1544671"
"2018-01-30T00:00:00.000","W","801986","723334","1525320"
"2018-01-29T00:00:00.000","W","774310","699889","1474199"
"2018-01-28T00:00:00.000","U","320779","268995","589774"
"2018-01-27T00:00:00.000","A","455974","384419","840393"
"2018-01-26T00:00:00.000","W","806770","722671","1529441"
"2018-01-25T00:00:00.000","W","813348","743858","1557206"
"2018-01-24T00:00:00.000","W","808026","732420","1540446"
"2018-01-23T00:00:00.000","W","795146","733662","1528808"
"2018-01-22T00:00:00.000","W","781955","711848","1493803"
"2018-01-21T00:00:00.000","U","316648","259818","576466"
"2018-01-20T00:00:00.000","A","438286","449322","887608"
"2018-01-19T00:00:00.000","W","784287","701290","1485577"
"2018-01-18T00:00:00.000","W","788150","720369","1508519"
"2018-01-17T00:00:00.000","W","787021","713680","1500701"
"2018-01-16T00:00:00.000","W","779194","710906","1490100"
"2018-01-15T00:00:00.000","W","463868","419604","883472"
"2018-01-14T00:00:00.000","U","291206","245376","536582"
"2018-01-13T00:00:00.000","A","392644","323263","715907"
"2018-01-12T00:00:00.000","W","730031","643915","1373946"
"2018-01-11T00:00:00.000","W","774197","695496","1469693"
"2018-01-10T00:00:00.000","W","783008","695123","1478131"
"2018-01-09T00:00:00.000","W","780104","684704","1464808"
"2018-01-08T00:00:00.000","W","755777","664263","1420040"
"2018-01-07T00:00:00.000","U","284438","226604","511042"
"2018-01-06T00:00:00.000","A","372807","292077","664884"
"2018-01-05T00:00:00.000","W","597163","572525","1169688"
"2018-01-04T00:00:00.000","W","594414","591081","1185495"
"2018-01-03T00:00:00.000","W","598578","587740","1186318"
"2018-01-02T00:00:00.000","W","507648","514174","1021822"
"2018-01-01T00:00:00.000","U","199845","195520","395365"
"2017-12-31T00:00:00.000","U","274143","235949","510092"
"2017-12-30T00:00:00.000","A","335207","276381","611588"
"2017-12-29T00:00:00.000","W","552051","466865","1018916"
"2017-12-28T00:00:00.000","W","509850","456611","966461"
"2017-12-27T00:00:00.000","W","466856","416016","882872"
"2017-12-26T00:00:00.000","W","398823","327742","726565"
"2017-12-25T00:00:00.000","U","164256","118654","282910"
"2017-12-24T00:00:00.000","U","275937","205801","481738"
"2017-12-23T00:00:00.000","A","438917","324065","762982"
"2017-12-22T00:00:00.000","W","727262","586190","1313452"
"2017-12-21T00:00:00.000","W","769444","659956","1429400"
"2017-12-20T00:00:00.000","W","798144","683898","1482042"
"2017-12-19T00:00:00.000","W","812618","697684","1510302"
"2017-12-18T00:00:00.000","W","784151","675289","1459440"
"2017-12-17T00:00:00.000","U","351260","296372","647632"
"2017-12-16T00:00:00.000","A","484468","419897","904365"
"2017-12-15T00:00:00.000","W","780679","700482","1481161"
"2017-12-14T00:00:00.000","W","790977","722667","1513644"
"2017-12-13T00:00:00.000","W","800995","715178","1516173"
"2017-12-12T00:00:00.000","W","783312","709949","1493261"
"2017-12-11T00:00:00.000","W","807879","706163","1514042"
"2017-12-10T00:00:00.000","U","336156","295505","631661"
"2017-12-09T00:00:00.000","A","439827","405822","845649"
"2017-12-08T00:00:00.000","W","805911","739840","1545751"
"2017-12-07T00:00:00.000","W","794129","741934","1536063"
"2017-12-06T00:00:00.000","W","829498","742215","1571713"
"2017-12-05T00:00:00.000","W","822703","737397","1560100"
"2017-12-04T00:00:00.000","W","855387","739950","1595337"
"2017-12-03T00:00:00.000","U","378519","338558","717077"
"2017-12-02T00:00:00.000","A","511676","461699","973375"
"2017-12-01T00:00:00.000","W","890982","785058","1676040"
"2017-11-30T00:00:00.000","W","850783","772769","1623552"
"2017-11-29T00:00:00.000","W","850702","761131","1611833"
"2017-11-28T00:00:00.000","W","847910","753208","1601118"
"2017-11-27T00:00:00.000","W","839274","726945","1566219"
"2017-11-26T00:00:00.000","U","336930","290753","627683"
"2017-11-25T00:00:00.000","A","425522","369396","794918"
"2017-11-24T00:00:00.000","W","503847","415069","918916"
"2017-11-23T00:00:00.000","U","263654","208426","472080"
"2017-11-22T00:00:00.000","W","677643","620904","1298547"
"2017-11-21T00:00:00.000","W","825182","745801","1570983"
"2017-11-20T00:00:00.000","W","840370","747181","1587551"
"2017-11-19T00:00:00.000","U","359562","330196","689758"
"2017-11-18T00:00:00.000","A","426814","429256","856070"
"2017-11-17T00:00:00.000","W","836442","779012","1615454"
"2017-11-16T00:00:00.000","W","831869","773696","1605565"
"2017-11-15T00:00:00.000","W","826138","770507","1596645"
"2017-11-14T00:00:00.000","W","862352","781533","1643885"
"2017-11-13T00:00:00.000","W","846572","758107","1604679"
"2017-11-12T00:00:00.000","U","341066","303087","644153"
"2017-11-11T00:00:00.000","A","461927","427100","889027"
"2017-11-10T00:00:00.000","W","741017","721331","1462348"
"2017-11-09T00:00:00.000","W","860819","800535","1661354"
"2017-11-08T00:00:00.000","W","875619","796870","1672489"
"2017-11-07T00:00:00.000","W","871211","785554","1656765"
"2017-11-06T00:00:00.000","W","866671","772803","1639474"
"2017-11-05T00:00:00.000","U","359176","312232","671408"
"2017-11-04T00:00:00.000","A","450968","393884","844852"
"2017-11-03T00:00:00.000","W","815500","755771","1571271"
"2017-11-02T00:00:00.000","W","864434","794788","1659222"
"2017-11-01T00:00:00.000","W","881053","780670","1661723"
"2017-10-31T00:00:00.000","W","843988","758455","1602443"
"2017-10-30T00:00:00.000","W","837676","753860","1591536"
"2017-10-29T00:00:00.000","U","355321","320982","676303"
"2017-10-28T00:00:00.000","A","472503","422323","894826"
"2017-10-27T00:00:00.000","W","833348","769792","1603140"
"2017-10-26T00:00:00.000","W","872176","805362","1677538"
"2017-10-25T00:00:00.000","W","876000","794572","1670572"
"2017-10-24T00:00:00.000","W","812947","769526","1582473"
"2017-10-23T00:00:00.000","W","802893","750619","1553512"
"2017-10-22T00:00:00.000","U","344543","320608","665151"
"2017-10-21T00:00:00.000","A","520339","481334","1001673"
"2017-10-20T00:00:00.000","W","862656","796878","1659534"
"2017-10-19T00:00:00.000","W","876423","848003","1724426"
"2017-10-18T00:00:00.000","W","888806","831089","1719895"
"2017-10-17T00:00:00.000","W","882601","819635","1702236"
"2017-10-16T00:00:00.000","W","867372","776457","1643829"
"2017-10-15T00:00:00.000","U","362392","335609","698001"
"2017-10-14T00:00:00.000","A","376288","368266","744554"
"2017-10-13T00:00:00.000","W","879791","796714","1676505"
"2017-10-12T00:00:00.000","W","870996","810442","1681438"
"2017-10-11T00:00:00.000","W","850229","817909","1668138"
"2017-10-10T00:00:00.000","W","874192","822023","1696215"
"2017-10-09T00:00:00.000","W","712539","752125","1464664"
"2017-10-08T00:00:00.000","U","374005","539097","913102"
"2017-10-07T00:00:00.000","A","484231","469808","954039"
"2017-10-06T00:00:00.000","W","841999","805746","1647745"
"2017-10-05T00:00:00.000","W","889166","816694","1705860"
"2017-10-04T00:00:00.000","W","889343","798360","1687703"
"2017-10-03T00:00:00.000","W","921022","794082","1715104"
"2017-10-02T00:00:00.000","W","877992","767540","1645532"
"2017-10-01T00:00:00.000","U","389470","361156","750626"
"2017-09-30T00:00:00.000","A","524516","482974","1007490"
"2017-09-29T00:00:00.000","W","898739","811721","1710460"
"2017-09-28T00:00:00.000","W","881438","809624","1691062"
"2017-09-27T00:00:00.000","W","882592","796822","1679414"
"2017-09-26T00:00:00.000","W","877350","791462","1668812"
"2017-09-25T00:00:00.000","W","861042","767660","1628702"
"2017-09-24T00:00:00.000","U","378420","351102","729522"
"2017-09-23T00:00:00.000","A","499368","464903","964271"
"2017-09-22T00:00:00.000","W","854042","781053","1635095"
"2017-09-21T00:00:00.000","W","859255","788217","1647472"
"2017-09-20T00:00:00.000","W","887017","795055","1682072"
"2017-09-19T00:00:00.000","W","861844","786075","1647919"
"2017-09-18T00:00:00.000","W","866120","772443","1638563"
"2017-09-17T00:00:00.000","U","386719","379480","766199"
"2017-09-16T00:00:00.000","A","517447","521275","1038722"
"2017-09-15T00:00:00.000","W","871656","838001","1709657"
"2017-09-14T00:00:00.000","W","874356","838725","1713081"
"2017-09-13T00:00:00.000","W","876445","813293","1689738"
"2017-09-12T00:00:00.000","W","883298","813900","1697198"
"2017-09-11T00:00:00.000","W","861907","767744","1629651"
"2017-09-10T00:00:00.000","U","383625","375160","758785"
"2017-09-09T00:00:00.000","A","511569","488232","999801"
"2017-09-08T00:00:00.000","W","849319","809597","1658916"
"2017-09-07T00:00:00.000","W","867162","801972","1669134"
"2017-09-06T00:00:00.000","W","854979","785896","1640875"
"2017-09-05T00:00:00.000","W","893214","763159","1656373"
"2017-09-04T00:00:00.000","U","375104","326524","701628"
"2017-09-03T00:00:00.000","U","417707","410951","828658"
"2017-09-02T00:00:00.000","A","512150","481961","994111"
"2017-09-01T00:00:00.000","W","827394","760661","1588055"
"2017-08-31T00:00:00.000","W","791635","785637","1577272"
"2017-08-30T00:00:00.000","W","801205","779477","1580682"
"2017-08-29T00:00:00.000","W","783337","763274","1546611"
"2017-08-28T00:00:00.000","W","761796","740387","1502183"
"2017-08-27T00:00:00.000","U","358840","336109","694949"
"2017-08-26T00:00:00.000","A","487453","446049","933502"
"2017-08-25T00:00:00.000","W","749192","741123","1490315"
"2017-08-24T00:00:00.000","W","749315","748046","1497361"
"2017-08-23T00:00:00.000","W","763384","719511","1482895"
"2017-08-22T00:00:00.000","W","741370","697126","1438496"
"2017-08-21T00:00:00.000","W","707640","675484","1383124"
"2017-08-20T00:00:00.000","U","395932","381042","776974"
"2017-08-19T00:00:00.000","A","510200","488523","998723"
"2017-08-18T00:00:00.000","W","741688","751342","1493030"
"2017-08-17T00:00:00.000","W","722939","751673","1474612"
"2017-08-16T00:00:00.000","W","739357","734845","1474202"
"2017-08-15T00:00:00.000","W","774523","700422","1474945"
"2017-08-14T00:00:00.000","W","722238","716772","1439010"
"2017-08-13T00:00:00.000","U","384338","351048","735386"
"2017-08-12T00:00:00.000","A","505271","477767","983038"
"2017-08-11T00:00:00.000","W","746418","756699","1503117"
"2017-08-10T00:00:00.000","W","747519","745430","1492949"
"2017-08-09T00:00:00.000","W","759657","732813","1492470"
"2017-08-08T00:00:00.000","W","761850","735234","1497084"
"2017-08-07T00:00:00.000","W","733495","704247","1437742"
"2017-08-06T00:00:00.000","U","376669","430711","807380"
"2017-08-05T00:00:00.000","A","503623","546783","1050406"
"2017-08-04T00:00:00.000","W","732776","827248","1560024"
"2017-08-03T00:00:00.000","W","763271","834427","1597698"
"2017-08-02T00:00:00.000","W","771256","811636","1582892"
"2017-08-01T00:00:00.000","W","789859","773470","1563329"
"2017-07-31T00:00:00.000","W","732690","707434","1440124"
"2017-07-30T00:00:00.000","U","385002","349892","734894"
"2017-07-29T00:00:00.000","A","496951","462430","959381"
"2017-07-28T00:00:00.000","W","754679","738168","1492847"
"2017-07-27T00:00:00.000","W","770692","770016","1540708"
"2017-07-26T00:00:00.000","W","769890","755604","1525494"
"2017-07-25T00:00:00.000","W","765040","772350","1537390"
"2017-07-24T00:00:00.000","W","744976","765597","1510573"
"2017-07-23T00:00:00.000","U","380247","372309","752556"
"2017-07-22T00:00:00.000","A","485978","471542","957520"
"2017-07-21T00:00:00.000","W","733117","762529","1495646"
"2017-07-20T00:00:00.000","W","716096","726632","1442728"
"2017-07-19T00:00:00.000","W","769368","750889","1520257"
"2017-07-18T00:00:00.000","W","776582","754149","1530731"
"2017-07-17T00:00:00.000","W","754669","741094","1495763"
"2017-07-16T00:00:00.000","U","371692","374578","746270"
"2017-07-15T00:00:00.000","A","511540","495618","1007158"
"2017-07-14T00:00:00.000","W","748691","762728","1511419"
"2017-07-13T00:00:00.000","W","773047","751562","1524609"
"2017-07-12T00:00:00.000","W","694204","702581","1396785"
"2017-07-11T00:00:00.000","W","771348","735051","1506399"
"2017-07-10T00:00:00.000","W","719494","695215","1414709"
"2017-07-09T00:00:00.000","U","400539","402561","803100"
"2017-07-08T00:00:00.000","A","517165","518674","1035839"
"2017-07-07T00:00:00.000","W","749664","780389","1530053"
"2017-07-06T00:00:00.000","W","755516","784948","1540464"
"2017-07-05T00:00:00.000","W","746019","733914","1479933"
"2017-07-04T00:00:00.000","U","407991","389791","797782"
"2017-07-03T00:00:00.000","W","669915","543712","1213627"
"2017-07-02T00:00:00.000","U","398108","364979","763087"
"2017-07-01T00:00:00.000","A","514092","488429","1002521"
"2017-06-30T00:00:00.000","W","763402","760380","1523782"
"2017-06-29T00:00:00.000","W","747180","778070","1525250"
"2017-06-28T00:00:00.000","W","722682","733693","1456375"
"2017-06-27T00:00:00.000","W","763875","751340","1515215"
"2017-06-26T00:00:00.000","W","738507","722154","1460661"
"2017-06-25T00:00:00.000","U","390267","513970","904237"
"2017-06-24T00:00:00.000","A","504647","482168","986815"
"2017-06-23T00:00:00.000","W","729483","747333","1476816"
"2017-06-22T00:00:00.000","W","733128","745336","1478464"
"2017-06-21T00:00:00.000","W","758596","776244","1534840"
"2017-06-20T00:00:00.000","W","801344","781004","1582348"
"2017-06-19T00:00:00.000","W","755955","739609","1495564"
"2017-06-18T00:00:00.000","U","390193","338474","728667"
"2017-06-17T00:00:00.000","A","486358","419764","906122"
"2017-06-16T00:00:00.000","W","785270","739069","1524339"
"2017-06-15T00:00:00.000","W","830091","777758","1607849"
"2017-06-14T00:00:00.000","W","786388","742346","1528734"
"2017-06-13T00:00:00.000","W","817478","764155","1581633"
"2017-06-12T00:00:00.000","W","808630","753763","1562393"
"2017-06-11T00:00:00.000","U","406991","440096","847087"
"2017-06-10T00:00:00.000","A","525084","558726","1083810"
"2017-06-09T00:00:00.000","W","833135","822483","1655618"
"2017-06-08T00:00:00.000","W","821372","805398","1626770"
"2017-06-07T00:00:00.000","W","846730","793617","1640347"
"2017-06-06T00:00:00.000","W","845564","787009","1632573"
"2017-06-05T00:00:00.000","W","838839","768461","1607300"
"2017-06-04T00:00:00.000","U","400326","384010","784336"
"2017-06-03T00:00:00.000","A","523471","495282","1018753"
"2017-06-02T00:00:00.000","W","861203","796256","1657459"
"2017-06-01T00:00:00.000","W","860327","771134","1631461"
"2017-05-31T00:00:00.000","W","827890","745189","1573079"
"2017-05-30T00:00:00.000","W","802596","722529","1525125"
"2017-05-29T00:00:00.000","U","375171","336441","711612"
"2017-05-28T00:00:00.000","U","366179","344784","710963"
"2017-05-27T00:00:00.000","A","492255","462129","954384"
"2017-05-26T00:00:00.000","W","779960","691687","1471647"
"2017-05-25T00:00:00.000","W","829938","776776","1606714"
"2017-05-24T00:00:00.000","W","820511","762453","1582964"
"2017-05-23T00:00:00.000","W","799986","753184","1553170"
"2017-05-22T00:00:00.000","W","817334","744257","1561591"
"2017-05-21T00:00:00.000","U","366609","350024","716633"
"2017-05-20T00:00:00.000","A","441093","396705","837798"
"2017-05-19T00:00:00.000","W","768158","726694","1494852"
"2017-05-18T00:00:00.000","W","824327","775776","1600103"
"2017-05-17T00:00:00.000","W","835226","763055","1598281"
"2017-05-16T00:00:00.000","W","843103","768941","1612044"
"2017-05-15T00:00:00.000","W","805190","709882","1515072"
"2017-05-14T00:00:00.000","U","364734","313469","678203"
"2017-05-13T00:00:00.000","A","504045","427964","932009"
"2017-05-12T00:00:00.000","W","824305","745485","1569790"
"2017-05-11T00:00:00.000","W","832163","755558","1587721"
"2017-05-10T00:00:00.000","W","821006","736258","1557264"
"2017-05-09T00:00:00.000","W","827183","738712","1565895"
"2017-05-08T00:00:00.000","W","829268","722987","1552255"
"2017-05-07T00:00:00.000","U","370985","334930","705915"
"2017-05-06T00:00:00.000","A","502922","460695","963617"
"2017-05-05T00:00:00.000","W","840819","771492","1612311"
"2017-05-04T00:00:00.000","W","836436","770199","1606635"
"2017-05-03T00:00:00.000","W","890581","778089","1668670"
"2017-05-02T00:00:00.000","W","846717","762139","1608856"
"2017-05-01T00:00:00.000","W","847371","747837","1595208"
"2017-04-30T00:00:00.000","U","307608","269345","576953"
"2017-04-29T00:00:00.000","A","405068","364346","769414"
"2017-04-28T00:00:00.000","W","830500","740579","1571079"
"2017-04-27T00:00:00.000","W","807318","748983","1556301"
"2017-04-26T00:00:00.000","W","838762","757859","1596621"
"2017-04-25T00:00:00.000","W","860569","761180","1621749"
"2017-04-24T00:00:00.000","W","830257","736639","1566896"
"2017-04-23T00:00:00.000","U","373492","330832","704324"
"2017-04-22T00:00:00.000","A","493687","467485","961172"
"2017-04-21T00:00:00.000","W","819393","753932","1573325"
"2017-04-20T00:00:00.000","W","797055","758119","1555174"
"2017-04-19T00:00:00.000","W","811178","757251","1568429"
"2017-04-18T00:00:00.000","W","848195","772115","1620310"
"2017-04-17T00:00:00.000","W","809433","738426","1547859"
"2017-04-16T00:00:00.000","U","339738","293545","633283"
"2017-04-15T00:00:00.000","A","506929","453975","960904"
"2017-04-14T00:00:00.000","W","692506","676016","1368522"
"2017-04-13T00:00:00.000","W","723724","745720","1469444"
"2017-04-12T00:00:00.000","W","754940","757854","1512794"
"2017-04-11T00:00:00.000","W","736309","720080","1456389"
"2017-04-10T00:00:00.000","W","695555","708408","1403963"
"2017-04-09T00:00:00.000","U","388435","336277","724712"
"2017-04-08T00:00:00.000","A","508239","452426","960665"
"2017-04-07T00:00:00.000","W","765361","741568","1506929"
"2017-04-06T00:00:00.000","W","822266","771468","1593734"
"2017-04-05T00:00:00.000","W","755345","732462","1487807"
"2017-04-04T00:00:00.000","W","873844","763221","1637065"
"2017-04-03T00:00:00.000","W","840610","743301","1583911"
"2017-04-02T00:00:00.000","U","357643","319046","676689"
"2017-04-01T00:00:00.000","A","517493","433603","951096"
"2017-03-31T00:00:00.000","W","839312","737168","1576480"
"2017-03-30T00:00:00.000","W","756598","718864","1475462"
"2017-03-29T00:00:00.000","W","837430","745915","1583345"
"2017-03-28T00:00:00.000","W","846658","748201","1594859"
"2017-03-27T00:00:00.000","W","825472","724012","1549484"
"2017-03-26T00:00:00.000","U","340733","292995","633728"
"2017-03-25T00:00:00.000","A","414644","356083","770727"
"2017-03-24T00:00:00.000","W","821828","715787","1537615"
"2017-03-23T00:00:00.000","W","802941","708026","1510967"
"2017-03-22T00:00:00.000","W","816876","706282","1523158"
"2017-03-21T00:00:00.000","W","835641","718304","1553945"
"2017-03-20T00:00:00.000","W","802404","690624","1493028"
"2017-03-19T00:00:00.000","U","371042","304418","675460"
"2017-03-18T00:00:00.000","A","473609","404779","878388"
"2017-03-17T00:00:00.000","W","804320","732007","1536327"
"2017-03-16T00:00:00.000","W","827779","758060","1585839"
"2017-03-15T00:00:00.000","W","822423","748703","1571126"
"2017-03-14T00:00:00.000","W","712423","727042","1439465"
"2017-03-13T00:00:00.000","W","761376","703982","1465358"
"2017-03-12T00:00:00.000","U","336952","292240","629192"
"2017-03-11T00:00:00.000","A","459826","493451","953277"
"2017-03-10T00:00:00.000","W","816750","730837","1547587"
"2017-03-09T00:00:00.000","W","841498","748709","1590207"
"2017-03-08T00:00:00.000","W","858498","751336","1609834"
"2017-03-07T00:00:00.000","W","862784","751315","1614099"
"2017-03-06T00:00:00.000","W","823084","703811","1526895"
"2017-03-05T00:00:00.000","U","364977","298189","663166"
"2017-03-04T00:00:00.000","A","487500","401568","889068"
"2017-03-03T00:00:00.000","W","851128","729461","1580589"
"2017-03-02T00:00:00.000","W","842926","741459","1584385"
"2017-03-01T00:00:00.000","W","863043","742729","1605772"
"2017-02-28T00:00:00.000","W","823654","730508","1554162"
"2017-02-27T00:00:00.000","W","837214","720932","1558146"
"2017-02-26T00:00:00.000","U","350829","287405","638234"
"2017-02-25T00:00:00.000","A","449817","374595","824412"
"2017-02-24T00:00:00.000","W","820536","723532","1544068"
"2017-02-23T00:00:00.000","W","850254","751257","1601511"
"2017-02-22T00:00:00.000","W","873309","758299","1631608"
"2017-02-21T00:00:00.000","W","848951","741773","1590724"
"2017-02-20T00:00:00.000","W","623736","557822","1181558"
"2017-02-19T00:00:00.000","U","383581","328391","711972"
"2017-02-18T00:00:00.000","A","512205","447059","959264"
"2017-02-17T00:00:00.000","W","841425","738941","1580366"
"2017-02-16T00:00:00.000","W","831398","738525","1569923"
"2017-02-15T00:00:00.000","W","841181","735910","1577091"
"2017-02-14T00:00:00.000","W","870130","752585","1622715"
"2017-02-13T00:00:00.000","W","822007","702129","1524136"
"2017-02-12T00:00:00.000","U","358101","296805","654906"
"2017-02-11T00:00:00.000","A","497589","405211","902800"
"2017-02-10T00:00:00.000","W","832724","720483","1553207"
"2017-02-09T00:00:00.000","W","815353","726872","1542225"
"2017-02-08T00:00:00.000","W","841278","737535","1578813"
"2017-02-07T00:00:00.000","W","827885","734586","1562471"
"2017-02-06T00:00:00.000","W","838312","713858","1552170"
"2017-02-05T00:00:00.000","U","351708","282731","634439"
"2017-02-04T00:00:00.000","A","461743","370873","832616"
"2017-02-03T00:00:00.000","W","782899","690415","1473314"
"2017-02-02T00:00:00.000","W","829125","736551","1565676"
"2017-02-01T00:00:00.000","W","883845","750500","1634345"
"2017-01-31T00:00:00.000","W","828074","741389","1569463"
"2017-01-30T00:00:00.000","W","806014","715290","1521304"
"2017-01-29T00:00:00.000","U","304565","274728","579293"
"2017-01-28T00:00:00.000","A","439479","382131","821610"
"2017-01-27T00:00:00.000","W","792183","715515","1507698"
"2017-01-26T00:00:00.000","W","823395","750472","1573867"
"2017-01-25T00:00:00.000","W","831467","743587","1575054"
"2017-01-24T00:00:00.000","W","834979","742724","1577703"
"2017-01-23T00:00:00.000","W","817750","724078","1541828"
"2017-01-22T00:00:00.000","U","331138","272268","603406"
"2017-01-21T00:00:00.000","A","488902","582031","1070933"
"2017-01-20T00:00:00.000","W","798511","731616","1530127"
"2017-01-19T00:00:00.000","W","823901","743065","1566966"
"2017-01-18T00:00:00.000","W","835362","742180","1577542"
"2017-01-17T00:00:00.000","W","829925","737976","1567901"
"2017-01-16T00:00:00.000","W","486791","435039","921830"
"2017-01-15T00:00:00.000","U","328355","280852","609207"
"2017-01-14T00:00:00.000","A","429614","363554","793168"
"2017-01-13T00:00:00.000","W","771359","698254","1469613"
"2017-01-12T00:00:00.000","W","777149","714212","1491361"
"2017-01-11T00:00:00.000","W","803730","714551","1518281"
"2017-01-10T00:00:00.000","W","773792","711194","1484986"
"2017-01-09T00:00:00.000","W","781139","692776","1473915"
"2017-01-08T00:00:00.000","U","290096","244060","534156"
"2017-01-07T00:00:00.000","A","362508","319746","682254"
"2017-01-06T00:00:00.000","W","591800","600277","1192077"
"2017-01-05T00:00:00.000","W","611987","629939","1241926"
"2017-01-04T00:00:00.000","W","636491","639970","1276461"
"2017-01-03T00:00:00.000","W","690503","650650","1341153"
"2017-01-02T00:00:00.000","U","371865","314798","686663"
"2017-01-01T00:00:00.000","U","277926","292472","570398"
"2016-12-31T00:00:00.000","A","433952","361268","795220"
"2016-12-30T00:00:00.000","W","628159","524474","1152633"
"2016-12-29T00:00:00.000","W","593626","532909","1126535"
"2016-12-28T00:00:00.000","W","611176","537443","1148619"
"2016-12-27T00:00:00.000","W","575294","490822","1066116"
"2016-12-26T00:00:00.000","U","380189","292312","672501"
"2016-12-25T00:00:00.000","U","199220","131542","330762"
"2016-12-24T00:00:00.000","A","391140","253926","645066"
"2016-12-23T00:00:00.000","W","676407","516584","1192991"
"2016-12-22T00:00:00.000","W","747188","635174","1382362"
"2016-12-21T00:00:00.000","W","770713","665402","1436115"
"2016-12-20T00:00:00.000","W","758686","668762","1427448"
"2016-12-19T00:00:00.000","W","650356","607020","1257376"
"2016-12-18T00:00:00.000","U","270767","253184","523951"
"2016-12-17T00:00:00.000","A","445779","394366","840145"
"2016-12-16T00:00:00.000","W","744691","690845","1435536"
"2016-12-15T00:00:00.000","W","617119","624213","1241332"
"2016-12-14T00:00:00.000","W","734884","688959","1423843"
"2016-12-13T00:00:00.000","W","785276","714038","1499314"
"2016-12-12T00:00:00.000","W","787062","702745","1489807"
"2016-12-11T00:00:00.000","U","309743","291688","601431"
"2016-12-10T00:00:00.000","A","472855","424387","897242"
"2016-12-09T00:00:00.000","W","806718","730968","1537686"
"2016-12-08T00:00:00.000","W","790418","724726","1515144"
"2016-12-07T00:00:00.000","W","831766","745626","1577392"
"2016-12-06T00:00:00.000","W","859470","745095","1604565"
"2016-12-05T00:00:00.000","W","841336","735184","1576520"
"2016-12-04T00:00:00.000","U","333825","312904","646729"
"2016-12-03T00:00:00.000","A","517756","456762","974518"
"2016-12-02T00:00:00.000","W","882063","780569","1662632"
"2016-12-01T00:00:00.000","W","885401","779287","1664688"
"2016-11-30T00:00:00.000","W","852623","768149","1620772"
"2016-11-29T00:00:00.000","W","871577","771348","1642925"
"2016-11-28T00:00:00.000","W","801243","720824","1522067"
"2016-11-27T00:00:00.000","U","343504","302029","645533"
"2016-11-26T00:00:00.000","A","441384","383042","824426"
"2016-11-25T00:00:00.000","W","496285","411245","907530"
"2016-11-24T00:00:00.000","U","266241","219875","486116"
"2016-11-23T00:00:00.000","W","661576","624827","1286403"
"2016-11-22T00:00:00.000","W","837828","756704","1594532"
"2016-11-21T00:00:00.000","W","844666","758214","1602880"
"2016-11-20T00:00:00.000","U","345895","315179","661074"
"2016-11-19T00:00:00.000","A","477472","501156","978628"
"2016-11-18T00:00:00.000","W","819907","792361","1612268"
"2016-11-17T00:00:00.000","W","873693","811240","1684933"
"2016-11-16T00:00:00.000","W","884662","801320","1685982"
"2016-11-15T00:00:00.000","W","881225","797235","1678460"
"2016-11-14T00:00:00.000","W","862939","775439","1638378"
"2016-11-13T00:00:00.000","U","369986","338339","708325"
"2016-11-12T00:00:00.000","A","500583","474411","974994"
"2016-11-11T00:00:00.000","W","715260","721083","1436343"
"2016-11-10T00:00:00.000","W","842332","807250","1649582"
"2016-11-09T00:00:00.000","W","865500","817596","1683096"
"2016-11-08T00:00:00.000","W","880506","791870","1672376"
"2016-11-07T00:00:00.000","W","887002","809878","1696880"
"2016-11-06T00:00:00.000","U","406215","380648","786863"
"2016-11-05T00:00:00.000","A","536579","531687","1068266"
"2016-11-04T00:00:00.000","W","798901","1146516","1945417"
"2016-11-03T00:00:00.000","W","919828","891357","1811185"
"2016-11-02T00:00:00.000","W","866812","842885","1709697"
"2016-11-01T00:00:00.000","W","931276","815318","1746594"
"2016-10-31T00:00:00.000","W","860741","797545","1658286"
"2016-10-30T00:00:00.000","U","377290","446582","823872"
"2016-10-29T00:00:00.000","A","539098","627116","1166214"
"2016-10-28T00:00:00.000","W","894311","918735","1813046"
"2016-10-27T00:00:00.000","W","892963","822190","1715153"
"2016-10-26T00:00:00.000","W","824006","782126","1606132"
"2016-10-25T00:00:00.000","W","876768","801123","1677891"
"2016-10-24T00:00:00.000","W","869861","779618","1649479"
"2016-10-23T00:00:00.000","U","388470","366503","754973"
"2016-10-22T00:00:00.000","A","533242","566999","1100241"
"2016-10-21T00:00:00.000","W","867704","800137","1667841"
"2016-10-20T00:00:00.000","W","880209","812195","1692404"
"2016-10-19T00:00:00.000","W","895104","807016","1702120"
"2016-10-18T00:00:00.000","W","901884","810090","1711974"
"2016-10-17T00:00:00.000","W","890736","791317","1682053"
"2016-10-16T00:00:00.000","U","385574","403090","788664"
"2016-10-15T00:00:00.000","A","542187","535567","1077754"
"2016-10-14T00:00:00.000","W","892797","818230","1711027"
"2016-10-13T00:00:00.000","W","896918","828891","1725809"
"2016-10-12T00:00:00.000","W","847394","785404","1632798"
"2016-10-11T00:00:00.000","W","884539","805839","1690378"
"2016-10-10T00:00:00.000","W","714940","708958","1423898"
"2016-10-09T00:00:00.000","U","368515","528189","896704"
"2016-10-08T00:00:00.000","A","537610","546072","1083682"
"2016-10-07T00:00:00.000","W","888731","877814","1766545"
"2016-10-06T00:00:00.000","W","858960","817595","1676555"
"2016-10-05T00:00:00.000","W","915987","815309","1731296"
"2016-10-04T00:00:00.000","W","919088","799529","1718617"
"2016-10-03T00:00:00.000","W","912435","775906","1688341"
"2016-10-02T00:00:00.000","U","391845","351589","743434"
"2016-10-01T00:00:00.000","A","511504","445272","956776"
"2016-09-30T00:00:00.000","W","889641","787112","1676753"
"2016-09-29T00:00:00.000","W","870533","799130","1669663"
"2016-09-28T00:00:00.000","W","855499","787727","1643226"
"2016-09-27T00:00:00.000","W","889769","795780","1685549"
"2016-09-26T00:00:00.000","W","884989","787408","1672397"
"2016-09-25T00:00:00.000","U","394810","380403","775213"
"2016-09-24T00:00:00.000","A","539037","529457","1068494"
"2016-09-23T00:00:00.000","W","880748","832417","1713165"
"2016-09-22T00:00:00.000","W","897609","814897","1712506"
"2016-09-21T00:00:00.000","W","863211","814264","1677475"
"2016-09-20T00:00:00.000","W","895184","826518","1721702"
"2016-09-19T00:00:00.000","W","894210","816014","1710224"
"2016-09-18T00:00:00.000","U","401077","402811","803888"
"2016-09-17T00:00:00.000","A","537329","524421","1061750"
"2016-09-16T00:00:00.000","W","889307","843488","1732795"
"2016-09-15T00:00:00.000","W","907872","862105","1769977"
"2016-09-14T00:00:00.000","W","898125","812240","1710365"
"2016-09-13T00:00:00.000","W","904869","811807","1716676"
"2016-09-12T00:00:00.000","W","886146","784139","1670285"
"2016-09-11T00:00:00.000","U","397693","354732","752425"
"2016-09-10T00:00:00.000","A","510845","465562","976407"
"2016-09-09T00:00:00.000","W","879935","784678","1664613"
"2016-09-08T00:00:00.000","W","882599","797585","1680184"
"2016-09-07T00:00:00.000","W","885587","785121","1670708"
"2016-09-06T00:00:00.000","W","910863","760434","1671297"
"2016-09-05T00:00:00.000","U","399846","347259","747105"
"2016-09-04T00:00:00.000","U","427194","421479","848673"
"2016-09-03T00:00:00.000","A","542836","509314","1052150"
"2016-09-02T00:00:00.000","W","838151","777158","1615309"
"2016-09-01T00:00:00.000","W","847144","784336","1631480"
"2016-08-31T00:00:00.000","W","815110","779334","1594444"
"2016-08-30T00:00:00.000","W","791868","767220","1559088"
"2016-08-29T00:00:00.000","W","781400","750329","1531729"
"2016-08-28T00:00:00.000","U","395954","343853","739807"
"2016-08-27T00:00:00.000","A","501883","451497","953380"
"2016-08-26T00:00:00.000","W","797432","768053","1565485"
"2016-08-25T00:00:00.000","W","775862","737801","1513663"
"2016-08-24T00:00:00.000","W","751955","721826","1473781"
"2016-08-23T00:00:00.000","W","784341","744176","1528517"
"2016-08-22T00:00:00.000","W","764690","744165","1508855"
"2016-08-21T00:00:00.000","U","417057","396317","813374"
"2016-08-20T00:00:00.000","A","480928","445798","926726"
"2016-08-19T00:00:00.000","W","743211","718317","1461528"
"2016-08-18T00:00:00.000","W","740297","743427","1483724"
"2016-08-17T00:00:00.000","W","759254","747942","1507196"
"2016-08-16T00:00:00.000","W","762943","764267","1527210"
"2016-08-15T00:00:00.000","W","718167","688590","1406757"
"2016-08-14T00:00:00.000","U","402523","380801","783324"
"2016-08-13T00:00:00.000","A","522972","488035","1011007"
"2016-08-12T00:00:00.000","W","700723","715035","1415758"
"2016-08-11T00:00:00.000","W","767967","775031","1542998"
"2016-08-10T00:00:00.000","W","777389","765854","1543243"
"2016-08-09T00:00:00.000","W","781438","769199","1550637"
"2016-08-08T00:00:00.000","W","759970","707087","1467057"
"2016-08-07T00:00:00.000","U","398288","355693","753981"
"2016-08-06T00:00:00.000","A","539382","467180","1006562"
"2016-08-05T00:00:00.000","W","779186","747672","1526858"
"2016-08-04T00:00:00.000","W","783253","755236","1538489"
"2016-08-03T00:00:00.000","W","822281","785246","1607527"
"2016-08-02T00:00:00.000","W","795778","779493","1575271"
"2016-08-01T00:00:00.000","W","805970","779020","1584990"
"2016-07-31T00:00:00.000","U","400504","472314","872818"
"2016-07-30T00:00:00.000","A","503786","576267","1080053"
"2016-07-29T00:00:00.000","W","739138","868062","1607200"
"2016-07-28T00:00:00.000","W","745499","867964","1613463"
"2016-07-27T00:00:00.000","W","789537","831925","1621462"
"2016-07-26T00:00:00.000","W","786060","777948","1564008"
"2016-07-25T00:00:00.000","W","757860","744827","1502687"
"2016-07-24T00:00:00.000","U","370394","346616","717010"
"2016-07-23T00:00:00.000","A","472199","457178","929377"
"2016-07-22T00:00:00.000","W","745409","747479","1492888"
"2016-07-21T00:00:00.000","W","737845","753156","1491001"
"2016-07-20T00:00:00.000","W","788803","794496","1583299"
"2016-07-19T00:00:00.000","W","795162","797424","1592586"
"2016-07-18T00:00:00.000","W","774239","768719","1542958"
"2016-07-17T00:00:00.000","U","372190","409174","781364"
"2016-07-16T00:00:00.000","A","529240","528345","1057585"
"2016-07-15T00:00:00.000","W","769172","804635","1573807"
"2016-07-14T00:00:00.000","W","794813","775495","1570308"
"2016-07-13T00:00:00.000","W","762764","742502","1505266"
"2016-07-12T00:00:00.000","W","782892","749136","1532028"
"2016-07-11T00:00:00.000","W","769128","739158","1508286"
"2016-07-10T00:00:00.000","U","409685","397778","807463"
"2016-07-09T00:00:00.000","A","536269","515738","1052007"
"2016-07-08T00:00:00.000","W","786823","790177","1577000"
"2016-07-07T00:00:00.000","W","769513","774128","1543641"
"2016-07-06T00:00:00.000","W","771626","788995","1560621"
"2016-07-05T00:00:00.000","W","769179","735491","1504670"
"2016-07-04T00:00:00.000","U","393858","410925","804783"
"2016-07-03T00:00:00.000","U","415172","376896","792068"
"2016-07-02T00:00:00.000","A","530654","448200","978854"
"2016-07-01T00:00:00.000","W","798706","726939","1525645"
"2016-06-30T00:00:00.000","W","763112","783020","1546132"
"2016-06-29T00:00:00.000","W","774728","754918","1529646"
"2016-06-28T00:00:00.000","W","771611","748753","1520364"
"2016-06-27T00:00:00.000","W","753543","723488","1477031"
"2016-06-26T00:00:00.000","U","380689","453679","834368"
"2016-06-25T00:00:00.000","A","531261","506223","1037484"
"2016-06-24T00:00:00.000","W","762562","781653","1544215"
"2016-06-23T00:00:00.000","W","757817","760840","1518657"
"2016-06-22T00:00:00.000","W","707452","755165","1462617"
"2016-06-21T00:00:00.000","W","834157","810149","1644306"
"2016-06-20T00:00:00.000","W","785446","762810","1548256"
"2016-06-19T00:00:00.000","U","405719","396078","801797"
"2016-06-18T00:00:00.000","A","526402","520856","1047258"
"2016-06-17T00:00:00.000","W","832088","818467","1650555"
"2016-06-16T00:00:00.000","W","832864","777260","1610124"
"2016-06-15T00:00:00.000","W","845450","786422","1631872"
"2016-06-14T00:00:00.000","W","834141","778823","1612964"
"2016-06-13T00:00:00.000","W","827684","760210","1587894"
"2016-06-12T00:00:00.000","U","409577","414048","823625"
"2016-06-11T00:00:00.000","A","530558","542809","1073367"
"2016-06-10T00:00:00.000","W","862529","853441","1715970"
"2016-06-09T00:00:00.000","W","828551","789678","1618229"
"2016-06-08T00:00:00.000","W","866785","791667","1658452"
"2016-06-07T00:00:00.000","W","863284","795251","1658535"
"2016-06-06T00:00:00.000","W","854036","762707","1616743"
"2016-06-05T00:00:00.000","U","415836","395977","811813"
"2016-06-04T00:00:00.000","A","504778","462308","967086"
"2016-06-03T00:00:00.000","W","892290","824890","1717180"
"2016-06-02T00:00:00.000","W","873112","815928","1689040"
"2016-06-01T00:00:00.000","W","872679","788650","1661329"
"2016-05-31T00:00:00.000","W","801439","753953","1555392"
"2016-05-30T00:00:00.000","U","394914","389143","784057"
"2016-05-29T00:00:00.000","U","409978","430982","840960"
"2016-05-28T00:00:00.000","A","500775","532343","1033118"
"2016-05-27T00:00:00.000","W","808244","757981","1566225"
"2016-05-26T00:00:00.000","W","853656","775073","1628729"
"2016-05-25T00:00:00.000","W","833427","754244","1587671"
"2016-05-24T00:00:00.000","W","854725","767439","1622164"
"2016-05-23T00:00:00.000","W","839566","748976","1588542"
"2016-05-22T00:00:00.000","U","393684","357897","751581"
"2016-05-21T00:00:00.000","A","513934","460385","974319"
"2016-05-20T00:00:00.000","W","834308","756160","1590468"
"2016-05-19T00:00:00.000","W","855438","772464","1627902"
"2016-05-18T00:00:00.000","W","856701","757395","1614096"
"2016-05-17T00:00:00.000","W","839788","748287","1588075"
"2016-05-16T00:00:00.000","W","836089","730287","1566376"
"2016-05-15T00:00:00.000","U","384799","360008","744807"
"2016-05-14T00:00:00.000","A","497514","455838","953352"
"2016-05-13T00:00:00.000","W","852594","787476","1640070"
"2016-05-12T00:00:00.000","W","849532","775198","1624730"
"2016-05-11T00:00:00.000","W","873275","804156","1677431"
"2016-05-10T00:00:00.000","W","827322","761469","1588791"
"2016-05-09T00:00:00.000","W","815440","736551","1551991"
"2016-05-08T00:00:00.000","U","393146","357946","751092"
"2016-05-07T00:00:00.000","A","512770","484312","997082"
"2016-05-06T00:00:00.000","W","877873","814758","1692631"
"2016-05-05T00:00:00.000","W","898541","818665","1717206"
"2016-05-04T00:00:00.000","W","879217","767760","1646977"
"2016-05-03T00:00:00.000","W","879141","769834","1648975"
"2016-05-02T00:00:00.000","W","878407","751259","1629666"
"2016-05-01T00:00:00.000","U","376131","334275","710406"
"2016-04-30T00:00:00.000","A","474138","416588","890726"
"2016-04-29T00:00:00.000","W","893284","815629","1708913"
"2016-04-28T00:00:00.000","W","851720","821158","1672878"
"2016-04-27T00:00:00.000","W","856722","782591","1639313"
"2016-04-26T00:00:00.000","W","862743","782134","1644877"
"2016-04-25T00:00:00.000","W","854155","751951","1606106"
"2016-04-24T00:00:00.000","U","397080","343644","740724"
"2016-04-23T00:00:00.000","A","503944","445282","949226"
"2016-04-22T00:00:00.000","W","745475","721051","1466526"
"2016-04-21T00:00:00.000","W","768704","754746","1523450"
"2016-04-20T00:00:00.000","W","774694","745040","1519734"
"2016-04-19T00:00:00.000","W","765854","741141","1506995"
"2016-04-18T00:00:00.000","W","785035","732335","1517370"
"2016-04-17T00:00:00.000","U","409732","376485","786217"
"2016-04-16T00:00:00.000","A","554744","505299","1060043"
"2016-04-15T00:00:00.000","W","881603","806015","1687618"
"2016-04-14T00:00:00.000","W","863513","805071","1668584"
"2016-04-13T00:00:00.000","W","850705","796616","1647321"
"2016-04-12T00:00:00.000","W","886265","777658","1663923"
"2016-04-11T00:00:00.000","W","878043","789042","1667085"
"2016-04-10T00:00:00.000","U","345627","301954","647581"
"2016-04-09T00:00:00.000","A","509980","446082","956062"
"2016-04-08T00:00:00.000","W","782419","753786","1536205"
"2016-04-07T00:00:00.000","W","867670","786281","1653951"
"2016-04-06T00:00:00.000","W","851050","763128","1614178"
"2016-04-05T00:00:00.000","W","898889","774877","1673766"
"2016-04-04T00:00:00.000","W","857791","741710","1599501"
"2016-04-03T00:00:00.000","U","396042","345432","741474"
"2016-04-02T00:00:00.000","A","492072","406616","898688"
"2016-04-01T00:00:00.000","W","848592","767974","1616566"
"2016-03-31T00:00:00.000","W","832775","758014","1590789"
"2016-03-30T00:00:00.000","W","860700","750353","1611053"
"2016-03-29T00:00:00.000","W","891134","766072","1657206"
"2016-03-28T00:00:00.000","W","842760","731858","1574618"
"2016-03-27T00:00:00.000","U","342269","278098","620367"
"2016-03-26T00:00:00.000","A","518549","415919","934468"
"2016-03-25T00:00:00.000","W","722960","650870","1373830"
"2016-03-24T00:00:00.000","W","770638","689517","1460155"
"2016-03-23T00:00:00.000","W","838201","714672","1552873"
"2016-03-22T00:00:00.000","W","863201","727343","1590544"
"2016-03-21T00:00:00.000","W","845669","707127","1552796"
"2016-03-20T00:00:00.000","U","388282","318670","706952"
"2016-03-19T00:00:00.000","A","520426","438020","958446"
"2016-03-18T00:00:00.000","W","875707","765919","1641626"
"2016-03-17T00:00:00.000","W","891580","793590","1685170"
"2016-03-16T00:00:00.000","W","876232","779846","1656078"
"2016-03-15T00:00:00.000","W","887592","769441","1657033"
"2016-03-14T00:00:00.000","W","870740","766595","1637335"
"2016-03-13T00:00:00.000","U","332203","303129","635332"
"2016-03-12T00:00:00.000","A","542246","605182","1147428"
"2016-03-11T00:00:00.000","W","886599","797977","1684576"
"2016-03-10T00:00:00.000","W","888084","780687","1668771"
"2016-03-09T00:00:00.000","W","882030","768961","1650991"
"2016-03-08T00:00:00.000","W","902888","781301","1684189"
"2016-03-07T00:00:00.000","W","866171","739174","1605345"
"2016-03-06T00:00:00.000","U","393610","327173","720783"
"2016-03-05T00:00:00.000","A","503983","421193","925176"
"2016-03-04T00:00:00.000","W","883059","754750","1637809"
"2016-03-03T00:00:00.000","W","882188","764033","1646221"
"2016-03-02T00:00:00.000","W","878633","760062","1638695"
"2016-03-01T00:00:00.000","W","859775","741922","1601697"
"2016-02-29T00:00:00.000","W","862380","742972","1605352"
"2016-02-28T00:00:00.000","U","385121","323758","708879"
"2016-02-27T00:00:00.000","A","536678","455421","992099"
"2016-02-26T00:00:00.000","W","865397","749991","1615388"
"2016-02-25T00:00:00.000","W","855117","762858","1617975"
"2016-02-24T00:00:00.000","W","795160","725712","1520872"
"2016-02-23T00:00:00.000","W","890949","765309","1656258"
"2016-02-22T00:00:00.000","W","869531","745072","1614603"
"2016-02-21T00:00:00.000","U","378769","311190","689959"
"2016-02-20T00:00:00.000","A","566721","464149","1030870"
"2016-02-19T00:00:00.000","W","887914","761996","1649910"
"2016-02-18T00:00:00.000","W","890627","773317","1663944"
"2016-02-17T00:00:00.000","W","889758","766940","1656698"
"2016-02-16T00:00:00.000","W","883108","764147","1647255"
"2016-02-15T00:00:00.000","W","605584","548390","1153974"
"2016-02-14T00:00:00.000","U","339238","314191","653429"
"2016-02-13T00:00:00.000","A","438203","392095","830298"
"2016-02-12T00:00:00.000","W","820833","706242","1527075"
"2016-02-11T00:00:00.000","W","866884","752703","1619587"
"2016-02-10T00:00:00.000","W","850090","742445","1592535"
"2016-02-09T00:00:00.000","W","858961","752849","1611810"
"2016-02-08T00:00:00.000","W","856547","733387","1589934"
"2016-02-07T00:00:00.000","U","377642","301141","678783"
"2016-02-06T00:00:00.000","A","522296","423602","945898"
"2016-02-05T00:00:00.000","W","785587","731495","1517082"
"2016-02-04T00:00:00.000","W","901406","778227","1679633"
"2016-02-03T00:00:00.000","W","925655","772821","1698476"
"2016-02-02T00:00:00.000","W","833911","739247","1573158"
"2016-02-01T00:00:00.000","W","926781","759849","1686630"
"2016-01-31T00:00:00.000","U","358361","293056","651417"
"2016-01-30T00:00:00.000","A","510514","427874","938388"
"2016-01-29T00:00:00.000","W","863548","751090","1614638"
"2016-01-28T00:00:00.000","W","877280","771161","1648441"
"2016-01-27T00:00:00.000","W","882832","768241","1651073"
"2016-01-26T00:00:00.000","W","872768","764023","1636791"
"2016-01-25T00:00:00.000","W","865486","751104","1616590"
"2016-01-24T00:00:00.000","U","352859","293804","646663"
"2016-01-23T00:00:00.000","A","487975","416999","904974"
"2016-01-22T00:00:00.000","W","841282","745168","1586450"
"2016-01-21T00:00:00.000","W","873177","766262","1639439"
"2016-01-20T00:00:00.000","W","856911","758524","1615435"
"2016-01-19T00:00:00.000","W","810646","727458","1538104"
"2016-01-18T00:00:00.000","W","439597","405686","845283"
"2016-01-17T00:00:00.000","U","266532","241160","507692"
"2016-01-16T00:00:00.000","A","486797","404212","891009"
"2016-01-15T00:00:00.000","W","858032","742622","1600654"
"2016-01-14T00:00:00.000","W","859099","758116","1617215"
"2016-01-13T00:00:00.000","W","787220","716663","1503883"
"2016-01-12T00:00:00.000","W","760149","705694","1465843"
"2016-01-11T00:00:00.000","W","753006","694734","1447740"
"2016-01-10T00:00:00.000","U","306896","263073","569969"
"2016-01-09T00:00:00.000","A","469539","391597","861136"
"2016-01-08T00:00:00.000","W","841494","732495","1573989"
"2016-01-07T00:00:00.000","W","846274","736809","1583083"
"2016-01-06T00:00:00.000","W","853904","733167","1587071"
"2016-01-05T00:00:00.000","W","846789","727716","1574505"
"2016-01-04T00:00:00.000","W","829429","703185","1532614"
"2016-01-03T00:00:00.000","U","340540","287661","628201"
"2016-01-02T00:00:00.000","A","448859","365509","814368"
"2016-01-01T00:00:00.000","U","303321","319835","623156"
"2015-12-31T00:00:00.000","W","604409","565772","1170181"
"2015-12-30T00:00:00.000","W","636706","585337","1222043"
"2015-12-29T00:00:00.000","W","638221","571322","1209543"
"2015-12-28T00:00:00.000","W","514171","484349","998520"
"2015-12-27T00:00:00.000","U","334737","272169","606906"
"2015-12-26T00:00:00.000","A","387357","292832","680189"
"2015-12-25T00:00:00.000","U","231718","162100","393818"
"2015-12-24T00:00:00.000","W","531521","378784","910305"
"2015-12-23T00:00:00.000","W","654312","571814","1226126"
"2015-12-22T00:00:00.000","W","722061","664559","1386620"
"2015-12-21T00:00:00.000","W","696473","644071","1340544"
"2015-12-20T00:00:00.000","U","392051","326681","718732"
"2015-12-19T00:00:00.000","A","506208","423960","930168"
"2015-12-18T00:00:00.000","W","846033","738908","1584941"
"2015-12-17T00:00:00.000","W","864846","752203","1617049"
"2015-12-16T00:00:00.000","W","871638","755292","1626930"
"2015-12-15T00:00:00.000","W","884506","755882","1640388"
"2015-12-14T00:00:00.000","W","849106","728299","1577405"
"2015-12-13T00:00:00.000","U","383666","344084","727750"
"2015-12-12T00:00:00.000","A","541305","491199","1032504"
"2015-12-11T00:00:00.000","W","912854","801907","1714761"
"2015-12-10T00:00:00.000","W","909606","796080","1705686"
"2015-12-09T00:00:00.000","W","916281","789224","1705505"
"2015-12-08T00:00:00.000","W","910018","775695","1685713"
"2015-12-07T00:00:00.000","W","898172","758242","1656414"
"2015-12-06T00:00:00.000","U","411174","360066","771240"
"2015-12-05T00:00:00.000","A","566882","501339","1068221"
"2015-12-04T00:00:00.000","W","930083","815301","1745384"
"2015-12-03T00:00:00.000","W","940609","807065","1747674"
"2015-12-02T00:00:00.000","W","906715","792020","1698735"
"2015-12-01T00:00:00.000","W","949925","794768","1744693"
"2015-11-30T00:00:00.000","W","870662","756626","1627288"
"2015-11-29T00:00:00.000","U","365314","312990","678304"
"2015-11-28T00:00:00.000","A","459598","396926","856524"
"2015-11-27T00:00:00.000","W","443089","410220","853309"
"2015-11-26T00:00:00.000","U","288282","234285","522567"
"2015-11-25T00:00:00.000","W","735265","667707","1402972"
"2015-11-24T00:00:00.000","W","898177","805812","1703989"
"2015-11-23T00:00:00.000","W","877236","781545","1658781"
"2015-11-22T00:00:00.000","U","356953","338408","695361"
"2015-11-21T00:00:00.000","A","429624","469943","899567"
"2015-11-20T00:00:00.000","W","894949","812590","1707539"
"2015-11-19T00:00:00.000","W","884290","811595","1695885"
"2015-11-18T00:00:00.000","W","893671","808901","1702572"
"2015-11-17T00:00:00.000","W","880013","801291","1681304"
"2015-11-16T00:00:00.000","W","908305","797597","1705902"
"2015-11-15T00:00:00.000","U","411704","352488","764192"
"2015-11-14T00:00:00.000","A","545554","475091","1020645"
"2015-11-13T00:00:00.000","W","837532","804273","1641805"
"2015-11-12T00:00:00.000","W","879349","820988","1700337"
"2015-11-11T00:00:00.000","W","755234","738828","1494062"
"2015-11-10T00:00:00.000","W","940362","832141","1772503"
"2015-11-09T00:00:00.000","W","923927","811177","1735104"
"2015-11-08T00:00:00.000","U","414784","379185","793969"
"2015-11-07T00:00:00.000","A","573470","496404","1069874"
"2015-11-06T00:00:00.000","W","925054","832872","1757926"
"2015-11-05T00:00:00.000","W","942300","851684","1793984"
"2015-11-04T00:00:00.000","W","956176","842035","1798211"
"2015-11-03T00:00:00.000","W","987382","830460","1817842"
"2015-11-02T00:00:00.000","W","940464","817657","1758121"
"2015-11-01T00:00:00.000","U","436791","378873","815664"
"2015-10-31T00:00:00.000","A","500004","418362","918366"
"2015-10-30T00:00:00.000","W","949185","840246","1789431"
"2015-10-29T00:00:00.000","W","916453","837868","1754321"
"2015-10-28T00:00:00.000","W","910794","826173","1736967"
"2015-10-27T00:00:00.000","W","916953","824772","1741725"
"2015-10-26T00:00:00.000","W","929741","805144","1734885"
"2015-10-25T00:00:00.000","U","415182","368100","783282"
"2015-10-24T00:00:00.000","A","556146","492083","1048229"
"2015-10-23T00:00:00.000","W","915489","828812","1744301"
"2015-10-22T00:00:00.000","W","942983","852957","1795940"
"2015-10-21T00:00:00.000","W","955633","882188","1837821"
"2015-10-20T00:00:00.000","W","950953","875792","1826745"
"2015-10-19T00:00:00.000","W","930236","819286","1749522"
"2015-10-18T00:00:00.000","U","415455","392712","808167"
"2015-10-17T00:00:00.000","A","578160","546096","1124256"
"2015-10-16T00:00:00.000","W","936818","855252","1792070"
"2015-10-15T00:00:00.000","W","946290","860809","1807099"
"2015-10-14T00:00:00.000","W","954519","845066","1799585"
"2015-10-13T00:00:00.000","W","947941","873747","1821688"
"2015-10-12T00:00:00.000","W","759254","776968","1536222"
"2015-10-11T00:00:00.000","U","400140","558033","958173"
"2015-10-10T00:00:00.000","A","577667","541173","1118840"
"2015-10-09T00:00:00.000","W","931769","854606","1786375"
"2015-10-08T00:00:00.000","W","959798","851423","1811221"
"2015-10-07T00:00:00.000","W","970204","854361","1824565"
"2015-10-06T00:00:00.000","W","967808","831137","1798945"
"2015-10-05T00:00:00.000","W","948999","805091","1754090"
"2015-10-04T00:00:00.000","U","417529","371950","789479"
"2015-10-03T00:00:00.000","A","571153","488574","1059727"
"2015-10-02T00:00:00.000","W","981039","837159","1818198"
"2015-10-01T00:00:00.000","W","993576","848050","1841626"
"2015-09-30T00:00:00.000","W","946374","835001","1781375"
"2015-09-29T00:00:00.000","W","914286","822855","1737141"
"2015-09-28T00:00:00.000","W","929278","829791","1759069"
"2015-09-27T00:00:00.000","U","422542","406802","829344"
"2015-09-26T00:00:00.000","A","598862","565634","1164496"
"2015-09-25T00:00:00.000","W","951827","863209","1815036"
"2015-09-24T00:00:00.000","W","942518","835403","1777921"
"2015-09-23T00:00:00.000","W","942933","838495","1781428"
"2015-09-22T00:00:00.000","W","947566","842632","1790198"
"2015-09-21T00:00:00.000","W","935471","837061","1772532"
"2015-09-20T00:00:00.000","U","433770","428858","862628"
"2015-09-19T00:00:00.000","A","558990","557919","1116909"
"2015-09-18T00:00:00.000","W","895702","853094","1748796"
"2015-09-17T00:00:00.000","W","927771","851514","1779285"
"2015-09-16T00:00:00.000","W","956622","840594","1797216"
"2015-09-15T00:00:00.000","W","956026","853826","1809852"
"2015-09-14T00:00:00.000","W","930582","803746","1734328"
"2015-09-13T00:00:00.000","U","423559","417183","840742"
"2015-09-12T00:00:00.000","A","553239","530282","1083521"
"2015-09-11T00:00:00.000","W","924272","872323","1796595"
"2015-09-10T00:00:00.000","W","928707","823661","1752368"
"2015-09-09T00:00:00.000","W","966510","821823","1788333"
"2015-09-08T00:00:00.000","W","885886","756110","1641996"
"2015-09-07T00:00:00.000","U","419206","362421","781627"
"2015-09-06T00:00:00.000","U","452841","452445","905286"
"2015-09-05T00:00:00.000","A","571868","528694","1100562"
"2015-09-04T00:00:00.000","W","869966","802219","1672185"
"2015-09-03T00:00:00.000","W","907453","800062","1707515"
"2015-09-02T00:00:00.000","W","882052","792561","1674613"
"2015-09-01T00:00:00.000","W","909864","799606","1709470"
"2015-08-31T00:00:00.000","W","836125","771622","1607747"
"2015-08-30T00:00:00.000","U","417777","371923","789700"
"2015-08-29T00:00:00.000","A","520511","468675","989186"
"2015-08-28T00:00:00.000","W","841111","770482","1611593"
"2015-08-27T00:00:00.000","W","858460","803728","1662188"
"2015-08-26T00:00:00.000","W","860821","774429","1635250"
"2015-08-25T00:00:00.000","W","838405","768794","1607199"
"2015-08-24T00:00:00.000","W","824140","774207","1598347"
"2015-08-23T00:00:00.000","U","412542","393966","806508"
"2015-08-22T00:00:00.000","A","582295","519930","1102225"
"2015-08-21T00:00:00.000","W","829744","785707","1615451"
"2015-08-20T00:00:00.000","W","820929","778440","1599369"
"2015-08-19T00:00:00.000","W","801496","768950","1570446"
"2015-08-18T00:00:00.000","W","782272","745246","1527518"
"2015-08-17T00:00:00.000","W","775836","708821","1484657"
"2015-08-16T00:00:00.000","U","448872","420453","869325"
"2015-08-15T00:00:00.000","A","567544","517393","1084937"
"2015-08-14T00:00:00.000","W","813718","760558","1574276"
"2015-08-13T00:00:00.000","W","817948","790163","1608111"
"2015-08-12T00:00:00.000","W","817244","772367","1589611"
"2015-08-11T00:00:00.000","W","823620","770361","1593981"
"2015-08-10T00:00:00.000","W","772518","716242","1488760"
"2015-08-09T00:00:00.000","U","414942","384961","799903"
"2015-08-08T00:00:00.000","A","577878","534305","1112183"
"2015-08-07T00:00:00.000","W","831076","798253","1629329"
"2015-08-06T00:00:00.000","W","825012","795399","1620411"
"2015-08-05T00:00:00.000","W","831758","765442","1597200"
"2015-08-04T00:00:00.000","W","839704","762573","1602277"
"2015-08-03T00:00:00.000","W","833632","751771","1585403"
"2015-08-02T00:00:00.000","U","425896","469421","895317"
"2015-08-01T00:00:00.000","A","574270","587633","1161903"
"2015-07-31T00:00:00.000","W","834790","871817","1706607"
"2015-07-30T00:00:00.000","W","825894","811903","1637797"
"2015-07-29T00:00:00.000","W","814733","820373","1635106"
"2015-07-28T00:00:00.000","W","827024","782394","1609418"
"2015-07-27T00:00:00.000","W","820529","760311","1580840"
"2015-07-26T00:00:00.000","U","419005","402975","821980"
"2015-07-25T00:00:00.000","A","573827","539665","1113492"
"2015-07-24T00:00:00.000","W","830024","818410","1648434"
"2015-07-23T00:00:00.000","W","844483","783822","1628305"
"2015-07-22T00:00:00.000","W","844761","785763","1630524"
"2015-07-21T00:00:00.000","W","848416","782194","1630610"
"2015-07-20T00:00:00.000","W","819425","749387","1568812"
"2015-07-19T00:00:00.000","U","440059","443655","883714"
"2015-07-18T00:00:00.000","A","529845","515769","1045614"
"2015-07-17T00:00:00.000","W","822257","809549","1631806"
"2015-07-16T00:00:00.000","W","802468","762144","1564612"
"2015-07-15T00:00:00.000","W","859672","775047","1634719"
"2015-07-14T00:00:00.000","W","836909","760527","1597436"
"2015-07-13T00:00:00.000","W","784509","727235","1511744"
"2015-07-12T00:00:00.000","U","457477","468153","925630"
"2015-07-11T00:00:00.000","A","575848","560642","1136490"
"2015-07-10T00:00:00.000","W","858745","851630","1710375"
"2015-07-09T00:00:00.000","W","856253","834100","1690353"
"2015-07-08T00:00:00.000","W","848028","813381","1661409"
"2015-07-07T00:00:00.000","W","834983","794300","1629283"
"2015-07-06T00:00:00.000","W","816338","770918","1587256"
"2015-07-05T00:00:00.000","U","427090","435680","862770"
"2015-07-04T00:00:00.000","A","508110","545727","1053837"
"2015-07-03T00:00:00.000","U","602599","612736","1215335"
"2015-07-02T00:00:00.000","W","850667","773838","1624505"
"2015-07-01T00:00:00.000","W","886380","762718","1649098"
"2015-06-30T00:00:00.000","W","835118","751277","1586395"
"2015-06-29T00:00:00.000","W","797072","730941","1528013"
"2015-06-28T00:00:00.000","U","439944","577866","1017810"
"2015-06-27T00:00:00.000","A","570969","509237","1080206"
"2015-06-26T00:00:00.000","W","773954","748661","1522615"
"2015-06-25T00:00:00.000","W","808260","791423","1599683"
"2015-06-24T00:00:00.000","W","821308","787858","1609166"
"2015-06-23T00:00:00.000","W","840211","794064","1634275"
"2015-06-22T00:00:00.000","W","759346","731448","1490794"
"2015-06-21T00:00:00.000","U","439513","390557","830070"
"2015-06-20T00:00:00.000","A","563855","500734","1064589"
"2015-06-19T00:00:00.000","W","893122","813552","1706674"
"2015-06-18T00:00:00.000","W","867529","914768","1782297"
"2015-06-17T00:00:00.000","W","869500","775968","1645468"
"2015-06-16T00:00:00.000","W","911783","818185","1729968"
"2015-06-15T00:00:00.000","W","817931","774439","1592370"
"2015-06-14T00:00:00.000","U","419317","407107","826424"
"2015-06-13T00:00:00.000","A","590950","566965","1157915"
"2015-06-12T00:00:00.000","W","854059","812194","1666253"
"2015-06-11T00:00:00.000","W","898644","811432","1710076"
"2015-06-10T00:00:00.000","W","915049","801607","1716656"
"2015-06-09T00:00:00.000","W","932006","792806","1724812"
"2015-06-08T00:00:00.000","W","891851","759176","1651027"
"2015-06-07T00:00:00.000","U","388946","337748","726694"
"2015-06-06T00:00:00.000","A","606641","511352","1117993"
"2015-06-05T00:00:00.000","W","919157","784462","1703619"
"2015-06-04T00:00:00.000","W","938834","797464","1736298"
"2015-06-03T00:00:00.000","W","964899","794693","1759592"
"2015-06-02T00:00:00.000","W","933346","779073","1712419"
"2015-06-01T00:00:00.000","W","942997","757975","1700972"
"2015-05-31T00:00:00.000","U","388866","351159","740025"
"2015-05-30T00:00:00.000","A","481814","428464","910278"
"2015-05-29T00:00:00.000","W","892551","800510","1693061"
"2015-05-28T00:00:00.000","W","925094","787104","1712198"
"2015-05-27T00:00:00.000","W","921204","783749","1704953"
"2015-05-26T00:00:00.000","W","878946","743291","1622237"
"2015-05-25T00:00:00.000","U","397951","357227","755178"
"2015-05-24T00:00:00.000","U","401488","366008","767496"
"2015-05-23T00:00:00.000","A","575386","501879","1077265"
"2015-05-22T00:00:00.000","W","908692","760362","1669054"
"2015-05-21T00:00:00.000","W","921476","784762","1706238"
"2015-05-20T00:00:00.000","W","906942","760399","1667341"
"2015-05-19T00:00:00.000","W","902867","759919","1662786"
"2015-05-18T00:00:00.000","W","908842","761991","1670833"
"2015-05-17T00:00:00.000","U","415263","373832","789095"
"2015-05-16T00:00:00.000","A","561092","493377","1054469"
"2015-05-15T00:00:00.000","W","921190","804671","1725861"
"2015-05-14T00:00:00.000","W","912634","795093","1707727"
"2015-05-13T00:00:00.000","W","926402","784501","1710903"
"2015-05-12T00:00:00.000","W","904654","770185","1674839"
"2015-05-11T00:00:00.000","W","869148","743353","1612501"
"2015-05-10T00:00:00.000","U","385323","315215","700538"
"2015-05-09T00:00:00.000","A","572064","455436","1027500"
"2015-05-08T00:00:00.000","W","916218","780602","1696820"
"2015-05-07T00:00:00.000","W","956437","810302","1766739"
"2015-05-06T00:00:00.000","W","951886","789988","1741874"
"2015-05-05T00:00:00.000","W","918652","769751","1688403"
"2015-05-04T00:00:00.000","W","933337","756442","1689779"
"2015-05-03T00:00:00.000","U","435591","379014","814605"
"2015-05-02T00:00:00.000","A","629640","548837","1178477"
"2015-05-01T00:00:00.000","W","993931","835711","1829642"
"2015-04-30T00:00:00.000","W","923564","817167","1740731"
"2015-04-29T00:00:00.000","W","934550","793551","1728101"
"2015-04-28T00:00:00.000","W","941909","789018","1730927"
"2015-04-27T00:00:00.000","W","925541","769888","1695429"
"2015-04-26T00:00:00.000","U","419729","352658","772387"
"2015-04-25T00:00:00.000","A","496407","435893","932300"
"2015-04-24T00:00:00.000","W","912926","782626","1695552"
"2015-04-23T00:00:00.000","W","935537","799888","1735425"
"2015-04-22T00:00:00.000","W","925517","780432","1705949"
"2015-04-21T00:00:00.000","W","931681","779658","1711339"
"2015-04-20T00:00:00.000","W","907393","762726","1670119"
"2015-04-19T00:00:00.000","U","394676","338222","732898"
"2015-04-18T00:00:00.000","A","599954","503902","1103856"
"2015-04-17T00:00:00.000","W","936814","818272","1755086"
"2015-04-16T00:00:00.000","W","890058","791213","1681271"
"2015-04-15T00:00:00.000","W","904861","796244","1701105"
"2015-04-14T00:00:00.000","W","946490","796083","1742573"
"2015-04-13T00:00:00.000","W","908654","767492","1676146"
"2015-04-12T00:00:00.000","U","410420","332334","742754"
"2015-04-11T00:00:00.000","A","586791","469045","1055836"
"2015-04-10T00:00:00.000","W","828661","757159","1585820"
"2015-04-09T00:00:00.000","W","748326","711033","1459359"
"2015-04-08T00:00:00.000","W","822289","750275","1572564"
"2015-04-07T00:00:00.000","W","813597","727328","1540925"
"2015-04-06T00:00:00.000","W","807389","711923","1519312"
"2015-04-05T00:00:00.000","U","393690","327292","720982"
"2015-04-04T00:00:00.000","A","582015","427101","1009116"
"2015-04-03T00:00:00.000","W","814328","681130","1495458"
"2015-04-02T00:00:00.000","W","897550","761806","1659356"
"2015-04-01T00:00:00.000","W","974353","784085","1758438"
"2015-03-31T00:00:00.000","W","922487","753405","1675892"
"2015-03-30T00:00:00.000","W","903992","736692","1640684"
"2015-03-29T00:00:00.000","U","362329","325865","688194"
"2015-03-28T00:00:00.000","A","539031","429689","968720"
"2015-03-27T00:00:00.000","W","888293","726738","1615031"
"2015-03-26T00:00:00.000","W","925361","736687","1662048"
"2015-03-25T00:00:00.000","W","916538","734311","1650849"
"2015-03-24T00:00:00.000","W","904344","727888","1632232"
"2015-03-23T00:00:00.000","W","817246","693264","1510510"
"2015-03-22T00:00:00.000","U","383134","306283","689417"
"2015-03-21T00:00:00.000","A","566447","447493","1013940"
"2015-03-20T00:00:00.000","W","932331","760906","1693237"
"2015-03-19T00:00:00.000","W","928929","771127","1700056"
"2015-03-18T00:00:00.000","W","937056","771625","1708681"
"2015-03-17T00:00:00.000","W","934438","770081","1704519"
"2015-03-16T00:00:00.000","W","939583","768218","1707801"
"2015-03-15T00:00:00.000","U","432055","362045","794100"
"2015-03-14T00:00:00.000","A","605758","673707","1279465"
"2015-03-13T00:00:00.000","W","950690","801547","1752237"
"2015-03-12T00:00:00.000","W","953310","790210","1743520"
"2015-03-11T00:00:00.000","W","955083","778171","1733254"
"2015-03-10T00:00:00.000","W","953173","767551","1720724"
"2015-03-09T00:00:00.000","W","935951","752995","1688946"
"2015-03-08T00:00:00.000","U","399324","309962","709286"
"2015-03-07T00:00:00.000","A","585771","427330","1013101"
"2015-03-06T00:00:00.000","W","909446","732902","1642348"
"2015-03-05T00:00:00.000","W","909192","744229","1653421"
"2015-03-04T00:00:00.000","W","928771","750369","1679140"
"2015-03-03T00:00:00.000","W","904439","735951","1640390"
"2015-03-02T00:00:00.000","W","912384","715945","1628329"
"2015-03-01T00:00:00.000","U","383971","293964","677935"
"2015-02-28T00:00:00.000","A","542479","405241","947720"
"2015-02-27T00:00:00.000","W","903421","736663","1640084"
"2015-02-26T00:00:00.000","W","857402","755359","1612761"
"2015-02-25T00:00:00.000","W","905748","752497","1658245"
"2015-02-24T00:00:00.000","W","901872","728674","1630546"
"2015-02-23T00:00:00.000","W","857014","700742","1557756"
"2015-02-22T00:00:00.000","U","378733","299663","678396"
"2015-02-21T00:00:00.000","A","565948","410400","976348"
"2015-02-20T00:00:00.000","W","847700","697600","1545300"
"2015-02-19T00:00:00.000","W","576326","575180","1151506"
"2015-02-18T00:00:00.000","W","833785","707746","1541531"
"2015-02-17T00:00:00.000","W","912529","745575","1658104"
"2015-02-16T00:00:00.000","W","652807","547767","1200574"
"2015-02-15T00:00:00.000","U","336299","276160","612459"
"2015-02-14T00:00:00.000","A","514916","380652","895568"
"2015-02-13T00:00:00.000","W","911949","740559","1652508"
"2015-02-12T00:00:00.000","W","883395","729249","1612644"
"2015-02-11T00:00:00.000","W","966071","770885","1736956"
"2015-02-10T00:00:00.000","W","965833","772727","1738560"
"2015-02-09T00:00:00.000","W","936475","750136","1686611"
"2015-02-08T00:00:00.000","U","399923","298701","698624"
"2015-02-07T00:00:00.000","A","600789","439214","1040003"
"2015-02-06T00:00:00.000","W","959648","768091","1727739"
"2015-02-05T00:00:00.000","W","932148","780378","1712526"
"2015-02-04T00:00:00.000","W","957218","791399","1748617"
"2015-02-03T00:00:00.000","W","947457","806148","1753605"
"2015-02-02T00:00:00.000","W","632367","563770","1196137"
"2015-02-01T00:00:00.000","U","293689","270615","564304"
"2015-01-31T00:00:00.000","A","551745","419577","971322"
"2015-01-30T00:00:00.000","W","933971","754968","1688939"
"2015-01-29T00:00:00.000","W","898174","760217","1658391"
"2015-01-28T00:00:00.000","W","922297","763680","1685977"
"2015-01-27T00:00:00.000","W","913448","764457","1677905"
"2015-01-26T00:00:00.000","W","896430","738965","1635395"
"2015-01-25T00:00:00.000","U","339402","279154","618556"
"2015-01-24T00:00:00.000","A","538766","415123","953889"
"2015-01-23T00:00:00.000","W","902567","747376","1649943"
"2015-01-22T00:00:00.000","W","903230","761705","1664935"
"2015-01-21T00:00:00.000","W","905178","756860","1662038"
"2015-01-20T00:00:00.000","W","913930","754946","1668876"
"2015-01-19T00:00:00.000","W","597347","502376","1099723"
"2015-01-18T00:00:00.000","U","391445","300710","692155"
"2015-01-17T00:00:00.000","A","539500","417756","957256"
"2015-01-16T00:00:00.000","W","898222","748177","1646399"
"2015-01-15T00:00:00.000","W","899363","760336","1659699"
"2015-01-14T00:00:00.000","W","885449","742410","1627859"
"2015-01-13T00:00:00.000","W","881226","743774","1625000"
"2015-01-12T00:00:00.000","W","871183","738697","1609880"
"2015-01-11T00:00:00.000","U","349027","279494","628521"
"2015-01-10T00:00:00.000","A","435672","352140","787812"
"2015-01-09T00:00:00.000","W","715334","639901","1355235"
"2015-01-08T00:00:00.000","W","558275","579994","1138269"
"2015-01-07T00:00:00.000","W","508815","509075","1017890"
"2015-01-06T00:00:00.000","W","771953","679913","1451866"
"2015-01-05T00:00:00.000","W","753918","657877","1411795"
"2015-01-04T00:00:00.000","U","330082","267676","597758"
"2015-01-03T00:00:00.000","A","441327","340135","781462"
"2015-01-02T00:00:00.000","W","656375","527583","1183958"
"2015-01-01T00:00:00.000","U","300426","287754","588180"
"2014-12-31T00:00:00.000","W","599316","642981","1242297"
"2014-12-30T00:00:00.000","W","646243","567099","1213342"
"2014-12-29T00:00:00.000","W","654612","559416","1214028"
"2014-12-28T00:00:00.000","U","353263","283343","636606"
"2014-12-27T00:00:00.000","A","449446","337243","786689"
"2014-12-26T00:00:00.000","W","569843","422543","992386"
"2014-12-25T00:00:00.000","U","238015","159831","397846"
"2014-12-24T00:00:00.000","W","549046","388742","937788"
"2014-12-23T00:00:00.000","W","720116","617728","1337844"
"2014-12-22T00:00:00.000","W","705765","619508","1325273"
"2014-12-21T00:00:00.000","U","397000","332367","729367"
"2014-12-20T00:00:00.000","A","537820","436322","974142"
"2014-12-19T00:00:00.000","W","857137","716221","1573358"
"2014-12-18T00:00:00.000","W","867861","722656","1590517"
"2014-12-17T00:00:00.000","W","868378","720814","1589192"
"2014-12-16T00:00:00.000","W","875970","729798","1605768"
"2014-12-15T00:00:00.000","W","871449","725989","1597438"
"2014-12-14T00:00:00.000","U","418122","357042","775164"
"2014-12-13T00:00:00.000","A","575613","498945","1074558"
"2014-12-12T00:00:00.000","W","912339","773048","1685387"
"2014-12-11T00:00:00.000","W","922765","774798","1697563"
"2014-12-10T00:00:00.000","W","914038","763277","1677315"
"2014-12-09T00:00:00.000","W","911402","758780","1670182"
"2014-12-08T00:00:00.000","W","882998","734002","1617000"
"2014-12-07T00:00:00.000","U","397656","334688","732344"
"2014-12-06T00:00:00.000","A","569561","490865","1060426"
"2014-12-05T00:00:00.000","W","937187","800885","1738072"
"2014-12-04T00:00:00.000","W","939372","804113","1743485"
"2014-12-03T00:00:00.000","W","964141","782753","1746894"
"2014-12-02T00:00:00.000","W","926053","766316","1692369"
"2014-12-01T00:00:00.000","W","912722","743704","1656426"
"2014-11-30T00:00:00.000","U","367831","311435","679266"
"2014-11-29T00:00:00.000","A","493851","417770","911621"
"2014-11-28T00:00:00.000","W","525696","424837","950533"
"2014-11-27T00:00:00.000","U","285946","233318","519264"
"2014-11-26T00:00:00.000","W","738720","652762","1391482"
"2014-11-25T00:00:00.000","W","889039","780322","1669361"
"2014-11-24T00:00:00.000","W","857759","746052","1603811"
"2014-11-23T00:00:00.000","U","380928","340202","721130"
"2014-11-22T00:00:00.000","A","534874","525065","1059939"
"2014-11-21T00:00:00.000","W","898889","787291","1686180"
"2014-11-20T00:00:00.000","W","899732","786919","1686651"
"2014-11-19T00:00:00.000","W","889137","774198","1663335"
"2014-11-18T00:00:00.000","W","846179","755916","1602095"
"2014-11-17T00:00:00.000","W","863661","758113","1621774"
"2014-11-16T00:00:00.000","U","372383","331794","704177"
"2014-11-15T00:00:00.000","A","532937","458706","991643"
"2014-11-14T00:00:00.000","W","911150","794103","1705253"
"2014-11-13T00:00:00.000","W","866929","789154","1656083"
"2014-11-12T00:00:00.000","W","911664","797730","1709394"
"2014-11-11T00:00:00.000","W","759033","698289","1457322"
"2014-11-10T00:00:00.000","W","938000","786491","1724491"
"2014-11-09T00:00:00.000","U","411806","379597","791403"
"2014-11-08T00:00:00.000","A","563782","492608","1056390"
"2014-11-07T00:00:00.000","W","873365","802400","1675765"
"2014-11-06T00:00:00.000","W","941564","821892","1763456"
"2014-11-05T00:00:00.000","W","990008","827900","1817908"
"2014-11-04T00:00:00.000","W","971255","805374","1776629"
"2014-11-03T00:00:00.000","W","995821","805002","1800823"
"2014-11-02T00:00:00.000","U","416049","383910","799959"
"2014-11-01T00:00:00.000","A","556675","491328","1048003"
"2014-10-31T00:00:00.000","W","894082","800198","1694280"
"2014-10-30T00:00:00.000","W","951547","830872","1782419"
"2014-10-29T00:00:00.000","W","944219","813686","1757905"
"2014-10-28T00:00:00.000","W","953363","812867","1766230"
"2014-10-27T00:00:00.000","W","940038","792398","1732436"
"2014-10-26T00:00:00.000","U","410811","362143","772954"
"2014-10-25T00:00:00.000","A","586281","500235","1086516"
"2014-10-24T00:00:00.000","W","943435","815235","1758670"
"2014-10-23T00:00:00.000","W","949675","829088","1778763"
"2014-10-22T00:00:00.000","W","959209","818395","1777604"
"2014-10-21T00:00:00.000","W","947668","814300","1761968"
"2014-10-20T00:00:00.000","W","939282","801698","1740980"
"2014-10-19T00:00:00.000","U","424169","393552","817721"
"2014-10-18T00:00:00.000","A","567859","525540","1093399"
"2014-10-17T00:00:00.000","W","949303","844701","1794004"
"2014-10-16T00:00:00.000","W","959217","848014","1807231"
"2014-10-15T00:00:00.000","W","956165","826620","1782785"
"2014-10-14T00:00:00.000","W","914687","814971","1729658"
"2014-10-13T00:00:00.000","W","743512","714675","1458187"
"2014-10-12T00:00:00.000","U","389901","549571","939472"
"2014-10-11T00:00:00.000","A","584377","527418","1111795"
"2014-10-10T00:00:00.000","W","954800","839036","1793836"
"2014-10-09T00:00:00.000","W","969095","838925","1808020"
"2014-10-08T00:00:00.000","W","972010","822875","1794885"
"2014-10-07T00:00:00.000","W","971693","814006","1785699"
"2014-10-06T00:00:00.000","W","957372","798793","1756165"
"2014-10-05T00:00:00.000","U","420636","353400","774036"
"2014-10-04T00:00:00.000","A","557711","482714","1040425"
"2014-10-03T00:00:00.000","W","954675","811571","1766246"
"2014-10-02T00:00:00.000","W","960602","820764","1781366"
"2014-10-01T00:00:00.000","W","1010778","825205","1835983"
"2014-09-30T00:00:00.000","W","945847","805360","1751207"
"2014-09-29T00:00:00.000","W","934648","793644","1728292"
"2014-09-28T00:00:00.000","U","423502","386129","809631"
"2014-09-27T00:00:00.000","A","592901","515308","1108209"
"2014-09-26T00:00:00.000","W","957961","814285","1772246"
"2014-09-25T00:00:00.000","W","963447","824454","1787901"
"2014-09-24T00:00:00.000","W","961323","833600","1794923"
"2014-09-23T00:00:00.000","W","960506","826655","1787161"
"2014-09-22T00:00:00.000","W","947353","819134","1766487"
"2014-09-21T00:00:00.000","U","417931","387673","805604"
"2014-09-20T00:00:00.000","A","566053","511922","1077975"
"2014-09-19T00:00:00.000","W","955896","854602","1810498"
"2014-09-18T00:00:00.000","W","967453","848591","1816044"
"2014-09-17T00:00:00.000","W","975664","832609","1808273"
"2014-09-16T00:00:00.000","W","964802","827582","1792384"
"2014-09-15T00:00:00.000","W","924594","804175","1728769"
"2014-09-14T00:00:00.000","U","431379","386903","818282"
"2014-09-13T00:00:00.000","A","584842","525886","1110728"
"2014-09-12T00:00:00.000","W","929062","817716","1746778"
"2014-09-11T00:00:00.000","W","953091","833378","1786469"
"2014-09-10T00:00:00.000","W","898549","788458","1687007"
"2014-09-09T00:00:00.000","W","967610","800307","1767917"
"2014-09-08T00:00:00.000","W","956395","786501","1742896"
"2014-09-07T00:00:00.000","U","427686","395246","822932"
"2014-09-06T00:00:00.000","A","593846","534590","1128436"
"2014-09-05T00:00:00.000","W","933196","801886","1735082"
"2014-09-04T00:00:00.000","W","942676","794090","1736766"
"2014-09-03T00:00:00.000","W","985184","813174","1798358"
"2014-09-02T00:00:00.000","W","952266","773307","1725573"
"2014-09-01T00:00:00.000","U","419182","366912","786094"
"2014-08-31T00:00:00.000","U","451820","448668","900488"
"2014-08-30T00:00:00.000","A","581944","520855","1102799"
"2014-08-29T00:00:00.000","W","871087","781881","1652968"
"2014-08-28T00:00:00.000","W","867478","773821","1641299"
"2014-08-27T00:00:00.000","W","874420","768933","1643353"
"2014-08-26T00:00:00.000","W","858520","757206","1615726"
"2014-08-25T00:00:00.000","W","787836","712661","1500497"
"2014-08-24T00:00:00.000","U","432777","387171","819948"
"2014-08-23T00:00:00.000","A","517416","459047","976463"
"2014-08-22T00:00:00.000","W","816652","762365","1579017"
"2014-08-21T00:00:00.000","W","771537","739451","1510988"
"2014-08-20T00:00:00.000","W","829572","758067","1587639"
"2014-08-19T00:00:00.000","W","787767","727891","1515658"
"2014-08-18T00:00:00.000","W","786527","708188","1494715"
"2014-08-17T00:00:00.000","U","422345","382210","804555"
"2014-08-16T00:00:00.000","A","583313","501095","1084408"
"2014-08-15T00:00:00.000","W","820884","749693","1570577"
"2014-08-14T00:00:00.000","W","810388","770920","1581308"
"2014-08-13T00:00:00.000","W","817833","745654","1563487"
"2014-08-12T00:00:00.000","W","772713","719699","1492412"
"2014-08-11T00:00:00.000","W","772003","718836","1490839"
"2014-08-10T00:00:00.000","U","427882","405792","833674"
"2014-08-09T00:00:00.000","A","582607","552265","1134872"
"2014-08-08T00:00:00.000","W","836918","787177","1624095"
"2014-08-07T00:00:00.000","W","827473","745930","1573403"
"2014-08-06T00:00:00.000","W","827073","741608","1568681"
"2014-08-05T00:00:00.000","W","824134","737875","1562009"
"2014-08-04T00:00:00.000","W","798672","716949","1515621"
"2014-08-03T00:00:00.000","U","420667","441136","861803"
"2014-08-02T00:00:00.000","A","592660","571486","1164146"
"2014-08-01T00:00:00.000","W","841692","824658","1666350"
"2014-07-31T00:00:00.000","W","819409","785640","1605049"
"2014-07-30T00:00:00.000","W","815885","760415","1576300"
"2014-07-29T00:00:00.000","W","810857","746646","1557503"
"2014-07-28T00:00:00.000","W","810122","730188","1540310"
"2014-07-27T00:00:00.000","U","423806","403719","827525"
"2014-07-26T00:00:00.000","A","563247","540197","1103444"
"2014-07-25T00:00:00.000","W","813032","793426","1606458"
"2014-07-24T00:00:00.000","W","833052","790076","1623128"
"2014-07-23T00:00:00.000","W","838958","777929","1616887"
"2014-07-22T00:00:00.000","W","825700","765642","1591342"
"2014-07-21T00:00:00.000","W","821289","740142","1561431"
"2014-07-20T00:00:00.000","U","423665","431674","855339"
"2014-07-19T00:00:00.000","A","578126","559893","1138019"
"2014-07-18T00:00:00.000","W","839720","819331","1659051"
"2014-07-17T00:00:00.000","W","837907","762599","1600506"
"2014-07-16T00:00:00.000","W","844384","752925","1597309"
"2014-07-15T00:00:00.000","W","828927","739993","1568920"
"2014-07-14T00:00:00.000","W","803242","716634","1519876"
"2014-07-13T00:00:00.000","U","437544","429753","867297"
"2014-07-12T00:00:00.000","A","497531","471216","968747"
"2014-07-11T00:00:00.000","W","839507","817078","1656585"
"2014-07-10T00:00:00.000","W","854968","782968","1637936"
"2014-07-09T00:00:00.000","W","855793","763164","1618957"
"2014-07-08T00:00:00.000","W","836929","725372","1562301"
"2014-07-07T00:00:00.000","W","821674","704301","1525975"
"2014-07-06T00:00:00.000","U","410521","354469","764990"
"2014-07-05T00:00:00.000","A","513494","439422","952916"
"2014-07-04T00:00:00.000","U","478993","473842","952835"
"2014-07-03T00:00:00.000","W","856556","727253","1583809"
"2014-07-02T00:00:00.000","W","824805","725327","1550132"
"2014-07-01T00:00:00.000","W","855553","753101","1608654"
"2014-06-30T00:00:00.000","W","766381","697417","1463798"
"2014-06-29T00:00:00.000","U","428350","534327","962677"
"2014-06-28T00:00:00.000","A","574082","524253","1098335"
"2014-06-27T00:00:00.000","W","879565","793688","1673253"
"2014-06-26T00:00:00.000","W","883107","779277","1662384"
"2014-06-25T00:00:00.000","W","874922","761775","1636697"
"2014-06-24T00:00:00.000","W","859711","755376","1615087"
"2014-06-23T00:00:00.000","W","825185","726655","1551840"
"2014-06-22T00:00:00.000","U","452933","427533","880466"
"2014-06-21T00:00:00.000","A","537612","503304","1040916"
"2014-06-20T00:00:00.000","W","813597","775063","1588660"
"2014-06-19T00:00:00.000","W","803296","742211","1545507"
"2014-06-18T00:00:00.000","W","766725","717546","1484271"
"2014-06-17T00:00:00.000","W","806325","738327","1544652"
"2014-06-16T00:00:00.000","W","796802","729177","1525979"
"2014-06-15T00:00:00.000","U","410273","388603","798876"
"2014-06-14T00:00:00.000","A","581799","556285","1138084"
"2014-06-13T00:00:00.000","W","881991","810893","1692884"
"2014-06-12T00:00:00.000","W","880810","779426","1660236"
"2014-06-11T00:00:00.000","W","870560","761366","1631926"
"2014-06-10T00:00:00.000","W","859477","748307","1607784"
"2014-06-09T00:00:00.000","W","878784","750337","1629121"
"2014-06-08T00:00:00.000","U","429503","393358","822861"
"2014-06-07T00:00:00.000","A","585247","524812","1110059"
"2014-06-06T00:00:00.000","W","906586","796373","1702959"
"2014-06-05T00:00:00.000","W","910818","797899","1708717"
"2014-06-04T00:00:00.000","W","879397","762035","1641432"
"2014-06-03T00:00:00.000","W","936306","812230","1748536"
"2014-06-02T00:00:00.000","W","864622","726524","1591146"
"2014-06-01T00:00:00.000","U","445596","376894","822490"
"2014-05-31T00:00:00.000","A","600856","507919","1108775"
"2014-05-30T00:00:00.000","W","934382","782522","1716904"
"2014-05-29T00:00:00.000","W","901067","762505","1663572"
"2014-05-28T00:00:00.000","W","905284","751880","1657164"
"2014-05-27T00:00:00.000","W","880521","728464","1608985"
"2014-05-26T00:00:00.000","U","413568","345231","758799"
"2014-05-25T00:00:00.000","U","450296","403930","854226"
"2014-05-24T00:00:00.000","A","575483","490635","1066118"
"2014-05-23T00:00:00.000","W","906712","763127","1669839"
"2014-05-22T00:00:00.000","W","908285","788319","1696604"
"2014-05-21T00:00:00.000","W","925959","790957","1716916"
"2014-05-20T00:00:00.000","W","922226","781529","1703755"
"2014-05-19T00:00:00.000","W","885010","732346","1617356"
"2014-05-18T00:00:00.000","U","434998","382342","817340"
"2014-05-17T00:00:00.000","A","579674","492704","1072378"
"2014-05-16T00:00:00.000","W","900252","764035","1664287"
"2014-05-15T00:00:00.000","W","890597","751405","1642002"
"2014-05-14T00:00:00.000","W","916259","749500","1665759"
"2014-05-13T00:00:00.000","W","904717","735362","1640079"
"2014-05-12T00:00:00.000","W","880457","711215","1591672"
"2014-05-11T00:00:00.000","U","402497","321063","723560"
"2014-05-10T00:00:00.000","A","608188","468058","1076246"
"2014-05-09T00:00:00.000","W","921741","762641","1684382"
"2014-05-08T00:00:00.000","W","968856","794388","1763244"
"2014-05-07T00:00:00.000","W","967197","773634","1740831"
"2014-05-06T00:00:00.000","W","974250","784430","1758680"
"2014-05-05T00:00:00.000","W","963691","769476","1733167"
"2014-05-04T00:00:00.000","U","429710","356412","786122"
"2014-05-03T00:00:00.000","A","632332","511129","1143461"
"2014-05-02T00:00:00.000","W","981085","794448","1775533"
"2014-05-01T00:00:00.000","W","985012","788162","1773174"
"2014-04-30T00:00:00.000","W","925494","772097","1697591"
"2014-04-29T00:00:00.000","W","919869","770461","1690330"
"2014-04-28T00:00:00.000","W","884033","735132","1619165"
"2014-04-27T00:00:00.000","U","400302","344503","744805"
"2014-04-26T00:00:00.000","A","580601","499576","1080177"
"2014-04-25T00:00:00.000","W","936028","797851","1733879"
"2014-04-24T00:00:00.000","W","893970","794395","1688365"
"2014-04-23T00:00:00.000","W","911681","793484","1705165"
"2014-04-22T00:00:00.000","W","938052","794547","1732599"
"2014-04-21T00:00:00.000","W","876478","741631","1618109"
"2014-04-20T00:00:00.000","U","399289","333380","732669"
"2014-04-19T00:00:00.000","A","568016","476147","1044163"
"2014-04-18T00:00:00.000","W","814560","712086","1526646"
"2014-04-17T00:00:00.000","W","864791","770728","1635519"
"2014-04-16T00:00:00.000","W","866995","757767","1624762"
"2014-04-15T00:00:00.000","W","844484","734464","1578948"
"2014-04-14T00:00:00.000","W","792277","697727","1490004"
"2014-04-13T00:00:00.000","U","390666","330841","721507"
"2014-04-12T00:00:00.000","A","574622","524370","1098992"
"2014-04-11T00:00:00.000","W","953384","803062","1756446"
"2014-04-10T00:00:00.000","W","947682","806042","1753724"
"2014-04-09T00:00:00.000","W","977698","805182","1782880"
"2014-04-08T00:00:00.000","W","913012","773383","1686395"
"2014-04-07T00:00:00.000","W","913081","753038","1666119"
"2014-04-06T00:00:00.000","U","435676","373726","809402"
"2014-04-05T00:00:00.000","A","599182","531509","1130691"
"2014-04-04T00:00:00.000","W","941118","806643","1747761"
"2014-04-03T00:00:00.000","W","917123","765726","1682849"
"2014-04-02T00:00:00.000","W","952475","784201","1736676"
"2014-04-01T00:00:00.000","W","986346","772459","1758805"
"2014-03-31T00:00:00.000","W","940176","762112","1702288"
"2014-03-30T00:00:00.000","U","432880","379220","812100"
"2014-03-29T00:00:00.000","A","572055","438766","1010821"
"2014-03-28T00:00:00.000","W","944696","732211","1676907"
"2014-03-27T00:00:00.000","W","927050","725889","1652939"
"2014-03-26T00:00:00.000","W","961287","734053","1695340"
"2014-03-25T00:00:00.000","W","928067","719323","1647390"
"2014-03-24T00:00:00.000","W","923396","706637","1630033"
"2014-03-23T00:00:00.000","U","418299","315092","733391"
"2014-03-22T00:00:00.000","A","597815","452237","1050052"
"2014-03-21T00:00:00.000","W","959387","779226","1738613"
"2014-03-20T00:00:00.000","W","957032","786292","1743324"
"2014-03-19T00:00:00.000","W","920270","767680","1687950"
"2014-03-18T00:00:00.000","W","959483","782899","1742382"
"2014-03-17T00:00:00.000","W","932779","763579","1696358"
"2014-03-16T00:00:00.000","U","371881","349484","721365"
"2014-03-15T00:00:00.000","A","593789","674922","1268711"
"2014-03-14T00:00:00.000","W","955810","819256","1775066"
"2014-03-13T00:00:00.000","W","940113","785327","1725440"
"2014-03-12T00:00:00.000","W","868232","746895","1615127"
"2014-03-11T00:00:00.000","W","959134","772592","1731726"
"2014-03-10T00:00:00.000","W","959467","767043","1726510"
"2014-03-09T00:00:00.000","U","405308","328025","733333"
"2014-03-08T00:00:00.000","A","553250","447401","1000651"
"2014-03-07T00:00:00.000","W","958096","769821","1727917"
"2014-03-06T00:00:00.000","W","962802","775465","1738267"
"2014-03-05T00:00:00.000","W","918971","769178","1688149"
"2014-03-04T00:00:00.000","W","953477","761357","1714834"
"2014-03-03T00:00:00.000","W","900837","709629","1610466"
"2014-03-02T00:00:00.000","U","371300","304402","675702"
"2014-03-01T00:00:00.000","A","559952","448218","1008170"
"2014-02-28T00:00:00.000","W","936301","745915","1682216"
"2014-02-27T00:00:00.000","W","876615","728137","1604752"
"2014-02-26T00:00:00.000","W","884516","728685","1613201"
"2014-02-25T00:00:00.000","W","933471","752744","1686215"
"2014-02-24T00:00:00.000","W","925043","739926","1664969"
"2014-02-23T00:00:00.000","U","392042","315317","707359"
"2014-02-22T00:00:00.000","A","570349","452998","1023347"
"2014-02-21T00:00:00.000","W","926827","766802","1693629"
"2014-02-20T00:00:00.000","W","893699","759455","1653154"
"2014-02-19T00:00:00.000","W","974552","783745","1758297"
"2014-02-18T00:00:00.000","W","947147","777183","1724330"
"2014-02-17T00:00:00.000","W","695931","594339","1290270"
"2014-02-16T00:00:00.000","U","401088","324457","725545"
"2014-02-15T00:00:00.000","A","567619","448648","1016267"
"2014-02-14T00:00:00.000","W","961152","778342","1739494"
"2014-02-13T00:00:00.000","W","975061","784280","1759341"
"2014-02-12T00:00:00.000","W","842139","713255","1555394"
"2014-02-11T00:00:00.000","W","923651","743715","1667366"
"2014-02-10T00:00:00.000","W","888500","716772","1605272"
"2014-02-09T00:00:00.000","U","385739","301471","687210"
"2014-02-08T00:00:00.000","A","513518","416614","930132"
"2014-02-07T00:00:00.000","W","873759","724771","1598530"
"2014-02-06T00:00:00.000","W","888288","753787","1642075"
"2014-02-05T00:00:00.000","W","828739","753984","1582723"
"2014-02-04T00:00:00.000","W","946438","759960","1706398"
"2014-02-03T00:00:00.000","W","931825","729128","1660953"
"2014-02-02T00:00:00.000","U","377994","299870","677864"
"2014-02-01T00:00:00.000","A","497989","405961","903950"
"2014-01-31T00:00:00.000","W","930172","754479","1684651"
"2014-01-30T00:00:00.000","W","902855","751471","1654326"
"2014-01-29T00:00:00.000","W","889744","733780","1623524"
"2014-01-28T00:00:00.000","W","519517","485867","1005384"
"2014-01-27T00:00:00.000","W","502031","472484","974515"
"2014-01-26T00:00:00.000","U","337328","280648","617976"
"2014-01-25T00:00:00.000","A","490314","396641","886955"
"2014-01-24T00:00:00.000","W","763075","680260","1443335"
"2014-01-23T00:00:00.000","W","825049","715759","1540808"
"2014-01-22T00:00:00.000","W","872967","737074","1610041"
"2014-01-21T00:00:00.000","W","855515","734096","1589611"
"2014-01-20T00:00:00.000","W","599662","502485","1102147"
"2014-01-19T00:00:00.000","U","372608","316288","688896"
"2014-01-18T00:00:00.000","A","480918","418986","899904"
"2014-01-17T00:00:00.000","W","909353","743024","1652377"
"2014-01-16T00:00:00.000","W","927231","765910","1693141"
"2014-01-15T00:00:00.000","W","940266","761924","1702190"
"2014-01-14T00:00:00.000","W","923401","761893","1685294"
"2014-01-13T00:00:00.000","W","948883","762345","1711228"
"2014-01-12T00:00:00.000","U","387031","312663","699694"
"2014-01-11T00:00:00.000","A","526267","424639","950906"
"2014-01-10T00:00:00.000","W","872079","725812","1597891"
"2014-01-09T00:00:00.000","W","860867","727384","1588251"
"2014-01-08T00:00:00.000","W","806256","687473","1493729"
"2014-01-07T00:00:00.000","W","489810","468681","958491"
"2014-01-06T00:00:00.000","W","311075","269542","580617"
"2014-01-05T00:00:00.000","U","268582","237067","505649"
"2014-01-04T00:00:00.000","A","469542","361203","830745"
"2014-01-03T00:00:00.000","W","691262","598290","1289552"
"2014-01-02T00:00:00.000","W","601103","569395","1170498"
"2014-01-01T00:00:00.000","U","281657","303441","585098"
"2013-12-31T00:00:00.000","W","595963","565346","1161309"
"2013-12-30T00:00:00.000","W","604796","537971","1142767"
"2013-12-29T00:00:00.000","U","335610","292169","627779"
"2013-12-28T00:00:00.000","A","506219","405004","911223"
"2013-12-27T00:00:00.000","W","659876","531774","1191650"
"2013-12-26T00:00:00.000","W","557420","438202","995622"
"2013-12-25T00:00:00.000","U","218166","144912","363078"
"2013-12-24T00:00:00.000","W","474089","341784","815873"
"2013-12-23T00:00:00.000","W","691365","545145","1236510"
"2013-12-22T00:00:00.000","U","374537","310920","685457"
"2013-12-21T00:00:00.000","A","513799","421443","935242"
"2013-12-20T00:00:00.000","W","885107","706214","1591321"
"2013-12-19T00:00:00.000","W","888294","715173","1603467"
"2013-12-18T00:00:00.000","W","900934","719652","1620586"
"2013-12-17T00:00:00.000","W","883958","716650","1600608"
"2013-12-16T00:00:00.000","W","856591","697993","1554584"
"2013-12-15T00:00:00.000","U","357251","317666","674917"
"2013-12-14T00:00:00.000","A","508408","473775","982183"
"2013-12-13T00:00:00.000","W","930494","760860","1691354"
"2013-12-12T00:00:00.000","W","864926","722404","1587330"
"2013-12-11T00:00:00.000","W","888272","736512","1624784"
"2013-12-10T00:00:00.000","W","884567","726111","1610678"
"2013-12-09T00:00:00.000","W","904306","745781","1650087"
"2013-12-08T00:00:00.000","U","356936","322820","679756"
"2013-12-07T00:00:00.000","A","523861","455354","979215"
"2013-12-06T00:00:00.000","W","933388","766511","1699899"
"2013-12-05T00:00:00.000","W","956982","782864","1739846"
"2013-12-04T00:00:00.000","W","1022579","778031","1800610"
"2013-12-03T00:00:00.000","W","1011416","772345","1783761"
"2013-12-02T00:00:00.000","W","966367","745892","1712259"
"2013-12-01T00:00:00.000","U","393065","311377","704442"
"2013-11-30T00:00:00.000","A","594111","419067","1013178"
"2013-11-29T00:00:00.000","W","625605","448939","1074544"
"2013-11-28T00:00:00.000","U","316200","238112","554312"
"2013-11-27T00:00:00.000","W","785887","655899","1441786"
"2013-11-26T00:00:00.000","W","913171","768042","1681213"
"2013-11-25T00:00:00.000","W","898537","742488","1641025"
"2013-11-24T00:00:00.000","U","362949","311868","674817"
"2013-11-23T00:00:00.000","A","535573","513370","1048943"
"2013-11-22T00:00:00.000","W","955058","797556","1752614"
"2013-11-21T00:00:00.000","W","967167","799283","1766450"
"2013-11-20T00:00:00.000","W","974233","788003","1762236"
"2013-11-19T00:00:00.000","W","972260","790434","1762694"
"2013-11-18T00:00:00.000","W","948312","775101","1723413"
"2013-11-17T00:00:00.000","U","343928","316525","660453"
"2013-11-16T00:00:00.000","A","548828","489767","1038595"
"2013-11-15T00:00:00.000","W","972734","803561","1776295"
"2013-11-14T00:00:00.000","W","968420","806089","1774509"
"2013-11-13T00:00:00.000","W","967800","783483","1751283"
"2013-11-12T00:00:00.000","W","884181","770609","1654790"
"2013-11-11T00:00:00.000","W","727925","671720","1399645"
"2013-11-10T00:00:00.000","U","426989","370923","797912"
"2013-11-09T00:00:00.000","A","589432","507077","1096509"
"2013-11-08T00:00:00.000","W","974269","808267","1782536"
"2013-11-07T00:00:00.000","W","974582","812279","1786861"
"2013-11-06T00:00:00.000","W","965938","792044","1757982"
"2013-11-05T00:00:00.000","W","982549","795511","1778060"
"2013-11-04T00:00:00.000","W","978017","788454","1766471"
"2013-11-03T00:00:00.000","U","430036","384737","814773"
"2013-11-02T00:00:00.000","A","593170","483120","1076290"
"2013-11-01T00:00:00.000","W","937537","783970","1721507"
"2013-10-31T00:00:00.000","W","956055","786574","1742629"
"2013-10-30T00:00:00.000","W","967902","791183","1759085"
"2013-10-29T00:00:00.000","W","976102","790974","1767076"
"2013-10-28T00:00:00.000","W","982644","768974","1751618"
"2013-10-27T00:00:00.000","U","413217","346467","759684"
"2013-10-26T00:00:00.000","A","578216","492032","1070248"
"2013-10-25T00:00:00.000","W","986527","797551","1784078"
"2013-10-24T00:00:00.000","W","1007402","810665","1818067"
"2013-10-23T00:00:00.000","W","993612","797121","1790733"
"2013-10-22T00:00:00.000","W","948098","785501","1733599"
"2013-10-21T00:00:00.000","W","972502","778456","1750958"
"2013-10-20T00:00:00.000","U","417109","367355","784464"
"2013-10-19T00:00:00.000","A","599201","498671","1097872"
"2013-10-18T00:00:00.000","W","1024958","784891","1809849"
"2013-10-17T00:00:00.000","W","1025838","789200","1815038"
"2013-10-16T00:00:00.000","W","1017742","779074","1796816"
"2013-10-15T00:00:00.000","W","1005851","764848","1770699"
"2013-10-14T00:00:00.000","W","836533","678287","1514820"
"2013-10-13T00:00:00.000","U","433578","528335","961913"
"2013-10-12T00:00:00.000","A","597479","497092","1094571"
"2013-10-11T00:00:00.000","W","1033797","792305","1826102"
"2013-10-10T00:00:00.000","W","1041043","803786","1844829"
"2013-10-09T00:00:00.000","W","1056846","774550","1831396"
"2013-10-08T00:00:00.000","W","1062411","762764","1825175"
"2013-10-07T00:00:00.000","W","1033503","748714","1782217"
"2013-10-06T00:00:00.000","U","468784","350969","819753"
"2013-10-05T00:00:00.000","A","606526","457086","1063612"
"2013-10-04T00:00:00.000","W","1055644","763663","1819307"
"2013-10-03T00:00:00.000","W","1073368","776149","1849517"
"2013-10-02T00:00:00.000","W","1060370","771294","1831664"
"2013-10-01T00:00:00.000","W","1100251","760127","1860378"
"2013-09-30T00:00:00.000","W","1007775","765034","1772809"
"2013-09-29T00:00:00.000","U","439655","360040","799695"
"2013-09-28T00:00:00.000","A","635517","506929","1142446"
"2013-09-27T00:00:00.000","W","1034355","797916","1832271"
"2013-09-26T00:00:00.000","W","1047323","813509","1860832"
"2013-09-25T00:00:00.000","W","1055790","810826","1866616"
"2013-09-24T00:00:00.000","W","1041341","805859","1847200"
"2013-09-23T00:00:00.000","W","1026469","780751","1807220"
"2013-09-22T00:00:00.000","U","445308","368372","813680"
"2013-09-21T00:00:00.000","A","629564","526128","1155692"
"2013-09-20T00:00:00.000","W","1034561","800104","1834665"
"2013-09-19T00:00:00.000","W","1000885","791208","1792093"
"2013-09-18T00:00:00.000","W","1023243","783471","1806714"
"2013-09-17T00:00:00.000","W","1049035","788413","1837448"
"2013-09-16T00:00:00.000","W","1033555","776155","1809710"
"2013-09-15T00:00:00.000","U","409765","345621","755386"
"2013-09-14T00:00:00.000","A","632081","504797","1136878"
"2013-09-13T00:00:00.000","W","1036536","803298","1839834"
"2013-09-12T00:00:00.000","W","1050318","812163","1862481"
"2013-09-11T00:00:00.000","W","1047538","783710","1831248"
"2013-09-10T00:00:00.000","W","1034136","762582","1796718"
"2013-09-09T00:00:00.000","W","1052783","752305","1805088"
"2013-09-08T00:00:00.000","U","459104","371781","830885"
"2013-09-07T00:00:00.000","A","634809","510149","1144958"
"2013-09-06T00:00:00.000","W","1067536","786864","1854400"
"2013-09-05T00:00:00.000","W","1059826","763277","1823103"
"2013-09-04T00:00:00.000","W","1077803","769975","1847778"
"2013-09-03T00:00:00.000","W","1089544","761455","1850999"
"2013-09-02T00:00:00.000","U","454573","344582","799155"
"2013-09-01T00:00:00.000","U","493648","423770","917418"
"2013-08-31T00:00:00.000","A","596363","462487","1058850"
"2013-08-30T00:00:00.000","W","1025684","740853","1766537"
"2013-08-29T00:00:00.000","W","1048608","759088","1807696"
"2013-08-28T00:00:00.000","W","1019457","732138","1751595"
"2013-08-27T00:00:00.000","W","1032675","721814","1754489"
"2013-08-26T00:00:00.000","W","1020173","696403","1716576"
"2013-08-25T00:00:00.000","U","463843","353352","817195"
"2013-08-24T00:00:00.000","A","632311","465546","1097857"
"2013-08-23T00:00:00.000","W","932928","715975","1648903"
"2013-08-22T00:00:00.000","W","855068","697777","1552845"
"2013-08-21T00:00:00.000","W","894827","704103","1598930"
"2013-08-20T00:00:00.000","W","894283","699558","1593841"
"2013-08-19T00:00:00.000","W","859701","671949","1531650"
"2013-08-18T00:00:00.000","U","472515","384202","856717"
"2013-08-17T00:00:00.000","A","634078","506124","1140202"
"2013-08-16T00:00:00.000","W","890423","730276","1620699"
"2013-08-15T00:00:00.000","W","877526","705604","1583130"
"2013-08-14T00:00:00.000","W","882740","717664","1600404"
"2013-08-13T00:00:00.000","W","883243","712564","1595807"
"2013-08-12T00:00:00.000","W","848703","684985","1533688"
"2013-08-11T00:00:00.000","U","459030","365118","824148"
"2013-08-10T00:00:00.000","A","642566","493210","1135776"
"2013-08-09T00:00:00.000","W","906417","711160","1617577"
"2013-08-08T00:00:00.000","W","912994","702001","1614995"
"2013-08-07T00:00:00.000","W","898114","694946","1593060"
"2013-08-06T00:00:00.000","W","914261","698763","1613024"
"2013-08-05T00:00:00.000","W","885007","688747","1573754"
"2013-08-04T00:00:00.000","U","475029","462380","937409"
"2013-08-03T00:00:00.000","A","667710","574621","1242331"
"2013-08-02T00:00:00.000","W","918087","795020","1713107"
"2013-08-01T00:00:00.000","W","950707","753887","1704594"
"2013-07-31T00:00:00.000","W","898783","707557","1606340"
"2013-07-30T00:00:00.000","W","894122","713697","1607819"
"2013-07-29T00:00:00.000","W","894999","693570","1588569"
"2013-07-28T00:00:00.000","U","455742","371125","826867"
"2013-07-27T00:00:00.000","A","614357","461775","1076132"
"2013-07-26T00:00:00.000","W","890066","688728","1578794"
"2013-07-25T00:00:00.000","W","919260","715876","1635136"
"2013-07-24T00:00:00.000","W","928256","713067","1641323"
"2013-07-23T00:00:00.000","W","919858","720357","1640215"
"2013-07-22T00:00:00.000","W","903084","709718","1612802"
"2013-07-21T00:00:00.000","U","469900","410606","880506"
"2013-07-20T00:00:00.000","A","646339","546852","1193191"
"2013-07-19T00:00:00.000","W","897959","775821","1673780"
"2013-07-18T00:00:00.000","W","904388","720245","1624633"
"2013-07-17T00:00:00.000","W","922657","706991","1629648"
"2013-07-16T00:00:00.000","W","924281","695896","1620177"
"2013-07-15T00:00:00.000","W","904464","683553","1588017"
"2013-07-14T00:00:00.000","U","487170","413355","900525"
"2013-07-13T00:00:00.000","A","662483","565833","1228316"
"2013-07-12T00:00:00.000","W","928925","802562","1731487"
"2013-07-11T00:00:00.000","W","958922","787568","1746490"
"2013-07-10T00:00:00.000","W","961940","756010","1717950"
"2013-07-09T00:00:00.000","W","928137","708853","1636990"
"2013-07-08T00:00:00.000","W","863581","664506","1528087"
"2013-07-07T00:00:00.000","U","467091","354565","821656"
"2013-07-06T00:00:00.000","A","619632","463509","1083141"
"2013-07-05T00:00:00.000","W","806355","592583","1398938"
"2013-07-04T00:00:00.000","U","525424","407174","932598"
"2013-07-03T00:00:00.000","W","945848","693445","1639293"
"2013-07-02T00:00:00.000","W","911309","677994","1589303"
"2013-07-01T00:00:00.000","W","946062","681252","1627314"
"2013-06-30T00:00:00.000","U","488073","543707","1031780"
"2013-06-29T00:00:00.000","A","620304","463716","1084020"
"2013-06-28T00:00:00.000","W","898642","894811","1793453"
"2013-06-27T00:00:00.000","W","913619","723050","1636669"
"2013-06-26T00:00:00.000","W","866326","690875","1557201"
"2013-06-25T00:00:00.000","W","888128","694726","1582854"
"2013-06-24T00:00:00.000","W","920436","699721","1620157"
"2013-06-23T00:00:00.000","U","479321","394460","873781"
"2013-06-22T00:00:00.000","A","633702","488805","1122507"
"2013-06-21T00:00:00.000","W","917934","724999","1642933"
"2013-06-20T00:00:00.000","W","974707","724184","1698891"
"2013-06-19T00:00:00.000","W","990561","718139","1708700"
"2013-06-18T00:00:00.000","W","975403","701224","1676627"
"2013-06-17T00:00:00.000","W","969085","692856","1661941"
"2013-06-16T00:00:00.000","U","479896","369569","849465"
"2013-06-15T00:00:00.000","A","624345","453140","1077485"
"2013-06-14T00:00:00.000","W","1033513","747980","1781493"
"2013-06-13T00:00:00.000","W","1031992","761985","1793977"
"2013-06-12T00:00:00.000","W","969474","718831","1688305"
"2013-06-11T00:00:00.000","W","1027027","752653","1779680"
"2013-06-10T00:00:00.000","W","993550","731202","1724752"
"2013-06-09T00:00:00.000","U","473625","393881","867506"
"2013-06-08T00:00:00.000","A","661759","537485","1199244"
"2013-06-07T00:00:00.000","W","1030362","768035","1798397"
"2013-06-06T00:00:00.000","W","1021552","736943","1758495"
"2013-06-05T00:00:00.000","W","1024709","716938","1741647"
"2013-06-04T00:00:00.000","W","1044555","716102","1760657"
"2013-06-03T00:00:00.000","W","1054416","707210","1761626"
"2013-06-02T00:00:00.000","U","439719","333835","773554"
"2013-06-01T00:00:00.000","A","631022","445218","1076240"
"2013-05-31T00:00:00.000","W","1044620","719350","1763970"
"2013-05-30T00:00:00.000","W","996198","717726","1713924"
"2013-05-29T00:00:00.000","W","1014424","715430","1729854"
"2013-05-28T00:00:00.000","W","982424","672485","1654909"
"2013-05-27T00:00:00.000","U","415696","286211","701907"
"2013-05-26T00:00:00.000","U","460009","336563","796572"
"2013-05-25T00:00:00.000","A","600972","369584","970556"
"2013-05-24T00:00:00.000","W","1010765","676692","1687457"
"2013-05-23T00:00:00.000","W","987008","693752","1680760"
"2013-05-22T00:00:00.000","W","982149","687729","1669878"
"2013-05-21T00:00:00.000","W","1013059","689412","1702471"
"2013-05-20T00:00:00.000","W","1008704","681176","1689880"
"2013-05-19T00:00:00.000","U","485211","363850","849061"
"2013-05-18T00:00:00.000","A","625752","493226","1118978"
"2013-05-17T00:00:00.000","W","966483","757439","1723922"
"2013-05-16T00:00:00.000","W","982565","746034","1728599"
"2013-05-15T00:00:00.000","W","995042","758657","1753699"
"2013-05-14T00:00:00.000","W","1006636","750210","1756846"
"2013-05-13T00:00:00.000","W","961814","713048","1674862"
"2013-05-12T00:00:00.000","U","414976","313848","728824"
"2013-05-11T00:00:00.000","A","603110","435938","1039048"
"2013-05-10T00:00:00.000","W","972916","725511","1698427"
"2013-05-09T00:00:00.000","W","1003192","721753","1724945"
"2013-05-08T00:00:00.000","W","1025713","769649","1795362"
"2013-05-07T00:00:00.000","W","1022360","758068","1780428"
"2013-05-06T00:00:00.000","W","1017895","729615","1747510"
"2013-05-05T00:00:00.000","U","471437","350222","821659"
"2013-05-04T00:00:00.000","A","655097","465245","1120342"
"2013-05-03T00:00:00.000","W","1023402","730511","1753913"
"2013-05-02T00:00:00.000","W","1028782","752135","1780917"
"2013-05-01T00:00:00.000","W","1077184","762553","1839737"
"2013-04-30T00:00:00.000","W","1029285","738733","1768018"
"2013-04-29T00:00:00.000","W","1009306","717625","1726931"
"2013-04-28T00:00:00.000","U","455561","320737","776298"
"2013-04-27T00:00:00.000","A","654086","460650","1114736"
"2013-04-26T00:00:00.000","W","999388","750687","1750075"
"2013-04-25T00:00:00.000","W","1008224","755375","1763599"
"2013-04-24T00:00:00.000","W","952859","736305","1689164"
"2013-04-23T00:00:00.000","W","922329","715764","1638093"
"2013-04-22T00:00:00.000","W","1001200","731504","1732704"
"2013-04-21T00:00:00.000","U","441267","313744","755011"
"2013-04-20T00:00:00.000","A","615433","448035","1063468"
"2013-04-19T00:00:00.000","W","959757","718526","1678283"
"2013-04-18T00:00:00.000","W","811655","693760","1505415"
"2013-04-17T00:00:00.000","W","915006","711500","1626506"
"2013-04-16T00:00:00.000","W","1014884","753356","1768240"
"2013-04-15T00:00:00.000","W","992589","717933","1710522"
"2013-04-14T00:00:00.000","U","450337","351742","802079"
"2013-04-13T00:00:00.000","A","600393","462508","1062901"
"2013-04-12T00:00:00.000","W","994973","753498","1748471"
"2013-04-11T00:00:00.000","W","982894","752525","1735419"
"2013-04-10T00:00:00.000","W","960903","717466","1678369"
"2013-04-09T00:00:00.000","W","999444","740720","1740164"
"2013-04-08T00:00:00.000","W","977325","737437","1714762"
"2013-04-07T00:00:00.000","U","440588","357215","797803"
"2013-04-06T00:00:00.000","A","611381","459388","1070769"
"2013-04-05T00:00:00.000","W","996072","746786","1742858"
"2013-04-04T00:00:00.000","W","1015284","759059","1774343"
"2013-04-03T00:00:00.000","W","1034924","746014","1780938"
"2013-04-02T00:00:00.000","W","993149","728501","1721650"
"2013-04-01T00:00:00.000","W","980489","708026","1688515"
"2013-03-31T00:00:00.000","U","402842","267293","670135"
"2013-03-30T00:00:00.000","A","594213","395747","989960"
"2013-03-29T00:00:00.000","W","829810","621657","1451467"
"2013-03-28T00:00:00.000","W","893443","679530","1572973"
"2013-03-27T00:00:00.000","W","880496","670282","1550778"
"2013-03-26T00:00:00.000","W","876069","655138","1531207"
"2013-03-25T00:00:00.000","W","828707","630136","1458843"
"2013-03-24T00:00:00.000","U","401250","288966","690216"
"2013-03-23T00:00:00.000","A","609394","425222","1034616"
"2013-03-22T00:00:00.000","W","1003565","721149","1724714"
"2013-03-21T00:00:00.000","W","999714","729901","1729615"
"2013-03-20T00:00:00.000","W","980735","721345","1702080"
"2013-03-19T00:00:00.000","W","990010","723671","1713681"
"2013-03-18T00:00:00.000","W","971804","715696","1687500"
"2013-03-17T00:00:00.000","U","433504","338473","771977"
"2013-03-16T00:00:00.000","A","626782","610526","1237308"
"2013-03-15T00:00:00.000","W","1002907","771603","1774510"
"2013-03-14T00:00:00.000","W","1033042","755471","1788513"
"2013-03-13T00:00:00.000","W","1034585","748618","1783203"
"2013-03-12T00:00:00.000","W","1017656","738907","1756563"
"2013-03-11T00:00:00.000","W","1009909","713865","1723774"
"2013-03-10T00:00:00.000","U","417260","285624","702884"
"2013-03-09T00:00:00.000","A","619396","404506","1023902"
"2013-03-08T00:00:00.000","W","1047924","716118","1764042"
"2013-03-07T00:00:00.000","W","1039889","724517","1764406"
"2013-03-06T00:00:00.000","W","1000963","703897","1704860"
"2013-03-05T00:00:00.000","W","915814","662182","1577996"
"2013-03-04T00:00:00.000","W","1046582","684343","1730925"
"2013-03-03T00:00:00.000","U","451612","290260","741872"
"2013-03-02T00:00:00.000","A","641791","407706","1049497"
"2013-03-01T00:00:00.000","W","1030897","726385","1757282"
"2013-02-28T00:00:00.000","W","1011461","741077","1752538"
"2013-02-27T00:00:00.000","W","1004620","732706","1737326"
"2013-02-26T00:00:00.000","W","917610","707649","1625259"
"2013-02-25T00:00:00.000","W","1032337","718035","1750372"
"2013-02-24T00:00:00.000","U","426783","280619","707402"
"2013-02-23T00:00:00.000","A","597852","403004","1000856"
"2013-02-22T00:00:00.000","W","944394","716784","1661178"
"2013-02-21T00:00:00.000","W","1012672","738526","1751198"
"2013-02-20T00:00:00.000","W","995286","720364","1715650"
"2013-02-19T00:00:00.000","W","961489","709244","1670733"
"2013-02-18T00:00:00.000","W","830133","567064","1397197"
"2013-02-17T00:00:00.000","U","445505","317885","763390"
"2013-02-16T00:00:00.000","A","598259","412929","1011188"
"2013-02-15T00:00:00.000","W","1013485","731689","1745174"
"2013-02-14T00:00:00.000","W","1054969","758213","1813182"
"2013-02-13T00:00:00.000","W","1070447","754178","1824625"
"2013-02-12T00:00:00.000","W","901097","687334","1588431"
"2013-02-11T00:00:00.000","W","994224","708331","1702555"
"2013-02-10T00:00:00.000","U","392914","278417","671331"
"2013-02-09T00:00:00.000","A","611263","426081","1037344"
"2013-02-08T00:00:00.000","W","994675","723430","1718105"
"2013-02-07T00:00:00.000","W","973458","743264","1716722"
"2013-02-06T00:00:00.000","W","1035100","739979","1775079"
"2013-02-05T00:00:00.000","W","1021386","733180","1754566"
"2013-02-04T00:00:00.000","W","983474","710890","1694364"
"2013-02-03T00:00:00.000","U","396422","271153","667575"
"2013-02-02T00:00:00.000","A","554095","378484","932579"
"2013-02-01T00:00:00.000","W","878531","659888","1538419"
"2013-01-31T00:00:00.000","W","955113","713918","1669031"
"2013-01-30T00:00:00.000","W","997461","735084","1732545"
"2013-01-29T00:00:00.000","W","1009440","728633","1738073"
"2013-01-28T00:00:00.000","W","1000004","718545","1718549"
"2013-01-27T00:00:00.000","U","360109","261812","621921"
"2013-01-26T00:00:00.000","A","560544","393542","954086"
"2013-01-25T00:00:00.000","W","920833","707962","1628795"
"2013-01-24T00:00:00.000","W","958057","708729","1666786"
"2013-01-23T00:00:00.000","W","952105","697385","1649490"
"2013-01-22T00:00:00.000","W","865232","654679","1519911"
"2013-01-21T00:00:00.000","W","549385","422125","971510"
"2013-01-20T00:00:00.000","U","372131","275860","647991"
"2013-01-19T00:00:00.000","A","592561","417820","1010381"
"2013-01-18T00:00:00.000","W","995226","721526","1716752"
"2013-01-17T00:00:00.000","W","1003351","730830","1734181"
"2013-01-16T00:00:00.000","W","1000782","726032","1726814"
"2013-01-15T00:00:00.000","W","1000831","723460","1724291"
"2013-01-14T00:00:00.000","W","964972","701958","1666930"
"2013-01-13T00:00:00.000","U","379108","266395","645503"
"2013-01-12T00:00:00.000","A","597811","403037","1000848"
"2013-01-11T00:00:00.000","W","991875","708901","1700776"
"2013-01-10T00:00:00.000","W","964506","693642","1658148"
"2013-01-09T00:00:00.000","W","989291","697979","1687270"
"2013-01-08T00:00:00.000","W","975824","687261","1663085"
"2013-01-07T00:00:00.000","W","951511","672001","1623512"
"2013-01-06T00:00:00.000","U","399770","264957","664727"
"2013-01-05T00:00:00.000","A","549303","356383","905686"
"2013-01-04T00:00:00.000","W","875485","635401","1510886"
"2013-01-03T00:00:00.000","W","857744","620104","1477848"
"2013-01-02T00:00:00.000","W","747631","570506","1318137"
"2013-01-01T00:00:00.000","U","338644","276167","614811"
"2012-12-31T00:00:00.000","W","672602","490998","1163600"
"2012-12-30T00:00:00.000","U","405207","291423","696630"
"2012-12-29T00:00:00.000","A","547238","360962","908200"
"2012-12-28T00:00:00.000","W","753950","546312","1300262"
"2012-12-27T00:00:00.000","W","710150","514627","1224777"
"2012-12-26T00:00:00.000","W","616049","428605","1044654"
"2012-12-25T00:00:00.000","U","242609","143166","385775"
"2012-12-24T00:00:00.000","W","545733","313210","858943"
"2012-12-23T00:00:00.000","U","486169","281962","768131"
"2012-12-22T00:00:00.000","A","578361","374774","953135"
"2012-12-21T00:00:00.000","W","871165","634264","1505429"
"2012-12-20T00:00:00.000","W","876460","660268","1536728"
"2012-12-19T00:00:00.000","W","965895","691879","1657774"
"2012-12-18T00:00:00.000","W","950660","693703","1644363"
"2012-12-17T00:00:00.000","W","953565","683683","1637248"
"2012-12-16T00:00:00.000","U","450355","334285","784640"
"2012-12-15T00:00:00.000","A","597413","425168","1022581"
"2012-12-14T00:00:00.000","W","1022704","749478","1772182"
"2012-12-13T00:00:00.000","W","999296","727540","1726836"
"2012-12-12T00:00:00.000","W","999666","720758","1720424"
"2012-12-11T00:00:00.000","W","995089","711140","1706229"
"2012-12-10T00:00:00.000","W","973051","690186","1663237"
"2012-12-09T00:00:00.000","U","418807","295147","713954"
"2012-12-08T00:00:00.000","A","642192","467324","1109516"
"2012-12-07T00:00:00.000","W","1038662","764843","1803505"
"2012-12-06T00:00:00.000","W","1030407","751285","1781692"
"2012-12-05T00:00:00.000","W","1054367","754701","1809068"
"2012-12-04T00:00:00.000","W","1067467","747543","1815010"
"2012-12-03T00:00:00.000","W","1069024","742337","1811361"
"2012-12-02T00:00:00.000","U","484623","350433","835056"
"2012-12-01T00:00:00.000","A","686669","492263","1178932"
"2012-11-30T00:00:00.000","W","1075641","776494","1852135"
"2012-11-29T00:00:00.000","W","1028698","752188","1780886"
"2012-11-28T00:00:00.000","W","1030518","750417","1780935"
"2012-11-27T00:00:00.000","W","1016872","734908","1751780"
"2012-11-26T00:00:00.000","W","1006387","717499","1723886"
"2012-11-25T00:00:00.000","U","417727","304336","722063"
"2012-11-24T00:00:00.000","A","476658","377956","854614"
"2012-11-23T00:00:00.000","W","589493","413384","1002877"
"2012-11-22T00:00:00.000","U","363466","255982","619448"
